transaction_id,customer_id,customer_segment,historical_success_rate,average_transaction_amount,amount,payment_method,transaction_hour,status,failure_reason,retry_count
TXN_0000001,CUST_00001,MEDIUM_RELIABILITY,0.73,9531.79,6184.29,CARD,17,FAILED,TEMPORARY_BANK_ERROR,0
TXN_0000003,CUST_00001,MEDIUM_RELIABILITY,0.73,9531.79,8668.29,UPI,12,FAILED,INSUFFICIENT_FUNDS,0
TXN_0000006,CUST_00001,MEDIUM_RELIABILITY,0.73,9531.79,6469.5,CARD,19,FAILED,TECHNICAL_ERROR,0
TXN_0000008,CUST_00001,MEDIUM_RELIABILITY,0.73,9531.79,8498.07,UPI,4,FAILED,INSUFFICIENT_FUNDS,0
TXN_0000011,CUST_00001,MEDIUM_RELIABILITY,0.73,9531.79,288.85,CARD,16,FAILED,TECHNICAL_ERROR,0
TXN_0000028,CUST_00002,MEDIUM_RELIABILITY,0.81,6187.26,4181.96,CARD,16,FAILED,NETWORK_TIMEOUT,1
TXN_0000044,CUST_00004,HIGH_RELIABILITY,0.89,13126.47,7824.79,CARD,8,FAILED,INSUFFICIENT_FUNDS,0
TXN_0000046,CUST_00004,HIGH_RELIABILITY,0.89,13126.47,23929.53,UPI,7,FAILED,NETWORK_TIMEOUT,1
TXN_0000047,CUST_00004,HIGH_RELIABILITY,0.89,13126.47,13235.65,UPI,4,FAILED,INSUFFICIENT_FUNDS,2
TXN_0000052,CUST_00005,LOW_RELIABILITY,0.52,5014.89,3411.75,WALLET,5,FAILED,USER_ABANDONMENT,2
TXN_0000055,CUST_00005,LOW_RELIABILITY,0.52,5014.89,5260.96,WALLET,1,FAILED,INSUFFICIENT_FUNDS,0
TXN_0000056,CUST_00005,LOW_RELIABILITY,0.52,5014.89,8273.92,WALLET,9,FAILED,INSUFFICIENT_FUNDS,0
TXN_0000059,CUST_00005,LOW_RELIABILITY,0.52,5014.89,4429.53,UPI,23,FAILED,NETWORK_TIMEOUT,0
TXN_0000063,CUST_00005,LOW_RELIABILITY,0.52,5014.89,4652.86,CARD,2,FAILED,TEMPORARY_BANK_ERROR,3
TXN_0000064,CUST_00005,LOW_RELIABILITY,0.52,5014.89,11420.12,CARD,7,FAILED,NETWORK_TIMEOUT,0
TXN_0000071,CUST_00006,MEDIUM_RELIABILITY,0.65,9714.14,13285.95,UPI,19,FAILED,TECHNICAL_ERROR,0
TXN_0000072,CUST_00006,MEDIUM_RELIABILITY,0.65,9714.14,7117.96,CARD,19,FAILED,AUTHENTICATION_FAILURE,2
TXN_0000082,CUST_00008,HIGH_RELIABILITY,0.9,3567.66,5037.48,UPI,18,FAILED,NETWORK_TIMEOUT,1
TXN_0000087,CUST_00008,HIGH_RELIABILITY,0.9,3567.66,6511.02,UPI,15,FAILED,NETWORK_TIMEOUT,1
TXN_0000100,CUST_00010,MEDIUM_RELIABILITY,0.75,3266.68,3692.39,UPI,2,FAILED,TEMPORARY_BANK_ERROR,0
TXN_0000101,CUST_00010,MEDIUM_RELIABILITY,0.75,3266.68,3520.68,CARD,1,FAILED,TEMPORARY_BANK_ERROR,0
TXN_0000102,CUST_00010,MEDIUM_RELIABILITY,0.75,3266.68,2805.21,CARD,1,FAILED,TECHNICAL_ERROR,0
TXN_0000112,CUST_00011,MEDIUM_RELIABILITY,0.78,1825.19,1381.43,UPI,12,FAILED,INSUFFICIENT_FUNDS,0
TXN_0000113,CUST_00012,MEDIUM_RELIABILITY,0.71,3980.44,6045.48,UPI,22,FAILED,NETWORK_TIMEOUT,0
TXN_0000115,CUST_00012,MEDIUM_RELIABILITY,0.71,3980.44,2389.37,UPI,7,FAILED,NETWORK_TIMEOUT,0
TXN_0000116,CUST_00012,MEDIUM_RELIABILITY,0.71,3980.44,3176.75,UPI,11,FAILED,AUTHENTICATION_FAILURE,0
TXN_0000118,CUST_00012,MEDIUM_RELIABILITY,0.71,3980.44,4850.94,UPI,2,FAILED,USER_ABANDONMENT,1
TXN_0000119,CUST_00012,MEDIUM_RELIABILITY,0.71,3980.44,3600.02,CARD,15,FAILED,TECHNICAL_ERROR,0
TXN_0000122,CUST_00013,LOW_RELIABILITY,0.48,5539.2,3495.43,CARD,22,FAILED,TECHNICAL_ERROR,0
TXN_0000123,CUST_00013,LOW_RELIABILITY,0.48,5539.2,9118.36,NET_BANKING,12,FAILED,INSUFFICIENT_FUNDS,0
TXN_0000124,CUST_00013,LOW_RELIABILITY,0.48,5539.2,4825.04,UPI,15,FAILED,USER_ABANDONMENT,1
TXN_0000126,CUST_00013,LOW_RELIABILITY,0.48,5539.2,8909.95,UPI,13,FAILED,USER_ABANDONMENT,1
TXN_0000128,CUST_00014,MEDIUM_RELIABILITY,0.69,5385.23,4455.48,UPI,4,FAILED,TEMPORARY_BANK_ERROR,0
TXN_0000135,CUST_00015,MEDIUM_RELIABILITY,0.78,941.28,766.35,WALLET,16,FAILED,USER_ABANDONMENT,2
TXN_0000137,CUST_00015,MEDIUM_RELIABILITY,0.78,941.28,1047.94,NET_BANKING,7,FAILED,TEMPORARY_BANK_ERROR,0
TXN_0000140,CUST_00015,MEDIUM_RELIABILITY,0.78,941.28,762.47,CARD,0,FAILED,INSUFFICIENT_FUNDS,0
TXN_0000143,CUST_00015,MEDIUM_RELIABILITY,0.78,941.28,988.86,CARD,5,FAILED,TEMPORARY_BANK_ERROR,0
TXN_0000154,CUST_00017,LOW_RELIABILITY,0.37,6652.42,6010.44,WALLET,7,FAILED,USER_ABANDONMENT,2
TXN_0000157,CUST_00017,LOW_RELIABILITY,0.37,6652.42,6299.49,CARD,1,FAILED,USER_ABANDONMENT,0
TXN_0000160,CUST_00017,LOW_RELIABILITY,0.37,6652.42,6332.09,UPI,18,FAILED,USER_ABANDONMENT,0
TXN_0000161,CUST_00017,LOW_RELIABILITY,0.37,6652.42,871.02,NET_BANKING,10,FAILED,AUTHENTICATION_FAILURE,1
TXN_0000162,CUST_00017,LOW_RELIABILITY,0.37,6652.42,8907.38,CARD,2,FAILED,TECHNICAL_ERROR,0
TXN_0000163,CUST_00017,LOW_RELIABILITY,0.37,6652.42,5227.93,UPI,2,FAILED,USER_ABANDONMENT,3
TXN_0000175,CUST_00019,HIGH_RELIABILITY,0.91,2367.41,1859.87,UPI,0,FAILED,INSUFFICIENT_FUNDS,0
TXN_0000176,CUST_00019,HIGH_RELIABILITY,0.91,2367.41,3132.61,NET_BANKING,12,FAILED,NETWORK_TIMEOUT,1
TXN_0000189,CUST_00020,MEDIUM_RELIABILITY,0.8,4681.45,4485.86,CARD,22,FAILED,NETWORK_TIMEOUT,3
TXN_0000194,CUST_00020,MEDIUM_RELIABILITY,0.8,4681.45,5127.81,UPI,17,FAILED,USER_ABANDONMENT,0
TXN_0000195,CUST_00020,MEDIUM_RELIABILITY,0.8,4681.45,6507.59,CARD,22,FAILED,AUTHENTICATION_FAILURE,1
TXN_0000203,CUST_00021,MEDIUM_RELIABILITY,0.68,5204.18,6268.34,CARD,2,FAILED,TEMPORARY_BANK_ERROR,1
TXN_0000204,CUST_00021,MEDIUM_RELIABILITY,0.68,5204.18,8063.69,UPI,19,FAILED,TECHNICAL_ERROR,1
TXN_0000206,CUST_00021,MEDIUM_RELIABILITY,0.68,5204.18,7187.75,UPI,0,FAILED,TEMPORARY_BANK_ERROR,1
TXN_0000211,CUST_00021,MEDIUM_RELIABILITY,0.68,5204.18,5361.21,UPI,2,FAILED,TECHNICAL_ERROR,0
TXN_0000228,CUST_00024,LOW_RELIABILITY,0.44,3736.46,2701.58,CARD,20,FAILED,NETWORK_TIMEOUT,0
TXN_0000232,CUST_00024,LOW_RELIABILITY,0.44,3736.46,4872.43,CARD,10,FAILED,NETWORK_TIMEOUT,0
TXN_0000233,CUST_00024,LOW_RELIABILITY,0.44,3736.46,3859.67,CARD,16,FAILED,INSUFFICIENT_FUNDS,0
TXN_0000236,CUST_00024,LOW_RELIABILITY,0.44,3736.46,2612.3,UPI,5,FAILED,TEMPORARY_BANK_ERROR,0
TXN_0000238,CUST_00024,LOW_RELIABILITY,0.44,3736.46,5739.88,WALLET,15,FAILED,USER_ABANDONMENT,3
TXN_0000240,CUST_00025,LOW_RELIABILITY,0.51,1457.01,1524.05,UPI,14,FAILED,TEMPORARY_BANK_ERROR,0
TXN_0000241,CUST_00025,LOW_RELIABILITY,0.51,1457.01,1363.68,NET_BANKING,9,FAILED,TEMPORARY_BANK_ERROR,0
TXN_0000246,CUST_00025,LOW_RELIABILITY,0.51,1457.01,993.08,NET_BANKING,23,FAILED,TEMPORARY_BANK_ERROR,0
TXN_0000248,CUST_00025,LOW_RELIABILITY,0.51,1457.01,1469.43,UPI,1,FAILED,NETWORK_TIMEOUT,1
TXN_0000257,CUST_00026,MEDIUM_RELIABILITY,0.86,7863.76,2890.12,CARD,3,FAILED,AUTHENTICATION_FAILURE,0
TXN_0000261,CUST_00026,MEDIUM_RELIABILITY,0.86,7863.76,12935.01,CARD,15,FAILED,INSUFFICIENT_FUNDS,1
TXN_0000265,CUST_00027,HIGH_RELIABILITY,0.98,13527.58,1884.04,CARD,18,FAILED,AUTHENTICATION_FAILURE,1
TXN_0000274,CUST_00028,HIGH_RELIABILITY,0.95,13906.24,16364.53,UPI,14,FAILED,TECHNICAL_ERROR,0
TXN_0000281,CUST_00029,LOW_RELIABILITY,0.38,1532.68,2117.02,UPI,15,FAILED,INSUFFICIENT_FUNDS,0
TXN_0000284,CUST_00029,LOW_RELIABILITY,0.38,1532.68,1754.31,CARD,7,FAILED,AUTHENTICATION_FAILURE,0
TXN_0000285,CUST_00029,LOW_RELIABILITY,0.38,1532.68,831.49,UPI,9,FAILED,USER_ABANDONMENT,1
TXN_0000286,CUST_00029,LOW_RELIABILITY,0.38,1532.68,1599.23,UPI,21,FAILED,INSUFFICIENT_FUNDS,0
TXN_0000290,CUST_00030,LOW_RELIABILITY,0.36,2412.25,596.45,UPI,3,FAILED,TEMPORARY_BANK_ERROR,1
TXN_0000291,CUST_00030,LOW_RELIABILITY,0.36,2412.25,1882.79,UPI,13,FAILED,TEMPORARY_BANK_ERROR,0
TXN_0000295,CUST_00030,LOW_RELIABILITY,0.36,2412.25,3633.53,UPI,19,FAILED,AUTHENTICATION_FAILURE,0
TXN_0000296,CUST_00030,LOW_RELIABILITY,0.36,2412.25,1576.48,UPI,7,FAILED,TEMPORARY_BANK_ERROR,0
TXN_0000299,CUST_00030,LOW_RELIABILITY,0.36,2412.25,1788.71,UPI,18,FAILED,INSUFFICIENT_FUNDS,0
TXN_0000300,CUST_00030,LOW_RELIABILITY,0.36,2412.25,4125.25,CARD,2,FAILED,TEMPORARY_BANK_ERROR,0
TXN_0000310,CUST_00031,HIGH_RELIABILITY,0.92,4798.89,6355.28,WALLET,7,FAILED,TEMPORARY_BANK_ERROR,0
TXN_0000311,CUST_00031,HIGH_RELIABILITY,0.92,4798.89,6322.04,CARD,19,FAILED,AUTHENTICATION_FAILURE,1
TXN_0000314,CUST_00032,LOW_RELIABILITY,0.59,2625.92,879.69,NET_BANKING,23,FAILED,NETWORK_TIMEOUT,1
TXN_0000316,CUST_00032,LOW_RELIABILITY,0.59,2625.92,3809.38,NET_BANKING,0,FAILED,NETWORK_TIMEOUT,0
TXN_0000318,CUST_00033,MEDIUM_RELIABILITY,0.71,5655.61,4726.25,CARD,11,FAILED,USER_ABANDONMENT,0
TXN_0000320,CUST_00033,MEDIUM_RELIABILITY,0.71,5655.61,5169.41,CARD,3,FAILED,INSUFFICIENT_FUNDS,0
TXN_0000321,CUST_00033,MEDIUM_RELIABILITY,0.71,5655.61,4958.76,NET_BANKING,7,FAILED,NETWORK_TIMEOUT,2
TXN_0000327,CUST_00033,MEDIUM_RELIABILITY,0.71,5655.61,1847.26,WALLET,5,FAILED,INSUFFICIENT_FUNDS,0
TXN_0000330,CUST_00034,MEDIUM_RELIABILITY,0.68,8120.87,13368.85,CARD,11,FAILED,INSUFFICIENT_FUNDS,0
TXN_0000333,CUST_00034,MEDIUM_RELIABILITY,0.68,8120.87,8035.09,CARD,7,FAILED,TECHNICAL_ERROR,0
TXN_0000335,CUST_00034,MEDIUM_RELIABILITY,0.68,8120.87,5491.0,NET_BANKING,10,FAILED,AUTHENTICATION_FAILURE,1
TXN_0000336,CUST_00034,MEDIUM_RELIABILITY,0.68,8120.87,9498.37,CARD,3,FAILED,TECHNICAL_ERROR,0
TXN_0000340,CUST_00034,MEDIUM_RELIABILITY,0.68,8120.87,8141.73,CARD,23,FAILED,TEMPORARY_BANK_ERROR,0
TXN_0000344,CUST_00035,LOW_RELIABILITY,0.37,6910.83,5888.0,UPI,23,FAILED,NETWORK_TIMEOUT,0
TXN_0000346,CUST_00035,LOW_RELIABILITY,0.37,6910.83,11330.02,CARD,4,FAILED,NETWORK_TIMEOUT,0
TXN_0000348,CUST_00035,LOW_RELIABILITY,0.37,6910.83,6094.02,UPI,9,FAILED,USER_ABANDONMENT,0
TXN_0000350,CUST_00035,LOW_RELIABILITY,0.37,6910.83,5988.04,CARD,1,FAILED,USER_ABANDONMENT,0
TXN_0000359,CUST_00037,HIGH_RELIABILITY,0.88,12416.46,21021.14,WALLET,2,FAILED,TEMPORARY_BANK_ERROR,2
TXN_0000360,CUST_00037,HIGH_RELIABILITY,0.88,12416.46,23498.4,UPI,4,FAILED,USER_ABANDONMENT,1
TXN_0000361,CUST_00037,HIGH_RELIABILITY,0.88,12416.46,15585.39,UPI,14,FAILED,TECHNICAL_ERROR,0
TXN_0000362,CUST_00037,HIGH_RELIABILITY,0.88,12416.46,14903.95,CARD,15,FAILED,AUTHENTICATION_FAILURE,0
TXN_0000364,CUST_00037,HIGH_RELIABILITY,0.88,12416.46,9721.22,UPI,4,FAILED,INSUFFICIENT_FUNDS,0
TXN_0000377,CUST_00038,HIGH_RELIABILITY,0.96,11206.1,16141.09,CARD,23,FAILED,TECHNICAL_ERROR,0
TXN_0000384,CUST_00039,MEDIUM_RELIABILITY,0.82,1203.42,479.94,UPI,1,FAILED,TEMPORARY_BANK_ERROR,0
TXN_0000387,CUST_00039,MEDIUM_RELIABILITY,0.82,1203.42,1726.08,UPI,10,FAILED,TEMPORARY_BANK_ERROR,1
TXN_0000391,CUST_00039,MEDIUM_RELIABILITY,0.82,1203.42,1332.97,UPI,10,FAILED,TEMPORARY_BANK_ERROR,2
TXN_0000396,CUST_00040,MEDIUM_RELIABILITY,0.73,1600.76,1582.02,CARD,4,FAILED,TEMPORARY_BANK_ERROR,1
TXN_0000397,CUST_00040,MEDIUM_RELIABILITY,0.73,1600.76,2321.77,CARD,18,FAILED,INSUFFICIENT_FUNDS,2
TXN_0000399,CUST_00040,MEDIUM_RELIABILITY,0.73,1600.76,465.48,UPI,15,FAILED,AUTHENTICATION_FAILURE,0
TXN_0000409,CUST_00041,MEDIUM_RELIABILITY,0.84,6421.33,6280.33,UPI,14,FAILED,USER_ABANDONMENT,0
TXN_0000410,CUST_00041,MEDIUM_RELIABILITY,0.84,6421.33,7154.78,UPI,3,FAILED,TEMPORARY_BANK_ERROR,0
TXN_0000415,CUST_00041,MEDIUM_RELIABILITY,0.84,6421.33,5914.46,NET_BANKING,5,FAILED,NETWORK_TIMEOUT,3
TXN_0000418,CUST_00041,MEDIUM_RELIABILITY,0.84,6421.33,9333.45,UPI,3,FAILED,INSUFFICIENT_FUNDS,1
TXN_0000419,CUST_00041,MEDIUM_RELIABILITY,0.84,6421.33,7945.9,UPI,11,FAILED,TEMPORARY_BANK_ERROR,1
TXN_0000439,CUST_00043,LOW_RELIABILITY,0.44,2411.25,3183.24,UPI,13,FAILED,AUTHENTICATION_FAILURE,0
TXN_0000442,CUST_00043,LOW_RELIABILITY,0.44,2411.25,3094.41,UPI,12,FAILED,INSUFFICIENT_FUNDS,2
TXN_0000445,CUST_00043,LOW_RELIABILITY,0.44,2411.25,2385.67,UPI,4,FAILED,INSUFFICIENT_FUNDS,1
TXN_0000454,CUST_00045,LOW_RELIABILITY,0.61,3411.06,3702.08,UPI,9,FAILED,USER_ABANDONMENT,2
TXN_0000455,CUST_00045,LOW_RELIABILITY,0.61,3411.06,3412.7,CARD,7,FAILED,TECHNICAL_ERROR,0
TXN_0000457,CUST_00045,LOW_RELIABILITY,0.61,3411.06,4310.55,CARD,2,FAILED,TEMPORARY_BANK_ERROR,1
TXN_0000459,CUST_00046,LOW_RELIABILITY,0.38,5050.06,1802.75,CARD,5,FAILED,AUTHENTICATION_FAILURE,0
TXN_0000462,CUST_00046,LOW_RELIABILITY,0.38,5050.06,3151.43,UPI,1,FAILED,NETWORK_TIMEOUT,2
TXN_0000463,CUST_00046,LOW_RELIABILITY,0.38,5050.06,6725.62,CARD,8,FAILED,INSUFFICIENT_FUNDS,0
TXN_0000464,CUST_00046,LOW_RELIABILITY,0.38,5050.06,4658.53,WALLET,21,FAILED,NETWORK_TIMEOUT,0
TXN_0000465,CUST_00046,LOW_RELIABILITY,0.38,5050.06,4515.73,UPI,15,FAILED,NETWORK_TIMEOUT,0
TXN_0000467,CUST_00046,LOW_RELIABILITY,0.38,5050.06,6333.62,UPI,0,FAILED,TEMPORARY_BANK_ERROR,0
TXN_0000470,CUST_00047,HIGH_RELIABILITY,0.96,8857.88,9840.67,UPI,21,FAILED,TECHNICAL_ERROR,1
TXN_0000496,CUST_00049,MEDIUM_RELIABILITY,0.77,4561.64,4544.67,NET_BANKING,20,FAILED,NETWORK_TIMEOUT,1
TXN_0000507,CUST_00050,HIGH_RELIABILITY,0.88,2510.48,2774.14,UPI,1,FAILED,NETWORK_TIMEOUT,1
TXN_0000509,CUST_00050,HIGH_RELIABILITY,0.88,2510.48,3364.94,NET_BANKING,2,FAILED,NETWORK_TIMEOUT,0
TXN_0000510,CUST_00051,MEDIUM_RELIABILITY,0.66,6545.9,6186.21,WALLET,12,FAILED,INSUFFICIENT_FUNDS,1
TXN_0000513,CUST_00051,MEDIUM_RELIABILITY,0.66,6545.9,7240.71,CARD,7,FAILED,USER_ABANDONMENT,0
TXN_0000515,CUST_00051,MEDIUM_RELIABILITY,0.66,6545.9,160.2,UPI,1,FAILED,NETWORK_TIMEOUT,1
TXN_0000517,CUST_00051,MEDIUM_RELIABILITY,0.66,6545.9,10271.17,CARD,4,FAILED,TECHNICAL_ERROR,0
TXN_0000518,CUST_00051,MEDIUM_RELIABILITY,0.66,6545.9,8971.07,UPI,12,FAILED,TEMPORARY_BANK_ERROR,3
TXN_0000521,CUST_00052,MEDIUM_RELIABILITY,0.72,5331.42,5520.49,UPI,20,FAILED,INSUFFICIENT_FUNDS,0
TXN_0000522,CUST_00052,MEDIUM_RELIABILITY,0.72,5331.42,5752.21,WALLET,21,FAILED,USER_ABANDONMENT,0
TXN_0000529,CUST_00053,LOW_RELIABILITY,0.61,1895.19,1895.59,CARD,9,FAILED,TEMPORARY_BANK_ERROR,0
TXN_0000534,CUST_00053,LOW_RELIABILITY,0.61,1895.19,969.8,UPI,0,FAILED,TEMPORARY_BANK_ERROR,0
TXN_0000538,CUST_00054,MEDIUM_RELIABILITY,0.74,7677.74,12138.41,CARD,9,FAILED,TEMPORARY_BANK_ERROR,1
TXN_0000541,CUST_00054,MEDIUM_RELIABILITY,0.74,7677.74,9588.6,UPI,1,FAILED,TEMPORARY_BANK_ERROR,1
TXN_0000543,CUST_00054,MEDIUM_RELIABILITY,0.74,7677.74,10868.95,UPI,23,FAILED,USER_ABANDONMENT,0
TXN_0000546,CUST_00054,MEDIUM_RELIABILITY,0.74,7677.74,4385.96,CARD,5,FAILED,AUTHENTICATION_FAILURE,0
TXN_0000547,CUST_00054,MEDIUM_RELIABILITY,0.74,7677.74,2906.0,WALLET,5,FAILED,TECHNICAL_ERROR,0
TXN_0000548,CUST_00054,MEDIUM_RELIABILITY,0.74,7677.74,10189.56,CARD,14,FAILED,NETWORK_TIMEOUT,0
TXN_0000550,CUST_00055,MEDIUM_RELIABILITY,0.7,1231.31,787.03,UPI,15,FAILED,NETWORK_TIMEOUT,0
TXN_0000551,CUST_00055,MEDIUM_RELIABILITY,0.7,1231.31,802.98,UPI,10,FAILED,USER_ABANDONMENT,0
TXN_0000555,CUST_00056,MEDIUM_RELIABILITY,0.71,2031.6,1299.72,UPI,23,FAILED,NETWORK_TIMEOUT,1
TXN_0000562,CUST_00056,MEDIUM_RELIABILITY,0.71,2031.6,1217.18,UPI,7,FAILED,NETWORK_TIMEOUT,0
TXN_0000582,CUST_00058,MEDIUM_RELIABILITY,0.79,8778.88,10857.07,NET_BANKING,18,FAILED,USER_ABANDONMENT,0
TXN_0000583,CUST_00058,MEDIUM_RELIABILITY,0.79,8778.88,7535.65,CARD,16,FAILED,INSUFFICIENT_FUNDS,0
TXN_0000604,CUST_00060,MEDIUM_RELIABILITY,0.85,5623.75,4237.25,UPI,4,FAILED,TEMPORARY_BANK_ERROR,0
TXN_0000607,CUST_00061,MEDIUM_RELIABILITY,0.83,9012.87,13633.39,UPI,17,FAILED,USER_ABANDONMENT,0
TXN_0000620,CUST_00062,LOW_RELIABILITY,0.44,948.35,919.54,UPI,1,FAILED,INSUFFICIENT_FUNDS,0
TXN_0000621,CUST_00062,LOW_RELIABILITY,0.44,948.35,827.02,CARD,8,FAILED,INSUFFICIENT_FUNDS,2
TXN_0000632,CUST_00063,MEDIUM_RELIABILITY,0.7,4557.52,7060.23,NET_BANKING,20,FAILED,AUTHENTICATION_FAILURE,0
TXN_0000638,CUST_00064,MEDIUM_RELIABILITY,0.83,8676.94,10719.68,CARD,15,FAILED,USER_ABANDONMENT,0
TXN_0000639,CUST_00064,MEDIUM_RELIABILITY,0.83,8676.94,3130.21,CARD,3,FAILED,TECHNICAL_ERROR,0
TXN_0000646,CUST_00064,MEDIUM_RELIABILITY,0.83,8676.94,8743.4,UPI,2,FAILED,USER_ABANDONMENT,0
TXN_0000652,CUST_00065,MEDIUM_RELIABILITY,0.65,5352.1,2583.41,CARD,2,FAILED,INSUFFICIENT_FUNDS,0
TXN_0000653,CUST_00065,MEDIUM_RELIABILITY,0.65,5352.1,3304.52,CARD,19,FAILED,AUTHENTICATION_FAILURE,0
TXN_0000654,CUST_00065,MEDIUM_RELIABILITY,0.65,5352.1,6363.45,UPI,21,FAILED,TEMPORARY_BANK_ERROR,0
TXN_0000655,CUST_00065,MEDIUM_RELIABILITY,0.65,5352.1,8529.35,CARD,17,FAILED,INSUFFICIENT_FUNDS,0
TXN_0000658,CUST_00065,MEDIUM_RELIABILITY,0.65,5352.1,5350.58,CARD,3,FAILED,INSUFFICIENT_FUNDS,0
TXN_0000659,CUST_00065,MEDIUM_RELIABILITY,0.65,5352.1,2675.18,CARD,2,FAILED,AUTHENTICATION_FAILURE,2
TXN_0000670,CUST_00067,MEDIUM_RELIABILITY,0.68,3707.34,2747.08,UPI,21,FAILED,INSUFFICIENT_FUNDS,0
TXN_0000672,CUST_00067,MEDIUM_RELIABILITY,0.68,3707.34,3438.6,UPI,10,FAILED,TEMPORARY_BANK_ERROR,1
TXN_0000673,CUST_00067,MEDIUM_RELIABILITY,0.68,3707.34,2744.36,UPI,11,FAILED,AUTHENTICATION_FAILURE,2
TXN_0000675,CUST_00067,MEDIUM_RELIABILITY,0.68,3707.34,5812.52,CARD,3,FAILED,INSUFFICIENT_FUNDS,1
TXN_0000679,CUST_00067,MEDIUM_RELIABILITY,0.68,3707.34,2692.08,NET_BANKING,20,FAILED,INSUFFICIENT_FUNDS,0
TXN_0000690,CUST_00069,LOW_RELIABILITY,0.5,4980.53,6144.8,UPI,15,FAILED,NETWORK_TIMEOUT,0
TXN_0000696,CUST_00070,LOW_RELIABILITY,0.46,6808.12,3185.35,CARD,18,FAILED,AUTHENTICATION_FAILURE,0
TXN_0000697,CUST_00070,LOW_RELIABILITY,0.46,6808.12,6293.1,CARD,2,FAILED,NETWORK_TIMEOUT,2
TXN_0000700,CUST_00070,LOW_RELIABILITY,0.46,6808.12,10923.37,UPI,4,FAILED,TEMPORARY_BANK_ERROR,0
TXN_0000701,CUST_00070,LOW_RELIABILITY,0.46,6808.12,2856.21,UPI,4,FAILED,NETWORK_TIMEOUT,1
TXN_0000702,CUST_00070,LOW_RELIABILITY,0.46,6808.12,6775.2,UPI,7,FAILED,NETWORK_TIMEOUT,0
TXN_0000703,CUST_00070,LOW_RELIABILITY,0.46,6808.12,3397.54,CARD,15,FAILED,TEMPORARY_BANK_ERROR,1
TXN_0000704,CUST_00070,LOW_RELIABILITY,0.46,6808.12,7798.38,UPI,1,FAILED,INSUFFICIENT_FUNDS,0
TXN_0000718,CUST_00072,LOW_RELIABILITY,0.49,2245.97,2172.73,CARD,5,FAILED,INSUFFICIENT_FUNDS,0
TXN_0000720,CUST_00072,LOW_RELIABILITY,0.49,2245.97,1808.25,UPI,21,FAILED,INSUFFICIENT_FUNDS,1
TXN_0000723,CUST_00072,LOW_RELIABILITY,0.49,2245.97,1269.2,CARD,13,FAILED,USER_ABANDONMENT,1
TXN_0000725,CUST_00073,LOW_RELIABILITY,0.43,450.83,573.34,UPI,4,FAILED,USER_ABANDONMENT,2
TXN_0000727,CUST_00073,LOW_RELIABILITY,0.43,450.83,570.99,UPI,6,FAILED,AUTHENTICATION_FAILURE,0
TXN_0000728,CUST_00073,LOW_RELIABILITY,0.43,450.83,534.25,CARD,16,FAILED,AUTHENTICATION_FAILURE,1
TXN_0000729,CUST_00073,LOW_RELIABILITY,0.43,450.83,139.61,UPI,11,FAILED,NETWORK_TIMEOUT,0
TXN_0000730,CUST_00073,LOW_RELIABILITY,0.43,450.83,328.64,UPI,17,FAILED,NETWORK_TIMEOUT,0
TXN_0000731,CUST_00073,LOW_RELIABILITY,0.43,450.83,666.17,CARD,6,FAILED,AUTHENTICATION_FAILURE,0
TXN_0000732,CUST_00073,LOW_RELIABILITY,0.43,450.83,273.89,UPI,17,FAILED,TECHNICAL_ERROR,0
TXN_0000734,CUST_00073,LOW_RELIABILITY,0.43,450.83,534.15,NET_BANKING,21,FAILED,TEMPORARY_BANK_ERROR,1
TXN_0000735,CUST_00073,LOW_RELIABILITY,0.43,450.83,592.1,WALLET,3,FAILED,NETWORK_TIMEOUT,0
TXN_0000739,CUST_00074,MEDIUM_RELIABILITY,0.78,5275.45,8944.84,WALLET,13,FAILED,NETWORK_TIMEOUT,0
TXN_0000742,CUST_00074,MEDIUM_RELIABILITY,0.78,5275.45,3569.86,UPI,19,FAILED,USER_ABANDONMENT,0
TXN_0000743,CUST_00074,MEDIUM_RELIABILITY,0.78,5275.45,3523.06,CARD,0,FAILED,AUTHENTICATION_FAILURE,1
TXN_0000745,CUST_00074,MEDIUM_RELIABILITY,0.78,5275.45,6158.35,CARD,22,FAILED,TEMPORARY_BANK_ERROR,0
TXN_0000755,CUST_00075,MEDIUM_RELIABILITY,0.66,3147.14,3910.92,CARD,16,FAILED,TECHNICAL_ERROR,1
TXN_0000766,CUST_00076,MEDIUM_RELIABILITY,0.85,2775.84,2090.48,CARD,10,FAILED,TECHNICAL_ERROR,0
TXN_0000772,CUST_00076,MEDIUM_RELIABILITY,0.85,2775.84,4635.09,UPI,3,FAILED,TEMPORARY_BANK_ERROR,3
TXN_0000777,CUST_00077,LOW_RELIABILITY,0.39,3528.28,4509.9,UPI,16,FAILED,TEMPORARY_BANK_ERROR,0
TXN_0000778,CUST_00077,LOW_RELIABILITY,0.39,3528.28,4726.63,UPI,13,FAILED,INSUFFICIENT_FUNDS,0
TXN_0000781,CUST_00077,LOW_RELIABILITY,0.39,3528.28,1386.09,CARD,22,FAILED,AUTHENTICATION_FAILURE,0
TXN_0000783,CUST_00077,LOW_RELIABILITY,0.39,3528.28,4784.89,UPI,17,FAILED,NETWORK_TIMEOUT,3
TXN_0000784,CUST_00077,LOW_RELIABILITY,0.39,3528.28,4340.07,UPI,5,FAILED,TEMPORARY_BANK_ERROR,1
TXN_0000785,CUST_00077,LOW_RELIABILITY,0.39,3528.28,4234.88,UPI,12,FAILED,TEMPORARY_BANK_ERROR,0
TXN_0000787,CUST_00077,LOW_RELIABILITY,0.39,3528.28,3538.25,CARD,7,FAILED,USER_ABANDONMENT,0
TXN_0000788,CUST_00077,LOW_RELIABILITY,0.39,3528.28,2596.36,NET_BANKING,23,FAILED,USER_ABANDONMENT,0
TXN_0000796,CUST_00078,HIGH_RELIABILITY,0.99,4388.77,2874.16,NET_BANKING,11,FAILED,TEMPORARY_BANK_ERROR,2
TXN_0000804,CUST_00079,HIGH_RELIABILITY,0.95,11662.67,12881.42,CARD,2,FAILED,NETWORK_TIMEOUT,0
TXN_0000811,CUST_00080,LOW_RELIABILITY,0.42,5151.87,2014.67,UPI,12,FAILED,TEMPORARY_BANK_ERROR,2
TXN_0000813,CUST_00080,LOW_RELIABILITY,0.42,5151.87,3855.12,CARD,2,FAILED,INSUFFICIENT_FUNDS,0
TXN_0000814,CUST_00080,LOW_RELIABILITY,0.42,5151.87,8312.5,WALLET,12,FAILED,TEMPORARY_BANK_ERROR,0
TXN_0000815,CUST_00080,LOW_RELIABILITY,0.42,5151.87,4047.72,CARD,4,FAILED,TEMPORARY_BANK_ERROR,0
TXN_0000829,CUST_00082,LOW_RELIABILITY,0.53,3843.27,2361.68,NET_BANKING,19,FAILED,TEMPORARY_BANK_ERROR,0
TXN_0000830,CUST_00082,LOW_RELIABILITY,0.53,3843.27,2371.83,UPI,17,FAILED,TEMPORARY_BANK_ERROR,1
TXN_0000831,CUST_00082,LOW_RELIABILITY,0.53,3843.27,4371.78,CARD,12,FAILED,TEMPORARY_BANK_ERROR,1
TXN_0000834,CUST_00082,LOW_RELIABILITY,0.53,3843.27,2677.23,CARD,8,FAILED,USER_ABANDONMENT,0
TXN_0000835,CUST_00082,LOW_RELIABILITY,0.53,3843.27,3489.07,UPI,20,FAILED,NETWORK_TIMEOUT,1
TXN_0000836,CUST_00082,LOW_RELIABILITY,0.53,3843.27,2422.44,CARD,10,FAILED,TEMPORARY_BANK_ERROR,0
TXN_0000837,CUST_00082,LOW_RELIABILITY,0.53,3843.27,5211.78,UPI,3,FAILED,TEMPORARY_BANK_ERROR,0
TXN_0000838,CUST_00082,LOW_RELIABILITY,0.53,3843.27,5434.77,UPI,2,FAILED,NETWORK_TIMEOUT,0
TXN_0000841,CUST_00083,HIGH_RELIABILITY,0.89,12694.23,5095.32,NET_BANKING,4,FAILED,AUTHENTICATION_FAILURE,0
TXN_0000853,CUST_00084,LOW_RELIABILITY,0.44,1468.33,2451.2,UPI,3,FAILED,NETWORK_TIMEOUT,0
TXN_0000854,CUST_00084,LOW_RELIABILITY,0.44,1468.33,2255.63,NET_BANKING,18,FAILED,AUTHENTICATION_FAILURE,0
TXN_0000855,CUST_00084,LOW_RELIABILITY,0.44,1468.33,705.04,UPI,22,FAILED,INSUFFICIENT_FUNDS,0
TXN_0000856,CUST_00084,LOW_RELIABILITY,0.44,1468.33,1955.66,UPI,5,FAILED,AUTHENTICATION_FAILURE,0
TXN_0000857,CUST_00084,LOW_RELIABILITY,0.44,1468.33,1944.89,WALLET,20,FAILED,NETWORK_TIMEOUT,0
TXN_0000858,CUST_00084,LOW_RELIABILITY,0.44,1468.33,793.92,CARD,3,FAILED,TEMPORARY_BANK_ERROR,3
TXN_0000860,CUST_00084,LOW_RELIABILITY,0.44,1468.33,2371.61,UPI,6,FAILED,NETWORK_TIMEOUT,1
TXN_0000864,CUST_00085,MEDIUM_RELIABILITY,0.66,6113.48,6777.39,UPI,14,FAILED,USER_ABANDONMENT,2
TXN_0000869,CUST_00085,MEDIUM_RELIABILITY,0.66,6113.48,8674.58,UPI,19,FAILED,AUTHENTICATION_FAILURE,1
TXN_0000871,CUST_00086,MEDIUM_RELIABILITY,0.8,657.58,597.24,CARD,17,FAILED,NETWORK_TIMEOUT,0
TXN_0000873,CUST_00086,MEDIUM_RELIABILITY,0.8,657.58,254.85,UPI,4,FAILED,TEMPORARY_BANK_ERROR,0
TXN_0000883,CUST_00087,HIGH_RELIABILITY,0.94,4170.94,4546.84,CARD,23,FAILED,NETWORK_TIMEOUT,2
TXN_0000892,CUST_00088,LOW_RELIABILITY,0.54,1385.69,1767.98,UPI,19,FAILED,NETWORK_TIMEOUT,0
TXN_0000894,CUST_00088,LOW_RELIABILITY,0.54,1385.69,1531.73,UPI,20,FAILED,AUTHENTICATION_FAILURE,1
TXN_0000895,CUST_00088,LOW_RELIABILITY,0.54,1385.69,1548.77,CARD,6,FAILED,INSUFFICIENT_FUNDS,1
TXN_0000896,CUST_00088,LOW_RELIABILITY,0.54,1385.69,1255.76,UPI,14,FAILED,NETWORK_TIMEOUT,1
TXN_0000897,CUST_00088,LOW_RELIABILITY,0.54,1385.69,951.27,WALLET,19,FAILED,TEMPORARY_BANK_ERROR,2
TXN_0000898,CUST_00088,LOW_RELIABILITY,0.54,1385.69,1002.94,UPI,7,FAILED,NETWORK_TIMEOUT,1
TXN_0000902,CUST_00088,LOW_RELIABILITY,0.54,1385.69,988.96,UPI,8,FAILED,INSUFFICIENT_FUNDS,0
TXN_0000905,CUST_00088,LOW_RELIABILITY,0.54,1385.69,1064.18,CARD,15,FAILED,USER_ABANDONMENT,1
TXN_0000907,CUST_00089,LOW_RELIABILITY,0.55,2829.8,3395.4,UPI,18,FAILED,USER_ABANDONMENT,2
TXN_0000908,CUST_00089,LOW_RELIABILITY,0.55,2829.8,3364.07,UPI,13,FAILED,USER_ABANDONMENT,2
TXN_0000912,CUST_00089,LOW_RELIABILITY,0.55,2829.8,1428.87,UPI,18,FAILED,INSUFFICIENT_FUNDS,0
TXN_0000915,CUST_00089,LOW_RELIABILITY,0.55,2829.8,1965.82,UPI,13,FAILED,NETWORK_TIMEOUT,0
TXN_0000916,CUST_00090,MEDIUM_RELIABILITY,0.86,1806.45,1833.86,CARD,23,FAILED,NETWORK_TIMEOUT,0
TXN_0000917,CUST_00090,MEDIUM_RELIABILITY,0.86,1806.45,2300.21,CARD,22,FAILED,TEMPORARY_BANK_ERROR,0
TXN_0000921,CUST_00090,MEDIUM_RELIABILITY,0.86,1806.45,1238.51,UPI,18,FAILED,AUTHENTICATION_FAILURE,0
TXN_0000938,CUST_00092,MEDIUM_RELIABILITY,0.85,8834.72,2050.81,CARD,0,FAILED,AUTHENTICATION_FAILURE,1
TXN_0000943,CUST_00093,MEDIUM_RELIABILITY,0.71,6769.85,3367.3,CARD,2,FAILED,INSUFFICIENT_FUNDS,0
TXN_0000944,CUST_00093,MEDIUM_RELIABILITY,0.71,6769.85,8971.96,WALLET,0,FAILED,TECHNICAL_ERROR,0
TXN_0000945,CUST_00094,LOW_RELIABILITY,0.59,3975.37,3531.78,UPI,5,FAILED,AUTHENTICATION_FAILURE,0
TXN_0000946,CUST_00094,LOW_RELIABILITY,0.59,3975.37,3530.51,UPI,16,FAILED,TEMPORARY_BANK_ERROR,0
TXN_0000948,CUST_00094,LOW_RELIABILITY,0.59,3975.37,4516.1,WALLET,7,FAILED,USER_ABANDONMENT,1
TXN_0000951,CUST_00094,LOW_RELIABILITY,0.59,3975.37,3448.54,UPI,18,FAILED,TECHNICAL_ERROR,2
TXN_0000952,CUST_00094,LOW_RELIABILITY,0.59,3975.37,3001.82,UPI,17,FAILED,AUTHENTICATION_FAILURE,0
TXN_0000966,CUST_00095,HIGH_RELIABILITY,0.94,4385.93,492.45,UPI,21,FAILED,TEMPORARY_BANK_ERROR,1
TXN_0000979,CUST_00097,MEDIUM_RELIABILITY,0.85,6514.46,7748.64,NET_BANKING,16,FAILED,INSUFFICIENT_FUNDS,2
TXN_0000990,CUST_00098,MEDIUM_RELIABILITY,0.72,3817.49,1895.76,UPI,0,FAILED,INSUFFICIENT_FUNDS,1
TXN_0000991,CUST_00098,MEDIUM_RELIABILITY,0.72,3817.49,3486.11,UPI,14,FAILED,NETWORK_TIMEOUT,1
TXN_0001002,CUST_00100,HIGH_RELIABILITY,0.98,11918.26,13775.67,NET_BANKING,6,FAILED,AUTHENTICATION_FAILURE,0
TXN_0001006,CUST_00101,LOW_RELIABILITY,0.54,772.15,773.19,UPI,19,FAILED,USER_ABANDONMENT,0
TXN_0001007,CUST_00101,LOW_RELIABILITY,0.54,772.15,873.4,CARD,6,FAILED,TEMPORARY_BANK_ERROR,1
TXN_0001009,CUST_00101,LOW_RELIABILITY,0.54,772.15,459.0,NET_BANKING,9,FAILED,TEMPORARY_BANK_ERROR,0
TXN_0001012,CUST_00101,LOW_RELIABILITY,0.54,772.15,851.03,CARD,17,FAILED,INSUFFICIENT_FUNDS,0
TXN_0001015,CUST_00101,LOW_RELIABILITY,0.54,772.15,464.58,NET_BANKING,17,FAILED,INSUFFICIENT_FUNDS,0
TXN_0001017,CUST_00101,LOW_RELIABILITY,0.54,772.15,1037.29,CARD,22,FAILED,TEMPORARY_BANK_ERROR,0
TXN_0001025,CUST_00102,HIGH_RELIABILITY,0.9,13579.76,21533.03,UPI,6,FAILED,TEMPORARY_BANK_ERROR,1
TXN_0001027,CUST_00102,HIGH_RELIABILITY,0.9,13579.76,15104.15,WALLET,13,FAILED,NETWORK_TIMEOUT,1
TXN_0001041,CUST_00104,HIGH_RELIABILITY,0.89,10289.02,10112.78,WALLET,11,FAILED,TEMPORARY_BANK_ERROR,1
TXN_0001048,CUST_00105,MEDIUM_RELIABILITY,0.65,2027.68,1628.71,UPI,16,FAILED,TEMPORARY_BANK_ERROR,1
TXN_0001052,CUST_00105,MEDIUM_RELIABILITY,0.65,2027.68,1062.77,CARD,16,FAILED,NETWORK_TIMEOUT,1
TXN_0001055,CUST_00106,MEDIUM_RELIABILITY,0.77,7073.0,5362.06,CARD,16,FAILED,NETWORK_TIMEOUT,0
TXN_0001058,CUST_00106,MEDIUM_RELIABILITY,0.77,7073.0,10679.88,CARD,9,FAILED,AUTHENTICATION_FAILURE,1
TXN_0001059,CUST_00106,MEDIUM_RELIABILITY,0.77,7073.0,8916.29,UPI,6,FAILED,NETWORK_TIMEOUT,0
TXN_0001062,CUST_00107,MEDIUM_RELIABILITY,0.79,2630.56,2623.7,CARD,3,FAILED,NETWORK_TIMEOUT,0
TXN_0001064,CUST_00107,MEDIUM_RELIABILITY,0.79,2630.56,3333.8,CARD,5,FAILED,INSUFFICIENT_FUNDS,0
TXN_0001065,CUST_00107,MEDIUM_RELIABILITY,0.79,2630.56,1858.04,UPI,4,FAILED,TECHNICAL_ERROR,0
TXN_0001085,CUST_00109,MEDIUM_RELIABILITY,0.72,7591.67,8170.57,WALLET,12,FAILED,TEMPORARY_BANK_ERROR,1
TXN_0001087,CUST_00109,MEDIUM_RELIABILITY,0.72,7591.67,4456.24,UPI,22,FAILED,AUTHENTICATION_FAILURE,0
TXN_0001090,CUST_00109,MEDIUM_RELIABILITY,0.72,7591.67,6929.54,CARD,14,FAILED,TECHNICAL_ERROR,0
TXN_0001095,CUST_00110,MEDIUM_RELIABILITY,0.79,8567.62,7297.87,NET_BANKING,21,FAILED,INSUFFICIENT_FUNDS,0
TXN_0001096,CUST_00110,MEDIUM_RELIABILITY,0.79,8567.62,3750.67,CARD,6,FAILED,USER_ABANDONMENT,0
TXN_0001101,CUST_00110,MEDIUM_RELIABILITY,0.79,8567.62,10318.13,UPI,9,FAILED,TECHNICAL_ERROR,3
TXN_0001105,CUST_00111,LOW_RELIABILITY,0.54,4064.5,2289.23,CARD,22,FAILED,NETWORK_TIMEOUT,0
TXN_0001106,CUST_00111,LOW_RELIABILITY,0.54,4064.5,5511.86,CARD,15,FAILED,INSUFFICIENT_FUNDS,1
TXN_0001107,CUST_00111,LOW_RELIABILITY,0.54,4064.5,4343.88,UPI,13,FAILED,TECHNICAL_ERROR,1
TXN_0001110,CUST_00111,LOW_RELIABILITY,0.54,4064.5,2609.3,WALLET,4,FAILED,INSUFFICIENT_FUNDS,0
TXN_0001112,CUST_00111,LOW_RELIABILITY,0.54,4064.5,2522.68,UPI,5,FAILED,NETWORK_TIMEOUT,1
TXN_0001115,CUST_00112,MEDIUM_RELIABILITY,0.67,3993.3,5348.11,UPI,16,FAILED,TECHNICAL_ERROR,0
TXN_0001118,CUST_00112,MEDIUM_RELIABILITY,0.67,3993.3,4992.63,WALLET,2,FAILED,AUTHENTICATION_FAILURE,3
TXN_0001120,CUST_00112,MEDIUM_RELIABILITY,0.67,3993.3,4922.98,UPI,19,FAILED,NETWORK_TIMEOUT,1
TXN_0001122,CUST_00112,MEDIUM_RELIABILITY,0.67,3993.3,3132.6,CARD,18,FAILED,TEMPORARY_BANK_ERROR,0
TXN_0001133,CUST_00113,HIGH_RELIABILITY,0.91,4415.86,5007.69,UPI,8,FAILED,TEMPORARY_BANK_ERROR,0
TXN_0001147,CUST_00115,HIGH_RELIABILITY,0.98,9835.94,12283.4,UPI,13,FAILED,TECHNICAL_ERROR,0
TXN_0001156,CUST_00116,MEDIUM_RELIABILITY,0.82,5275.05,5325.49,UPI,17,FAILED,TEMPORARY_BANK_ERROR,0
TXN_0001157,CUST_00116,MEDIUM_RELIABILITY,0.82,5275.05,4533.56,UPI,16,FAILED,NETWORK_TIMEOUT,0
TXN_0001158,CUST_00116,MEDIUM_RELIABILITY,0.82,5275.05,8573.88,UPI,6,FAILED,INSUFFICIENT_FUNDS,0
TXN_0001161,CUST_00116,MEDIUM_RELIABILITY,0.82,5275.05,6329.77,UPI,19,FAILED,AUTHENTICATION_FAILURE,2
TXN_0001169,CUST_00117,MEDIUM_RELIABILITY,0.78,5178.92,9227.09,UPI,8,FAILED,TEMPORARY_BANK_ERROR,3
TXN_0001172,CUST_00118,MEDIUM_RELIABILITY,0.69,7363.3,11727.27,UPI,20,FAILED,NETWORK_TIMEOUT,0
TXN_0001174,CUST_00118,MEDIUM_RELIABILITY,0.69,7363.3,7374.18,UPI,14,FAILED,NETWORK_TIMEOUT,1
TXN_0001203,CUST_00121,LOW_RELIABILITY,0.62,6686.71,6488.92,UPI,20,FAILED,NETWORK_TIMEOUT,1
TXN_0001205,CUST_00121,LOW_RELIABILITY,0.62,6686.71,7208.34,UPI,3,FAILED,INSUFFICIENT_FUNDS,1
TXN_0001210,CUST_00121,LOW_RELIABILITY,0.62,6686.71,4535.42,CARD,10,FAILED,NETWORK_TIMEOUT,1
TXN_0001212,CUST_00121,LOW_RELIABILITY,0.62,6686.71,4997.44,UPI,18,FAILED,TEMPORARY_BANK_ERROR,1
TXN_0001213,CUST_00121,LOW_RELIABILITY,0.62,6686.71,7363.85,CARD,5,FAILED,INSUFFICIENT_FUNDS,0
TXN_0001216,CUST_00122,LOW_RELIABILITY,0.62,2717.08,3211.31,CARD,6,FAILED,NETWORK_TIMEOUT,0
TXN_0001221,CUST_00122,LOW_RELIABILITY,0.62,2717.08,2524.96,CARD,6,FAILED,INSUFFICIENT_FUNDS,0
TXN_0001224,CUST_00122,LOW_RELIABILITY,0.62,2717.08,2407.47,UPI,6,FAILED,TEMPORARY_BANK_ERROR,1
TXN_0001225,CUST_00122,LOW_RELIABILITY,0.62,2717.08,2438.66,WALLET,15,FAILED,AUTHENTICATION_FAILURE,0
TXN_0001226,CUST_00122,LOW_RELIABILITY,0.62,2717.08,2454.61,CARD,9,FAILED,NETWORK_TIMEOUT,1
TXN_0001227,CUST_00122,LOW_RELIABILITY,0.62,2717.08,2649.95,NET_BANKING,14,FAILED,AUTHENTICATION_FAILURE,2
TXN_0001232,CUST_00123,HIGH_RELIABILITY,0.88,13996.46,8162.49,UPI,7,FAILED,AUTHENTICATION_FAILURE,2
TXN_0001233,CUST_00123,HIGH_RELIABILITY,0.88,13996.46,11268.81,UPI,7,FAILED,INSUFFICIENT_FUNDS,0
TXN_0001235,CUST_00124,MEDIUM_RELIABILITY,0.74,9683.22,6700.8,UPI,11,FAILED,AUTHENTICATION_FAILURE,1
TXN_0001237,CUST_00124,MEDIUM_RELIABILITY,0.74,9683.22,7916.53,UPI,18,FAILED,TEMPORARY_BANK_ERROR,2
TXN_0001244,CUST_00124,MEDIUM_RELIABILITY,0.74,9683.22,6397.01,NET_BANKING,8,FAILED,NETWORK_TIMEOUT,2
TXN_0001251,CUST_00125,LOW_RELIABILITY,0.63,6000.46,6840.04,CARD,7,FAILED,AUTHENTICATION_FAILURE,1
TXN_0001252,CUST_00125,LOW_RELIABILITY,0.63,6000.46,3590.54,UPI,6,FAILED,NETWORK_TIMEOUT,1
TXN_0001259,CUST_00125,LOW_RELIABILITY,0.63,6000.46,5720.2,UPI,22,FAILED,TEMPORARY_BANK_ERROR,0
TXN_0001265,CUST_00126,MEDIUM_RELIABILITY,0.71,4158.43,4960.29,UPI,11,FAILED,INSUFFICIENT_FUNDS,0
TXN_0001266,CUST_00126,MEDIUM_RELIABILITY,0.71,4158.43,4771.77,CARD,6,FAILED,NETWORK_TIMEOUT,0
TXN_0001268,CUST_00126,MEDIUM_RELIABILITY,0.71,4158.43,951.99,CARD,22,FAILED,AUTHENTICATION_FAILURE,0
TXN_0001283,CUST_00128,HIGH_RELIABILITY,0.9,8795.22,7938.97,UPI,2,FAILED,USER_ABANDONMENT,1
TXN_0001287,CUST_00129,LOW_RELIABILITY,0.62,4933.0,9311.1,CARD,14,FAILED,TEMPORARY_BANK_ERROR,1
TXN_0001288,CUST_00129,LOW_RELIABILITY,0.62,4933.0,4619.17,UPI,8,FAILED,NETWORK_TIMEOUT,0
TXN_0001289,CUST_00129,LOW_RELIABILITY,0.62,4933.0,5516.33,NET_BANKING,4,FAILED,INSUFFICIENT_FUNDS,0
TXN_0001293,CUST_00129,LOW_RELIABILITY,0.62,4933.0,5360.74,UPI,3,FAILED,NETWORK_TIMEOUT,0
TXN_0001294,CUST_00129,LOW_RELIABILITY,0.62,4933.0,2767.8,UPI,5,FAILED,AUTHENTICATION_FAILURE,1
TXN_0001295,CUST_00129,LOW_RELIABILITY,0.62,4933.0,3771.05,WALLET,4,FAILED,INSUFFICIENT_FUNDS,0
TXN_0001303,CUST_00130,MEDIUM_RELIABILITY,0.78,1423.18,2116.53,UPI,22,FAILED,NETWORK_TIMEOUT,0
TXN_0001321,CUST_00132,HIGH_RELIABILITY,0.9,8256.62,1363.9,NET_BANKING,10,FAILED,TECHNICAL_ERROR,1
TXN_0001328,CUST_00133,MEDIUM_RELIABILITY,0.84,7537.3,6972.52,UPI,0,FAILED,NETWORK_TIMEOUT,1
TXN_0001330,CUST_00133,MEDIUM_RELIABILITY,0.84,7537.3,1143.56,NET_BANKING,13,FAILED,TECHNICAL_ERROR,1
TXN_0001357,CUST_00136,MEDIUM_RELIABILITY,0.83,8196.08,6720.74,CARD,10,FAILED,NETWORK_TIMEOUT,1
TXN_0001361,CUST_00136,MEDIUM_RELIABILITY,0.83,8196.08,5799.69,NET_BANKING,3,FAILED,AUTHENTICATION_FAILURE,1
TXN_0001362,CUST_00136,MEDIUM_RELIABILITY,0.83,8196.08,10680.88,UPI,3,FAILED,AUTHENTICATION_FAILURE,0
TXN_0001363,CUST_00136,MEDIUM_RELIABILITY,0.83,8196.08,10443.47,CARD,8,FAILED,NETWORK_TIMEOUT,0
TXN_0001366,CUST_00136,MEDIUM_RELIABILITY,0.83,8196.08,10388.22,UPI,2,FAILED,AUTHENTICATION_FAILURE,0
TXN_0001367,CUST_00136,MEDIUM_RELIABILITY,0.83,8196.08,8517.59,CARD,11,FAILED,INSUFFICIENT_FUNDS,1
TXN_0001368,CUST_00136,MEDIUM_RELIABILITY,0.83,8196.08,12444.51,UPI,18,FAILED,USER_ABANDONMENT,1
TXN_0001369,CUST_00136,MEDIUM_RELIABILITY,0.83,8196.08,5839.44,CARD,22,FAILED,NETWORK_TIMEOUT,2
TXN_0001370,CUST_00136,MEDIUM_RELIABILITY,0.83,8196.08,10638.53,CARD,23,FAILED,TEMPORARY_BANK_ERROR,0
TXN_0001387,CUST_00138,HIGH_RELIABILITY,0.94,8021.23,2760.96,CARD,5,FAILED,TECHNICAL_ERROR,0
TXN_0001409,CUST_00140,MEDIUM_RELIABILITY,0.8,8060.03,5401.79,UPI,13,FAILED,AUTHENTICATION_FAILURE,0
TXN_0001415,CUST_00140,MEDIUM_RELIABILITY,0.8,8060.03,9196.51,WALLET,10,FAILED,INSUFFICIENT_FUNDS,0
TXN_0001421,CUST_00141,MEDIUM_RELIABILITY,0.85,3710.95,1679.85,UPI,9,FAILED,TEMPORARY_BANK_ERROR,0
TXN_0001424,CUST_00141,MEDIUM_RELIABILITY,0.85,3710.95,3867.93,CARD,18,FAILED,NETWORK_TIMEOUT,0
TXN_0001455,CUST_00144,MEDIUM_RELIABILITY,0.75,5655.12,6754.56,UPI,4,FAILED,USER_ABANDONMENT,0
TXN_0001462,CUST_00144,MEDIUM_RELIABILITY,0.75,5655.12,2494.77,CARD,4,FAILED,INSUFFICIENT_FUNDS,0
TXN_0001465,CUST_00145,MEDIUM_RELIABILITY,0.71,6112.92,2397.86,UPI,19,FAILED,USER_ABANDONMENT,0
TXN_0001467,CUST_00145,MEDIUM_RELIABILITY,0.71,6112.92,5009.76,CARD,13,FAILED,TEMPORARY_BANK_ERROR,0
TXN_0001468,CUST_00145,MEDIUM_RELIABILITY,0.71,6112.92,7462.02,UPI,13,FAILED,INSUFFICIENT_FUNDS,0
TXN_0001469,CUST_00146,LOW_RELIABILITY,0.36,453.97,671.92,CARD,3,FAILED,NETWORK_TIMEOUT,1
TXN_0001470,CUST_00146,LOW_RELIABILITY,0.36,453.97,369.87,WALLET,4,FAILED,AUTHENTICATION_FAILURE,1
TXN_0001471,CUST_00146,LOW_RELIABILITY,0.36,453.97,379.26,UPI,19,FAILED,AUTHENTICATION_FAILURE,1
TXN_0001472,CUST_00146,LOW_RELIABILITY,0.36,453.97,663.5,UPI,21,FAILED,INSUFFICIENT_FUNDS,0
TXN_0001475,CUST_00146,LOW_RELIABILITY,0.36,453.97,488.55,NET_BANKING,12,FAILED,TECHNICAL_ERROR,2
TXN_0001476,CUST_00146,LOW_RELIABILITY,0.36,453.97,535.54,WALLET,9,FAILED,USER_ABANDONMENT,0
TXN_0001478,CUST_00146,LOW_RELIABILITY,0.36,453.97,460.22,CARD,20,FAILED,TEMPORARY_BANK_ERROR,2
TXN_0001486,CUST_00147,MEDIUM_RELIABILITY,0.83,3921.81,4189.22,NET_BANKING,4,FAILED,TEMPORARY_BANK_ERROR,0
TXN_0001487,CUST_00147,MEDIUM_RELIABILITY,0.83,3921.81,2411.55,CARD,3,FAILED,INSUFFICIENT_FUNDS,3
TXN_0001494,CUST_00148,HIGH_RELIABILITY,0.89,8311.41,1496.25,NET_BANKING,7,FAILED,TEMPORARY_BANK_ERROR,0
TXN_0001507,CUST_00149,HIGH_RELIABILITY,0.96,4021.49,2087.72,UPI,4,FAILED,TECHNICAL_ERROR,0
TXN_0001519,CUST_00150,HIGH_RELIABILITY,0.95,2194.86,1080.46,UPI,17,FAILED,TEMPORARY_BANK_ERROR,0
TXN_0001526,CUST_00151,LOW_RELIABILITY,0.36,3813.21,4656.75,NET_BANKING,8,FAILED,NETWORK_TIMEOUT,0
TXN_0001529,CUST_00151,LOW_RELIABILITY,0.36,3813.21,5644.36,UPI,6,FAILED,TEMPORARY_BANK_ERROR,0
TXN_0001530,CUST_00151,LOW_RELIABILITY,0.36,3813.21,4027.3,UPI,22,FAILED,TEMPORARY_BANK_ERROR,2
TXN_0001531,CUST_00151,LOW_RELIABILITY,0.36,3813.21,812.87,CARD,14,FAILED,AUTHENTICATION_FAILURE,0
TXN_0001533,CUST_00151,LOW_RELIABILITY,0.36,3813.21,3529.74,UPI,2,FAILED,NETWORK_TIMEOUT,1
TXN_0001534,CUST_00151,LOW_RELIABILITY,0.36,3813.21,4286.05,CARD,8,FAILED,AUTHENTICATION_FAILURE,0
TXN_0001535,CUST_00151,LOW_RELIABILITY,0.36,3813.21,3726.9,WALLET,0,FAILED,INSUFFICIENT_FUNDS,0
TXN_0001542,CUST_00153,LOW_RELIABILITY,0.56,6835.79,7983.14,CARD,0,FAILED,TEMPORARY_BANK_ERROR,1
TXN_0001544,CUST_00153,LOW_RELIABILITY,0.56,6835.79,10334.25,WALLET,18,FAILED,USER_ABANDONMENT,1
TXN_0001546,CUST_00153,LOW_RELIABILITY,0.56,6835.79,8431.38,CARD,19,FAILED,NETWORK_TIMEOUT,0
TXN_0001547,CUST_00153,LOW_RELIABILITY,0.56,6835.79,6481.65,WALLET,12,FAILED,USER_ABANDONMENT,0
TXN_0001549,CUST_00153,LOW_RELIABILITY,0.56,6835.79,4902.92,WALLET,4,FAILED,INSUFFICIENT_FUNDS,0
TXN_0001556,CUST_00154,HIGH_RELIABILITY,0.94,5521.39,6785.55,CARD,2,FAILED,NETWORK_TIMEOUT,0
TXN_0001563,CUST_00154,HIGH_RELIABILITY,0.94,5521.39,6380.47,CARD,17,FAILED,TEMPORARY_BANK_ERROR,0
TXN_0001566,CUST_00155,MEDIUM_RELIABILITY,0.82,3072.91,2143.92,UPI,16,FAILED,AUTHENTICATION_FAILURE,0
TXN_0001567,CUST_00155,MEDIUM_RELIABILITY,0.82,3072.91,4361.94,NET_BANKING,12,FAILED,NETWORK_TIMEOUT,1
TXN_0001573,CUST_00155,MEDIUM_RELIABILITY,0.82,3072.91,2901.57,UPI,3,FAILED,AUTHENTICATION_FAILURE,0
TXN_0001578,CUST_00155,MEDIUM_RELIABILITY,0.82,3072.91,2567.12,NET_BANKING,2,FAILED,TEMPORARY_BANK_ERROR,0
TXN_0001580,CUST_00156,LOW_RELIABILITY,0.48,733.5,722.48,UPI,20,FAILED,TEMPORARY_BANK_ERROR,1
TXN_0001581,CUST_00156,LOW_RELIABILITY,0.48,733.5,225.57,NET_BANKING,17,FAILED,NETWORK_TIMEOUT,0
TXN_0001582,CUST_00156,LOW_RELIABILITY,0.48,733.5,1172.11,CARD,0,FAILED,TECHNICAL_ERROR,1
TXN_0001583,CUST_00156,LOW_RELIABILITY,0.48,733.5,745.62,UPI,15,FAILED,USER_ABANDONMENT,0
TXN_0001584,CUST_00157,LOW_RELIABILITY,0.36,6746.01,7941.41,UPI,12,FAILED,TEMPORARY_BANK_ERROR,1
TXN_0001587,CUST_00157,LOW_RELIABILITY,0.36,6746.01,8023.63,WALLET,1,FAILED,INSUFFICIENT_FUNDS,0
TXN_0001590,CUST_00157,LOW_RELIABILITY,0.36,6746.01,1005.89,CARD,13,FAILED,INSUFFICIENT_FUNDS,0
TXN_0001591,CUST_00157,LOW_RELIABILITY,0.36,6746.01,6478.61,CARD,15,FAILED,INSUFFICIENT_FUNDS,1
TXN_0001606,CUST_00159,LOW_RELIABILITY,0.47,1378.4,1438.72,UPI,5,FAILED,USER_ABANDONMENT,0
TXN_0001607,CUST_00159,LOW_RELIABILITY,0.47,1378.4,2110.96,NET_BANKING,10,FAILED,INSUFFICIENT_FUNDS,0
TXN_0001615,CUST_00159,LOW_RELIABILITY,0.47,1378.4,1163.41,WALLET,17,FAILED,TEMPORARY_BANK_ERROR,1
TXN_0001631,CUST_00161,MEDIUM_RELIABILITY,0.77,7288.66,4070.95,NET_BANKING,13,FAILED,AUTHENTICATION_FAILURE,1
TXN_0001632,CUST_00161,MEDIUM_RELIABILITY,0.77,7288.66,6324.26,CARD,18,FAILED,INSUFFICIENT_FUNDS,1
TXN_0001640,CUST_00162,LOW_RELIABILITY,0.54,2103.55,2702.91,CARD,20,FAILED,TEMPORARY_BANK_ERROR,0
TXN_0001641,CUST_00162,LOW_RELIABILITY,0.54,2103.55,4023.38,UPI,10,FAILED,AUTHENTICATION_FAILURE,2
TXN_0001642,CUST_00162,LOW_RELIABILITY,0.54,2103.55,1583.85,CARD,17,FAILED,TEMPORARY_BANK_ERROR,0
TXN_0001643,CUST_00162,LOW_RELIABILITY,0.54,2103.55,811.94,CARD,20,FAILED,TEMPORARY_BANK_ERROR,1
TXN_0001647,CUST_00162,LOW_RELIABILITY,0.54,2103.55,1790.27,UPI,16,FAILED,TEMPORARY_BANK_ERROR,1
TXN_0001652,CUST_00163,LOW_RELIABILITY,0.63,5217.7,7886.8,UPI,9,FAILED,USER_ABANDONMENT,1
TXN_0001653,CUST_00163,LOW_RELIABILITY,0.63,5217.7,3230.14,CARD,22,FAILED,AUTHENTICATION_FAILURE,0
TXN_0001655,CUST_00163,LOW_RELIABILITY,0.63,5217.7,3605.1,UPI,3,FAILED,NETWORK_TIMEOUT,0
TXN_0001657,CUST_00163,LOW_RELIABILITY,0.63,5217.7,7096.9,CARD,14,FAILED,AUTHENTICATION_FAILURE,0
TXN_0001661,CUST_00163,LOW_RELIABILITY,0.63,5217.7,8697.33,UPI,5,FAILED,TEMPORARY_BANK_ERROR,1
TXN_0001663,CUST_00163,LOW_RELIABILITY,0.63,5217.7,6753.0,CARD,22,FAILED,INSUFFICIENT_FUNDS,1
TXN_0001665,CUST_00163,LOW_RELIABILITY,0.63,5217.7,1760.19,UPI,13,FAILED,NETWORK_TIMEOUT,0
TXN_0001666,CUST_00164,LOW_RELIABILITY,0.51,4359.7,3445.13,UPI,11,FAILED,NETWORK_TIMEOUT,0
TXN_0001667,CUST_00164,LOW_RELIABILITY,0.51,4359.7,3077.42,UPI,4,FAILED,INSUFFICIENT_FUNDS,0
TXN_0001668,CUST_00164,LOW_RELIABILITY,0.51,4359.7,5617.87,NET_BANKING,9,FAILED,USER_ABANDONMENT,0
TXN_0001669,CUST_00164,LOW_RELIABILITY,0.51,4359.7,2528.38,UPI,11,FAILED,TEMPORARY_BANK_ERROR,0
TXN_0001678,CUST_00164,LOW_RELIABILITY,0.51,4359.7,4291.65,NET_BANKING,23,FAILED,TEMPORARY_BANK_ERROR,0
TXN_0001684,CUST_00166,MEDIUM_RELIABILITY,0.73,7699.54,8283.1,CARD,17,FAILED,TEMPORARY_BANK_ERROR,1
TXN_0001690,CUST_00167,HIGH_RELIABILITY,0.88,2625.02,5636.87,UPI,2,FAILED,TEMPORARY_BANK_ERROR,0
TXN_0001696,CUST_00167,HIGH_RELIABILITY,0.88,2625.02,1855.2,UPI,3,FAILED,TEMPORARY_BANK_ERROR,0
TXN_0001725,CUST_00170,LOW_RELIABILITY,0.49,865.27,1270.29,NET_BANKING,17,FAILED,USER_ABANDONMENT,1
TXN_0001726,CUST_00170,LOW_RELIABILITY,0.49,865.27,911.75,CARD,21,FAILED,TEMPORARY_BANK_ERROR,3
TXN_0001727,CUST_00170,LOW_RELIABILITY,0.49,865.27,892.82,UPI,19,FAILED,TEMPORARY_BANK_ERROR,1
TXN_0001728,CUST_00170,LOW_RELIABILITY,0.49,865.27,1057.03,CARD,0,FAILED,NETWORK_TIMEOUT,0
TXN_0001732,CUST_00171,MEDIUM_RELIABILITY,0.76,4997.98,6750.18,NET_BANKING,7,FAILED,INSUFFICIENT_FUNDS,0
TXN_0001741,CUST_00172,HIGH_RELIABILITY,0.9,7073.92,10687.18,UPI,21,FAILED,TECHNICAL_ERROR,1
TXN_0001745,CUST_00173,LOW_RELIABILITY,0.47,4387.78,7330.04,UPI,13,FAILED,AUTHENTICATION_FAILURE,0
TXN_0001748,CUST_00173,LOW_RELIABILITY,0.47,4387.78,6383.89,CARD,10,FAILED,TEMPORARY_BANK_ERROR,0
TXN_0001750,CUST_00173,LOW_RELIABILITY,0.47,4387.78,2741.62,UPI,22,FAILED,TEMPORARY_BANK_ERROR,0
TXN_0001751,CUST_00173,LOW_RELIABILITY,0.47,4387.78,4767.98,UPI,9,FAILED,INSUFFICIENT_FUNDS,0
TXN_0001754,CUST_00173,LOW_RELIABILITY,0.47,4387.78,6250.6,UPI,15,FAILED,NETWORK_TIMEOUT,0
TXN_0001761,CUST_00174,HIGH_RELIABILITY,0.95,1634.26,2997.92,CARD,13,FAILED,AUTHENTICATION_FAILURE,0
TXN_0001771,CUST_00175,MEDIUM_RELIABILITY,0.73,6445.67,2452.03,UPI,16,FAILED,NETWORK_TIMEOUT,1
TXN_0001772,CUST_00175,MEDIUM_RELIABILITY,0.73,6445.67,7110.8,UPI,7,FAILED,TEMPORARY_BANK_ERROR,0
TXN_0001775,CUST_00175,MEDIUM_RELIABILITY,0.73,6445.67,6439.47,CARD,4,FAILED,NETWORK_TIMEOUT,0
TXN_0001791,CUST_00178,MEDIUM_RELIABILITY,0.67,6602.98,3892.14,UPI,17,FAILED,NETWORK_TIMEOUT,0
TXN_0001792,CUST_00178,MEDIUM_RELIABILITY,0.67,6602.98,9851.65,CARD,11,FAILED,TEMPORARY_BANK_ERROR,0
TXN_0001794,CUST_00178,MEDIUM_RELIABILITY,0.67,6602.98,10904.08,UPI,17,FAILED,TEMPORARY_BANK_ERROR,0
TXN_0001795,CUST_00178,MEDIUM_RELIABILITY,0.67,6602.98,5851.87,UPI,3,FAILED,AUTHENTICATION_FAILURE,0
TXN_0001796,CUST_00178,MEDIUM_RELIABILITY,0.67,6602.98,10804.01,NET_BANKING,3,FAILED,TEMPORARY_BANK_ERROR,0
TXN_0001799,CUST_00179,HIGH_RELIABILITY,0.88,9200.86,7289.3,NET_BANKING,2,FAILED,USER_ABANDONMENT,0
TXN_0001804,CUST_00179,HIGH_RELIABILITY,0.88,9200.86,8591.28,UPI,7,FAILED,USER_ABANDONMENT,2
TXN_0001813,CUST_00180,LOW_RELIABILITY,0.62,4113.22,2946.68,CARD,1,FAILED,USER_ABANDONMENT,0
TXN_0001814,CUST_00180,LOW_RELIABILITY,0.62,4113.22,7326.89,UPI,6,FAILED,USER_ABANDONMENT,0
TXN_0001815,CUST_00180,LOW_RELIABILITY,0.62,4113.22,3248.0,WALLET,11,FAILED,TEMPORARY_BANK_ERROR,1
TXN_0001816,CUST_00180,LOW_RELIABILITY,0.62,4113.22,4405.67,UPI,16,FAILED,INSUFFICIENT_FUNDS,0
TXN_0001819,CUST_00180,LOW_RELIABILITY,0.62,4113.22,3985.8,UPI,12,FAILED,NETWORK_TIMEOUT,0
TXN_0001820,CUST_00180,LOW_RELIABILITY,0.62,4113.22,2146.62,UPI,2,FAILED,INSUFFICIENT_FUNDS,0
TXN_0001822,CUST_00181,HIGH_RELIABILITY,0.92,10006.04,17239.19,UPI,11,FAILED,TEMPORARY_BANK_ERROR,0
TXN_0001829,CUST_00182,MEDIUM_RELIABILITY,0.75,5683.36,10605.28,NET_BANKING,20,FAILED,AUTHENTICATION_FAILURE,3
TXN_0001830,CUST_00182,MEDIUM_RELIABILITY,0.75,5683.36,8389.89,WALLET,12,FAILED,AUTHENTICATION_FAILURE,0
TXN_0001835,CUST_00182,MEDIUM_RELIABILITY,0.75,5683.36,3827.82,UPI,17,FAILED,TEMPORARY_BANK_ERROR,2
TXN_0001836,CUST_00182,MEDIUM_RELIABILITY,0.75,5683.36,5861.01,UPI,23,FAILED,USER_ABANDONMENT,1
TXN_0001846,CUST_00183,MEDIUM_RELIABILITY,0.86,4167.98,6650.62,CARD,9,FAILED,TEMPORARY_BANK_ERROR,0
TXN_0001848,CUST_00183,MEDIUM_RELIABILITY,0.86,4167.98,3493.77,UPI,6,FAILED,TECHNICAL_ERROR,0
TXN_0001850,CUST_00184,HIGH_RELIABILITY,0.99,13674.91,16791.48,UPI,16,FAILED,NETWORK_TIMEOUT,2
TXN_0001857,CUST_00185,LOW_RELIABILITY,0.41,671.66,611.89,CARD,6,FAILED,TEMPORARY_BANK_ERROR,0
TXN_0001858,CUST_00185,LOW_RELIABILITY,0.41,671.66,1221.58,UPI,7,FAILED,TECHNICAL_ERROR,2
TXN_0001859,CUST_00185,LOW_RELIABILITY,0.41,671.66,490.33,CARD,18,FAILED,TEMPORARY_BANK_ERROR,1
TXN_0001861,CUST_00185,LOW_RELIABILITY,0.41,671.66,1206.72,CARD,9,FAILED,USER_ABANDONMENT,1
TXN_0001863,CUST_00185,LOW_RELIABILITY,0.41,671.66,523.86,CARD,14,FAILED,AUTHENTICATION_FAILURE,1
TXN_0001865,CUST_00185,LOW_RELIABILITY,0.41,671.66,897.54,UPI,5,FAILED,INSUFFICIENT_FUNDS,0
TXN_0001867,CUST_00185,LOW_RELIABILITY,0.41,671.66,324.38,WALLET,15,FAILED,AUTHENTICATION_FAILURE,0
TXN_0001868,CUST_00185,LOW_RELIABILITY,0.41,671.66,528.69,UPI,3,FAILED,USER_ABANDONMENT,0
TXN_0001869,CUST_00185,LOW_RELIABILITY,0.41,671.66,508.49,UPI,6,FAILED,NETWORK_TIMEOUT,0
TXN_0001870,CUST_00185,LOW_RELIABILITY,0.41,671.66,650.91,CARD,23,FAILED,NETWORK_TIMEOUT,0
TXN_0001871,CUST_00185,LOW_RELIABILITY,0.41,671.66,786.07,UPI,1,FAILED,TEMPORARY_BANK_ERROR,2
TXN_0001874,CUST_00186,MEDIUM_RELIABILITY,0.67,673.11,959.57,CARD,14,FAILED,USER_ABANDONMENT,1
TXN_0001878,CUST_00186,MEDIUM_RELIABILITY,0.67,673.11,969.63,UPI,8,FAILED,NETWORK_TIMEOUT,0
TXN_0001883,CUST_00187,HIGH_RELIABILITY,0.89,10562.09,20162.75,UPI,19,FAILED,USER_ABANDONMENT,1
TXN_0001897,CUST_00188,LOW_RELIABILITY,0.37,2369.03,2001.64,UPI,6,FAILED,USER_ABANDONMENT,0
TXN_0001898,CUST_00188,LOW_RELIABILITY,0.37,2369.03,1977.08,WALLET,22,FAILED,TECHNICAL_ERROR,2
TXN_0001899,CUST_00188,LOW_RELIABILITY,0.37,2369.03,1916.41,UPI,3,FAILED,TECHNICAL_ERROR,1
TXN_0001900,CUST_00188,LOW_RELIABILITY,0.37,2369.03,1179.65,CARD,22,FAILED,TEMPORARY_BANK_ERROR,1
TXN_0001901,CUST_00188,LOW_RELIABILITY,0.37,2369.03,2248.06,CARD,21,FAILED,NETWORK_TIMEOUT,1
TXN_0001902,CUST_00188,LOW_RELIABILITY,0.37,2369.03,1837.79,CARD,12,FAILED,AUTHENTICATION_FAILURE,0
TXN_0001903,CUST_00188,LOW_RELIABILITY,0.37,2369.03,100.0,CARD,0,FAILED,INSUFFICIENT_FUNDS,2
TXN_0001904,CUST_00188,LOW_RELIABILITY,0.37,2369.03,4314.45,UPI,23,FAILED,TEMPORARY_BANK_ERROR,0
TXN_0001905,CUST_00188,LOW_RELIABILITY,0.37,2369.03,3400.76,UPI,15,FAILED,TEMPORARY_BANK_ERROR,0
TXN_0001906,CUST_00188,LOW_RELIABILITY,0.37,2369.03,2012.44,UPI,23,FAILED,TECHNICAL_ERROR,1
TXN_0001910,CUST_00189,LOW_RELIABILITY,0.6,358.25,630.13,UPI,23,FAILED,TEMPORARY_BANK_ERROR,0
TXN_0001914,CUST_00189,LOW_RELIABILITY,0.6,358.25,166.7,UPI,20,FAILED,USER_ABANDONMENT,0
TXN_0001916,CUST_00189,LOW_RELIABILITY,0.6,358.25,377.16,WALLET,4,FAILED,INSUFFICIENT_FUNDS,1
TXN_0001925,CUST_00191,LOW_RELIABILITY,0.38,4937.81,6869.12,UPI,12,FAILED,TEMPORARY_BANK_ERROR,2
TXN_0001926,CUST_00191,LOW_RELIABILITY,0.38,4937.81,778.9,UPI,17,FAILED,AUTHENTICATION_FAILURE,0
TXN_0001927,CUST_00191,LOW_RELIABILITY,0.38,4937.81,7216.29,CARD,14,FAILED,INSUFFICIENT_FUNDS,0
TXN_0001928,CUST_00191,LOW_RELIABILITY,0.38,4937.81,7676.02,UPI,22,FAILED,TEMPORARY_BANK_ERROR,0
TXN_0001931,CUST_00191,LOW_RELIABILITY,0.38,4937.81,4224.18,WALLET,23,FAILED,INSUFFICIENT_FUNDS,1
TXN_0001933,CUST_00191,LOW_RELIABILITY,0.38,4937.81,2941.75,WALLET,3,FAILED,INSUFFICIENT_FUNDS,0
TXN_0001935,CUST_00191,LOW_RELIABILITY,0.38,4937.81,7960.14,NET_BANKING,11,FAILED,INSUFFICIENT_FUNDS,1
TXN_0001936,CUST_00191,LOW_RELIABILITY,0.38,4937.81,6251.12,CARD,20,FAILED,NETWORK_TIMEOUT,0
TXN_0001939,CUST_00192,LOW_RELIABILITY,0.53,6166.81,5360.15,UPI,19,FAILED,AUTHENTICATION_FAILURE,0
TXN_0001944,CUST_00192,LOW_RELIABILITY,0.53,6166.81,10940.3,UPI,13,FAILED,NETWORK_TIMEOUT,1
TXN_0001959,CUST_00194,MEDIUM_RELIABILITY,0.71,2185.68,3253.01,UPI,19,FAILED,INSUFFICIENT_FUNDS,0
TXN_0001960,CUST_00194,MEDIUM_RELIABILITY,0.71,2185.68,1419.14,UPI,3,FAILED,NETWORK_TIMEOUT,0
TXN_0001970,CUST_00195,LOW_RELIABILITY,0.57,5686.48,100.0,UPI,19,FAILED,NETWORK_TIMEOUT,0
TXN_0001972,CUST_00195,LOW_RELIABILITY,0.57,5686.48,9392.17,UPI,4,FAILED,TEMPORARY_BANK_ERROR,0
TXN_0001973,CUST_00195,LOW_RELIABILITY,0.57,5686.48,4363.16,WALLET,7,FAILED,INSUFFICIENT_FUNDS,1
TXN_0001977,CUST_00195,LOW_RELIABILITY,0.57,5686.48,1520.15,NET_BANKING,23,FAILED,NETWORK_TIMEOUT,1
TXN_0001983,CUST_00195,LOW_RELIABILITY,0.57,5686.48,10453.67,CARD,1,FAILED,AUTHENTICATION_FAILURE,0
TXN_0001986,CUST_00196,LOW_RELIABILITY,0.64,3005.8,2029.03,CARD,17,FAILED,TEMPORARY_BANK_ERROR,1
TXN_0001987,CUST_00196,LOW_RELIABILITY,0.64,3005.8,2946.85,CARD,2,FAILED,TECHNICAL_ERROR,0
TXN_0001990,CUST_00196,LOW_RELIABILITY,0.64,3005.8,4750.37,CARD,21,FAILED,TEMPORARY_BANK_ERROR,0
TXN_0001993,CUST_00196,LOW_RELIABILITY,0.64,3005.8,4660.79,NET_BANKING,19,FAILED,NETWORK_TIMEOUT,2
TXN_0001994,CUST_00196,LOW_RELIABILITY,0.64,3005.8,3382.29,CARD,23,FAILED,INSUFFICIENT_FUNDS,0
TXN_0001995,CUST_00196,LOW_RELIABILITY,0.64,3005.8,3831.87,NET_BANKING,7,FAILED,TEMPORARY_BANK_ERROR,0
TXN_0002003,CUST_00197,HIGH_RELIABILITY,0.92,11869.78,3133.25,CARD,7,FAILED,TEMPORARY_BANK_ERROR,2
TXN_0002011,CUST_00198,HIGH_RELIABILITY,0.92,14030.6,1740.23,CARD,12,FAILED,USER_ABANDONMENT,0
TXN_0002013,CUST_00198,HIGH_RELIABILITY,0.92,14030.6,19409.29,UPI,23,FAILED,USER_ABANDONMENT,0
TXN_0002017,CUST_00199,LOW_RELIABILITY,0.6,3117.16,3396.88,WALLET,12,FAILED,INSUFFICIENT_FUNDS,0
TXN_0002019,CUST_00199,LOW_RELIABILITY,0.6,3117.16,2746.24,CARD,3,FAILED,AUTHENTICATION_FAILURE,0
TXN_0002020,CUST_00199,LOW_RELIABILITY,0.6,3117.16,4753.03,NET_BANKING,22,FAILED,AUTHENTICATION_FAILURE,0
TXN_0002021,CUST_00199,LOW_RELIABILITY,0.6,3117.16,3517.14,UPI,15,FAILED,TEMPORARY_BANK_ERROR,0
TXN_0002023,CUST_00199,LOW_RELIABILITY,0.6,3117.16,1533.57,UPI,18,FAILED,USER_ABANDONMENT,2
TXN_0002025,CUST_00199,LOW_RELIABILITY,0.6,3117.16,2079.83,UPI,1,FAILED,TECHNICAL_ERROR,0
TXN_0002028,CUST_00199,LOW_RELIABILITY,0.6,3117.16,1787.71,UPI,1,FAILED,NETWORK_TIMEOUT,0
TXN_0002050,CUST_00201,HIGH_RELIABILITY,0.89,13635.74,9713.5,NET_BANKING,1,FAILED,TEMPORARY_BANK_ERROR,0
TXN_0002061,CUST_00202,HIGH_RELIABILITY,0.94,12570.4,11669.89,CARD,13,FAILED,NETWORK_TIMEOUT,0
TXN_0002069,CUST_00203,HIGH_RELIABILITY,0.92,13537.33,6103.39,NET_BANKING,12,FAILED,INSUFFICIENT_FUNDS,0
TXN_0002100,CUST_00205,LOW_RELIABILITY,0.61,820.75,1001.58,CARD,12,FAILED,TEMPORARY_BANK_ERROR,1
TXN_0002109,CUST_00206,MEDIUM_RELIABILITY,0.72,9525.59,8153.76,UPI,21,FAILED,INSUFFICIENT_FUNDS,1
TXN_0002116,CUST_00206,MEDIUM_RELIABILITY,0.72,9525.59,11775.24,CARD,10,FAILED,TEMPORARY_BANK_ERROR,0
TXN_0002118,CUST_00206,MEDIUM_RELIABILITY,0.72,9525.59,10816.07,UPI,15,FAILED,INSUFFICIENT_FUNDS,2
TXN_0002119,CUST_00206,MEDIUM_RELIABILITY,0.72,9525.59,13448.07,UPI,15,FAILED,USER_ABANDONMENT,0
TXN_0002134,CUST_00208,HIGH_RELIABILITY,0.95,7278.24,4802.08,NET_BANKING,7,FAILED,USER_ABANDONMENT,0
TXN_0002150,CUST_00209,HIGH_RELIABILITY,0.91,5601.3,8855.92,CARD,9,FAILED,NETWORK_TIMEOUT,2
TXN_0002152,CUST_00209,HIGH_RELIABILITY,0.91,5601.3,3726.16,UPI,1,FAILED,AUTHENTICATION_FAILURE,0
TXN_0002174,CUST_00212,MEDIUM_RELIABILITY,0.67,5196.99,6408.38,UPI,22,FAILED,USER_ABANDONMENT,0
TXN_0002178,CUST_00213,MEDIUM_RELIABILITY,0.66,5720.52,420.7,UPI,0,FAILED,TEMPORARY_BANK_ERROR,1
TXN_0002180,CUST_00213,MEDIUM_RELIABILITY,0.66,5720.52,3825.43,CARD,16,FAILED,USER_ABANDONMENT,0
TXN_0002181,CUST_00213,MEDIUM_RELIABILITY,0.66,5720.52,1101.8,UPI,3,FAILED,TEMPORARY_BANK_ERROR,0
TXN_0002185,CUST_00214,MEDIUM_RELIABILITY,0.75,8933.19,7297.17,UPI,3,FAILED,NETWORK_TIMEOUT,1
TXN_0002192,CUST_00215,HIGH_RELIABILITY,0.92,2638.94,2816.34,CARD,18,FAILED,AUTHENTICATION_FAILURE,0
TXN_0002203,CUST_00215,HIGH_RELIABILITY,0.92,2638.94,1908.22,CARD,6,FAILED,TEMPORARY_BANK_ERROR,0
TXN_0002209,CUST_00216,HIGH_RELIABILITY,0.9,11661.15,13163.49,WALLET,19,FAILED,TECHNICAL_ERROR,3
TXN_0002222,CUST_00217,MEDIUM_RELIABILITY,0.79,1460.67,1016.8,WALLET,7,FAILED,TECHNICAL_ERROR,0
TXN_0002227,CUST_00218,MEDIUM_RELIABILITY,0.67,7159.21,1215.38,NET_BANKING,21,FAILED,USER_ABANDONMENT,0
TXN_0002234,CUST_00218,MEDIUM_RELIABILITY,0.67,7159.21,5582.6,UPI,2,FAILED,TEMPORARY_BANK_ERROR,1
TXN_0002236,CUST_00219,MEDIUM_RELIABILITY,0.67,8307.67,5365.93,CARD,20,FAILED,USER_ABANDONMENT,1
TXN_0002239,CUST_00219,MEDIUM_RELIABILITY,0.67,8307.67,10255.54,NET_BANKING,12,FAILED,AUTHENTICATION_FAILURE,0
TXN_0002240,CUST_00219,MEDIUM_RELIABILITY,0.67,8307.67,6937.19,NET_BANKING,23,FAILED,TEMPORARY_BANK_ERROR,0
TXN_0002244,CUST_00219,MEDIUM_RELIABILITY,0.67,8307.67,7225.64,NET_BANKING,4,FAILED,TEMPORARY_BANK_ERROR,2
TXN_0002245,CUST_00219,MEDIUM_RELIABILITY,0.67,8307.67,7761.57,WALLET,13,FAILED,USER_ABANDONMENT,0
TXN_0002248,CUST_00220,MEDIUM_RELIABILITY,0.81,1272.81,755.6,UPI,22,FAILED,INSUFFICIENT_FUNDS,0
TXN_0002249,CUST_00220,MEDIUM_RELIABILITY,0.81,1272.81,565.87,CARD,5,FAILED,NETWORK_TIMEOUT,0
TXN_0002255,CUST_00220,MEDIUM_RELIABILITY,0.81,1272.81,1290.48,UPI,4,FAILED,INSUFFICIENT_FUNDS,1
TXN_0002256,CUST_00220,MEDIUM_RELIABILITY,0.81,1272.81,270.6,UPI,5,FAILED,USER_ABANDONMENT,1
TXN_0002258,CUST_00221,MEDIUM_RELIABILITY,0.67,9873.08,13075.11,WALLET,16,FAILED,TEMPORARY_BANK_ERROR,2
TXN_0002261,CUST_00221,MEDIUM_RELIABILITY,0.67,9873.08,6490.57,UPI,1,FAILED,TEMPORARY_BANK_ERROR,1
TXN_0002264,CUST_00221,MEDIUM_RELIABILITY,0.67,9873.08,2791.69,UPI,12,FAILED,USER_ABANDONMENT,1
TXN_0002265,CUST_00221,MEDIUM_RELIABILITY,0.67,9873.08,8361.25,UPI,3,FAILED,NETWORK_TIMEOUT,1
TXN_0002266,CUST_00221,MEDIUM_RELIABILITY,0.67,9873.08,9384.45,UPI,7,FAILED,INSUFFICIENT_FUNDS,0
TXN_0002267,CUST_00222,LOW_RELIABILITY,0.46,2720.37,2287.64,UPI,9,FAILED,TEMPORARY_BANK_ERROR,2
TXN_0002270,CUST_00222,LOW_RELIABILITY,0.46,2720.37,3013.4,CARD,1,FAILED,TECHNICAL_ERROR,0
TXN_0002277,CUST_00222,LOW_RELIABILITY,0.46,2720.37,4006.44,CARD,1,FAILED,TEMPORARY_BANK_ERROR,0
TXN_0002280,CUST_00222,LOW_RELIABILITY,0.46,2720.37,2145.5,CARD,22,FAILED,TECHNICAL_ERROR,0
TXN_0002283,CUST_00223,MEDIUM_RELIABILITY,0.83,9498.86,5812.83,NET_BANKING,13,FAILED,AUTHENTICATION_FAILURE,1
TXN_0002286,CUST_00223,MEDIUM_RELIABILITY,0.83,9498.86,10941.8,CARD,0,FAILED,USER_ABANDONMENT,0
TXN_0002297,CUST_00224,LOW_RELIABILITY,0.64,5322.97,5003.72,CARD,10,FAILED,AUTHENTICATION_FAILURE,0
TXN_0002298,CUST_00224,LOW_RELIABILITY,0.64,5322.97,2271.52,UPI,21,FAILED,TECHNICAL_ERROR,0
TXN_0002300,CUST_00224,LOW_RELIABILITY,0.64,5322.97,6374.05,UPI,3,FAILED,TEMPORARY_BANK_ERROR,0
TXN_0002303,CUST_00224,LOW_RELIABILITY,0.64,5322.97,4544.74,CARD,14,FAILED,TEMPORARY_BANK_ERROR,0
TXN_0002305,CUST_00224,LOW_RELIABILITY,0.64,5322.97,2351.07,UPI,10,FAILED,NETWORK_TIMEOUT,1
TXN_0002306,CUST_00225,LOW_RELIABILITY,0.46,767.8,949.42,CARD,15,FAILED,INSUFFICIENT_FUNDS,0
TXN_0002312,CUST_00225,LOW_RELIABILITY,0.46,767.8,701.58,WALLET,21,FAILED,NETWORK_TIMEOUT,0
TXN_0002313,CUST_00225,LOW_RELIABILITY,0.46,767.8,653.6,UPI,8,FAILED,NETWORK_TIMEOUT,1
TXN_0002324,CUST_00226,HIGH_RELIABILITY,0.97,8817.66,13021.57,CARD,10,FAILED,USER_ABANDONMENT,2
TXN_0002329,CUST_00227,HIGH_RELIABILITY,0.93,13688.96,15340.94,WALLET,3,FAILED,AUTHENTICATION_FAILURE,0
TXN_0002333,CUST_00227,HIGH_RELIABILITY,0.93,13688.96,13338.1,UPI,11,FAILED,USER_ABANDONMENT,0
TXN_0002343,CUST_00228,HIGH_RELIABILITY,0.89,7896.75,6655.21,NET_BANKING,3,FAILED,TEMPORARY_BANK_ERROR,2
TXN_0002354,CUST_00229,HIGH_RELIABILITY,0.88,7561.25,6587.28,UPI,13,FAILED,TEMPORARY_BANK_ERROR,1
TXN_0002358,CUST_00230,LOW_RELIABILITY,0.37,1007.96,710.91,UPI,20,FAILED,TEMPORARY_BANK_ERROR,2
TXN_0002359,CUST_00230,LOW_RELIABILITY,0.37,1007.96,437.35,UPI,20,FAILED,AUTHENTICATION_FAILURE,0
TXN_0002360,CUST_00230,LOW_RELIABILITY,0.37,1007.96,1096.07,UPI,5,FAILED,TEMPORARY_BANK_ERROR,1
TXN_0002361,CUST_00230,LOW_RELIABILITY,0.37,1007.96,1414.96,CARD,20,FAILED,NETWORK_TIMEOUT,1
TXN_0002362,CUST_00230,LOW_RELIABILITY,0.37,1007.96,667.29,WALLET,17,FAILED,NETWORK_TIMEOUT,0
TXN_0002365,CUST_00230,LOW_RELIABILITY,0.37,1007.96,972.71,CARD,2,FAILED,TEMPORARY_BANK_ERROR,1
TXN_0002368,CUST_00230,LOW_RELIABILITY,0.37,1007.96,984.0,UPI,6,FAILED,TEMPORARY_BANK_ERROR,1
TXN_0002369,CUST_00231,MEDIUM_RELIABILITY,0.68,6667.5,11616.13,NET_BANKING,21,FAILED,TEMPORARY_BANK_ERROR,0
TXN_0002371,CUST_00231,MEDIUM_RELIABILITY,0.68,6667.5,5743.58,UPI,19,FAILED,TEMPORARY_BANK_ERROR,0
TXN_0002375,CUST_00231,MEDIUM_RELIABILITY,0.68,6667.5,9228.63,CARD,20,FAILED,AUTHENTICATION_FAILURE,0
TXN_0002382,CUST_00232,MEDIUM_RELIABILITY,0.81,6042.0,7880.81,UPI,19,FAILED,TEMPORARY_BANK_ERROR,0
TXN_0002383,CUST_00232,MEDIUM_RELIABILITY,0.81,6042.0,6187.22,UPI,11,FAILED,TEMPORARY_BANK_ERROR,0
TXN_0002389,CUST_00232,MEDIUM_RELIABILITY,0.81,6042.0,6958.34,WALLET,8,FAILED,AUTHENTICATION_FAILURE,2
TXN_0002390,CUST_00232,MEDIUM_RELIABILITY,0.81,6042.0,9015.2,UPI,12,FAILED,USER_ABANDONMENT,0
TXN_0002399,CUST_00233,MEDIUM_RELIABILITY,0.86,4061.27,4898.37,CARD,12,FAILED,TEMPORARY_BANK_ERROR,0
TXN_0002402,CUST_00233,MEDIUM_RELIABILITY,0.86,4061.27,4988.06,NET_BANKING,3,FAILED,AUTHENTICATION_FAILURE,1
TXN_0002407,CUST_00234,HIGH_RELIABILITY,0.91,13160.39,19039.58,NET_BANKING,21,FAILED,USER_ABANDONMENT,0
TXN_0002412,CUST_00235,MEDIUM_RELIABILITY,0.7,9650.61,12618.52,UPI,18,FAILED,TEMPORARY_BANK_ERROR,1
TXN_0002414,CUST_00235,MEDIUM_RELIABILITY,0.7,9650.61,11052.32,UPI,12,FAILED,INSUFFICIENT_FUNDS,0
TXN_0002415,CUST_00235,MEDIUM_RELIABILITY,0.7,9650.61,10851.57,UPI,0,FAILED,TEMPORARY_BANK_ERROR,1
TXN_0002416,CUST_00235,MEDIUM_RELIABILITY,0.7,9650.61,2356.1,CARD,8,FAILED,NETWORK_TIMEOUT,0
TXN_0002421,CUST_00235,MEDIUM_RELIABILITY,0.7,9650.61,10992.28,UPI,7,FAILED,TEMPORARY_BANK_ERROR,0
TXN_0002423,CUST_00235,MEDIUM_RELIABILITY,0.7,9650.61,11023.58,UPI,2,FAILED,TECHNICAL_ERROR,0
TXN_0002426,CUST_00236,MEDIUM_RELIABILITY,0.65,9713.85,15337.41,UPI,9,FAILED,NETWORK_TIMEOUT,1
TXN_0002431,CUST_00237,MEDIUM_RELIABILITY,0.66,8965.86,20270.22,UPI,16,FAILED,NETWORK_TIMEOUT,0
TXN_0002436,CUST_00237,MEDIUM_RELIABILITY,0.66,8965.86,6999.83,UPI,15,FAILED,TEMPORARY_BANK_ERROR,0
TXN_0002444,CUST_00237,MEDIUM_RELIABILITY,0.66,8965.86,9067.92,NET_BANKING,6,FAILED,NETWORK_TIMEOUT,1
TXN_0002447,CUST_00238,MEDIUM_RELIABILITY,0.77,9933.17,16462.75,UPI,14,FAILED,TEMPORARY_BANK_ERROR,1
TXN_0002448,CUST_00238,MEDIUM_RELIABILITY,0.77,9933.17,11366.12,CARD,8,FAILED,INSUFFICIENT_FUNDS,0
TXN_0002452,CUST_00238,MEDIUM_RELIABILITY,0.77,9933.17,11811.06,CARD,13,FAILED,TEMPORARY_BANK_ERROR,0
TXN_0002455,CUST_00239,MEDIUM_RELIABILITY,0.67,5761.62,100.0,WALLET,7,FAILED,USER_ABANDONMENT,0
TXN_0002456,CUST_00239,MEDIUM_RELIABILITY,0.67,5761.62,4309.96,UPI,17,FAILED,TEMPORARY_BANK_ERROR,1
TXN_0002458,CUST_00239,MEDIUM_RELIABILITY,0.67,5761.62,7221.22,UPI,22,FAILED,TEMPORARY_BANK_ERROR,1
TXN_0002460,CUST_00239,MEDIUM_RELIABILITY,0.67,5761.62,2522.29,UPI,0,FAILED,INSUFFICIENT_FUNDS,1
TXN_0002467,CUST_00240,HIGH_RELIABILITY,0.99,8323.37,6599.79,WALLET,18,FAILED,USER_ABANDONMENT,0
TXN_0002481,CUST_00242,MEDIUM_RELIABILITY,0.75,6461.8,3486.39,WALLET,11,FAILED,TEMPORARY_BANK_ERROR,2
TXN_0002484,CUST_00242,MEDIUM_RELIABILITY,0.75,6461.8,8934.61,WALLET,16,FAILED,TECHNICAL_ERROR,0
TXN_0002495,CUST_00244,MEDIUM_RELIABILITY,0.66,3169.15,4057.4,UPI,15,FAILED,NETWORK_TIMEOUT,1
TXN_0002496,CUST_00244,MEDIUM_RELIABILITY,0.66,3169.15,6737.17,UPI,8,FAILED,USER_ABANDONMENT,1
TXN_0002497,CUST_00244,MEDIUM_RELIABILITY,0.66,3169.15,3036.88,CARD,17,FAILED,TEMPORARY_BANK_ERROR,0
TXN_0002499,CUST_00244,MEDIUM_RELIABILITY,0.66,3169.15,2233.54,WALLET,9,FAILED,INSUFFICIENT_FUNDS,0
TXN_0002502,CUST_00244,MEDIUM_RELIABILITY,0.66,3169.15,3416.14,WALLET,19,FAILED,INSUFFICIENT_FUNDS,1
TXN_0002503,CUST_00244,MEDIUM_RELIABILITY,0.66,3169.15,1876.52,UPI,18,FAILED,USER_ABANDONMENT,0
TXN_0002504,CUST_00244,MEDIUM_RELIABILITY,0.66,3169.15,3430.75,UPI,6,FAILED,TEMPORARY_BANK_ERROR,0
TXN_0002505,CUST_00244,MEDIUM_RELIABILITY,0.66,3169.15,5022.72,CARD,17,FAILED,AUTHENTICATION_FAILURE,1
TXN_0002509,CUST_00245,LOW_RELIABILITY,0.63,6253.79,8129.68,CARD,17,FAILED,AUTHENTICATION_FAILURE,0
TXN_0002511,CUST_00245,LOW_RELIABILITY,0.63,6253.79,3875.07,CARD,11,FAILED,INSUFFICIENT_FUNDS,0
TXN_0002512,CUST_00245,LOW_RELIABILITY,0.63,6253.79,7050.58,UPI,12,FAILED,AUTHENTICATION_FAILURE,0
TXN_0002514,CUST_00245,LOW_RELIABILITY,0.63,6253.79,4670.63,UPI,1,FAILED,TECHNICAL_ERROR,0
TXN_0002516,CUST_00245,LOW_RELIABILITY,0.63,6253.79,6997.35,CARD,1,FAILED,INSUFFICIENT_FUNDS,0
TXN_0002517,CUST_00245,LOW_RELIABILITY,0.63,6253.79,3278.91,CARD,22,FAILED,TEMPORARY_BANK_ERROR,1
TXN_0002519,CUST_00245,LOW_RELIABILITY,0.63,6253.79,7684.67,CARD,4,FAILED,NETWORK_TIMEOUT,3
TXN_0002523,CUST_00246,HIGH_RELIABILITY,0.93,9681.86,7954.83,UPI,15,FAILED,INSUFFICIENT_FUNDS,0
TXN_0002525,CUST_00247,LOW_RELIABILITY,0.43,1479.22,1264.37,NET_BANKING,17,FAILED,INSUFFICIENT_FUNDS,0
TXN_0002526,CUST_00247,LOW_RELIABILITY,0.43,1479.22,291.43,CARD,3,FAILED,INSUFFICIENT_FUNDS,0
TXN_0002527,CUST_00247,LOW_RELIABILITY,0.43,1479.22,1249.44,NET_BANKING,21,FAILED,INSUFFICIENT_FUNDS,1
TXN_0002528,CUST_00247,LOW_RELIABILITY,0.43,1479.22,1298.39,UPI,15,FAILED,AUTHENTICATION_FAILURE,3
TXN_0002529,CUST_00247,LOW_RELIABILITY,0.43,1479.22,1854.15,CARD,21,FAILED,NETWORK_TIMEOUT,1
TXN_0002530,CUST_00247,LOW_RELIABILITY,0.43,1479.22,1066.1,CARD,13,FAILED,NETWORK_TIMEOUT,0
TXN_0002531,CUST_00247,LOW_RELIABILITY,0.43,1479.22,2472.47,UPI,18,FAILED,INSUFFICIENT_FUNDS,2
TXN_0002533,CUST_00248,LOW_RELIABILITY,0.48,2602.8,3967.88,CARD,23,FAILED,TEMPORARY_BANK_ERROR,0
TXN_0002534,CUST_00248,LOW_RELIABILITY,0.48,2602.8,2369.26,CARD,16,FAILED,TECHNICAL_ERROR,0
TXN_0002537,CUST_00248,LOW_RELIABILITY,0.48,2602.8,3789.21,CARD,4,FAILED,AUTHENTICATION_FAILURE,0
TXN_0002538,CUST_00248,LOW_RELIABILITY,0.48,2602.8,2199.51,UPI,20,FAILED,TECHNICAL_ERROR,1
TXN_0002540,CUST_00248,LOW_RELIABILITY,0.48,2602.8,4081.72,NET_BANKING,16,FAILED,AUTHENTICATION_FAILURE,0
TXN_0002542,CUST_00248,LOW_RELIABILITY,0.48,2602.8,2833.47,UPI,1,FAILED,AUTHENTICATION_FAILURE,0
TXN_0002548,CUST_00249,MEDIUM_RELIABILITY,0.78,1238.48,1274.29,UPI,8,FAILED,USER_ABANDONMENT,0
TXN_0002551,CUST_00249,MEDIUM_RELIABILITY,0.78,1238.48,1907.79,CARD,12,FAILED,INSUFFICIENT_FUNDS,0
TXN_0002554,CUST_00250,MEDIUM_RELIABILITY,0.86,9869.0,10828.75,NET_BANKING,6,FAILED,TEMPORARY_BANK_ERROR,3
TXN_0002563,CUST_00251,MEDIUM_RELIABILITY,0.8,5592.92,9238.7,UPI,2,FAILED,INSUFFICIENT_FUNDS,0
TXN_0002576,CUST_00252,MEDIUM_RELIABILITY,0.72,8231.05,14153.21,UPI,15,FAILED,TECHNICAL_ERROR,2
TXN_0002580,CUST_00252,MEDIUM_RELIABILITY,0.72,8231.05,8238.58,CARD,4,FAILED,TEMPORARY_BANK_ERROR,0
TXN_0002582,CUST_00253,MEDIUM_RELIABILITY,0.8,2044.86,3085.2,UPI,7,FAILED,TEMPORARY_BANK_ERROR,1
TXN_0002587,CUST_00253,MEDIUM_RELIABILITY,0.8,2044.86,2773.9,UPI,4,FAILED,TEMPORARY_BANK_ERROR,1
TXN_0002588,CUST_00253,MEDIUM_RELIABILITY,0.8,2044.86,2048.32,WALLET,11,FAILED,NETWORK_TIMEOUT,0
TXN_0002589,CUST_00253,MEDIUM_RELIABILITY,0.8,2044.86,2551.07,UPI,18,FAILED,NETWORK_TIMEOUT,1
TXN_0002592,CUST_00253,MEDIUM_RELIABILITY,0.8,2044.86,2299.77,UPI,1,FAILED,TEMPORARY_BANK_ERROR,0
TXN_0002596,CUST_00254,LOW_RELIABILITY,0.61,5793.25,5573.51,UPI,17,FAILED,AUTHENTICATION_FAILURE,1
TXN_0002599,CUST_00254,LOW_RELIABILITY,0.61,5793.25,5653.28,UPI,20,FAILED,USER_ABANDONMENT,0
TXN_0002600,CUST_00254,LOW_RELIABILITY,0.61,5793.25,8406.66,CARD,3,FAILED,TECHNICAL_ERROR,1
TXN_0002601,CUST_00254,LOW_RELIABILITY,0.61,5793.25,5992.79,CARD,8,FAILED,TECHNICAL_ERROR,1
TXN_0002612,CUST_00255,MEDIUM_RELIABILITY,0.86,7394.34,1962.87,UPI,9,FAILED,USER_ABANDONMENT,2
TXN_0002635,CUST_00258,MEDIUM_RELIABILITY,0.66,750.49,1455.67,UPI,8,FAILED,NETWORK_TIMEOUT,0
TXN_0002637,CUST_00258,MEDIUM_RELIABILITY,0.66,750.49,625.42,UPI,20,FAILED,AUTHENTICATION_FAILURE,2
TXN_0002643,CUST_00258,MEDIUM_RELIABILITY,0.66,750.49,100.0,UPI,14,FAILED,TEMPORARY_BANK_ERROR,0
TXN_0002645,CUST_00258,MEDIUM_RELIABILITY,0.66,750.49,1079.9,CARD,9,FAILED,NETWORK_TIMEOUT,1
TXN_0002649,CUST_00259,MEDIUM_RELIABILITY,0.73,8200.26,8999.48,WALLET,0,FAILED,TEMPORARY_BANK_ERROR,0
TXN_0002652,CUST_00259,MEDIUM_RELIABILITY,0.73,8200.26,5019.4,UPI,18,FAILED,AUTHENTICATION_FAILURE,0
TXN_0002663,CUST_00260,MEDIUM_RELIABILITY,0.87,1928.96,1964.06,UPI,16,FAILED,NETWORK_TIMEOUT,0
TXN_0002668,CUST_00260,MEDIUM_RELIABILITY,0.87,1928.96,537.13,UPI,10,FAILED,NETWORK_TIMEOUT,0
TXN_0002680,CUST_00262,MEDIUM_RELIABILITY,0.86,8500.13,13109.15,UPI,23,FAILED,AUTHENTICATION_FAILURE,0
TXN_0002689,CUST_00263,LOW_RELIABILITY,0.59,3387.11,891.63,UPI,15,FAILED,INSUFFICIENT_FUNDS,2
TXN_0002690,CUST_00263,LOW_RELIABILITY,0.59,3387.11,4595.72,CARD,13,FAILED,NETWORK_TIMEOUT,1
TXN_0002692,CUST_00263,LOW_RELIABILITY,0.59,3387.11,4333.72,CARD,23,FAILED,INSUFFICIENT_FUNDS,0
TXN_0002693,CUST_00263,LOW_RELIABILITY,0.59,3387.11,3421.27,CARD,3,FAILED,TEMPORARY_BANK_ERROR,0
TXN_0002698,CUST_00264,LOW_RELIABILITY,0.47,2059.17,2011.79,CARD,5,FAILED,TECHNICAL_ERROR,3
TXN_0002699,CUST_00264,LOW_RELIABILITY,0.47,2059.17,2944.9,CARD,6,FAILED,USER_ABANDONMENT,0
TXN_0002700,CUST_00264,LOW_RELIABILITY,0.47,2059.17,2232.69,UPI,18,FAILED,NETWORK_TIMEOUT,0
TXN_0002702,CUST_00264,LOW_RELIABILITY,0.47,2059.17,1160.03,WALLET,3,FAILED,NETWORK_TIMEOUT,0
TXN_0002705,CUST_00265,MEDIUM_RELIABILITY,0.66,8714.86,5800.39,UPI,2,FAILED,INSUFFICIENT_FUNDS,0
TXN_0002707,CUST_00265,MEDIUM_RELIABILITY,0.66,8714.86,8395.18,UPI,22,FAILED,TECHNICAL_ERROR,0
TXN_0002708,CUST_00265,MEDIUM_RELIABILITY,0.66,8714.86,5620.15,WALLET,16,FAILED,USER_ABANDONMENT,1
TXN_0002717,CUST_00266,MEDIUM_RELIABILITY,0.83,9997.32,5513.55,UPI,5,FAILED,AUTHENTICATION_FAILURE,1
TXN_0002723,CUST_00266,MEDIUM_RELIABILITY,0.83,9997.32,1912.29,UPI,7,FAILED,USER_ABANDONMENT,1
TXN_0002730,CUST_00267,MEDIUM_RELIABILITY,0.87,5776.6,2283.18,CARD,13,FAILED,AUTHENTICATION_FAILURE,0
TXN_0002736,CUST_00267,MEDIUM_RELIABILITY,0.87,5776.6,6205.66,CARD,20,FAILED,TECHNICAL_ERROR,1
TXN_0002737,CUST_00267,MEDIUM_RELIABILITY,0.87,5776.6,9263.66,UPI,17,FAILED,AUTHENTICATION_FAILURE,1
TXN_0002739,CUST_00267,MEDIUM_RELIABILITY,0.87,5776.6,6951.81,UPI,17,FAILED,TEMPORARY_BANK_ERROR,0
TXN_0002741,CUST_00268,LOW_RELIABILITY,0.57,6624.41,2692.01,UPI,22,FAILED,USER_ABANDONMENT,2
TXN_0002743,CUST_00268,LOW_RELIABILITY,0.57,6624.41,9821.64,UPI,0,FAILED,TEMPORARY_BANK_ERROR,2
TXN_0002745,CUST_00268,LOW_RELIABILITY,0.57,6624.41,3828.67,UPI,9,FAILED,TEMPORARY_BANK_ERROR,1
TXN_0002749,CUST_00268,LOW_RELIABILITY,0.57,6624.41,5501.97,NET_BANKING,2,FAILED,AUTHENTICATION_FAILURE,1
TXN_0002751,CUST_00268,LOW_RELIABILITY,0.57,6624.41,4043.22,CARD,4,FAILED,INSUFFICIENT_FUNDS,0
TXN_0002765,CUST_00270,MEDIUM_RELIABILITY,0.75,1727.01,948.13,UPI,5,FAILED,TECHNICAL_ERROR,0
TXN_0002782,CUST_00271,HIGH_RELIABILITY,0.98,9486.44,10243.17,CARD,12,FAILED,TEMPORARY_BANK_ERROR,3
TXN_0002790,CUST_00272,MEDIUM_RELIABILITY,0.7,6881.16,7409.35,UPI,13,FAILED,NETWORK_TIMEOUT,3
TXN_0002791,CUST_00272,MEDIUM_RELIABILITY,0.7,6881.16,12243.9,UPI,22,FAILED,AUTHENTICATION_FAILURE,0
TXN_0002795,CUST_00272,MEDIUM_RELIABILITY,0.7,6881.16,6750.77,UPI,6,FAILED,USER_ABANDONMENT,2
TXN_0002798,CUST_00273,HIGH_RELIABILITY,0.95,6014.28,4665.25,CARD,6,FAILED,TEMPORARY_BANK_ERROR,1
TXN_0002804,CUST_00273,HIGH_RELIABILITY,0.95,6014.28,7736.46,CARD,5,FAILED,TEMPORARY_BANK_ERROR,0
TXN_0002811,CUST_00274,LOW_RELIABILITY,0.38,4766.7,5294.09,CARD,11,FAILED,INSUFFICIENT_FUNDS,0
TXN_0002814,CUST_00274,LOW_RELIABILITY,0.38,4766.7,8766.8,NET_BANKING,17,FAILED,AUTHENTICATION_FAILURE,0
TXN_0002823,CUST_00275,HIGH_RELIABILITY,0.94,11812.46,16511.21,UPI,8,FAILED,NETWORK_TIMEOUT,0
TXN_0002827,CUST_00276,MEDIUM_RELIABILITY,0.76,8595.72,9610.98,CARD,15,FAILED,AUTHENTICATION_FAILURE,1
TXN_0002828,CUST_00276,MEDIUM_RELIABILITY,0.76,8595.72,5925.89,CARD,3,FAILED,TEMPORARY_BANK_ERROR,2
TXN_0002829,CUST_00276,MEDIUM_RELIABILITY,0.76,8595.72,9135.97,UPI,23,FAILED,USER_ABANDONMENT,0
TXN_0002830,CUST_00276,MEDIUM_RELIABILITY,0.76,8595.72,9201.51,NET_BANKING,3,FAILED,INSUFFICIENT_FUNDS,0
TXN_0002834,CUST_00277,MEDIUM_RELIABILITY,0.77,5828.91,4886.11,UPI,22,FAILED,TECHNICAL_ERROR,1
TXN_0002837,CUST_00278,MEDIUM_RELIABILITY,0.84,4333.09,4585.86,UPI,16,FAILED,NETWORK_TIMEOUT,0
TXN_0002842,CUST_00278,MEDIUM_RELIABILITY,0.84,4333.09,3409.75,CARD,22,FAILED,TECHNICAL_ERROR,0
TXN_0002843,CUST_00279,MEDIUM_RELIABILITY,0.68,773.44,1033.21,UPI,2,FAILED,INSUFFICIENT_FUNDS,3
TXN_0002844,CUST_00279,MEDIUM_RELIABILITY,0.68,773.44,353.46,NET_BANKING,0,FAILED,NETWORK_TIMEOUT,0
TXN_0002845,CUST_00279,MEDIUM_RELIABILITY,0.68,773.44,494.79,CARD,7,FAILED,AUTHENTICATION_FAILURE,2
TXN_0002848,CUST_00279,MEDIUM_RELIABILITY,0.68,773.44,1065.12,UPI,8,FAILED,NETWORK_TIMEOUT,0
TXN_0002861,CUST_00281,MEDIUM_RELIABILITY,0.8,2523.16,1454.91,CARD,20,FAILED,TEMPORARY_BANK_ERROR,0
TXN_0002864,CUST_00281,MEDIUM_RELIABILITY,0.8,2523.16,3137.71,CARD,0,FAILED,INSUFFICIENT_FUNDS,0
TXN_0002866,CUST_00282,LOW_RELIABILITY,0.39,298.9,100.0,UPI,17,FAILED,TEMPORARY_BANK_ERROR,1
TXN_0002870,CUST_00282,LOW_RELIABILITY,0.39,298.9,169.05,CARD,12,FAILED,TECHNICAL_ERROR,2
TXN_0002871,CUST_00282,LOW_RELIABILITY,0.39,298.9,449.0,NET_BANKING,16,FAILED,NETWORK_TIMEOUT,0
TXN_0002872,CUST_00282,LOW_RELIABILITY,0.39,298.9,411.99,CARD,18,FAILED,INSUFFICIENT_FUNDS,2
TXN_0002877,CUST_00283,LOW_RELIABILITY,0.45,4211.44,4384.08,CARD,5,FAILED,AUTHENTICATION_FAILURE,0
TXN_0002878,CUST_00283,LOW_RELIABILITY,0.45,4211.44,3398.08,UPI,9,FAILED,TEMPORARY_BANK_ERROR,0
TXN_0002879,CUST_00283,LOW_RELIABILITY,0.45,4211.44,1210.94,UPI,7,FAILED,INSUFFICIENT_FUNDS,1
TXN_0002880,CUST_00283,LOW_RELIABILITY,0.45,4211.44,454.05,UPI,5,FAILED,NETWORK_TIMEOUT,1
TXN_0002887,CUST_00284,MEDIUM_RELIABILITY,0.74,4656.01,4021.68,CARD,18,FAILED,USER_ABANDONMENT,0
TXN_0002891,CUST_00284,MEDIUM_RELIABILITY,0.74,4656.01,5683.84,UPI,6,FAILED,NETWORK_TIMEOUT,0
TXN_0002894,CUST_00285,LOW_RELIABILITY,0.61,2568.14,1786.03,UPI,13,FAILED,NETWORK_TIMEOUT,0
TXN_0002895,CUST_00285,LOW_RELIABILITY,0.61,2568.14,1665.94,UPI,2,FAILED,AUTHENTICATION_FAILURE,1
TXN_0002896,CUST_00285,LOW_RELIABILITY,0.61,2568.14,2670.75,UPI,0,FAILED,TEMPORARY_BANK_ERROR,0
TXN_0002899,CUST_00285,LOW_RELIABILITY,0.61,2568.14,2059.68,UPI,13,FAILED,INSUFFICIENT_FUNDS,1
TXN_0002901,CUST_00285,LOW_RELIABILITY,0.61,2568.14,3749.15,NET_BANKING,22,FAILED,INSUFFICIENT_FUNDS,0
TXN_0002903,CUST_00285,LOW_RELIABILITY,0.61,2568.14,3870.34,UPI,21,FAILED,TEMPORARY_BANK_ERROR,2
TXN_0002904,CUST_00285,LOW_RELIABILITY,0.61,2568.14,2864.74,CARD,8,FAILED,USER_ABANDONMENT,1
TXN_0002911,CUST_00287,MEDIUM_RELIABILITY,0.74,6409.82,8571.48,UPI,20,FAILED,TEMPORARY_BANK_ERROR,1
TXN_0002912,CUST_00287,MEDIUM_RELIABILITY,0.74,6409.82,9391.25,CARD,12,FAILED,TEMPORARY_BANK_ERROR,0
TXN_0002917,CUST_00287,MEDIUM_RELIABILITY,0.74,6409.82,6685.3,CARD,1,FAILED,NETWORK_TIMEOUT,0
TXN_0002921,CUST_00287,MEDIUM_RELIABILITY,0.74,6409.82,9730.07,UPI,0,FAILED,AUTHENTICATION_FAILURE,1
TXN_0002934,CUST_00289,LOW_RELIABILITY,0.39,6500.8,2353.92,UPI,22,FAILED,TEMPORARY_BANK_ERROR,0
TXN_0002935,CUST_00289,LOW_RELIABILITY,0.39,6500.8,7594.75,CARD,14,FAILED,INSUFFICIENT_FUNDS,0
TXN_0002936,CUST_00289,LOW_RELIABILITY,0.39,6500.8,4998.02,UPI,17,FAILED,NETWORK_TIMEOUT,0
TXN_0002939,CUST_00289,LOW_RELIABILITY,0.39,6500.8,7529.02,CARD,8,FAILED,AUTHENTICATION_FAILURE,0
TXN_0002940,CUST_00289,LOW_RELIABILITY,0.39,6500.8,4010.81,UPI,15,FAILED,NETWORK_TIMEOUT,0
TXN_0002941,CUST_00289,LOW_RELIABILITY,0.39,6500.8,4968.35,WALLET,11,FAILED,AUTHENTICATION_FAILURE,0
TXN_0002947,CUST_00290,HIGH_RELIABILITY,0.93,4615.42,609.83,CARD,3,FAILED,TEMPORARY_BANK_ERROR,3
TXN_0002956,CUST_00291,MEDIUM_RELIABILITY,0.75,9810.31,10852.62,UPI,14,FAILED,USER_ABANDONMENT,0
TXN_0002965,CUST_00292,HIGH_RELIABILITY,0.93,5602.52,4667.06,UPI,11,FAILED,INSUFFICIENT_FUNDS,1
TXN_0002975,CUST_00293,MEDIUM_RELIABILITY,0.79,2781.38,1237.3,CARD,2,FAILED,TEMPORARY_BANK_ERROR,1
TXN_0002978,CUST_00293,MEDIUM_RELIABILITY,0.79,2781.38,2168.38,NET_BANKING,17,FAILED,AUTHENTICATION_FAILURE,1
TXN_0002990,CUST_00295,LOW_RELIABILITY,0.39,1232.94,2192.26,NET_BANKING,10,FAILED,NETWORK_TIMEOUT,1
TXN_0002991,CUST_00295,LOW_RELIABILITY,0.39,1232.94,334.82,CARD,18,FAILED,TEMPORARY_BANK_ERROR,0
TXN_0002992,CUST_00295,LOW_RELIABILITY,0.39,1232.94,938.18,CARD,0,FAILED,NETWORK_TIMEOUT,0
TXN_0002993,CUST_00295,LOW_RELIABILITY,0.39,1232.94,1415.52,UPI,22,FAILED,INSUFFICIENT_FUNDS,0
TXN_0002994,CUST_00295,LOW_RELIABILITY,0.39,1232.94,1521.11,UPI,9,FAILED,USER_ABANDONMENT,0
TXN_0002995,CUST_00295,LOW_RELIABILITY,0.39,1232.94,1183.39,CARD,12,FAILED,TEMPORARY_BANK_ERROR,2
TXN_0002996,CUST_00295,LOW_RELIABILITY,0.39,1232.94,1204.64,CARD,4,FAILED,NETWORK_TIMEOUT,1
TXN_0002997,CUST_00295,LOW_RELIABILITY,0.39,1232.94,1435.41,CARD,16,FAILED,INSUFFICIENT_FUNDS,0
TXN_0003000,CUST_00296,MEDIUM_RELIABILITY,0.68,6588.31,8800.27,WALLET,20,FAILED,INSUFFICIENT_FUNDS,0
TXN_0003002,CUST_00296,MEDIUM_RELIABILITY,0.68,6588.31,4042.17,UPI,7,FAILED,TEMPORARY_BANK_ERROR,0
TXN_0003012,CUST_00297,MEDIUM_RELIABILITY,0.69,3783.84,4115.76,UPI,23,FAILED,TECHNICAL_ERROR,2
TXN_0003014,CUST_00297,MEDIUM_RELIABILITY,0.69,3783.84,2920.16,UPI,19,FAILED,NETWORK_TIMEOUT,1
TXN_0003016,CUST_00297,MEDIUM_RELIABILITY,0.69,3783.84,1923.43,UPI,9,FAILED,TEMPORARY_BANK_ERROR,0
TXN_0003017,CUST_00297,MEDIUM_RELIABILITY,0.69,3783.84,5981.67,CARD,14,FAILED,USER_ABANDONMENT,0
TXN_0003018,CUST_00297,MEDIUM_RELIABILITY,0.69,3783.84,3805.26,NET_BANKING,2,FAILED,TEMPORARY_BANK_ERROR,0
TXN_0003020,CUST_00298,HIGH_RELIABILITY,0.98,7635.46,6721.7,CARD,18,FAILED,NETWORK_TIMEOUT,2
TXN_0003037,CUST_00299,MEDIUM_RELIABILITY,0.8,2137.04,1744.12,CARD,19,FAILED,AUTHENTICATION_FAILURE,0
TXN_0003046,CUST_00300,HIGH_RELIABILITY,0.9,1572.16,2384.2,UPI,13,FAILED,TECHNICAL_ERROR,0
TXN_0003048,CUST_00300,HIGH_RELIABILITY,0.9,1572.16,2396.09,WALLET,8,FAILED,AUTHENTICATION_FAILURE,0
TXN_0003053,CUST_00301,MEDIUM_RELIABILITY,0.69,3146.61,1771.99,UPI,7,FAILED,AUTHENTICATION_FAILURE,2
TXN_0003059,CUST_00302,MEDIUM_RELIABILITY,0.69,1342.67,1379.1,UPI,15,FAILED,AUTHENTICATION_FAILURE,0
TXN_0003061,CUST_00302,MEDIUM_RELIABILITY,0.69,1342.67,2117.09,NET_BANKING,18,FAILED,TEMPORARY_BANK_ERROR,0
TXN_0003064,CUST_00302,MEDIUM_RELIABILITY,0.69,1342.67,1176.37,UPI,0,FAILED,USER_ABANDONMENT,2
TXN_0003065,CUST_00302,MEDIUM_RELIABILITY,0.69,1342.67,1958.16,CARD,23,FAILED,USER_ABANDONMENT,2
TXN_0003066,CUST_00303,MEDIUM_RELIABILITY,0.68,4877.4,100.0,CARD,6,FAILED,INSUFFICIENT_FUNDS,0
TXN_0003075,CUST_00303,MEDIUM_RELIABILITY,0.68,4877.4,3575.74,CARD,20,FAILED,TEMPORARY_BANK_ERROR,0
TXN_0003084,CUST_00304,HIGH_RELIABILITY,0.9,6099.78,100.0,UPI,9,FAILED,USER_ABANDONMENT,0
TXN_0003097,CUST_00306,MEDIUM_RELIABILITY,0.66,8094.4,2859.87,UPI,14,FAILED,TECHNICAL_ERROR,0
TXN_0003098,CUST_00306,MEDIUM_RELIABILITY,0.66,8094.4,7351.72,NET_BANKING,23,FAILED,TEMPORARY_BANK_ERROR,0
TXN_0003101,CUST_00306,MEDIUM_RELIABILITY,0.66,8094.4,8241.92,CARD,16,FAILED,AUTHENTICATION_FAILURE,0
TXN_0003109,CUST_00307,MEDIUM_RELIABILITY,0.79,1276.71,2033.52,NET_BANKING,9,FAILED,AUTHENTICATION_FAILURE,1
TXN_0003110,CUST_00307,MEDIUM_RELIABILITY,0.79,1276.71,1132.08,NET_BANKING,15,FAILED,TECHNICAL_ERROR,1
TXN_0003111,CUST_00307,MEDIUM_RELIABILITY,0.79,1276.71,987.88,NET_BANKING,1,FAILED,TEMPORARY_BANK_ERROR,0
TXN_0003112,CUST_00307,MEDIUM_RELIABILITY,0.79,1276.71,1036.02,UPI,4,FAILED,NETWORK_TIMEOUT,0
TXN_0003125,CUST_00308,HIGH_RELIABILITY,0.98,13892.21,17741.85,UPI,3,FAILED,USER_ABANDONMENT,0
TXN_0003130,CUST_00309,MEDIUM_RELIABILITY,0.66,3130.34,2408.58,WALLET,4,FAILED,INSUFFICIENT_FUNDS,3
TXN_0003132,CUST_00309,MEDIUM_RELIABILITY,0.66,3130.34,2254.48,CARD,18,FAILED,TEMPORARY_BANK_ERROR,0
TXN_0003135,CUST_00309,MEDIUM_RELIABILITY,0.66,3130.34,2133.47,NET_BANKING,3,FAILED,NETWORK_TIMEOUT,1
TXN_0003142,CUST_00309,MEDIUM_RELIABILITY,0.66,3130.34,3790.09,NET_BANKING,5,FAILED,INSUFFICIENT_FUNDS,1
TXN_0003143,CUST_00309,MEDIUM_RELIABILITY,0.66,3130.34,2891.34,UPI,12,FAILED,INSUFFICIENT_FUNDS,0
TXN_0003154,CUST_00311,LOW_RELIABILITY,0.4,1623.58,1540.02,NET_BANKING,3,FAILED,NETWORK_TIMEOUT,2
TXN_0003155,CUST_00311,LOW_RELIABILITY,0.4,1623.58,2537.29,UPI,13,FAILED,TECHNICAL_ERROR,3
TXN_0003156,CUST_00311,LOW_RELIABILITY,0.4,1623.58,1309.18,WALLET,5,FAILED,TECHNICAL_ERROR,3
TXN_0003157,CUST_00311,LOW_RELIABILITY,0.4,1623.58,2243.96,UPI,21,FAILED,TEMPORARY_BANK_ERROR,1
TXN_0003159,CUST_00311,LOW_RELIABILITY,0.4,1623.58,1228.5,CARD,16,FAILED,USER_ABANDONMENT,0
TXN_0003160,CUST_00311,LOW_RELIABILITY,0.4,1623.58,2008.39,UPI,16,FAILED,TEMPORARY_BANK_ERROR,1
TXN_0003161,CUST_00311,LOW_RELIABILITY,0.4,1623.58,1889.61,CARD,19,FAILED,TECHNICAL_ERROR,1
TXN_0003162,CUST_00311,LOW_RELIABILITY,0.4,1623.58,1855.41,CARD,19,FAILED,TEMPORARY_BANK_ERROR,0
TXN_0003163,CUST_00311,LOW_RELIABILITY,0.4,1623.58,1676.36,WALLET,12,FAILED,TECHNICAL_ERROR,3
TXN_0003164,CUST_00311,LOW_RELIABILITY,0.4,1623.58,1598.97,NET_BANKING,14,FAILED,AUTHENTICATION_FAILURE,0
TXN_0003165,CUST_00311,LOW_RELIABILITY,0.4,1623.58,3174.67,UPI,22,FAILED,NETWORK_TIMEOUT,2
TXN_0003166,CUST_00312,LOW_RELIABILITY,0.46,3494.76,5150.24,CARD,2,FAILED,NETWORK_TIMEOUT,0
TXN_0003167,CUST_00312,LOW_RELIABILITY,0.46,3494.76,4505.2,NET_BANKING,7,FAILED,TEMPORARY_BANK_ERROR,0
TXN_0003169,CUST_00312,LOW_RELIABILITY,0.46,3494.76,4902.67,UPI,8,FAILED,NETWORK_TIMEOUT,1
TXN_0003170,CUST_00312,LOW_RELIABILITY,0.46,3494.76,4218.87,CARD,21,FAILED,NETWORK_TIMEOUT,1
TXN_0003172,CUST_00312,LOW_RELIABILITY,0.46,3494.76,3070.41,CARD,16,FAILED,INSUFFICIENT_FUNDS,0
TXN_0003174,CUST_00312,LOW_RELIABILITY,0.46,3494.76,100.0,CARD,19,FAILED,TEMPORARY_BANK_ERROR,3
TXN_0003176,CUST_00312,LOW_RELIABILITY,0.46,3494.76,2811.92,WALLET,1,FAILED,USER_ABANDONMENT,0
TXN_0003177,CUST_00312,LOW_RELIABILITY,0.46,3494.76,5721.16,CARD,18,FAILED,AUTHENTICATION_FAILURE,2
TXN_0003178,CUST_00312,LOW_RELIABILITY,0.46,3494.76,3521.8,CARD,9,FAILED,TEMPORARY_BANK_ERROR,3
TXN_0003185,CUST_00313,HIGH_RELIABILITY,0.95,6164.79,4214.54,WALLET,2,FAILED,AUTHENTICATION_FAILURE,0
TXN_0003194,CUST_00314,MEDIUM_RELIABILITY,0.75,7600.97,6734.17,UPI,23,FAILED,INSUFFICIENT_FUNDS,0
TXN_0003195,CUST_00314,MEDIUM_RELIABILITY,0.75,7600.97,8022.51,CARD,16,FAILED,NETWORK_TIMEOUT,1
TXN_0003197,CUST_00314,MEDIUM_RELIABILITY,0.75,7600.97,4961.12,UPI,18,FAILED,INSUFFICIENT_FUNDS,0
TXN_0003200,CUST_00315,MEDIUM_RELIABILITY,0.66,2898.15,2601.05,UPI,7,FAILED,USER_ABANDONMENT,0
TXN_0003201,CUST_00315,MEDIUM_RELIABILITY,0.66,2898.15,2624.66,CARD,20,FAILED,AUTHENTICATION_FAILURE,0
TXN_0003206,CUST_00315,MEDIUM_RELIABILITY,0.66,2898.15,4383.09,NET_BANKING,7,FAILED,NETWORK_TIMEOUT,2
TXN_0003207,CUST_00315,MEDIUM_RELIABILITY,0.66,2898.15,2126.75,UPI,12,FAILED,NETWORK_TIMEOUT,0
TXN_0003211,CUST_00315,MEDIUM_RELIABILITY,0.66,2898.15,3677.11,UPI,3,FAILED,NETWORK_TIMEOUT,0
TXN_0003214,CUST_00315,MEDIUM_RELIABILITY,0.66,2898.15,3187.44,UPI,2,FAILED,INSUFFICIENT_FUNDS,2
TXN_0003216,CUST_00316,MEDIUM_RELIABILITY,0.81,9004.46,8094.06,CARD,12,FAILED,NETWORK_TIMEOUT,1
TXN_0003220,CUST_00316,MEDIUM_RELIABILITY,0.81,9004.46,5493.42,UPI,8,FAILED,TEMPORARY_BANK_ERROR,1
TXN_0003222,CUST_00316,MEDIUM_RELIABILITY,0.81,9004.46,9074.27,NET_BANKING,4,FAILED,TEMPORARY_BANK_ERROR,0
TXN_0003224,CUST_00316,MEDIUM_RELIABILITY,0.81,9004.46,11823.32,CARD,18,FAILED,TEMPORARY_BANK_ERROR,0
TXN_0003229,CUST_00317,MEDIUM_RELIABILITY,0.76,5555.08,6175.21,UPI,22,FAILED,USER_ABANDONMENT,3
TXN_0003237,CUST_00318,MEDIUM_RELIABILITY,0.67,4750.42,778.49,UPI,5,FAILED,NETWORK_TIMEOUT,1
TXN_0003241,CUST_00318,MEDIUM_RELIABILITY,0.67,4750.42,4532.58,WALLET,23,FAILED,INSUFFICIENT_FUNDS,0
TXN_0003243,CUST_00318,MEDIUM_RELIABILITY,0.67,4750.42,4465.17,UPI,14,FAILED,AUTHENTICATION_FAILURE,0
TXN_0003249,CUST_00318,MEDIUM_RELIABILITY,0.67,4750.42,5713.84,CARD,23,FAILED,TEMPORARY_BANK_ERROR,3
TXN_0003255,CUST_00319,MEDIUM_RELIABILITY,0.77,2803.47,1974.73,NET_BANKING,5,FAILED,NETWORK_TIMEOUT,1
TXN_0003256,CUST_00320,LOW_RELIABILITY,0.43,2765.53,3487.15,CARD,5,FAILED,TEMPORARY_BANK_ERROR,0
TXN_0003257,CUST_00320,LOW_RELIABILITY,0.43,2765.53,4344.43,CARD,2,FAILED,AUTHENTICATION_FAILURE,0
TXN_0003258,CUST_00320,LOW_RELIABILITY,0.43,2765.53,2301.55,UPI,19,FAILED,INSUFFICIENT_FUNDS,1
TXN_0003260,CUST_00320,LOW_RELIABILITY,0.43,2765.53,648.17,CARD,0,FAILED,NETWORK_TIMEOUT,1
TXN_0003263,CUST_00320,LOW_RELIABILITY,0.43,2765.53,3105.52,CARD,17,FAILED,NETWORK_TIMEOUT,2
TXN_0003264,CUST_00320,LOW_RELIABILITY,0.43,2765.53,2491.46,WALLET,19,FAILED,TEMPORARY_BANK_ERROR,0
TXN_0003265,CUST_00321,MEDIUM_RELIABILITY,0.65,3559.75,5439.89,CARD,14,FAILED,TEMPORARY_BANK_ERROR,0
TXN_0003267,CUST_00321,MEDIUM_RELIABILITY,0.65,3559.75,4453.4,UPI,9,FAILED,AUTHENTICATION_FAILURE,0
TXN_0003272,CUST_00322,MEDIUM_RELIABILITY,0.7,3611.22,3590.85,CARD,10,FAILED,TEMPORARY_BANK_ERROR,3
TXN_0003273,CUST_00322,MEDIUM_RELIABILITY,0.7,3611.22,3520.73,CARD,12,FAILED,TEMPORARY_BANK_ERROR,3
TXN_0003288,CUST_00323,MEDIUM_RELIABILITY,0.68,8960.01,6617.22,CARD,23,FAILED,TEMPORARY_BANK_ERROR,3
TXN_0003296,CUST_00323,MEDIUM_RELIABILITY,0.68,8960.01,7062.4,CARD,19,FAILED,TECHNICAL_ERROR,0
TXN_0003297,CUST_00323,MEDIUM_RELIABILITY,0.68,8960.01,6946.37,CARD,9,FAILED,TEMPORARY_BANK_ERROR,1
TXN_0003300,CUST_00323,MEDIUM_RELIABILITY,0.68,8960.01,18095.67,UPI,4,FAILED,TEMPORARY_BANK_ERROR,1
TXN_0003306,CUST_00324,HIGH_RELIABILITY,0.95,10507.43,14495.26,CARD,19,FAILED,AUTHENTICATION_FAILURE,0
TXN_0003315,CUST_00325,MEDIUM_RELIABILITY,0.82,5235.2,5634.99,CARD,15,FAILED,INSUFFICIENT_FUNDS,0
TXN_0003317,CUST_00325,MEDIUM_RELIABILITY,0.82,5235.2,5542.89,NET_BANKING,5,FAILED,AUTHENTICATION_FAILURE,0
TXN_0003328,CUST_00326,HIGH_RELIABILITY,0.89,8519.49,11817.64,UPI,14,FAILED,TEMPORARY_BANK_ERROR,0
TXN_0003331,CUST_00326,HIGH_RELIABILITY,0.89,8519.49,5614.73,UPI,17,FAILED,AUTHENTICATION_FAILURE,1
TXN_0003336,CUST_00327,MEDIUM_RELIABILITY,0.78,7581.68,12462.83,UPI,17,FAILED,INSUFFICIENT_FUNDS,2
TXN_0003339,CUST_00328,MEDIUM_RELIABILITY,0.74,1712.01,1149.05,CARD,19,FAILED,TECHNICAL_ERROR,1
TXN_0003341,CUST_00328,MEDIUM_RELIABILITY,0.74,1712.01,1322.05,NET_BANKING,7,FAILED,INSUFFICIENT_FUNDS,0
TXN_0003350,CUST_00329,MEDIUM_RELIABILITY,0.71,3949.28,2341.51,UPI,12,FAILED,INSUFFICIENT_FUNDS,0
TXN_0003351,CUST_00329,MEDIUM_RELIABILITY,0.71,3949.28,2326.28,CARD,18,FAILED,USER_ABANDONMENT,1
TXN_0003354,CUST_00329,MEDIUM_RELIABILITY,0.71,3949.28,5415.64,UPI,12,FAILED,TEMPORARY_BANK_ERROR,1
TXN_0003359,CUST_00330,MEDIUM_RELIABILITY,0.79,5922.39,4694.67,UPI,21,FAILED,TECHNICAL_ERROR,1
TXN_0003361,CUST_00330,MEDIUM_RELIABILITY,0.79,5922.39,7881.79,NET_BANKING,6,FAILED,NETWORK_TIMEOUT,0
TXN_0003364,CUST_00331,MEDIUM_RELIABILITY,0.73,9871.89,10706.64,NET_BANKING,21,FAILED,TEMPORARY_BANK_ERROR,0
TXN_0003366,CUST_00331,MEDIUM_RELIABILITY,0.73,9871.89,8388.6,UPI,11,FAILED,TEMPORARY_BANK_ERROR,0
TXN_0003371,CUST_00331,MEDIUM_RELIABILITY,0.73,9871.89,12191.36,UPI,13,FAILED,TECHNICAL_ERROR,0
TXN_0003375,CUST_00331,MEDIUM_RELIABILITY,0.73,9871.89,8100.7,UPI,14,FAILED,TEMPORARY_BANK_ERROR,2
TXN_0003376,CUST_00331,MEDIUM_RELIABILITY,0.73,9871.89,10813.89,CARD,15,FAILED,TEMPORARY_BANK_ERROR,1
TXN_0003380,CUST_00332,MEDIUM_RELIABILITY,0.78,2753.65,340.07,NET_BANKING,2,FAILED,INSUFFICIENT_FUNDS,1
TXN_0003382,CUST_00332,MEDIUM_RELIABILITY,0.78,2753.65,3989.9,NET_BANKING,21,FAILED,INSUFFICIENT_FUNDS,0
TXN_0003384,CUST_00332,MEDIUM_RELIABILITY,0.78,2753.65,3352.17,WALLET,15,FAILED,USER_ABANDONMENT,0
TXN_0003385,CUST_00332,MEDIUM_RELIABILITY,0.78,2753.65,2757.12,UPI,8,FAILED,NETWORK_TIMEOUT,0
TXN_0003391,CUST_00332,MEDIUM_RELIABILITY,0.78,2753.65,2844.89,UPI,1,FAILED,TECHNICAL_ERROR,1
TXN_0003398,CUST_00333,MEDIUM_RELIABILITY,0.67,1952.16,2291.45,CARD,15,FAILED,TEMPORARY_BANK_ERROR,0
TXN_0003400,CUST_00334,LOW_RELIABILITY,0.42,1292.63,1940.56,NET_BANKING,3,FAILED,TEMPORARY_BANK_ERROR,1
TXN_0003401,CUST_00334,LOW_RELIABILITY,0.42,1292.63,1701.06,UPI,5,FAILED,TEMPORARY_BANK_ERROR,1
TXN_0003402,CUST_00334,LOW_RELIABILITY,0.42,1292.63,1793.95,NET_BANKING,2,FAILED,TEMPORARY_BANK_ERROR,1
TXN_0003403,CUST_00334,LOW_RELIABILITY,0.42,1292.63,1461.63,NET_BANKING,19,FAILED,INSUFFICIENT_FUNDS,3
TXN_0003406,CUST_00334,LOW_RELIABILITY,0.42,1292.63,1840.75,UPI,4,FAILED,AUTHENTICATION_FAILURE,0
TXN_0003407,CUST_00334,LOW_RELIABILITY,0.42,1292.63,1265.99,UPI,2,FAILED,USER_ABANDONMENT,0
TXN_0003408,CUST_00334,LOW_RELIABILITY,0.42,1292.63,1552.75,UPI,2,FAILED,INSUFFICIENT_FUNDS,0
TXN_0003410,CUST_00334,LOW_RELIABILITY,0.42,1292.63,760.16,CARD,5,FAILED,AUTHENTICATION_FAILURE,0
TXN_0003411,CUST_00334,LOW_RELIABILITY,0.42,1292.63,1228.85,NET_BANKING,14,FAILED,TEMPORARY_BANK_ERROR,0
TXN_0003423,CUST_00336,MEDIUM_RELIABILITY,0.69,9019.27,3708.59,NET_BANKING,14,FAILED,AUTHENTICATION_FAILURE,0
TXN_0003428,CUST_00337,MEDIUM_RELIABILITY,0.67,5482.86,613.16,UPI,23,FAILED,INSUFFICIENT_FUNDS,0
TXN_0003431,CUST_00337,MEDIUM_RELIABILITY,0.67,5482.86,6111.8,NET_BANKING,14,FAILED,AUTHENTICATION_FAILURE,0
TXN_0003433,CUST_00337,MEDIUM_RELIABILITY,0.67,5482.86,6721.64,UPI,20,FAILED,NETWORK_TIMEOUT,0
TXN_0003434,CUST_00337,MEDIUM_RELIABILITY,0.67,5482.86,9070.4,NET_BANKING,5,FAILED,TECHNICAL_ERROR,0
TXN_0003435,CUST_00337,MEDIUM_RELIABILITY,0.67,5482.86,4998.08,UPI,15,FAILED,NETWORK_TIMEOUT,0
TXN_0003437,CUST_00337,MEDIUM_RELIABILITY,0.67,5482.86,5905.25,NET_BANKING,8,FAILED,INSUFFICIENT_FUNDS,1
TXN_0003439,CUST_00338,HIGH_RELIABILITY,0.93,14753.3,2364.33,UPI,3,FAILED,NETWORK_TIMEOUT,0
TXN_0003447,CUST_00338,HIGH_RELIABILITY,0.93,14753.3,19521.78,WALLET,2,FAILED,NETWORK_TIMEOUT,0
TXN_0003454,CUST_00339,LOW_RELIABILITY,0.38,2905.42,1424.55,CARD,19,FAILED,USER_ABANDONMENT,0
TXN_0003455,CUST_00339,LOW_RELIABILITY,0.38,2905.42,4123.93,CARD,0,FAILED,USER_ABANDONMENT,0
TXN_0003456,CUST_00339,LOW_RELIABILITY,0.38,2905.42,3472.3,UPI,10,FAILED,NETWORK_TIMEOUT,1
TXN_0003457,CUST_00339,LOW_RELIABILITY,0.38,2905.42,2052.12,NET_BANKING,23,FAILED,NETWORK_TIMEOUT,1
TXN_0003459,CUST_00339,LOW_RELIABILITY,0.38,2905.42,4762.94,UPI,1,FAILED,TEMPORARY_BANK_ERROR,0
TXN_0003460,CUST_00339,LOW_RELIABILITY,0.38,2905.42,3757.93,UPI,19,FAILED,TEMPORARY_BANK_ERROR,0
TXN_0003463,CUST_00340,MEDIUM_RELIABILITY,0.86,8722.32,8989.6,WALLET,19,FAILED,AUTHENTICATION_FAILURE,1
TXN_0003467,CUST_00340,MEDIUM_RELIABILITY,0.86,8722.32,9264.24,UPI,0,FAILED,INSUFFICIENT_FUNDS,0
TXN_0003473,CUST_00340,MEDIUM_RELIABILITY,0.86,8722.32,16666.91,UPI,0,FAILED,USER_ABANDONMENT,0
TXN_0003478,CUST_00341,MEDIUM_RELIABILITY,0.83,2950.08,2967.2,UPI,18,FAILED,INSUFFICIENT_FUNDS,1
TXN_0003479,CUST_00341,MEDIUM_RELIABILITY,0.83,2950.08,1491.4,CARD,15,FAILED,TEMPORARY_BANK_ERROR,0
TXN_0003484,CUST_00341,MEDIUM_RELIABILITY,0.83,2950.08,5775.5,NET_BANKING,22,FAILED,USER_ABANDONMENT,1
TXN_0003488,CUST_00342,MEDIUM_RELIABILITY,0.69,6852.11,7902.31,CARD,15,FAILED,TEMPORARY_BANK_ERROR,0
TXN_0003502,CUST_00343,MEDIUM_RELIABILITY,0.85,5789.25,5160.97,CARD,14,FAILED,INSUFFICIENT_FUNDS,1
TXN_0003507,CUST_00344,LOW_RELIABILITY,0.52,2103.86,1987.3,NET_BANKING,9,FAILED,TEMPORARY_BANK_ERROR,1
TXN_0003508,CUST_00344,LOW_RELIABILITY,0.52,2103.86,1747.14,CARD,8,FAILED,TEMPORARY_BANK_ERROR,0
TXN_0003509,CUST_00344,LOW_RELIABILITY,0.52,2103.86,1847.03,NET_BANKING,10,FAILED,TECHNICAL_ERROR,0
TXN_0003514,CUST_00345,HIGH_RELIABILITY,0.96,3618.61,3322.06,NET_BANKING,19,FAILED,TEMPORARY_BANK_ERROR,0
TXN_0003533,CUST_00347,MEDIUM_RELIABILITY,0.76,2802.89,3875.05,CARD,8,FAILED,NETWORK_TIMEOUT,2
TXN_0003544,CUST_00348,MEDIUM_RELIABILITY,0.68,6300.89,5429.05,UPI,9,FAILED,AUTHENTICATION_FAILURE,2
TXN_0003546,CUST_00348,MEDIUM_RELIABILITY,0.68,6300.89,3473.68,UPI,19,FAILED,TEMPORARY_BANK_ERROR,2
TXN_0003549,CUST_00348,MEDIUM_RELIABILITY,0.68,6300.89,8893.75,UPI,20,FAILED,NETWORK_TIMEOUT,1
TXN_0003550,CUST_00348,MEDIUM_RELIABILITY,0.68,6300.89,7565.31,CARD,18,FAILED,USER_ABANDONMENT,0
TXN_0003552,CUST_00349,MEDIUM_RELIABILITY,0.71,6021.76,6209.92,WALLET,17,FAILED,TEMPORARY_BANK_ERROR,0
TXN_0003565,CUST_00350,HIGH_RELIABILITY,0.9,7735.96,12913.99,UPI,20,FAILED,USER_ABANDONMENT,0
TXN_0003566,CUST_00351,MEDIUM_RELIABILITY,0.77,992.32,758.35,UPI,6,FAILED,USER_ABANDONMENT,0
TXN_0003568,CUST_00351,MEDIUM_RELIABILITY,0.77,992.32,1316.55,UPI,12,FAILED,INSUFFICIENT_FUNDS,0
TXN_0003572,CUST_00352,HIGH_RELIABILITY,0.92,2881.81,2801.54,CARD,11,FAILED,AUTHENTICATION_FAILURE,2
TXN_0003581,CUST_00352,HIGH_RELIABILITY,0.92,2881.81,3334.41,CARD,15,FAILED,NETWORK_TIMEOUT,1
TXN_0003587,CUST_00353,MEDIUM_RELIABILITY,0.66,9904.62,7161.63,CARD,23,FAILED,INSUFFICIENT_FUNDS,1
TXN_0003588,CUST_00353,MEDIUM_RELIABILITY,0.66,9904.62,7293.61,CARD,14,FAILED,TEMPORARY_BANK_ERROR,0
TXN_0003590,CUST_00353,MEDIUM_RELIABILITY,0.66,9904.62,12029.81,WALLET,2,FAILED,INSUFFICIENT_FUNDS,0
TXN_0003592,CUST_00353,MEDIUM_RELIABILITY,0.66,9904.62,8290.32,NET_BANKING,1,FAILED,TEMPORARY_BANK_ERROR,2
TXN_0003593,CUST_00353,MEDIUM_RELIABILITY,0.66,9904.62,13501.83,CARD,15,FAILED,NETWORK_TIMEOUT,1
TXN_0003594,CUST_00353,MEDIUM_RELIABILITY,0.66,9904.62,10393.83,WALLET,3,FAILED,TEMPORARY_BANK_ERROR,3
TXN_0003598,CUST_00354,MEDIUM_RELIABILITY,0.72,8193.81,9260.9,UPI,15,FAILED,NETWORK_TIMEOUT,1
TXN_0003599,CUST_00354,MEDIUM_RELIABILITY,0.72,8193.81,15652.88,UPI,2,FAILED,TECHNICAL_ERROR,0
TXN_0003601,CUST_00354,MEDIUM_RELIABILITY,0.72,8193.81,9891.9,NET_BANKING,3,FAILED,TEMPORARY_BANK_ERROR,0
TXN_0003604,CUST_00354,MEDIUM_RELIABILITY,0.72,8193.81,8158.19,WALLET,21,FAILED,NETWORK_TIMEOUT,0
TXN_0003606,CUST_00354,MEDIUM_RELIABILITY,0.72,8193.81,17758.19,CARD,12,FAILED,TEMPORARY_BANK_ERROR,1
TXN_0003607,CUST_00354,MEDIUM_RELIABILITY,0.72,8193.81,7590.27,UPI,21,FAILED,INSUFFICIENT_FUNDS,0
TXN_0003609,CUST_00354,MEDIUM_RELIABILITY,0.72,8193.81,9088.61,NET_BANKING,6,FAILED,INSUFFICIENT_FUNDS,0
TXN_0003611,CUST_00355,LOW_RELIABILITY,0.42,4834.22,4656.4,CARD,2,FAILED,TEMPORARY_BANK_ERROR,0
TXN_0003612,CUST_00355,LOW_RELIABILITY,0.42,4834.22,4865.21,NET_BANKING,2,FAILED,TECHNICAL_ERROR,0
TXN_0003615,CUST_00355,LOW_RELIABILITY,0.42,4834.22,3860.47,NET_BANKING,13,FAILED,NETWORK_TIMEOUT,2
TXN_0003622,CUST_00356,HIGH_RELIABILITY,0.96,9338.94,5621.39,UPI,19,FAILED,TEMPORARY_BANK_ERROR,0
TXN_0003643,CUST_00358,MEDIUM_RELIABILITY,0.73,9330.53,2438.73,CARD,5,FAILED,AUTHENTICATION_FAILURE,0
TXN_0003646,CUST_00358,MEDIUM_RELIABILITY,0.73,9330.53,8073.17,NET_BANKING,11,FAILED,INSUFFICIENT_FUNDS,0
TXN_0003648,CUST_00358,MEDIUM_RELIABILITY,0.73,9330.53,12785.33,UPI,2,FAILED,TECHNICAL_ERROR,1
TXN_0003649,CUST_00358,MEDIUM_RELIABILITY,0.73,9330.53,8096.01,WALLET,0,FAILED,USER_ABANDONMENT,0
TXN_0003655,CUST_00359,MEDIUM_RELIABILITY,0.83,9667.76,14152.98,UPI,1,FAILED,TEMPORARY_BANK_ERROR,0
TXN_0003665,CUST_00360,MEDIUM_RELIABILITY,0.68,7443.24,8309.53,UPI,19,FAILED,TEMPORARY_BANK_ERROR,0
TXN_0003669,CUST_00360,MEDIUM_RELIABILITY,0.68,7443.24,12757.04,NET_BANKING,7,FAILED,TEMPORARY_BANK_ERROR,1
TXN_0003671,CUST_00360,MEDIUM_RELIABILITY,0.68,7443.24,6773.79,UPI,7,FAILED,TEMPORARY_BANK_ERROR,1
TXN_0003673,CUST_00360,MEDIUM_RELIABILITY,0.68,7443.24,16183.56,NET_BANKING,12,FAILED,AUTHENTICATION_FAILURE,0
TXN_0003675,CUST_00360,MEDIUM_RELIABILITY,0.68,7443.24,6166.43,CARD,10,FAILED,INSUFFICIENT_FUNDS,0
TXN_0003690,CUST_00362,MEDIUM_RELIABILITY,0.66,7540.65,4999.65,WALLET,11,FAILED,TEMPORARY_BANK_ERROR,1
TXN_0003693,CUST_00362,MEDIUM_RELIABILITY,0.66,7540.65,10472.63,UPI,4,FAILED,USER_ABANDONMENT,0
TXN_0003697,CUST_00363,MEDIUM_RELIABILITY,0.78,8497.37,11282.38,NET_BANKING,23,FAILED,INSUFFICIENT_FUNDS,2
TXN_0003698,CUST_00363,MEDIUM_RELIABILITY,0.78,8497.37,9938.15,NET_BANKING,7,FAILED,TECHNICAL_ERROR,1
TXN_0003700,CUST_00363,MEDIUM_RELIABILITY,0.78,8497.37,6666.79,NET_BANKING,17,FAILED,INSUFFICIENT_FUNDS,1
TXN_0003705,CUST_00364,MEDIUM_RELIABILITY,0.68,8055.04,6726.03,UPI,5,FAILED,TEMPORARY_BANK_ERROR,0
TXN_0003708,CUST_00364,MEDIUM_RELIABILITY,0.68,8055.04,14571.86,CARD,22,FAILED,INSUFFICIENT_FUNDS,1
TXN_0003709,CUST_00365,HIGH_RELIABILITY,0.9,3291.18,4940.11,WALLET,4,FAILED,INSUFFICIENT_FUNDS,1
TXN_0003715,CUST_00366,MEDIUM_RELIABILITY,0.69,8238.46,11837.37,UPI,15,FAILED,TEMPORARY_BANK_ERROR,0
TXN_0003716,CUST_00366,MEDIUM_RELIABILITY,0.69,8238.46,6432.9,WALLET,9,FAILED,TECHNICAL_ERROR,0
TXN_0003718,CUST_00366,MEDIUM_RELIABILITY,0.69,8238.46,10624.77,UPI,0,FAILED,USER_ABANDONMENT,1
TXN_0003721,CUST_00366,MEDIUM_RELIABILITY,0.69,8238.46,4284.9,UPI,4,FAILED,TEMPORARY_BANK_ERROR,0
TXN_0003724,CUST_00366,MEDIUM_RELIABILITY,0.69,8238.46,10819.93,UPI,1,FAILED,TEMPORARY_BANK_ERROR,1
TXN_0003725,CUST_00366,MEDIUM_RELIABILITY,0.69,8238.46,3392.63,UPI,11,FAILED,NETWORK_TIMEOUT,0
TXN_0003728,CUST_00367,MEDIUM_RELIABILITY,0.8,5469.12,5641.87,UPI,15,FAILED,NETWORK_TIMEOUT,0
TXN_0003735,CUST_00367,MEDIUM_RELIABILITY,0.8,5469.12,2806.98,NET_BANKING,18,FAILED,NETWORK_TIMEOUT,0
TXN_0003741,CUST_00368,HIGH_RELIABILITY,0.92,13280.81,5332.73,NET_BANKING,6,FAILED,NETWORK_TIMEOUT,0
TXN_0003742,CUST_00368,HIGH_RELIABILITY,0.92,13280.81,8402.97,UPI,9,FAILED,TEMPORARY_BANK_ERROR,0
TXN_0003744,CUST_00368,HIGH_RELIABILITY,0.92,13280.81,12382.38,CARD,6,FAILED,TEMPORARY_BANK_ERROR,2
TXN_0003756,CUST_00369,HIGH_RELIABILITY,0.92,12432.39,8197.11,WALLET,12,FAILED,INSUFFICIENT_FUNDS,1
TXN_0003766,CUST_00371,MEDIUM_RELIABILITY,0.75,3363.09,3066.41,UPI,11,FAILED,TEMPORARY_BANK_ERROR,2
TXN_0003777,CUST_00373,MEDIUM_RELIABILITY,0.7,9045.96,10766.82,CARD,2,FAILED,USER_ABANDONMENT,0
TXN_0003778,CUST_00373,MEDIUM_RELIABILITY,0.7,9045.96,2725.02,UPI,18,FAILED,TEMPORARY_BANK_ERROR,0
TXN_0003780,CUST_00373,MEDIUM_RELIABILITY,0.7,9045.96,8123.46,NET_BANKING,15,FAILED,INSUFFICIENT_FUNDS,1
TXN_0003781,CUST_00373,MEDIUM_RELIABILITY,0.7,9045.96,9972.88,CARD,19,FAILED,TEMPORARY_BANK_ERROR,1
TXN_0003793,CUST_00374,MEDIUM_RELIABILITY,0.73,5663.75,4917.29,UPI,23,FAILED,USER_ABANDONMENT,1
TXN_0003812,CUST_00376,LOW_RELIABILITY,0.38,6590.86,4145.51,CARD,19,FAILED,TEMPORARY_BANK_ERROR,0
TXN_0003813,CUST_00376,LOW_RELIABILITY,0.38,6590.86,6089.32,NET_BANKING,16,FAILED,TEMPORARY_BANK_ERROR,1
TXN_0003814,CUST_00376,LOW_RELIABILITY,0.38,6590.86,2643.08,NET_BANKING,23,FAILED,INSUFFICIENT_FUNDS,2
TXN_0003817,CUST_00376,LOW_RELIABILITY,0.38,6590.86,5301.99,CARD,23,FAILED,NETWORK_TIMEOUT,3
TXN_0003818,CUST_00376,LOW_RELIABILITY,0.38,6590.86,10779.85,CARD,9,FAILED,NETWORK_TIMEOUT,1
TXN_0003829,CUST_00377,HIGH_RELIABILITY,0.95,5688.68,4354.31,NET_BANKING,13,FAILED,USER_ABANDONMENT,1
TXN_0003835,CUST_00377,HIGH_RELIABILITY,0.95,5688.68,8762.88,CARD,6,FAILED,NETWORK_TIMEOUT,0
TXN_0003836,CUST_00378,HIGH_RELIABILITY,0.9,12116.35,4785.82,WALLET,0,FAILED,TECHNICAL_ERROR,1
TXN_0003844,CUST_00379,MEDIUM_RELIABILITY,0.79,5567.88,7356.63,NET_BANKING,10,FAILED,AUTHENTICATION_FAILURE,1
TXN_0003857,CUST_00381,MEDIUM_RELIABILITY,0.68,3461.36,3177.14,UPI,23,FAILED,AUTHENTICATION_FAILURE,2
TXN_0003860,CUST_00381,MEDIUM_RELIABILITY,0.68,3461.36,2736.45,UPI,6,FAILED,NETWORK_TIMEOUT,3
TXN_0003863,CUST_00381,MEDIUM_RELIABILITY,0.68,3461.36,2479.12,NET_BANKING,2,FAILED,TEMPORARY_BANK_ERROR,0
TXN_0003864,CUST_00381,MEDIUM_RELIABILITY,0.68,3461.36,4353.83,NET_BANKING,18,FAILED,INSUFFICIENT_FUNDS,3
TXN_0003865,CUST_00381,MEDIUM_RELIABILITY,0.68,3461.36,2931.84,CARD,10,FAILED,USER_ABANDONMENT,1
TXN_0003866,CUST_00381,MEDIUM_RELIABILITY,0.68,3461.36,725.55,CARD,7,FAILED,USER_ABANDONMENT,0
TXN_0003869,CUST_00381,MEDIUM_RELIABILITY,0.68,3461.36,3508.3,NET_BANKING,4,FAILED,USER_ABANDONMENT,3
TXN_0003870,CUST_00381,MEDIUM_RELIABILITY,0.68,3461.36,1813.19,WALLET,11,FAILED,NETWORK_TIMEOUT,0
TXN_0003871,CUST_00382,LOW_RELIABILITY,0.42,5258.83,7206.65,UPI,9,FAILED,AUTHENTICATION_FAILURE,2
TXN_0003873,CUST_00382,LOW_RELIABILITY,0.42,5258.83,4885.25,UPI,3,FAILED,NETWORK_TIMEOUT,0
TXN_0003874,CUST_00382,LOW_RELIABILITY,0.42,5258.83,6638.52,NET_BANKING,5,FAILED,INSUFFICIENT_FUNDS,0
TXN_0003880,CUST_00383,LOW_RELIABILITY,0.36,4075.25,3069.13,UPI,13,FAILED,NETWORK_TIMEOUT,1
TXN_0003883,CUST_00383,LOW_RELIABILITY,0.36,4075.25,5196.65,UPI,11,FAILED,TEMPORARY_BANK_ERROR,0
TXN_0003884,CUST_00383,LOW_RELIABILITY,0.36,4075.25,3076.03,WALLET,7,FAILED,TEMPORARY_BANK_ERROR,1
TXN_0003888,CUST_00383,LOW_RELIABILITY,0.36,4075.25,3977.38,NET_BANKING,16,FAILED,NETWORK_TIMEOUT,1
TXN_0003898,CUST_00385,MEDIUM_RELIABILITY,0.73,8301.94,3629.8,CARD,18,FAILED,INSUFFICIENT_FUNDS,0
TXN_0003903,CUST_00385,MEDIUM_RELIABILITY,0.73,8301.94,11543.15,CARD,20,FAILED,TEMPORARY_BANK_ERROR,1
TXN_0003904,CUST_00385,MEDIUM_RELIABILITY,0.73,8301.94,12949.32,UPI,10,FAILED,TEMPORARY_BANK_ERROR,1
TXN_0003909,CUST_00386,MEDIUM_RELIABILITY,0.67,8541.3,8416.29,NET_BANKING,21,FAILED,INSUFFICIENT_FUNDS,0
TXN_0003913,CUST_00386,MEDIUM_RELIABILITY,0.67,8541.3,1819.89,NET_BANKING,4,FAILED,TEMPORARY_BANK_ERROR,1
TXN_0003914,CUST_00386,MEDIUM_RELIABILITY,0.67,8541.3,8468.72,CARD,16,FAILED,INSUFFICIENT_FUNDS,0
TXN_0003923,CUST_00387,HIGH_RELIABILITY,0.89,6562.02,6116.19,UPI,12,FAILED,INSUFFICIENT_FUNDS,2
TXN_0003930,CUST_00388,HIGH_RELIABILITY,0.97,3098.84,3657.39,UPI,10,FAILED,TEMPORARY_BANK_ERROR,0
TXN_0003938,CUST_00389,HIGH_RELIABILITY,0.91,11111.54,9402.78,UPI,17,FAILED,TEMPORARY_BANK_ERROR,0
TXN_0003946,CUST_00390,MEDIUM_RELIABILITY,0.81,6590.9,4872.85,NET_BANKING,6,FAILED,TECHNICAL_ERROR,1
TXN_0003954,CUST_00391,MEDIUM_RELIABILITY,0.8,5655.88,7560.28,WALLET,8,FAILED,AUTHENTICATION_FAILURE,2
TXN_0003959,CUST_00391,MEDIUM_RELIABILITY,0.8,5655.88,5962.57,UPI,5,FAILED,TEMPORARY_BANK_ERROR,0
TXN_0003961,CUST_00391,MEDIUM_RELIABILITY,0.8,5655.88,7098.37,CARD,1,FAILED,TECHNICAL_ERROR,0
TXN_0003964,CUST_00392,HIGH_RELIABILITY,0.91,5839.74,2291.58,UPI,12,FAILED,NETWORK_TIMEOUT,0
TXN_0003965,CUST_00392,HIGH_RELIABILITY,0.91,5839.74,7018.39,CARD,13,FAILED,AUTHENTICATION_FAILURE,0
TXN_0003975,CUST_00393,LOW_RELIABILITY,0.4,6377.46,9231.07,NET_BANKING,6,FAILED,NETWORK_TIMEOUT,0
TXN_0003976,CUST_00393,LOW_RELIABILITY,0.4,6377.46,6410.73,WALLET,18,FAILED,AUTHENTICATION_FAILURE,2
TXN_0003977,CUST_00393,LOW_RELIABILITY,0.4,6377.46,5920.19,UPI,22,FAILED,USER_ABANDONMENT,0
TXN_0003978,CUST_00393,LOW_RELIABILITY,0.4,6377.46,6096.84,UPI,20,FAILED,AUTHENTICATION_FAILURE,0
TXN_0003981,CUST_00393,LOW_RELIABILITY,0.4,6377.46,9733.3,CARD,19,FAILED,TEMPORARY_BANK_ERROR,0
TXN_0003982,CUST_00393,LOW_RELIABILITY,0.4,6377.46,6914.43,UPI,16,FAILED,NETWORK_TIMEOUT,0
TXN_0003989,CUST_00394,HIGH_RELIABILITY,0.94,6611.92,11079.43,CARD,10,FAILED,AUTHENTICATION_FAILURE,1
TXN_0003990,CUST_00395,HIGH_RELIABILITY,0.93,14261.97,23788.53,CARD,23,FAILED,NETWORK_TIMEOUT,1
TXN_0003991,CUST_00395,HIGH_RELIABILITY,0.93,14261.97,21244.34,NET_BANKING,18,FAILED,AUTHENTICATION_FAILURE,0
TXN_0003993,CUST_00395,HIGH_RELIABILITY,0.93,14261.97,12178.35,CARD,11,FAILED,INSUFFICIENT_FUNDS,3
TXN_0004004,CUST_00395,HIGH_RELIABILITY,0.93,14261.97,5984.73,UPI,1,FAILED,NETWORK_TIMEOUT,0
TXN_0004006,CUST_00396,MEDIUM_RELIABILITY,0.68,6069.18,8615.48,CARD,16,FAILED,NETWORK_TIMEOUT,0
TXN_0004011,CUST_00396,MEDIUM_RELIABILITY,0.68,6069.18,4553.07,UPI,15,FAILED,TEMPORARY_BANK_ERROR,0
TXN_0004014,CUST_00396,MEDIUM_RELIABILITY,0.68,6069.18,7744.45,NET_BANKING,16,FAILED,TEMPORARY_BANK_ERROR,0
TXN_0004021,CUST_00398,MEDIUM_RELIABILITY,0.65,8785.18,7576.11,UPI,20,FAILED,NETWORK_TIMEOUT,0
TXN_0004023,CUST_00398,MEDIUM_RELIABILITY,0.65,8785.18,5341.65,CARD,23,FAILED,INSUFFICIENT_FUNDS,1
TXN_0004024,CUST_00398,MEDIUM_RELIABILITY,0.65,8785.18,1906.95,CARD,13,FAILED,TEMPORARY_BANK_ERROR,2
TXN_0004025,CUST_00398,MEDIUM_RELIABILITY,0.65,8785.18,6437.28,NET_BANKING,4,FAILED,AUTHENTICATION_FAILURE,0
TXN_0004039,CUST_00400,LOW_RELIABILITY,0.55,6473.0,5040.71,UPI,8,FAILED,TECHNICAL_ERROR,0
TXN_0004042,CUST_00400,LOW_RELIABILITY,0.55,6473.0,7463.77,UPI,9,FAILED,TECHNICAL_ERROR,0
TXN_0004043,CUST_00400,LOW_RELIABILITY,0.55,6473.0,9385.68,NET_BANKING,11,FAILED,INSUFFICIENT_FUNDS,0
TXN_0004044,CUST_00400,LOW_RELIABILITY,0.55,6473.0,1960.61,NET_BANKING,3,FAILED,TEMPORARY_BANK_ERROR,0
TXN_0004047,CUST_00400,LOW_RELIABILITY,0.55,6473.0,6766.6,NET_BANKING,17,FAILED,TECHNICAL_ERROR,0
TXN_0004048,CUST_00400,LOW_RELIABILITY,0.55,6473.0,7661.43,UPI,21,FAILED,TEMPORARY_BANK_ERROR,0
TXN_0004049,CUST_00400,LOW_RELIABILITY,0.55,6473.0,5985.71,UPI,7,FAILED,NETWORK_TIMEOUT,0
TXN_0004057,CUST_00401,MEDIUM_RELIABILITY,0.81,1949.12,2649.77,UPI,13,FAILED,TEMPORARY_BANK_ERROR,0
TXN_0004062,CUST_00402,MEDIUM_RELIABILITY,0.78,6263.79,6497.2,NET_BANKING,21,FAILED,NETWORK_TIMEOUT,1
TXN_0004063,CUST_00402,MEDIUM_RELIABILITY,0.78,6263.79,4983.5,UPI,1,FAILED,INSUFFICIENT_FUNDS,1
TXN_0004077,CUST_00405,MEDIUM_RELIABILITY,0.75,1575.76,1064.65,CARD,3,FAILED,TEMPORARY_BANK_ERROR,1
TXN_0004108,CUST_00407,HIGH_RELIABILITY,0.89,13891.79,10160.39,CARD,14,FAILED,INSUFFICIENT_FUNDS,0
TXN_0004111,CUST_00407,HIGH_RELIABILITY,0.89,13891.79,13932.7,CARD,9,FAILED,INSUFFICIENT_FUNDS,0
TXN_0004124,CUST_00408,MEDIUM_RELIABILITY,0.84,5428.96,5472.62,NET_BANKING,16,FAILED,USER_ABANDONMENT,1
TXN_0004126,CUST_00409,MEDIUM_RELIABILITY,0.78,4290.53,6599.09,WALLET,21,FAILED,TEMPORARY_BANK_ERROR,1
TXN_0004127,CUST_00409,MEDIUM_RELIABILITY,0.78,4290.53,4907.92,CARD,10,FAILED,USER_ABANDONMENT,1
TXN_0004131,CUST_00409,MEDIUM_RELIABILITY,0.78,4290.53,2562.43,UPI,20,FAILED,USER_ABANDONMENT,0
TXN_0004132,CUST_00409,MEDIUM_RELIABILITY,0.78,4290.53,4372.61,CARD,13,FAILED,USER_ABANDONMENT,2
TXN_0004144,CUST_00411,MEDIUM_RELIABILITY,0.83,544.0,658.01,UPI,0,FAILED,TEMPORARY_BANK_ERROR,0
TXN_0004145,CUST_00411,MEDIUM_RELIABILITY,0.83,544.0,456.98,CARD,8,FAILED,INSUFFICIENT_FUNDS,0
TXN_0004149,CUST_00412,LOW_RELIABILITY,0.45,2907.55,2877.9,UPI,23,FAILED,INSUFFICIENT_FUNDS,0
TXN_0004150,CUST_00412,LOW_RELIABILITY,0.45,2907.55,2654.99,NET_BANKING,14,FAILED,NETWORK_TIMEOUT,0
TXN_0004153,CUST_00412,LOW_RELIABILITY,0.45,2907.55,2508.39,CARD,11,FAILED,AUTHENTICATION_FAILURE,1
TXN_0004156,CUST_00412,LOW_RELIABILITY,0.45,2907.55,3255.06,CARD,19,FAILED,AUTHENTICATION_FAILURE,0
TXN_0004157,CUST_00412,LOW_RELIABILITY,0.45,2907.55,2008.01,WALLET,21,FAILED,TEMPORARY_BANK_ERROR,0
TXN_0004158,CUST_00412,LOW_RELIABILITY,0.45,2907.55,5115.82,UPI,7,FAILED,TEMPORARY_BANK_ERROR,2
TXN_0004159,CUST_00412,LOW_RELIABILITY,0.45,2907.55,3008.75,UPI,5,FAILED,TECHNICAL_ERROR,0
TXN_0004160,CUST_00412,LOW_RELIABILITY,0.45,2907.55,1702.49,CARD,2,FAILED,TEMPORARY_BANK_ERROR,3
TXN_0004161,CUST_00412,LOW_RELIABILITY,0.45,2907.55,3903.95,WALLET,21,FAILED,INSUFFICIENT_FUNDS,0
TXN_0004162,CUST_00412,LOW_RELIABILITY,0.45,2907.55,3370.49,UPI,13,FAILED,INSUFFICIENT_FUNDS,1
TXN_0004163,CUST_00412,LOW_RELIABILITY,0.45,2907.55,3366.45,UPI,15,FAILED,TECHNICAL_ERROR,0
TXN_0004170,CUST_00413,MEDIUM_RELIABILITY,0.77,9238.63,15602.77,UPI,14,FAILED,NETWORK_TIMEOUT,0
TXN_0004173,CUST_00414,MEDIUM_RELIABILITY,0.73,3796.06,3115.86,UPI,5,FAILED,USER_ABANDONMENT,1
TXN_0004175,CUST_00414,MEDIUM_RELIABILITY,0.73,3796.06,442.95,UPI,20,FAILED,INSUFFICIENT_FUNDS,3
TXN_0004179,CUST_00414,MEDIUM_RELIABILITY,0.73,3796.06,3576.07,UPI,17,FAILED,TEMPORARY_BANK_ERROR,0
TXN_0004188,CUST_00415,MEDIUM_RELIABILITY,0.81,4796.07,4985.87,UPI,17,FAILED,AUTHENTICATION_FAILURE,0
TXN_0004195,CUST_00416,MEDIUM_RELIABILITY,0.7,4798.18,4061.42,UPI,18,FAILED,INSUFFICIENT_FUNDS,3
TXN_0004197,CUST_00416,MEDIUM_RELIABILITY,0.7,4798.18,4763.83,CARD,21,FAILED,NETWORK_TIMEOUT,1
TXN_0004213,CUST_00417,HIGH_RELIABILITY,0.9,3469.42,3618.2,WALLET,5,FAILED,INSUFFICIENT_FUNDS,0
TXN_0004214,CUST_00417,HIGH_RELIABILITY,0.9,3469.42,3026.94,NET_BANKING,19,FAILED,INSUFFICIENT_FUNDS,3
TXN_0004218,CUST_00418,LOW_RELIABILITY,0.49,3048.69,1069.01,NET_BANKING,4,FAILED,INSUFFICIENT_FUNDS,0
TXN_0004219,CUST_00418,LOW_RELIABILITY,0.49,3048.69,5351.59,CARD,20,FAILED,AUTHENTICATION_FAILURE,0
TXN_0004223,CUST_00418,LOW_RELIABILITY,0.49,3048.69,3424.3,UPI,12,FAILED,INSUFFICIENT_FUNDS,1
TXN_0004225,CUST_00418,LOW_RELIABILITY,0.49,3048.69,3599.98,UPI,17,FAILED,AUTHENTICATION_FAILURE,2
TXN_0004227,CUST_00418,LOW_RELIABILITY,0.49,3048.69,3084.29,UPI,18,FAILED,TEMPORARY_BANK_ERROR,1
TXN_0004245,CUST_00420,MEDIUM_RELIABILITY,0.78,6506.51,14570.16,UPI,8,FAILED,TEMPORARY_BANK_ERROR,1
TXN_0004250,CUST_00420,MEDIUM_RELIABILITY,0.78,6506.51,5886.48,CARD,18,FAILED,AUTHENTICATION_FAILURE,0
TXN_0004252,CUST_00420,MEDIUM_RELIABILITY,0.78,6506.51,11240.38,UPI,14,FAILED,USER_ABANDONMENT,0
TXN_0004255,CUST_00420,MEDIUM_RELIABILITY,0.78,6506.51,509.56,NET_BANKING,16,FAILED,AUTHENTICATION_FAILURE,0
TXN_0004258,CUST_00421,MEDIUM_RELIABILITY,0.65,6803.61,6175.88,CARD,3,FAILED,AUTHENTICATION_FAILURE,0
TXN_0004261,CUST_00421,MEDIUM_RELIABILITY,0.65,6803.61,7399.51,CARD,17,FAILED,AUTHENTICATION_FAILURE,0
TXN_0004262,CUST_00421,MEDIUM_RELIABILITY,0.65,6803.61,4512.64,CARD,8,FAILED,TEMPORARY_BANK_ERROR,0
TXN_0004266,CUST_00422,LOW_RELIABILITY,0.4,6735.28,7209.85,NET_BANKING,18,FAILED,AUTHENTICATION_FAILURE,0
TXN_0004268,CUST_00422,LOW_RELIABILITY,0.4,6735.28,6020.7,UPI,22,FAILED,NETWORK_TIMEOUT,1
TXN_0004272,CUST_00422,LOW_RELIABILITY,0.4,6735.28,9959.89,NET_BANKING,9,FAILED,TEMPORARY_BANK_ERROR,3
TXN_0004274,CUST_00422,LOW_RELIABILITY,0.4,6735.28,2224.07,UPI,10,FAILED,TECHNICAL_ERROR,0
TXN_0004280,CUST_00423,HIGH_RELIABILITY,0.9,6804.74,6479.15,UPI,15,FAILED,TEMPORARY_BANK_ERROR,1
TXN_0004294,CUST_00425,LOW_RELIABILITY,0.5,4248.62,3322.1,UPI,19,FAILED,USER_ABANDONMENT,0
TXN_0004295,CUST_00425,LOW_RELIABILITY,0.5,4248.62,9223.36,UPI,2,FAILED,AUTHENTICATION_FAILURE,2
TXN_0004296,CUST_00425,LOW_RELIABILITY,0.5,4248.62,2558.77,CARD,13,FAILED,TEMPORARY_BANK_ERROR,1
TXN_0004298,CUST_00425,LOW_RELIABILITY,0.5,4248.62,3287.76,NET_BANKING,12,FAILED,TEMPORARY_BANK_ERROR,0
TXN_0004299,CUST_00425,LOW_RELIABILITY,0.5,4248.62,4661.81,NET_BANKING,11,FAILED,NETWORK_TIMEOUT,1
TXN_0004302,CUST_00426,MEDIUM_RELIABILITY,0.66,7624.62,4640.07,UPI,19,FAILED,USER_ABANDONMENT,2
TXN_0004304,CUST_00426,MEDIUM_RELIABILITY,0.66,7624.62,2140.34,CARD,23,FAILED,TEMPORARY_BANK_ERROR,2
TXN_0004309,CUST_00426,MEDIUM_RELIABILITY,0.66,7624.62,11416.82,UPI,0,FAILED,TEMPORARY_BANK_ERROR,0
TXN_0004325,CUST_00428,LOW_RELIABILITY,0.41,1496.68,528.15,NET_BANKING,18,FAILED,TEMPORARY_BANK_ERROR,0
TXN_0004326,CUST_00428,LOW_RELIABILITY,0.41,1496.68,1724.64,UPI,1,FAILED,AUTHENTICATION_FAILURE,0
TXN_0004330,CUST_00429,HIGH_RELIABILITY,0.88,7608.94,11846.99,UPI,4,FAILED,AUTHENTICATION_FAILURE,3
TXN_0004355,CUST_00431,LOW_RELIABILITY,0.57,3282.36,3051.11,UPI,3,FAILED,TEMPORARY_BANK_ERROR,0
TXN_0004356,CUST_00431,LOW_RELIABILITY,0.57,3282.36,100.0,UPI,6,FAILED,USER_ABANDONMENT,2
TXN_0004358,CUST_00431,LOW_RELIABILITY,0.57,3282.36,2098.9,CARD,1,FAILED,AUTHENTICATION_FAILURE,1
TXN_0004359,CUST_00431,LOW_RELIABILITY,0.57,3282.36,3946.36,UPI,12,FAILED,TEMPORARY_BANK_ERROR,0
TXN_0004360,CUST_00431,LOW_RELIABILITY,0.57,3282.36,3168.53,UPI,23,FAILED,TEMPORARY_BANK_ERROR,0
TXN_0004363,CUST_00431,LOW_RELIABILITY,0.57,3282.36,2973.92,CARD,6,FAILED,INSUFFICIENT_FUNDS,0
TXN_0004364,CUST_00431,LOW_RELIABILITY,0.57,3282.36,2109.22,UPI,17,FAILED,TEMPORARY_BANK_ERROR,1
TXN_0004366,CUST_00432,MEDIUM_RELIABILITY,0.77,4687.25,1174.73,UPI,9,FAILED,TEMPORARY_BANK_ERROR,0
TXN_0004371,CUST_00432,MEDIUM_RELIABILITY,0.77,4687.25,5894.92,UPI,18,FAILED,USER_ABANDONMENT,3
TXN_0004376,CUST_00433,LOW_RELIABILITY,0.47,4005.55,4272.57,NET_BANKING,3,FAILED,INSUFFICIENT_FUNDS,0
TXN_0004378,CUST_00433,LOW_RELIABILITY,0.47,4005.55,4651.68,CARD,12,FAILED,TECHNICAL_ERROR,0
TXN_0004380,CUST_00433,LOW_RELIABILITY,0.47,4005.55,2730.08,NET_BANKING,0,FAILED,INSUFFICIENT_FUNDS,0
TXN_0004381,CUST_00433,LOW_RELIABILITY,0.47,4005.55,4170.45,UPI,19,FAILED,TEMPORARY_BANK_ERROR,0
TXN_0004382,CUST_00434,LOW_RELIABILITY,0.4,1437.11,106.9,UPI,19,FAILED,AUTHENTICATION_FAILURE,3
TXN_0004383,CUST_00434,LOW_RELIABILITY,0.4,1437.11,2399.08,UPI,18,FAILED,TEMPORARY_BANK_ERROR,0
TXN_0004385,CUST_00434,LOW_RELIABILITY,0.4,1437.11,2142.46,UPI,10,FAILED,USER_ABANDONMENT,1
TXN_0004386,CUST_00434,LOW_RELIABILITY,0.4,1437.11,528.51,CARD,20,FAILED,AUTHENTICATION_FAILURE,2
TXN_0004387,CUST_00435,HIGH_RELIABILITY,0.97,14245.62,21337.46,UPI,3,FAILED,NETWORK_TIMEOUT,2
TXN_0004396,CUST_00436,MEDIUM_RELIABILITY,0.73,3072.07,4504.78,NET_BANKING,16,FAILED,TEMPORARY_BANK_ERROR,1
TXN_0004399,CUST_00436,MEDIUM_RELIABILITY,0.73,3072.07,3239.92,WALLET,15,FAILED,INSUFFICIENT_FUNDS,0
TXN_0004402,CUST_00437,MEDIUM_RELIABILITY,0.79,4382.97,5802.34,WALLET,22,FAILED,TEMPORARY_BANK_ERROR,0
TXN_0004407,CUST_00437,MEDIUM_RELIABILITY,0.79,4382.97,3601.66,UPI,12,FAILED,AUTHENTICATION_FAILURE,0
TXN_0004418,CUST_00438,HIGH_RELIABILITY,0.88,3186.14,2431.36,CARD,1,FAILED,NETWORK_TIMEOUT,0
TXN_0004422,CUST_00439,MEDIUM_RELIABILITY,0.81,6759.78,936.28,UPI,8,FAILED,AUTHENTICATION_FAILURE,0
TXN_0004423,CUST_00439,MEDIUM_RELIABILITY,0.81,6759.78,7968.38,UPI,17,FAILED,AUTHENTICATION_FAILURE,1
TXN_0004434,CUST_00440,LOW_RELIABILITY,0.36,1709.41,1320.25,CARD,3,FAILED,NETWORK_TIMEOUT,0
TXN_0004436,CUST_00440,LOW_RELIABILITY,0.36,1709.41,1737.39,CARD,18,FAILED,TEMPORARY_BANK_ERROR,0
TXN_0004437,CUST_00440,LOW_RELIABILITY,0.36,1709.41,2006.81,UPI,5,FAILED,AUTHENTICATION_FAILURE,0
TXN_0004438,CUST_00440,LOW_RELIABILITY,0.36,1709.41,1440.02,CARD,9,FAILED,TECHNICAL_ERROR,3
TXN_0004439,CUST_00440,LOW_RELIABILITY,0.36,1709.41,2077.12,UPI,0,FAILED,USER_ABANDONMENT,0
TXN_0004440,CUST_00440,LOW_RELIABILITY,0.36,1709.41,1918.91,NET_BANKING,21,FAILED,TEMPORARY_BANK_ERROR,0
TXN_0004442,CUST_00440,LOW_RELIABILITY,0.36,1709.41,2064.14,UPI,13,FAILED,TEMPORARY_BANK_ERROR,1
TXN_0004445,CUST_00440,LOW_RELIABILITY,0.36,1709.41,2497.55,NET_BANKING,7,FAILED,AUTHENTICATION_FAILURE,1
TXN_0004475,CUST_00443,LOW_RELIABILITY,0.58,1414.1,2020.19,UPI,23,FAILED,TEMPORARY_BANK_ERROR,2
TXN_0004479,CUST_00443,LOW_RELIABILITY,0.58,1414.1,489.89,UPI,19,FAILED,INSUFFICIENT_FUNDS,1
TXN_0004480,CUST_00443,LOW_RELIABILITY,0.58,1414.1,1173.8,WALLET,13,FAILED,INSUFFICIENT_FUNDS,0
TXN_0004481,CUST_00443,LOW_RELIABILITY,0.58,1414.1,1698.33,UPI,0,FAILED,NETWORK_TIMEOUT,0
TXN_0004484,CUST_00444,MEDIUM_RELIABILITY,0.79,2762.74,2839.36,CARD,4,FAILED,TECHNICAL_ERROR,3
TXN_0004486,CUST_00444,MEDIUM_RELIABILITY,0.79,2762.74,889.63,CARD,16,FAILED,TEMPORARY_BANK_ERROR,0
TXN_0004490,CUST_00445,HIGH_RELIABILITY,0.89,4404.41,6551.08,UPI,9,FAILED,TECHNICAL_ERROR,0
TXN_0004497,CUST_00445,HIGH_RELIABILITY,0.89,4404.41,2034.81,UPI,16,FAILED,NETWORK_TIMEOUT,1
TXN_0004500,CUST_00445,HIGH_RELIABILITY,0.89,4404.41,6201.47,UPI,19,FAILED,NETWORK_TIMEOUT,0
TXN_0004504,CUST_00446,LOW_RELIABILITY,0.56,6018.74,9630.65,WALLET,23,FAILED,INSUFFICIENT_FUNDS,1
TXN_0004508,CUST_00446,LOW_RELIABILITY,0.56,6018.74,7458.66,CARD,17,FAILED,NETWORK_TIMEOUT,0
TXN_0004521,CUST_00448,HIGH_RELIABILITY,0.95,3869.78,4156.1,WALLET,22,FAILED,TEMPORARY_BANK_ERROR,0
TXN_0004528,CUST_00448,HIGH_RELIABILITY,0.95,3869.78,5938.81,UPI,0,FAILED,INSUFFICIENT_FUNDS,1
TXN_0004546,CUST_00450,LOW_RELIABILITY,0.35,781.46,808.8,CARD,11,FAILED,TEMPORARY_BANK_ERROR,1
TXN_0004548,CUST_00450,LOW_RELIABILITY,0.35,781.46,557.0,UPI,4,FAILED,TECHNICAL_ERROR,1
TXN_0004550,CUST_00450,LOW_RELIABILITY,0.35,781.46,853.55,CARD,12,FAILED,NETWORK_TIMEOUT,0
TXN_0004551,CUST_00450,LOW_RELIABILITY,0.35,781.46,427.17,UPI,2,FAILED,AUTHENTICATION_FAILURE,0
TXN_0004555,CUST_00450,LOW_RELIABILITY,0.35,781.46,1512.23,WALLET,0,FAILED,INSUFFICIENT_FUNDS,3
TXN_0004556,CUST_00451,MEDIUM_RELIABILITY,0.7,752.06,493.12,CARD,17,FAILED,USER_ABANDONMENT,0
TXN_0004561,CUST_00451,MEDIUM_RELIABILITY,0.7,752.06,896.63,CARD,13,FAILED,AUTHENTICATION_FAILURE,2
TXN_0004562,CUST_00451,MEDIUM_RELIABILITY,0.7,752.06,489.44,UPI,16,FAILED,AUTHENTICATION_FAILURE,2
TXN_0004566,CUST_00451,MEDIUM_RELIABILITY,0.7,752.06,500.28,WALLET,20,FAILED,TECHNICAL_ERROR,2
TXN_0004567,CUST_00451,MEDIUM_RELIABILITY,0.7,752.06,918.1,UPI,4,FAILED,INSUFFICIENT_FUNDS,1
TXN_0004569,CUST_00452,MEDIUM_RELIABILITY,0.69,6038.89,5762.38,NET_BANKING,8,FAILED,AUTHENTICATION_FAILURE,0
TXN_0004570,CUST_00452,MEDIUM_RELIABILITY,0.69,6038.89,6395.8,UPI,11,FAILED,NETWORK_TIMEOUT,1
TXN_0004571,CUST_00452,MEDIUM_RELIABILITY,0.69,6038.89,4198.66,NET_BANKING,2,FAILED,TECHNICAL_ERROR,0
TXN_0004572,CUST_00452,MEDIUM_RELIABILITY,0.69,6038.89,6547.04,CARD,14,FAILED,INSUFFICIENT_FUNDS,1
TXN_0004589,CUST_00454,MEDIUM_RELIABILITY,0.83,3747.26,3021.4,CARD,16,FAILED,USER_ABANDONMENT,0
TXN_0004597,CUST_00454,MEDIUM_RELIABILITY,0.83,3747.26,1532.46,CARD,17,FAILED,INSUFFICIENT_FUNDS,1
TXN_0004599,CUST_00455,MEDIUM_RELIABILITY,0.71,4107.08,7215.63,CARD,3,FAILED,INSUFFICIENT_FUNDS,0
TXN_0004605,CUST_00455,MEDIUM_RELIABILITY,0.71,4107.08,3846.63,CARD,15,FAILED,USER_ABANDONMENT,1
TXN_0004606,CUST_00455,MEDIUM_RELIABILITY,0.71,4107.08,2598.93,UPI,7,FAILED,TEMPORARY_BANK_ERROR,1
TXN_0004617,CUST_00456,HIGH_RELIABILITY,0.94,4752.89,4444.99,UPI,3,FAILED,TEMPORARY_BANK_ERROR,0
TXN_0004618,CUST_00456,HIGH_RELIABILITY,0.94,4752.89,5586.38,UPI,0,FAILED,AUTHENTICATION_FAILURE,0
TXN_0004619,CUST_00456,HIGH_RELIABILITY,0.94,4752.89,3072.27,UPI,3,FAILED,TEMPORARY_BANK_ERROR,1
TXN_0004631,CUST_00457,HIGH_RELIABILITY,0.95,6731.76,2075.58,NET_BANKING,1,FAILED,AUTHENTICATION_FAILURE,3
TXN_0004635,CUST_00457,HIGH_RELIABILITY,0.95,6731.76,7854.08,NET_BANKING,10,FAILED,AUTHENTICATION_FAILURE,0
TXN_0004636,CUST_00458,MEDIUM_RELIABILITY,0.77,4643.2,6810.87,UPI,8,FAILED,TEMPORARY_BANK_ERROR,1
TXN_0004645,CUST_00458,MEDIUM_RELIABILITY,0.77,4643.2,1985.75,UPI,17,FAILED,INSUFFICIENT_FUNDS,0
TXN_0004656,CUST_00459,MEDIUM_RELIABILITY,0.71,9510.31,10001.76,UPI,2,FAILED,USER_ABANDONMENT,1
TXN_0004677,CUST_00461,MEDIUM_RELIABILITY,0.84,5130.6,6832.57,UPI,18,FAILED,USER_ABANDONMENT,0
TXN_0004679,CUST_00461,MEDIUM_RELIABILITY,0.84,5130.6,5728.22,WALLET,1,FAILED,NETWORK_TIMEOUT,2
TXN_0004684,CUST_00462,HIGH_RELIABILITY,0.98,12197.97,16927.71,NET_BANKING,8,FAILED,TEMPORARY_BANK_ERROR,0
TXN_0004689,CUST_00463,HIGH_RELIABILITY,0.93,1314.57,1200.72,UPI,2,FAILED,NETWORK_TIMEOUT,0
TXN_0004690,CUST_00463,HIGH_RELIABILITY,0.93,1314.57,820.69,CARD,1,FAILED,INSUFFICIENT_FUNDS,3
TXN_0004695,CUST_00463,HIGH_RELIABILITY,0.93,1314.57,1597.16,NET_BANKING,14,FAILED,INSUFFICIENT_FUNDS,0
TXN_0004697,CUST_00463,HIGH_RELIABILITY,0.93,1314.57,423.68,CARD,21,FAILED,TECHNICAL_ERROR,0
TXN_0004698,CUST_00463,HIGH_RELIABILITY,0.93,1314.57,1843.87,CARD,20,FAILED,INSUFFICIENT_FUNDS,1
TXN_0004709,CUST_00464,HIGH_RELIABILITY,0.91,8582.88,13445.64,UPI,10,FAILED,NETWORK_TIMEOUT,0
TXN_0004714,CUST_00465,MEDIUM_RELIABILITY,0.79,2949.93,3114.72,UPI,16,FAILED,USER_ABANDONMENT,3
TXN_0004718,CUST_00465,MEDIUM_RELIABILITY,0.79,2949.93,3532.81,WALLET,16,FAILED,NETWORK_TIMEOUT,0
TXN_0004723,CUST_00466,MEDIUM_RELIABILITY,0.68,8431.84,7071.66,WALLET,22,FAILED,NETWORK_TIMEOUT,1
TXN_0004725,CUST_00466,MEDIUM_RELIABILITY,0.68,8431.84,11501.76,UPI,18,FAILED,USER_ABANDONMENT,0
TXN_0004728,CUST_00466,MEDIUM_RELIABILITY,0.68,8431.84,8623.21,CARD,23,FAILED,TECHNICAL_ERROR,0
TXN_0004731,CUST_00466,MEDIUM_RELIABILITY,0.68,8431.84,11534.32,UPI,21,FAILED,NETWORK_TIMEOUT,0
TXN_0004733,CUST_00467,MEDIUM_RELIABILITY,0.87,5494.06,4188.21,UPI,20,FAILED,AUTHENTICATION_FAILURE,0
TXN_0004736,CUST_00467,MEDIUM_RELIABILITY,0.87,5494.06,7029.79,NET_BANKING,21,FAILED,NETWORK_TIMEOUT,0
TXN_0004745,CUST_00468,HIGH_RELIABILITY,0.9,4812.3,3023.79,WALLET,15,FAILED,NETWORK_TIMEOUT,0
TXN_0004748,CUST_00468,HIGH_RELIABILITY,0.9,4812.3,3684.7,CARD,20,FAILED,TEMPORARY_BANK_ERROR,1
TXN_0004751,CUST_00468,HIGH_RELIABILITY,0.9,4812.3,6657.94,WALLET,23,FAILED,AUTHENTICATION_FAILURE,0
TXN_0004760,CUST_00469,HIGH_RELIABILITY,0.88,13800.18,20491.22,CARD,10,FAILED,NETWORK_TIMEOUT,0
TXN_0004762,CUST_00469,HIGH_RELIABILITY,0.88,13800.18,17155.5,CARD,20,FAILED,INSUFFICIENT_FUNDS,2
TXN_0004763,CUST_00469,HIGH_RELIABILITY,0.88,13800.18,19879.6,WALLET,17,FAILED,INSUFFICIENT_FUNDS,1
TXN_0004772,CUST_00470,LOW_RELIABILITY,0.38,4120.31,6272.88,UPI,20,FAILED,TEMPORARY_BANK_ERROR,0
TXN_0004773,CUST_00470,LOW_RELIABILITY,0.38,4120.31,3310.15,WALLET,10,FAILED,USER_ABANDONMENT,0
TXN_0004774,CUST_00470,LOW_RELIABILITY,0.38,4120.31,1791.96,UPI,17,FAILED,INSUFFICIENT_FUNDS,1
TXN_0004776,CUST_00470,LOW_RELIABILITY,0.38,4120.31,5140.55,UPI,7,FAILED,USER_ABANDONMENT,0
TXN_0004778,CUST_00471,MEDIUM_RELIABILITY,0.71,5764.69,6020.94,UPI,21,FAILED,TEMPORARY_BANK_ERROR,1
TXN_0004780,CUST_00471,MEDIUM_RELIABILITY,0.71,5764.69,2632.91,CARD,7,FAILED,USER_ABANDONMENT,0
TXN_0004781,CUST_00471,MEDIUM_RELIABILITY,0.71,5764.69,4742.58,UPI,14,FAILED,TEMPORARY_BANK_ERROR,2
TXN_0004786,CUST_00472,MEDIUM_RELIABILITY,0.79,8382.55,6891.1,CARD,5,FAILED,INSUFFICIENT_FUNDS,0
TXN_0004791,CUST_00473,MEDIUM_RELIABILITY,0.7,604.46,569.73,CARD,2,FAILED,TECHNICAL_ERROR,2
TXN_0004792,CUST_00473,MEDIUM_RELIABILITY,0.7,604.46,564.55,CARD,4,FAILED,NETWORK_TIMEOUT,0
TXN_0004793,CUST_00473,MEDIUM_RELIABILITY,0.7,604.46,612.14,UPI,5,FAILED,USER_ABANDONMENT,0
TXN_0004798,CUST_00473,MEDIUM_RELIABILITY,0.7,604.46,430.14,WALLET,23,FAILED,NETWORK_TIMEOUT,0
TXN_0004804,CUST_00474,LOW_RELIABILITY,0.39,6320.13,5725.35,UPI,16,FAILED,TEMPORARY_BANK_ERROR,3
TXN_0004805,CUST_00474,LOW_RELIABILITY,0.39,6320.13,11744.89,UPI,7,FAILED,USER_ABANDONMENT,1
TXN_0004806,CUST_00474,LOW_RELIABILITY,0.39,6320.13,2414.45,NET_BANKING,2,FAILED,NETWORK_TIMEOUT,2
TXN_0004807,CUST_00474,LOW_RELIABILITY,0.39,6320.13,1309.62,CARD,18,FAILED,TEMPORARY_BANK_ERROR,0
TXN_0004809,CUST_00474,LOW_RELIABILITY,0.39,6320.13,8591.23,CARD,16,FAILED,AUTHENTICATION_FAILURE,0
TXN_0004810,CUST_00474,LOW_RELIABILITY,0.39,6320.13,9163.62,UPI,5,FAILED,INSUFFICIENT_FUNDS,0
TXN_0004811,CUST_00474,LOW_RELIABILITY,0.39,6320.13,5024.28,CARD,7,FAILED,TECHNICAL_ERROR,0
TXN_0004812,CUST_00474,LOW_RELIABILITY,0.39,6320.13,8047.33,UPI,8,FAILED,NETWORK_TIMEOUT,0
TXN_0004815,CUST_00475,MEDIUM_RELIABILITY,0.84,6175.42,5566.93,CARD,22,FAILED,TEMPORARY_BANK_ERROR,1
TXN_0004827,CUST_00477,HIGH_RELIABILITY,0.9,13801.77,18806.54,UPI,18,FAILED,INSUFFICIENT_FUNDS,0
TXN_0004843,CUST_00478,HIGH_RELIABILITY,0.93,6363.94,4065.77,CARD,4,FAILED,INSUFFICIENT_FUNDS,0
TXN_0004844,CUST_00479,LOW_RELIABILITY,0.5,519.37,687.49,UPI,18,FAILED,USER_ABANDONMENT,0
TXN_0004848,CUST_00479,LOW_RELIABILITY,0.5,519.37,221.5,CARD,11,FAILED,INSUFFICIENT_FUNDS,0
TXN_0004853,CUST_00479,LOW_RELIABILITY,0.5,519.37,627.7,WALLET,23,FAILED,AUTHENTICATION_FAILURE,1
TXN_0004856,CUST_00480,LOW_RELIABILITY,0.4,5218.63,5858.33,UPI,23,FAILED,TECHNICAL_ERROR,3
TXN_0004858,CUST_00480,LOW_RELIABILITY,0.4,5218.63,5598.53,UPI,20,FAILED,NETWORK_TIMEOUT,1
TXN_0004859,CUST_00480,LOW_RELIABILITY,0.4,5218.63,6136.04,UPI,19,FAILED,NETWORK_TIMEOUT,0
TXN_0004863,CUST_00481,LOW_RELIABILITY,0.37,4301.43,4928.68,UPI,17,FAILED,TEMPORARY_BANK_ERROR,2
TXN_0004866,CUST_00481,LOW_RELIABILITY,0.37,4301.43,6840.79,UPI,21,FAILED,NETWORK_TIMEOUT,0
TXN_0004869,CUST_00481,LOW_RELIABILITY,0.37,4301.43,2345.08,CARD,8,FAILED,AUTHENTICATION_FAILURE,0
TXN_0004871,CUST_00481,LOW_RELIABILITY,0.37,4301.43,6542.63,UPI,20,FAILED,TEMPORARY_BANK_ERROR,3
TXN_0004872,CUST_00481,LOW_RELIABILITY,0.37,4301.43,4538.29,UPI,18,FAILED,USER_ABANDONMENT,0
TXN_0004874,CUST_00481,LOW_RELIABILITY,0.37,4301.43,5178.39,UPI,2,FAILED,TECHNICAL_ERROR,0
TXN_0004875,CUST_00481,LOW_RELIABILITY,0.37,4301.43,2900.2,UPI,9,FAILED,INSUFFICIENT_FUNDS,2
TXN_0004878,CUST_00482,MEDIUM_RELIABILITY,0.7,4198.31,3414.78,NET_BANKING,19,FAILED,AUTHENTICATION_FAILURE,0
TXN_0004880,CUST_00482,MEDIUM_RELIABILITY,0.7,4198.31,100.0,UPI,7,FAILED,USER_ABANDONMENT,0
TXN_0004883,CUST_00482,MEDIUM_RELIABILITY,0.7,4198.31,4425.34,WALLET,9,FAILED,AUTHENTICATION_FAILURE,0
TXN_0004884,CUST_00482,MEDIUM_RELIABILITY,0.7,4198.31,3650.46,CARD,6,FAILED,USER_ABANDONMENT,2
TXN_0004891,CUST_00484,MEDIUM_RELIABILITY,0.81,3322.66,1484.11,UPI,3,FAILED,AUTHENTICATION_FAILURE,0
TXN_0004897,CUST_00484,MEDIUM_RELIABILITY,0.81,3322.66,328.55,CARD,1,FAILED,TEMPORARY_BANK_ERROR,3
TXN_0004898,CUST_00485,LOW_RELIABILITY,0.51,3437.14,3899.05,WALLET,21,FAILED,INSUFFICIENT_FUNDS,1
TXN_0004899,CUST_00485,LOW_RELIABILITY,0.51,3437.14,3062.02,NET_BANKING,4,FAILED,NETWORK_TIMEOUT,0
TXN_0004901,CUST_00485,LOW_RELIABILITY,0.51,3437.14,1926.99,UPI,6,FAILED,TEMPORARY_BANK_ERROR,2
TXN_0004904,CUST_00485,LOW_RELIABILITY,0.51,3437.14,2056.39,NET_BANKING,17,FAILED,TECHNICAL_ERROR,0
TXN_0004906,CUST_00485,LOW_RELIABILITY,0.51,3437.14,4806.46,UPI,4,FAILED,AUTHENTICATION_FAILURE,1
TXN_0004907,CUST_00485,LOW_RELIABILITY,0.51,3437.14,2477.13,UPI,5,FAILED,AUTHENTICATION_FAILURE,2
TXN_0004915,CUST_00486,HIGH_RELIABILITY,0.95,14115.62,9317.88,UPI,23,FAILED,INSUFFICIENT_FUNDS,0
TXN_0004928,CUST_00487,HIGH_RELIABILITY,0.96,4009.17,4481.8,CARD,14,FAILED,TEMPORARY_BANK_ERROR,1
TXN_0004946,CUST_00489,MEDIUM_RELIABILITY,0.78,988.55,1455.89,CARD,5,FAILED,TECHNICAL_ERROR,0
TXN_0004957,CUST_00490,MEDIUM_RELIABILITY,0.76,6170.01,3151.1,UPI,21,FAILED,USER_ABANDONMENT,0
TXN_0004964,CUST_00490,MEDIUM_RELIABILITY,0.76,6170.01,4433.25,CARD,11,FAILED,TECHNICAL_ERROR,0
TXN_0004971,CUST_00492,LOW_RELIABILITY,0.38,710.94,606.11,UPI,5,FAILED,TEMPORARY_BANK_ERROR,0
TXN_0004972,CUST_00492,LOW_RELIABILITY,0.38,710.94,940.44,CARD,20,FAILED,TEMPORARY_BANK_ERROR,1
TXN_0004974,CUST_00492,LOW_RELIABILITY,0.38,710.94,791.43,CARD,22,FAILED,TECHNICAL_ERROR,0
TXN_0004975,CUST_00492,LOW_RELIABILITY,0.38,710.94,614.45,CARD,20,FAILED,TEMPORARY_BANK_ERROR,3
TXN_0004976,CUST_00492,LOW_RELIABILITY,0.38,710.94,699.18,CARD,2,FAILED,INSUFFICIENT_FUNDS,0
TXN_0004978,CUST_00493,LOW_RELIABILITY,0.56,3569.34,2423.68,UPI,20,FAILED,USER_ABANDONMENT,0
TXN_0004984,CUST_00493,LOW_RELIABILITY,0.56,3569.34,4740.51,UPI,19,FAILED,USER_ABANDONMENT,0
TXN_0004987,CUST_00494,MEDIUM_RELIABILITY,0.8,4630.86,3673.91,UPI,4,FAILED,TEMPORARY_BANK_ERROR,0
TXN_0004991,CUST_00494,MEDIUM_RELIABILITY,0.8,4630.86,1387.45,CARD,0,FAILED,TECHNICAL_ERROR,0
TXN_0004997,CUST_00495,HIGH_RELIABILITY,0.91,12467.43,14418.38,UPI,10,FAILED,NETWORK_TIMEOUT,0
TXN_0005001,CUST_00495,HIGH_RELIABILITY,0.91,12467.43,14449.24,CARD,2,FAILED,INSUFFICIENT_FUNDS,1
TXN_0005004,CUST_00496,LOW_RELIABILITY,0.58,4923.94,2160.89,CARD,0,FAILED,NETWORK_TIMEOUT,0
TXN_0005007,CUST_00496,LOW_RELIABILITY,0.58,4923.94,6273.67,NET_BANKING,19,FAILED,INSUFFICIENT_FUNDS,1
TXN_0005009,CUST_00496,LOW_RELIABILITY,0.58,4923.94,4327.38,UPI,9,FAILED,NETWORK_TIMEOUT,0
TXN_0005016,CUST_00496,LOW_RELIABILITY,0.58,4923.94,4542.97,WALLET,8,FAILED,INSUFFICIENT_FUNDS,0
TXN_0005017,CUST_00496,LOW_RELIABILITY,0.58,4923.94,5354.07,NET_BANKING,13,FAILED,INSUFFICIENT_FUNDS,1
TXN_0005031,CUST_00497,HIGH_RELIABILITY,0.91,9263.23,8262.98,UPI,4,FAILED,TEMPORARY_BANK_ERROR,0
TXN_0005035,CUST_00498,HIGH_RELIABILITY,0.92,2282.15,3588.59,CARD,11,FAILED,AUTHENTICATION_FAILURE,0
TXN_0005048,CUST_00499,MEDIUM_RELIABILITY,0.85,1799.78,3053.1,CARD,4,FAILED,TEMPORARY_BANK_ERROR,0
TXN_0005054,CUST_00500,LOW_RELIABILITY,0.63,3232.84,1032.35,CARD,20,FAILED,AUTHENTICATION_FAILURE,0
TXN_0005058,CUST_00500,LOW_RELIABILITY,0.63,3232.84,3495.81,CARD,9,FAILED,NETWORK_TIMEOUT,3
TXN_0005059,CUST_00501,MEDIUM_RELIABILITY,0.69,5648.06,7188.27,UPI,10,FAILED,TEMPORARY_BANK_ERROR,1
TXN_0005060,CUST_00501,MEDIUM_RELIABILITY,0.69,5648.06,7822.57,NET_BANKING,1,FAILED,USER_ABANDONMENT,1
TXN_0005063,CUST_00501,MEDIUM_RELIABILITY,0.69,5648.06,7381.97,NET_BANKING,5,FAILED,TEMPORARY_BANK_ERROR,3
TXN_0005064,CUST_00501,MEDIUM_RELIABILITY,0.69,5648.06,5644.19,CARD,7,FAILED,TEMPORARY_BANK_ERROR,0
TXN_0005065,CUST_00501,MEDIUM_RELIABILITY,0.69,5648.06,8109.57,CARD,3,FAILED,USER_ABANDONMENT,0
TXN_0005077,CUST_00502,HIGH_RELIABILITY,0.98,11251.15,8591.3,CARD,4,FAILED,INSUFFICIENT_FUNDS,0
TXN_0005088,CUST_00503,MEDIUM_RELIABILITY,0.83,6758.44,6646.33,UPI,8,FAILED,NETWORK_TIMEOUT,0
TXN_0005089,CUST_00503,MEDIUM_RELIABILITY,0.83,6758.44,3787.32,CARD,14,FAILED,AUTHENTICATION_FAILURE,1
TXN_0005092,CUST_00504,LOW_RELIABILITY,0.55,5974.53,4374.7,NET_BANKING,10,FAILED,AUTHENTICATION_FAILURE,0
TXN_0005096,CUST_00504,LOW_RELIABILITY,0.55,5974.53,3736.25,WALLET,5,FAILED,TEMPORARY_BANK_ERROR,3
TXN_0005098,CUST_00504,LOW_RELIABILITY,0.55,5974.53,6454.16,UPI,22,FAILED,AUTHENTICATION_FAILURE,0
TXN_0005099,CUST_00504,LOW_RELIABILITY,0.55,5974.53,6589.32,WALLET,19,FAILED,TECHNICAL_ERROR,3
TXN_0005101,CUST_00504,LOW_RELIABILITY,0.55,5974.53,4183.57,CARD,22,FAILED,INSUFFICIENT_FUNDS,0
TXN_0005107,CUST_00505,LOW_RELIABILITY,0.42,3528.09,3370.99,CARD,7,FAILED,INSUFFICIENT_FUNDS,0
TXN_0005108,CUST_00505,LOW_RELIABILITY,0.42,3528.09,3950.17,UPI,9,FAILED,TEMPORARY_BANK_ERROR,0
TXN_0005110,CUST_00505,LOW_RELIABILITY,0.42,3528.09,2638.66,CARD,20,FAILED,TECHNICAL_ERROR,2
TXN_0005113,CUST_00506,LOW_RELIABILITY,0.41,6916.14,4924.32,UPI,0,FAILED,USER_ABANDONMENT,0
TXN_0005114,CUST_00506,LOW_RELIABILITY,0.41,6916.14,4359.76,CARD,10,FAILED,INSUFFICIENT_FUNDS,1
TXN_0005117,CUST_00506,LOW_RELIABILITY,0.41,6916.14,7983.3,UPI,10,FAILED,AUTHENTICATION_FAILURE,0
TXN_0005118,CUST_00506,LOW_RELIABILITY,0.41,6916.14,8860.02,CARD,5,FAILED,INSUFFICIENT_FUNDS,0
TXN_0005120,CUST_00506,LOW_RELIABILITY,0.41,6916.14,5074.53,UPI,8,FAILED,TECHNICAL_ERROR,0
TXN_0005122,CUST_00507,MEDIUM_RELIABILITY,0.86,874.55,918.03,UPI,13,FAILED,NETWORK_TIMEOUT,0
TXN_0005123,CUST_00507,MEDIUM_RELIABILITY,0.86,874.55,1202.0,UPI,19,FAILED,AUTHENTICATION_FAILURE,0
TXN_0005132,CUST_00507,MEDIUM_RELIABILITY,0.86,874.55,856.67,NET_BANKING,5,FAILED,NETWORK_TIMEOUT,0
TXN_0005133,CUST_00507,MEDIUM_RELIABILITY,0.86,874.55,880.19,UPI,16,FAILED,AUTHENTICATION_FAILURE,0
TXN_0005134,CUST_00507,MEDIUM_RELIABILITY,0.86,874.55,924.68,UPI,23,FAILED,AUTHENTICATION_FAILURE,1
TXN_0005136,CUST_00508,LOW_RELIABILITY,0.55,6491.69,4088.75,CARD,5,FAILED,INSUFFICIENT_FUNDS,0
TXN_0005141,CUST_00508,LOW_RELIABILITY,0.55,6491.69,5874.18,CARD,12,FAILED,TEMPORARY_BANK_ERROR,1
TXN_0005142,CUST_00508,LOW_RELIABILITY,0.55,6491.69,7702.86,UPI,10,FAILED,INSUFFICIENT_FUNDS,0
TXN_0005144,CUST_00509,MEDIUM_RELIABILITY,0.69,5895.48,3349.73,UPI,12,FAILED,TECHNICAL_ERROR,2
TXN_0005150,CUST_00509,MEDIUM_RELIABILITY,0.69,5895.48,5549.17,CARD,6,FAILED,TEMPORARY_BANK_ERROR,1
TXN_0005152,CUST_00509,MEDIUM_RELIABILITY,0.69,5895.48,2594.76,UPI,6,FAILED,NETWORK_TIMEOUT,0
TXN_0005153,CUST_00509,MEDIUM_RELIABILITY,0.69,5895.48,5307.42,UPI,19,FAILED,TEMPORARY_BANK_ERROR,3
TXN_0005156,CUST_00509,MEDIUM_RELIABILITY,0.69,5895.48,5971.88,CARD,3,FAILED,USER_ABANDONMENT,0
TXN_0005158,CUST_00509,MEDIUM_RELIABILITY,0.69,5895.48,5210.53,CARD,19,FAILED,AUTHENTICATION_FAILURE,0
TXN_0005159,CUST_00510,MEDIUM_RELIABILITY,0.85,822.49,1175.35,CARD,6,FAILED,INSUFFICIENT_FUNDS,0
TXN_0005161,CUST_00510,MEDIUM_RELIABILITY,0.85,822.49,1294.37,CARD,23,FAILED,TEMPORARY_BANK_ERROR,0
TXN_0005168,CUST_00511,LOW_RELIABILITY,0.55,2221.97,2986.18,WALLET,19,FAILED,AUTHENTICATION_FAILURE,1
TXN_0005169,CUST_00511,LOW_RELIABILITY,0.55,2221.97,2727.04,UPI,14,FAILED,AUTHENTICATION_FAILURE,0
TXN_0005174,CUST_00511,LOW_RELIABILITY,0.55,2221.97,3286.0,NET_BANKING,6,FAILED,INSUFFICIENT_FUNDS,2
TXN_0005177,CUST_00511,LOW_RELIABILITY,0.55,2221.97,1293.33,NET_BANKING,12,FAILED,INSUFFICIENT_FUNDS,0
TXN_0005178,CUST_00511,LOW_RELIABILITY,0.55,2221.97,3807.5,CARD,3,FAILED,TEMPORARY_BANK_ERROR,0
TXN_0005196,CUST_00513,MEDIUM_RELIABILITY,0.86,5005.04,6042.52,UPI,21,FAILED,AUTHENTICATION_FAILURE,1
TXN_0005200,CUST_00513,MEDIUM_RELIABILITY,0.86,5005.04,3470.85,CARD,3,FAILED,NETWORK_TIMEOUT,0
TXN_0005204,CUST_00514,LOW_RELIABILITY,0.6,5942.94,273.6,NET_BANKING,23,FAILED,TEMPORARY_BANK_ERROR,2
TXN_0005207,CUST_00514,LOW_RELIABILITY,0.6,5942.94,10849.95,CARD,9,FAILED,NETWORK_TIMEOUT,1
TXN_0005208,CUST_00514,LOW_RELIABILITY,0.6,5942.94,6318.76,CARD,17,FAILED,AUTHENTICATION_FAILURE,0
TXN_0005209,CUST_00514,LOW_RELIABILITY,0.6,5942.94,7891.61,CARD,15,FAILED,NETWORK_TIMEOUT,1
TXN_0005210,CUST_00514,LOW_RELIABILITY,0.6,5942.94,5478.27,CARD,12,FAILED,TECHNICAL_ERROR,0
TXN_0005219,CUST_00516,LOW_RELIABILITY,0.36,4254.64,4200.1,UPI,5,FAILED,USER_ABANDONMENT,0
TXN_0005220,CUST_00516,LOW_RELIABILITY,0.36,4254.64,4311.69,UPI,14,FAILED,NETWORK_TIMEOUT,0
TXN_0005224,CUST_00516,LOW_RELIABILITY,0.36,4254.64,5653.68,UPI,17,FAILED,TEMPORARY_BANK_ERROR,1
TXN_0005225,CUST_00516,LOW_RELIABILITY,0.36,4254.64,5738.92,UPI,15,FAILED,USER_ABANDONMENT,0
TXN_0005226,CUST_00516,LOW_RELIABILITY,0.36,4254.64,4806.1,CARD,23,FAILED,USER_ABANDONMENT,1
TXN_0005227,CUST_00516,LOW_RELIABILITY,0.36,4254.64,5657.14,UPI,11,FAILED,USER_ABANDONMENT,0
TXN_0005229,CUST_00516,LOW_RELIABILITY,0.36,4254.64,6300.15,WALLET,1,FAILED,TEMPORARY_BANK_ERROR,0
TXN_0005230,CUST_00516,LOW_RELIABILITY,0.36,4254.64,4269.6,UPI,21,FAILED,INSUFFICIENT_FUNDS,2
TXN_0005231,CUST_00516,LOW_RELIABILITY,0.36,4254.64,4353.12,CARD,20,FAILED,TECHNICAL_ERROR,3
TXN_0005232,CUST_00516,LOW_RELIABILITY,0.36,4254.64,3802.64,UPI,3,FAILED,USER_ABANDONMENT,0
TXN_0005251,CUST_00518,HIGH_RELIABILITY,0.89,10748.04,642.92,UPI,19,FAILED,TEMPORARY_BANK_ERROR,2
TXN_0005256,CUST_00519,MEDIUM_RELIABILITY,0.72,7385.28,9438.88,CARD,10,FAILED,USER_ABANDONMENT,1
TXN_0005257,CUST_00519,MEDIUM_RELIABILITY,0.72,7385.28,6275.62,CARD,10,FAILED,USER_ABANDONMENT,3
TXN_0005260,CUST_00519,MEDIUM_RELIABILITY,0.72,7385.28,3149.88,NET_BANKING,1,FAILED,TEMPORARY_BANK_ERROR,0
TXN_0005263,CUST_00519,MEDIUM_RELIABILITY,0.72,7385.28,3178.75,UPI,20,FAILED,TECHNICAL_ERROR,0
TXN_0005265,CUST_00520,MEDIUM_RELIABILITY,0.66,3495.26,748.63,CARD,19,FAILED,NETWORK_TIMEOUT,1
TXN_0005266,CUST_00520,MEDIUM_RELIABILITY,0.66,3495.26,1424.46,CARD,5,FAILED,AUTHENTICATION_FAILURE,0
TXN_0005268,CUST_00520,MEDIUM_RELIABILITY,0.66,3495.26,2735.24,UPI,12,FAILED,INSUFFICIENT_FUNDS,0
TXN_0005269,CUST_00520,MEDIUM_RELIABILITY,0.66,3495.26,6280.33,CARD,14,FAILED,NETWORK_TIMEOUT,0
TXN_0005272,CUST_00520,MEDIUM_RELIABILITY,0.66,3495.26,4274.2,UPI,15,FAILED,NETWORK_TIMEOUT,0
TXN_0005275,CUST_00521,MEDIUM_RELIABILITY,0.77,8011.87,3219.04,UPI,14,FAILED,INSUFFICIENT_FUNDS,1
TXN_0005276,CUST_00521,MEDIUM_RELIABILITY,0.77,8011.87,7972.46,WALLET,14,FAILED,NETWORK_TIMEOUT,2
TXN_0005278,CUST_00521,MEDIUM_RELIABILITY,0.77,8011.87,6615.35,CARD,0,FAILED,TEMPORARY_BANK_ERROR,0
TXN_0005283,CUST_00521,MEDIUM_RELIABILITY,0.77,8011.87,9248.81,NET_BANKING,17,FAILED,AUTHENTICATION_FAILURE,0
TXN_0005289,CUST_00522,HIGH_RELIABILITY,0.92,9762.48,7278.03,CARD,16,FAILED,INSUFFICIENT_FUNDS,2
TXN_0005297,CUST_00523,MEDIUM_RELIABILITY,0.84,6350.7,12777.42,UPI,10,FAILED,INSUFFICIENT_FUNDS,0
TXN_0005298,CUST_00523,MEDIUM_RELIABILITY,0.84,6350.7,3826.7,UPI,1,FAILED,INSUFFICIENT_FUNDS,0
TXN_0005299,CUST_00523,MEDIUM_RELIABILITY,0.84,6350.7,3504.52,CARD,18,FAILED,TECHNICAL_ERROR,1
TXN_0005300,CUST_00523,MEDIUM_RELIABILITY,0.84,6350.7,4433.13,CARD,10,FAILED,AUTHENTICATION_FAILURE,0
TXN_0005308,CUST_00523,MEDIUM_RELIABILITY,0.84,6350.7,8633.17,CARD,16,FAILED,INSUFFICIENT_FUNDS,0
TXN_0005309,CUST_00523,MEDIUM_RELIABILITY,0.84,6350.7,4252.85,CARD,5,FAILED,NETWORK_TIMEOUT,0
TXN_0005311,CUST_00524,MEDIUM_RELIABILITY,0.7,731.81,1297.75,NET_BANKING,4,FAILED,INSUFFICIENT_FUNDS,1
TXN_0005332,CUST_00526,HIGH_RELIABILITY,0.98,8405.12,7769.64,CARD,23,FAILED,USER_ABANDONMENT,0
TXN_0005333,CUST_00526,HIGH_RELIABILITY,0.98,8405.12,9011.28,UPI,12,FAILED,AUTHENTICATION_FAILURE,0
TXN_0005345,CUST_00527,MEDIUM_RELIABILITY,0.86,8088.44,5758.28,UPI,12,FAILED,NETWORK_TIMEOUT,0
TXN_0005350,CUST_00527,MEDIUM_RELIABILITY,0.86,8088.44,8266.4,NET_BANKING,13,FAILED,INSUFFICIENT_FUNDS,0
TXN_0005354,CUST_00527,MEDIUM_RELIABILITY,0.86,8088.44,9018.82,NET_BANKING,3,FAILED,NETWORK_TIMEOUT,0
TXN_0005359,CUST_00528,HIGH_RELIABILITY,0.99,5909.97,922.34,CARD,13,FAILED,TECHNICAL_ERROR,0
TXN_0005374,CUST_00529,LOW_RELIABILITY,0.57,2933.13,1382.61,WALLET,18,FAILED,AUTHENTICATION_FAILURE,0
TXN_0005380,CUST_00530,LOW_RELIABILITY,0.49,4467.04,5991.49,NET_BANKING,11,FAILED,AUTHENTICATION_FAILURE,1
TXN_0005382,CUST_00530,LOW_RELIABILITY,0.49,4467.04,4449.77,CARD,15,FAILED,NETWORK_TIMEOUT,0
TXN_0005393,CUST_00531,MEDIUM_RELIABILITY,0.84,9848.79,2780.54,UPI,22,FAILED,TEMPORARY_BANK_ERROR,2
TXN_0005396,CUST_00532,MEDIUM_RELIABILITY,0.82,4468.78,6074.18,CARD,12,FAILED,NETWORK_TIMEOUT,0
TXN_0005397,CUST_00532,MEDIUM_RELIABILITY,0.82,4468.78,3811.36,UPI,8,FAILED,USER_ABANDONMENT,2
TXN_0005403,CUST_00533,LOW_RELIABILITY,0.47,5215.56,3133.31,UPI,6,FAILED,NETWORK_TIMEOUT,1
TXN_0005404,CUST_00533,LOW_RELIABILITY,0.47,5215.56,1555.73,NET_BANKING,20,FAILED,INSUFFICIENT_FUNDS,1
TXN_0005409,CUST_00533,LOW_RELIABILITY,0.47,5215.56,7545.21,WALLET,18,FAILED,TEMPORARY_BANK_ERROR,0
TXN_0005411,CUST_00533,LOW_RELIABILITY,0.47,5215.56,6256.34,UPI,0,FAILED,USER_ABANDONMENT,1
TXN_0005412,CUST_00534,MEDIUM_RELIABILITY,0.7,1549.5,1337.44,UPI,3,FAILED,USER_ABANDONMENT,0
TXN_0005414,CUST_00534,MEDIUM_RELIABILITY,0.7,1549.5,1882.63,UPI,12,FAILED,NETWORK_TIMEOUT,0
TXN_0005419,CUST_00534,MEDIUM_RELIABILITY,0.7,1549.5,888.77,UPI,11,FAILED,TECHNICAL_ERROR,0
TXN_0005423,CUST_00535,MEDIUM_RELIABILITY,0.73,3228.77,4971.25,UPI,14,FAILED,NETWORK_TIMEOUT,0
TXN_0005425,CUST_00536,LOW_RELIABILITY,0.44,1788.53,2018.18,UPI,6,FAILED,NETWORK_TIMEOUT,0
TXN_0005427,CUST_00536,LOW_RELIABILITY,0.44,1788.53,2904.76,CARD,5,FAILED,USER_ABANDONMENT,0
TXN_0005430,CUST_00536,LOW_RELIABILITY,0.44,1788.53,2725.32,UPI,5,FAILED,TECHNICAL_ERROR,0
TXN_0005431,CUST_00536,LOW_RELIABILITY,0.44,1788.53,1590.44,NET_BANKING,14,FAILED,TEMPORARY_BANK_ERROR,0
TXN_0005432,CUST_00537,LOW_RELIABILITY,0.36,321.54,235.15,NET_BANKING,9,FAILED,AUTHENTICATION_FAILURE,2
TXN_0005433,CUST_00537,LOW_RELIABILITY,0.36,321.54,160.23,UPI,4,FAILED,NETWORK_TIMEOUT,0
TXN_0005434,CUST_00537,LOW_RELIABILITY,0.36,321.54,250.16,UPI,18,FAILED,TEMPORARY_BANK_ERROR,3
TXN_0005438,CUST_00537,LOW_RELIABILITY,0.36,321.54,314.09,UPI,0,FAILED,TEMPORARY_BANK_ERROR,1
TXN_0005454,CUST_00539,MEDIUM_RELIABILITY,0.73,6956.65,9118.59,UPI,14,FAILED,INSUFFICIENT_FUNDS,0
TXN_0005458,CUST_00540,HIGH_RELIABILITY,0.9,14299.46,22556.94,UPI,9,FAILED,NETWORK_TIMEOUT,1
TXN_0005469,CUST_00541,HIGH_RELIABILITY,0.97,2251.75,4097.02,UPI,10,FAILED,TEMPORARY_BANK_ERROR,0
TXN_0005473,CUST_00541,HIGH_RELIABILITY,0.97,2251.75,3276.19,UPI,0,FAILED,INSUFFICIENT_FUNDS,1
TXN_0005475,CUST_00541,HIGH_RELIABILITY,0.97,2251.75,2531.39,UPI,0,FAILED,TECHNICAL_ERROR,2
TXN_0005481,CUST_00542,MEDIUM_RELIABILITY,0.74,8851.62,10625.19,CARD,12,FAILED,AUTHENTICATION_FAILURE,0
TXN_0005484,CUST_00542,MEDIUM_RELIABILITY,0.74,8851.62,13185.15,WALLET,12,FAILED,TEMPORARY_BANK_ERROR,2
TXN_0005498,CUST_00545,LOW_RELIABILITY,0.64,1775.37,956.51,CARD,22,FAILED,NETWORK_TIMEOUT,0
TXN_0005499,CUST_00545,LOW_RELIABILITY,0.64,1775.37,2462.65,CARD,3,FAILED,TEMPORARY_BANK_ERROR,2
TXN_0005504,CUST_00545,LOW_RELIABILITY,0.64,1775.37,549.65,UPI,0,FAILED,USER_ABANDONMENT,0
TXN_0005506,CUST_00545,LOW_RELIABILITY,0.64,1775.37,1755.92,CARD,22,FAILED,TEMPORARY_BANK_ERROR,0
TXN_0005512,CUST_00546,MEDIUM_RELIABILITY,0.86,6671.64,6984.2,UPI,17,FAILED,NETWORK_TIMEOUT,0
TXN_0005515,CUST_00546,MEDIUM_RELIABILITY,0.86,6671.64,5645.84,NET_BANKING,12,FAILED,TEMPORARY_BANK_ERROR,0
TXN_0005517,CUST_00547,MEDIUM_RELIABILITY,0.78,5370.54,8819.76,UPI,2,FAILED,TEMPORARY_BANK_ERROR,0
TXN_0005519,CUST_00547,MEDIUM_RELIABILITY,0.78,5370.54,7960.9,CARD,5,FAILED,TECHNICAL_ERROR,0
TXN_0005521,CUST_00547,MEDIUM_RELIABILITY,0.78,5370.54,2423.02,UPI,4,FAILED,TECHNICAL_ERROR,2
TXN_0005535,CUST_00548,MEDIUM_RELIABILITY,0.7,2177.02,2297.26,UPI,5,FAILED,NETWORK_TIMEOUT,0
TXN_0005546,CUST_00549,HIGH_RELIABILITY,0.9,3610.14,3518.09,CARD,18,FAILED,TEMPORARY_BANK_ERROR,0
TXN_0005553,CUST_00550,MEDIUM_RELIABILITY,0.82,3826.19,4795.33,WALLET,4,FAILED,AUTHENTICATION_FAILURE,0
TXN_0005558,CUST_00550,MEDIUM_RELIABILITY,0.82,3826.19,4367.63,UPI,3,FAILED,AUTHENTICATION_FAILURE,0
TXN_0005559,CUST_00550,MEDIUM_RELIABILITY,0.82,3826.19,2327.39,UPI,17,FAILED,TEMPORARY_BANK_ERROR,0
TXN_0005560,CUST_00551,MEDIUM_RELIABILITY,0.66,9706.47,10340.73,UPI,9,FAILED,AUTHENTICATION_FAILURE,1
TXN_0005564,CUST_00551,MEDIUM_RELIABILITY,0.66,9706.47,8023.8,WALLET,12,FAILED,AUTHENTICATION_FAILURE,0
TXN_0005568,CUST_00551,MEDIUM_RELIABILITY,0.66,9706.47,12374.73,UPI,23,FAILED,USER_ABANDONMENT,0
TXN_0005570,CUST_00551,MEDIUM_RELIABILITY,0.66,9706.47,6439.47,WALLET,13,FAILED,TECHNICAL_ERROR,0
TXN_0005575,CUST_00552,MEDIUM_RELIABILITY,0.84,9313.65,9399.64,CARD,1,FAILED,USER_ABANDONMENT,0
TXN_0005596,CUST_00553,MEDIUM_RELIABILITY,0.87,2152.0,100.0,CARD,16,FAILED,INSUFFICIENT_FUNDS,3
TXN_0005602,CUST_00554,MEDIUM_RELIABILITY,0.74,7703.27,9738.35,UPI,0,FAILED,NETWORK_TIMEOUT,0
TXN_0005604,CUST_00554,MEDIUM_RELIABILITY,0.74,7703.27,1320.72,UPI,16,FAILED,TEMPORARY_BANK_ERROR,0
TXN_0005612,CUST_00555,MEDIUM_RELIABILITY,0.8,1962.01,910.77,UPI,22,FAILED,INSUFFICIENT_FUNDS,3
TXN_0005614,CUST_00555,MEDIUM_RELIABILITY,0.8,1962.01,1870.98,NET_BANKING,4,FAILED,TEMPORARY_BANK_ERROR,0
TXN_0005620,CUST_00556,MEDIUM_RELIABILITY,0.83,2632.19,2372.42,CARD,22,FAILED,INSUFFICIENT_FUNDS,0
TXN_0005622,CUST_00556,MEDIUM_RELIABILITY,0.83,2632.19,3267.75,CARD,7,FAILED,NETWORK_TIMEOUT,0
TXN_0005624,CUST_00556,MEDIUM_RELIABILITY,0.83,2632.19,3010.89,UPI,7,FAILED,TEMPORARY_BANK_ERROR,2
TXN_0005629,CUST_00557,HIGH_RELIABILITY,0.9,8517.64,9588.97,UPI,17,FAILED,TEMPORARY_BANK_ERROR,0
TXN_0005640,CUST_00558,HIGH_RELIABILITY,0.95,9121.21,9243.23,NET_BANKING,20,FAILED,AUTHENTICATION_FAILURE,0
TXN_0005646,CUST_00559,HIGH_RELIABILITY,0.89,13284.45,12729.91,UPI,6,FAILED,INSUFFICIENT_FUNDS,0
TXN_0005649,CUST_00560,MEDIUM_RELIABILITY,0.71,1730.39,1827.05,CARD,1,FAILED,INSUFFICIENT_FUNDS,0
TXN_0005653,CUST_00560,MEDIUM_RELIABILITY,0.71,1730.39,523.5,CARD,21,FAILED,TEMPORARY_BANK_ERROR,0
TXN_0005659,CUST_00560,MEDIUM_RELIABILITY,0.71,1730.39,3369.01,NET_BANKING,21,FAILED,INSUFFICIENT_FUNDS,0
TXN_0005669,CUST_00562,LOW_RELIABILITY,0.6,5704.71,8230.09,NET_BANKING,8,FAILED,AUTHENTICATION_FAILURE,1
TXN_0005671,CUST_00562,LOW_RELIABILITY,0.6,5704.71,5238.91,CARD,18,FAILED,TEMPORARY_BANK_ERROR,2
TXN_0005672,CUST_00562,LOW_RELIABILITY,0.6,5704.71,12818.9,CARD,14,FAILED,NETWORK_TIMEOUT,0
TXN_0005676,CUST_00562,LOW_RELIABILITY,0.6,5704.71,5588.79,UPI,8,FAILED,USER_ABANDONMENT,0
TXN_0005680,CUST_00563,LOW_RELIABILITY,0.54,3945.83,6609.34,UPI,23,FAILED,TEMPORARY_BANK_ERROR,0
TXN_0005685,CUST_00563,LOW_RELIABILITY,0.54,3945.83,3540.12,UPI,5,FAILED,NETWORK_TIMEOUT,1
TXN_0005686,CUST_00563,LOW_RELIABILITY,0.54,3945.83,4383.9,CARD,3,FAILED,USER_ABANDONMENT,0
TXN_0005687,CUST_00563,LOW_RELIABILITY,0.54,3945.83,2473.08,CARD,1,FAILED,TECHNICAL_ERROR,1
TXN_0005688,CUST_00563,LOW_RELIABILITY,0.54,3945.83,2372.34,WALLET,0,FAILED,USER_ABANDONMENT,0
TXN_0005691,CUST_00564,LOW_RELIABILITY,0.38,2977.48,1960.58,UPI,8,FAILED,NETWORK_TIMEOUT,0
TXN_0005692,CUST_00564,LOW_RELIABILITY,0.38,2977.48,2211.45,UPI,13,FAILED,USER_ABANDONMENT,0
TXN_0005694,CUST_00564,LOW_RELIABILITY,0.38,2977.48,2228.3,NET_BANKING,2,FAILED,TEMPORARY_BANK_ERROR,2
TXN_0005696,CUST_00565,MEDIUM_RELIABILITY,0.73,2967.66,2985.5,UPI,6,FAILED,NETWORK_TIMEOUT,0
TXN_0005701,CUST_00566,LOW_RELIABILITY,0.56,3571.95,5081.78,CARD,18,FAILED,NETWORK_TIMEOUT,2
TXN_0005705,CUST_00566,LOW_RELIABILITY,0.56,3571.95,3453.23,UPI,19,FAILED,NETWORK_TIMEOUT,0
TXN_0005706,CUST_00567,LOW_RELIABILITY,0.37,1697.25,2137.78,UPI,2,FAILED,INSUFFICIENT_FUNDS,1
TXN_0005707,CUST_00567,LOW_RELIABILITY,0.37,1697.25,1300.5,UPI,20,FAILED,TECHNICAL_ERROR,0
TXN_0005709,CUST_00567,LOW_RELIABILITY,0.37,1697.25,3043.94,CARD,14,FAILED,NETWORK_TIMEOUT,0
TXN_0005711,CUST_00567,LOW_RELIABILITY,0.37,1697.25,1959.7,UPI,6,FAILED,NETWORK_TIMEOUT,1
TXN_0005712,CUST_00567,LOW_RELIABILITY,0.37,1697.25,2620.08,CARD,0,FAILED,TEMPORARY_BANK_ERROR,2
TXN_0005713,CUST_00567,LOW_RELIABILITY,0.37,1697.25,1597.36,UPI,0,FAILED,NETWORK_TIMEOUT,0
TXN_0005714,CUST_00567,LOW_RELIABILITY,0.37,1697.25,1251.47,UPI,0,FAILED,INSUFFICIENT_FUNDS,1
TXN_0005716,CUST_00567,LOW_RELIABILITY,0.37,1697.25,1750.5,NET_BANKING,19,FAILED,TEMPORARY_BANK_ERROR,0
TXN_0005721,CUST_00568,MEDIUM_RELIABILITY,0.8,1223.24,1666.03,UPI,6,FAILED,TECHNICAL_ERROR,0
TXN_0005729,CUST_00569,LOW_RELIABILITY,0.6,3567.0,2461.28,NET_BANKING,7,FAILED,TEMPORARY_BANK_ERROR,1
TXN_0005731,CUST_00569,LOW_RELIABILITY,0.6,3567.0,6373.4,UPI,17,FAILED,INSUFFICIENT_FUNDS,1
TXN_0005732,CUST_00569,LOW_RELIABILITY,0.6,3567.0,3511.15,WALLET,7,FAILED,USER_ABANDONMENT,1
TXN_0005733,CUST_00569,LOW_RELIABILITY,0.6,3567.0,5350.09,NET_BANKING,2,FAILED,INSUFFICIENT_FUNDS,0
TXN_0005734,CUST_00569,LOW_RELIABILITY,0.6,3567.0,2059.59,UPI,19,FAILED,TECHNICAL_ERROR,1
TXN_0005735,CUST_00569,LOW_RELIABILITY,0.6,3567.0,5101.13,CARD,1,FAILED,TEMPORARY_BANK_ERROR,0
TXN_0005737,CUST_00569,LOW_RELIABILITY,0.6,3567.0,4798.95,CARD,8,FAILED,TECHNICAL_ERROR,0
TXN_0005739,CUST_00569,LOW_RELIABILITY,0.6,3567.0,100.0,CARD,14,FAILED,TECHNICAL_ERROR,0
TXN_0005741,CUST_00570,MEDIUM_RELIABILITY,0.76,6127.87,4593.66,UPI,11,FAILED,NETWORK_TIMEOUT,2
TXN_0005744,CUST_00570,MEDIUM_RELIABILITY,0.76,6127.87,5100.93,UPI,12,FAILED,TECHNICAL_ERROR,1
TXN_0005745,CUST_00570,MEDIUM_RELIABILITY,0.76,6127.87,4106.62,NET_BANKING,13,FAILED,USER_ABANDONMENT,0
TXN_0005746,CUST_00570,MEDIUM_RELIABILITY,0.76,6127.87,3532.59,UPI,18,FAILED,AUTHENTICATION_FAILURE,0
TXN_0005748,CUST_00570,MEDIUM_RELIABILITY,0.76,6127.87,8876.83,UPI,22,FAILED,NETWORK_TIMEOUT,0
TXN_0005749,CUST_00571,LOW_RELIABILITY,0.59,2565.1,1886.86,UPI,10,FAILED,TEMPORARY_BANK_ERROR,1
TXN_0005750,CUST_00571,LOW_RELIABILITY,0.59,2565.1,2036.75,UPI,20,FAILED,TEMPORARY_BANK_ERROR,1
TXN_0005752,CUST_00571,LOW_RELIABILITY,0.59,2565.1,2912.92,CARD,20,FAILED,INSUFFICIENT_FUNDS,3
TXN_0005753,CUST_00571,LOW_RELIABILITY,0.59,2565.1,3033.23,UPI,23,FAILED,TEMPORARY_BANK_ERROR,3
TXN_0005755,CUST_00571,LOW_RELIABILITY,0.59,2565.1,3613.34,UPI,21,FAILED,TECHNICAL_ERROR,1
TXN_0005761,CUST_00572,MEDIUM_RELIABILITY,0.8,5874.45,6400.63,CARD,11,FAILED,USER_ABANDONMENT,2
TXN_0005768,CUST_00572,MEDIUM_RELIABILITY,0.8,5874.45,1623.07,CARD,15,FAILED,AUTHENTICATION_FAILURE,0
TXN_0005781,CUST_00573,HIGH_RELIABILITY,0.91,13300.82,25906.21,UPI,8,FAILED,INSUFFICIENT_FUNDS,0
TXN_0005788,CUST_00574,HIGH_RELIABILITY,0.97,10218.33,15166.76,UPI,1,FAILED,TEMPORARY_BANK_ERROR,0
TXN_0005796,CUST_00575,MEDIUM_RELIABILITY,0.84,8739.29,4238.19,UPI,12,FAILED,AUTHENTICATION_FAILURE,0
TXN_0005803,CUST_00575,MEDIUM_RELIABILITY,0.84,8739.29,13322.74,NET_BANKING,21,FAILED,TECHNICAL_ERROR,2
TXN_0005804,CUST_00575,MEDIUM_RELIABILITY,0.84,8739.29,11759.83,NET_BANKING,3,FAILED,TECHNICAL_ERROR,1
TXN_0005815,CUST_00577,LOW_RELIABILITY,0.55,4824.96,8159.9,UPI,17,FAILED,TECHNICAL_ERROR,1
TXN_0005817,CUST_00577,LOW_RELIABILITY,0.55,4824.96,2343.26,UPI,22,FAILED,USER_ABANDONMENT,0
TXN_0005818,CUST_00577,LOW_RELIABILITY,0.55,4824.96,3849.37,UPI,9,FAILED,NETWORK_TIMEOUT,1
TXN_0005819,CUST_00577,LOW_RELIABILITY,0.55,4824.96,5228.04,UPI,8,FAILED,USER_ABANDONMENT,1
TXN_0005821,CUST_00577,LOW_RELIABILITY,0.55,4824.96,4065.63,UPI,0,FAILED,USER_ABANDONMENT,1
TXN_0005822,CUST_00577,LOW_RELIABILITY,0.55,4824.96,1140.24,UPI,7,FAILED,USER_ABANDONMENT,0
TXN_0005824,CUST_00577,LOW_RELIABILITY,0.55,4824.96,8631.55,UPI,16,FAILED,AUTHENTICATION_FAILURE,0
TXN_0005833,CUST_00579,MEDIUM_RELIABILITY,0.68,8868.27,7985.08,CARD,9,FAILED,INSUFFICIENT_FUNDS,2
TXN_0005837,CUST_00580,LOW_RELIABILITY,0.6,398.88,468.95,UPI,13,FAILED,NETWORK_TIMEOUT,0
TXN_0005839,CUST_00580,LOW_RELIABILITY,0.6,398.88,603.55,UPI,2,FAILED,NETWORK_TIMEOUT,1
TXN_0005841,CUST_00580,LOW_RELIABILITY,0.6,398.88,190.22,CARD,1,FAILED,INSUFFICIENT_FUNDS,1
TXN_0005842,CUST_00580,LOW_RELIABILITY,0.6,398.88,343.82,CARD,3,FAILED,INSUFFICIENT_FUNDS,0
TXN_0005844,CUST_00580,LOW_RELIABILITY,0.6,398.88,105.98,CARD,0,FAILED,TEMPORARY_BANK_ERROR,0
TXN_0005845,CUST_00580,LOW_RELIABILITY,0.6,398.88,620.44,NET_BANKING,1,FAILED,TEMPORARY_BANK_ERROR,1
TXN_0005875,CUST_00583,MEDIUM_RELIABILITY,0.69,8270.69,7190.42,WALLET,15,FAILED,TEMPORARY_BANK_ERROR,1
TXN_0005879,CUST_00584,LOW_RELIABILITY,0.59,3650.78,3708.77,CARD,5,FAILED,NETWORK_TIMEOUT,0
TXN_0005884,CUST_00584,LOW_RELIABILITY,0.59,3650.78,4080.04,UPI,9,FAILED,INSUFFICIENT_FUNDS,3
TXN_0005887,CUST_00584,LOW_RELIABILITY,0.59,3650.78,1440.12,UPI,0,FAILED,TECHNICAL_ERROR,0
TXN_0005896,CUST_00585,MEDIUM_RELIABILITY,0.65,3226.86,2602.23,CARD,1,FAILED,AUTHENTICATION_FAILURE,0
TXN_0005903,CUST_00586,HIGH_RELIABILITY,0.95,14736.61,8511.93,CARD,17,FAILED,INSUFFICIENT_FUNDS,2
TXN_0005916,CUST_00587,HIGH_RELIABILITY,0.95,4637.25,3956.06,UPI,17,FAILED,TEMPORARY_BANK_ERROR,0
TXN_0005917,CUST_00587,HIGH_RELIABILITY,0.95,4637.25,3855.68,CARD,14,FAILED,AUTHENTICATION_FAILURE,0
TXN_0005930,CUST_00589,LOW_RELIABILITY,0.58,927.47,1037.1,WALLET,1,FAILED,NETWORK_TIMEOUT,1
TXN_0005931,CUST_00589,LOW_RELIABILITY,0.58,927.47,720.16,UPI,9,FAILED,NETWORK_TIMEOUT,1
TXN_0005932,CUST_00589,LOW_RELIABILITY,0.58,927.47,811.7,NET_BANKING,9,FAILED,NETWORK_TIMEOUT,1
TXN_0005944,CUST_00591,MEDIUM_RELIABILITY,0.86,3747.79,2997.84,UPI,18,FAILED,NETWORK_TIMEOUT,0
TXN_0005960,CUST_00592,MEDIUM_RELIABILITY,0.79,9354.27,18352.47,UPI,16,FAILED,INSUFFICIENT_FUNDS,2
TXN_0005963,CUST_00592,MEDIUM_RELIABILITY,0.79,9354.27,4949.43,CARD,19,FAILED,TECHNICAL_ERROR,0
TXN_0005968,CUST_00593,MEDIUM_RELIABILITY,0.67,9403.67,11924.04,CARD,21,FAILED,TEMPORARY_BANK_ERROR,0
TXN_0005969,CUST_00593,MEDIUM_RELIABILITY,0.67,9403.67,13110.22,WALLET,2,FAILED,TEMPORARY_BANK_ERROR,0
TXN_0005970,CUST_00593,MEDIUM_RELIABILITY,0.67,9403.67,3438.56,NET_BANKING,15,FAILED,TECHNICAL_ERROR,1
TXN_0005972,CUST_00593,MEDIUM_RELIABILITY,0.67,9403.67,11100.94,CARD,20,FAILED,AUTHENTICATION_FAILURE,0
TXN_0005974,CUST_00593,MEDIUM_RELIABILITY,0.67,9403.67,6429.21,UPI,0,FAILED,TECHNICAL_ERROR,1
TXN_0005975,CUST_00593,MEDIUM_RELIABILITY,0.67,9403.67,13225.09,UPI,5,FAILED,USER_ABANDONMENT,0
TXN_0005989,CUST_00595,MEDIUM_RELIABILITY,0.72,7227.63,8990.82,UPI,8,FAILED,TEMPORARY_BANK_ERROR,0
TXN_0005991,CUST_00595,MEDIUM_RELIABILITY,0.72,7227.63,9525.79,CARD,12,FAILED,TEMPORARY_BANK_ERROR,0
TXN_0005992,CUST_00595,MEDIUM_RELIABILITY,0.72,7227.63,11128.05,UPI,5,FAILED,TECHNICAL_ERROR,0
TXN_0005994,CUST_00596,MEDIUM_RELIABILITY,0.66,6030.62,7165.61,UPI,1,FAILED,NETWORK_TIMEOUT,1
TXN_0005997,CUST_00596,MEDIUM_RELIABILITY,0.66,6030.62,7815.55,UPI,1,FAILED,AUTHENTICATION_FAILURE,1
TXN_0005998,CUST_00596,MEDIUM_RELIABILITY,0.66,6030.62,10082.59,NET_BANKING,9,FAILED,NETWORK_TIMEOUT,0
TXN_0006003,CUST_00597,HIGH_RELIABILITY,0.92,9692.82,13008.55,CARD,10,FAILED,AUTHENTICATION_FAILURE,0
TXN_0006005,CUST_00597,HIGH_RELIABILITY,0.92,9692.82,14786.52,CARD,11,FAILED,AUTHENTICATION_FAILURE,3
TXN_0006014,CUST_00598,HIGH_RELIABILITY,0.89,13201.52,4113.18,CARD,12,FAILED,INSUFFICIENT_FUNDS,0
TXN_0006020,CUST_00598,HIGH_RELIABILITY,0.89,13201.52,13358.86,UPI,17,FAILED,TEMPORARY_BANK_ERROR,0
TXN_0006026,CUST_00599,LOW_RELIABILITY,0.63,6788.37,6704.77,UPI,10,FAILED,AUTHENTICATION_FAILURE,0
TXN_0006031,CUST_00599,LOW_RELIABILITY,0.63,6788.37,6711.75,CARD,14,FAILED,USER_ABANDONMENT,0
TXN_0006046,CUST_00601,MEDIUM_RELIABILITY,0.82,733.58,424.73,CARD,5,FAILED,NETWORK_TIMEOUT,1
TXN_0006057,CUST_00601,MEDIUM_RELIABILITY,0.82,733.58,623.42,UPI,13,FAILED,NETWORK_TIMEOUT,1
TXN_0006059,CUST_00602,MEDIUM_RELIABILITY,0.65,3574.3,3910.94,UPI,12,FAILED,INSUFFICIENT_FUNDS,0
TXN_0006063,CUST_00602,MEDIUM_RELIABILITY,0.65,3574.3,5726.12,UPI,12,FAILED,USER_ABANDONMENT,0
TXN_0006064,CUST_00603,HIGH_RELIABILITY,0.93,11785.7,6694.27,CARD,20,FAILED,INSUFFICIENT_FUNDS,0
TXN_0006067,CUST_00603,HIGH_RELIABILITY,0.93,11785.7,5596.0,CARD,5,FAILED,AUTHENTICATION_FAILURE,1
TXN_0006068,CUST_00603,HIGH_RELIABILITY,0.93,11785.7,13643.01,UPI,4,FAILED,NETWORK_TIMEOUT,0
TXN_0006072,CUST_00604,LOW_RELIABILITY,0.55,3232.14,2285.95,UPI,12,FAILED,INSUFFICIENT_FUNDS,0
TXN_0006073,CUST_00604,LOW_RELIABILITY,0.55,3232.14,6751.18,UPI,14,FAILED,USER_ABANDONMENT,0
TXN_0006074,CUST_00604,LOW_RELIABILITY,0.55,3232.14,4323.9,UPI,10,FAILED,NETWORK_TIMEOUT,1
TXN_0006075,CUST_00604,LOW_RELIABILITY,0.55,3232.14,4656.53,WALLET,1,FAILED,AUTHENTICATION_FAILURE,3
TXN_0006077,CUST_00604,LOW_RELIABILITY,0.55,3232.14,1155.48,UPI,2,FAILED,TEMPORARY_BANK_ERROR,0
TXN_0006078,CUST_00604,LOW_RELIABILITY,0.55,3232.14,3742.76,CARD,19,FAILED,INSUFFICIENT_FUNDS,0
TXN_0006086,CUST_00605,HIGH_RELIABILITY,0.91,14959.74,12795.8,UPI,14,FAILED,NETWORK_TIMEOUT,1
TXN_0006087,CUST_00605,HIGH_RELIABILITY,0.91,14959.74,23550.05,NET_BANKING,12,FAILED,TEMPORARY_BANK_ERROR,1
TXN_0006088,CUST_00606,MEDIUM_RELIABILITY,0.74,4788.18,1286.29,UPI,11,FAILED,NETWORK_TIMEOUT,0
TXN_0006089,CUST_00606,MEDIUM_RELIABILITY,0.74,4788.18,826.68,UPI,14,FAILED,AUTHENTICATION_FAILURE,3
TXN_0006092,CUST_00606,MEDIUM_RELIABILITY,0.74,4788.18,4802.98,UPI,4,FAILED,NETWORK_TIMEOUT,0
TXN_0006095,CUST_00607,LOW_RELIABILITY,0.4,5604.7,1405.65,CARD,11,FAILED,AUTHENTICATION_FAILURE,0
TXN_0006096,CUST_00607,LOW_RELIABILITY,0.4,5604.7,10188.18,WALLET,14,FAILED,NETWORK_TIMEOUT,0
TXN_0006097,CUST_00607,LOW_RELIABILITY,0.4,5604.7,3369.03,CARD,23,FAILED,INSUFFICIENT_FUNDS,0
TXN_0006098,CUST_00607,LOW_RELIABILITY,0.4,5604.7,3230.47,CARD,12,FAILED,AUTHENTICATION_FAILURE,0
TXN_0006099,CUST_00607,LOW_RELIABILITY,0.4,5604.7,8079.11,CARD,18,FAILED,NETWORK_TIMEOUT,2
TXN_0006101,CUST_00607,LOW_RELIABILITY,0.4,5604.7,5462.59,CARD,15,FAILED,AUTHENTICATION_FAILURE,0
TXN_0006102,CUST_00607,LOW_RELIABILITY,0.4,5604.7,6687.06,CARD,0,FAILED,INSUFFICIENT_FUNDS,1
TXN_0006104,CUST_00608,MEDIUM_RELIABILITY,0.8,2597.31,2250.87,CARD,23,FAILED,NETWORK_TIMEOUT,2
TXN_0006107,CUST_00608,MEDIUM_RELIABILITY,0.8,2597.31,3386.67,CARD,6,FAILED,USER_ABANDONMENT,1
TXN_0006108,CUST_00608,MEDIUM_RELIABILITY,0.8,2597.31,1725.1,CARD,15,FAILED,AUTHENTICATION_FAILURE,0
TXN_0006112,CUST_00609,LOW_RELIABILITY,0.37,4827.4,6107.32,WALLET,14,FAILED,USER_ABANDONMENT,1
TXN_0006113,CUST_00609,LOW_RELIABILITY,0.37,4827.4,6552.11,UPI,14,FAILED,TEMPORARY_BANK_ERROR,2
TXN_0006114,CUST_00609,LOW_RELIABILITY,0.37,4827.4,6066.87,UPI,23,FAILED,NETWORK_TIMEOUT,0
TXN_0006115,CUST_00609,LOW_RELIABILITY,0.37,4827.4,2839.1,UPI,21,FAILED,INSUFFICIENT_FUNDS,0
TXN_0006116,CUST_00609,LOW_RELIABILITY,0.37,4827.4,3892.78,WALLET,2,FAILED,TEMPORARY_BANK_ERROR,1
TXN_0006117,CUST_00609,LOW_RELIABILITY,0.37,4827.4,4819.54,UPI,8,FAILED,TEMPORARY_BANK_ERROR,0
TXN_0006118,CUST_00609,LOW_RELIABILITY,0.37,4827.4,4747.73,CARD,19,FAILED,TEMPORARY_BANK_ERROR,1
TXN_0006119,CUST_00609,LOW_RELIABILITY,0.37,4827.4,6275.13,NET_BANKING,15,FAILED,NETWORK_TIMEOUT,0
TXN_0006120,CUST_00609,LOW_RELIABILITY,0.37,4827.4,936.71,NET_BANKING,22,FAILED,USER_ABANDONMENT,0
TXN_0006123,CUST_00610,HIGH_RELIABILITY,0.95,4825.63,3207.11,UPI,0,FAILED,USER_ABANDONMENT,1
TXN_0006138,CUST_00612,LOW_RELIABILITY,0.48,6616.59,6097.6,NET_BANKING,8,FAILED,INSUFFICIENT_FUNDS,0
TXN_0006139,CUST_00612,LOW_RELIABILITY,0.48,6616.59,7700.88,NET_BANKING,11,FAILED,NETWORK_TIMEOUT,0
TXN_0006141,CUST_00612,LOW_RELIABILITY,0.48,6616.59,10568.03,UPI,5,FAILED,TEMPORARY_BANK_ERROR,1
TXN_0006153,CUST_00613,HIGH_RELIABILITY,0.93,9939.36,6910.8,UPI,10,FAILED,NETWORK_TIMEOUT,1
TXN_0006155,CUST_00614,MEDIUM_RELIABILITY,0.74,3105.04,5062.3,UPI,6,FAILED,AUTHENTICATION_FAILURE,3
TXN_0006156,CUST_00614,MEDIUM_RELIABILITY,0.74,3105.04,3045.67,UPI,12,FAILED,TEMPORARY_BANK_ERROR,1
TXN_0006159,CUST_00614,MEDIUM_RELIABILITY,0.74,3105.04,3518.28,UPI,10,FAILED,TEMPORARY_BANK_ERROR,1
TXN_0006161,CUST_00614,MEDIUM_RELIABILITY,0.74,3105.04,2797.84,CARD,5,FAILED,TEMPORARY_BANK_ERROR,0
TXN_0006163,CUST_00614,MEDIUM_RELIABILITY,0.74,3105.04,4718.6,UPI,20,FAILED,NETWORK_TIMEOUT,0
TXN_0006164,CUST_00614,MEDIUM_RELIABILITY,0.74,3105.04,3934.15,CARD,15,FAILED,INSUFFICIENT_FUNDS,0
TXN_0006165,CUST_00614,MEDIUM_RELIABILITY,0.74,3105.04,2218.16,UPI,4,FAILED,INSUFFICIENT_FUNDS,0
TXN_0006167,CUST_00614,MEDIUM_RELIABILITY,0.74,3105.04,2733.04,WALLET,9,FAILED,INSUFFICIENT_FUNDS,0
TXN_0006168,CUST_00614,MEDIUM_RELIABILITY,0.74,3105.04,1570.28,UPI,23,FAILED,AUTHENTICATION_FAILURE,0
TXN_0006179,CUST_00616,LOW_RELIABILITY,0.61,1763.69,2852.05,UPI,12,FAILED,TEMPORARY_BANK_ERROR,0
TXN_0006181,CUST_00616,LOW_RELIABILITY,0.61,1763.69,1478.57,CARD,8,FAILED,AUTHENTICATION_FAILURE,0
TXN_0006183,CUST_00616,LOW_RELIABILITY,0.61,1763.69,1846.73,UPI,15,FAILED,TECHNICAL_ERROR,0
TXN_0006184,CUST_00616,LOW_RELIABILITY,0.61,1763.69,584.3,CARD,8,FAILED,TEMPORARY_BANK_ERROR,0
TXN_0006187,CUST_00616,LOW_RELIABILITY,0.61,1763.69,1911.85,UPI,13,FAILED,NETWORK_TIMEOUT,0
TXN_0006198,CUST_00617,HIGH_RELIABILITY,0.9,1435.88,2235.33,CARD,13,FAILED,TEMPORARY_BANK_ERROR,1
TXN_0006202,CUST_00618,HIGH_RELIABILITY,0.95,6159.37,4373.49,UPI,18,FAILED,USER_ABANDONMENT,1
TXN_0006213,CUST_00619,HIGH_RELIABILITY,0.98,7624.94,12101.85,CARD,21,FAILED,NETWORK_TIMEOUT,1
TXN_0006221,CUST_00620,MEDIUM_RELIABILITY,0.86,2262.49,1999.64,UPI,7,FAILED,AUTHENTICATION_FAILURE,1
TXN_0006224,CUST_00620,MEDIUM_RELIABILITY,0.86,2262.49,2807.73,UPI,9,FAILED,USER_ABANDONMENT,1
TXN_0006230,CUST_00621,MEDIUM_RELIABILITY,0.84,7877.67,11076.7,UPI,13,FAILED,INSUFFICIENT_FUNDS,0
TXN_0006231,CUST_00621,MEDIUM_RELIABILITY,0.84,7877.67,8217.93,WALLET,13,FAILED,INSUFFICIENT_FUNDS,1
TXN_0006269,CUST_00624,MEDIUM_RELIABILITY,0.68,809.0,1002.84,NET_BANKING,19,FAILED,USER_ABANDONMENT,1
TXN_0006270,CUST_00624,MEDIUM_RELIABILITY,0.68,809.0,1085.14,CARD,17,FAILED,TECHNICAL_ERROR,1
TXN_0006275,CUST_00625,HIGH_RELIABILITY,0.98,9633.1,9406.4,NET_BANKING,19,FAILED,TEMPORARY_BANK_ERROR,0
TXN_0006288,CUST_00626,MEDIUM_RELIABILITY,0.83,5074.46,4340.24,CARD,6,FAILED,NETWORK_TIMEOUT,1
TXN_0006290,CUST_00626,MEDIUM_RELIABILITY,0.83,5074.46,4165.37,WALLET,11,FAILED,TEMPORARY_BANK_ERROR,0
TXN_0006291,CUST_00627,MEDIUM_RELIABILITY,0.68,1689.27,2133.98,CARD,23,FAILED,NETWORK_TIMEOUT,1
TXN_0006293,CUST_00627,MEDIUM_RELIABILITY,0.68,1689.27,2765.65,CARD,6,FAILED,TEMPORARY_BANK_ERROR,0
TXN_0006302,CUST_00627,MEDIUM_RELIABILITY,0.68,1689.27,2055.05,CARD,4,FAILED,TECHNICAL_ERROR,1
TXN_0006309,CUST_00628,MEDIUM_RELIABILITY,0.8,4587.91,8357.69,CARD,15,FAILED,INSUFFICIENT_FUNDS,1
TXN_0006313,CUST_00628,MEDIUM_RELIABILITY,0.8,4587.91,3745.8,CARD,7,FAILED,NETWORK_TIMEOUT,0
TXN_0006314,CUST_00628,MEDIUM_RELIABILITY,0.8,4587.91,2720.48,CARD,22,FAILED,INSUFFICIENT_FUNDS,0
TXN_0006316,CUST_00628,MEDIUM_RELIABILITY,0.8,4587.91,6074.87,CARD,7,FAILED,NETWORK_TIMEOUT,0
TXN_0006317,CUST_00628,MEDIUM_RELIABILITY,0.8,4587.91,2467.47,WALLET,11,FAILED,NETWORK_TIMEOUT,1
TXN_0006321,CUST_00629,HIGH_RELIABILITY,0.9,7882.32,16916.13,CARD,12,FAILED,TEMPORARY_BANK_ERROR,1
TXN_0006324,CUST_00629,HIGH_RELIABILITY,0.9,7882.32,6765.53,CARD,19,FAILED,TEMPORARY_BANK_ERROR,0
TXN_0006326,CUST_00629,HIGH_RELIABILITY,0.9,7882.32,8913.56,UPI,21,FAILED,INSUFFICIENT_FUNDS,0
TXN_0006342,CUST_00631,MEDIUM_RELIABILITY,0.71,8076.81,4805.24,UPI,2,FAILED,TECHNICAL_ERROR,1
TXN_0006346,CUST_00632,HIGH_RELIABILITY,0.91,7373.08,7017.44,CARD,1,FAILED,TECHNICAL_ERROR,1
TXN_0006351,CUST_00633,LOW_RELIABILITY,0.35,692.64,800.36,UPI,12,FAILED,NETWORK_TIMEOUT,1
TXN_0006352,CUST_00633,LOW_RELIABILITY,0.35,692.64,367.41,UPI,11,FAILED,NETWORK_TIMEOUT,0
TXN_0006353,CUST_00633,LOW_RELIABILITY,0.35,692.64,1000.9,UPI,9,FAILED,USER_ABANDONMENT,1
TXN_0006354,CUST_00633,LOW_RELIABILITY,0.35,692.64,672.94,UPI,12,FAILED,USER_ABANDONMENT,0
TXN_0006356,CUST_00633,LOW_RELIABILITY,0.35,692.64,615.52,UPI,20,FAILED,INSUFFICIENT_FUNDS,0
TXN_0006358,CUST_00633,LOW_RELIABILITY,0.35,692.64,909.62,CARD,14,FAILED,USER_ABANDONMENT,1
TXN_0006359,CUST_00633,LOW_RELIABILITY,0.35,692.64,785.47,UPI,1,FAILED,TECHNICAL_ERROR,3
TXN_0006364,CUST_00634,MEDIUM_RELIABILITY,0.74,5059.42,5063.94,UPI,4,FAILED,TECHNICAL_ERROR,0
TXN_0006366,CUST_00634,MEDIUM_RELIABILITY,0.74,5059.42,4134.12,WALLET,2,FAILED,NETWORK_TIMEOUT,0
TXN_0006369,CUST_00634,MEDIUM_RELIABILITY,0.74,5059.42,7711.78,UPI,2,FAILED,AUTHENTICATION_FAILURE,0
TXN_0006371,CUST_00634,MEDIUM_RELIABILITY,0.74,5059.42,2516.42,UPI,2,FAILED,AUTHENTICATION_FAILURE,0
TXN_0006372,CUST_00634,MEDIUM_RELIABILITY,0.74,5059.42,7668.47,CARD,9,FAILED,INSUFFICIENT_FUNDS,0
TXN_0006374,CUST_00635,MEDIUM_RELIABILITY,0.78,3270.79,4056.74,NET_BANKING,16,FAILED,TEMPORARY_BANK_ERROR,1
TXN_0006375,CUST_00635,MEDIUM_RELIABILITY,0.78,3270.79,2085.17,CARD,7,FAILED,TEMPORARY_BANK_ERROR,0
TXN_0006387,CUST_00636,HIGH_RELIABILITY,0.96,13041.71,20843.04,UPI,12,FAILED,TEMPORARY_BANK_ERROR,0
TXN_0006392,CUST_00637,HIGH_RELIABILITY,0.97,1554.66,1831.3,UPI,4,FAILED,NETWORK_TIMEOUT,0
TXN_0006394,CUST_00637,HIGH_RELIABILITY,0.97,1554.66,969.24,CARD,4,FAILED,TECHNICAL_ERROR,0
TXN_0006413,CUST_00639,MEDIUM_RELIABILITY,0.7,9873.29,7664.98,UPI,6,FAILED,AUTHENTICATION_FAILURE,1
TXN_0006414,CUST_00639,MEDIUM_RELIABILITY,0.7,9873.29,8055.39,CARD,11,FAILED,AUTHENTICATION_FAILURE,1
TXN_0006415,CUST_00639,MEDIUM_RELIABILITY,0.7,9873.29,13942.07,CARD,7,FAILED,INSUFFICIENT_FUNDS,1
TXN_0006420,CUST_00640,MEDIUM_RELIABILITY,0.68,5239.44,6590.57,UPI,2,FAILED,USER_ABANDONMENT,0
TXN_0006423,CUST_00640,MEDIUM_RELIABILITY,0.68,5239.44,5406.92,UPI,3,FAILED,USER_ABANDONMENT,0
TXN_0006431,CUST_00641,MEDIUM_RELIABILITY,0.79,7173.42,6964.36,UPI,7,FAILED,TEMPORARY_BANK_ERROR,2
TXN_0006432,CUST_00642,MEDIUM_RELIABILITY,0.77,592.82,1040.82,CARD,18,FAILED,TEMPORARY_BANK_ERROR,0
TXN_0006444,CUST_00643,MEDIUM_RELIABILITY,0.72,5418.26,10207.69,CARD,16,FAILED,NETWORK_TIMEOUT,1
TXN_0006463,CUST_00646,MEDIUM_RELIABILITY,0.74,1760.8,1495.0,UPI,21,FAILED,AUTHENTICATION_FAILURE,0
TXN_0006466,CUST_00646,MEDIUM_RELIABILITY,0.74,1760.8,1239.44,CARD,21,FAILED,AUTHENTICATION_FAILURE,0
TXN_0006468,CUST_00646,MEDIUM_RELIABILITY,0.74,1760.8,2449.52,UPI,12,FAILED,NETWORK_TIMEOUT,1
TXN_0006471,CUST_00646,MEDIUM_RELIABILITY,0.74,1760.8,484.58,CARD,2,FAILED,TEMPORARY_BANK_ERROR,3
TXN_0006476,CUST_00646,MEDIUM_RELIABILITY,0.74,1760.8,1802.99,UPI,23,FAILED,TEMPORARY_BANK_ERROR,0
TXN_0006478,CUST_00647,MEDIUM_RELIABILITY,0.77,7049.92,7283.73,WALLET,2,FAILED,TEMPORARY_BANK_ERROR,0
TXN_0006480,CUST_00647,MEDIUM_RELIABILITY,0.77,7049.92,11285.38,UPI,0,FAILED,NETWORK_TIMEOUT,2
TXN_0006481,CUST_00647,MEDIUM_RELIABILITY,0.77,7049.92,11029.9,UPI,1,FAILED,INSUFFICIENT_FUNDS,2
TXN_0006485,CUST_00647,MEDIUM_RELIABILITY,0.77,7049.92,2670.41,UPI,4,FAILED,USER_ABANDONMENT,0
TXN_0006490,CUST_00647,MEDIUM_RELIABILITY,0.77,7049.92,6533.17,CARD,21,FAILED,USER_ABANDONMENT,2
TXN_0006492,CUST_00648,MEDIUM_RELIABILITY,0.83,2401.43,3310.06,UPI,15,FAILED,AUTHENTICATION_FAILURE,0
TXN_0006498,CUST_00649,MEDIUM_RELIABILITY,0.69,1493.39,1543.49,CARD,9,FAILED,TEMPORARY_BANK_ERROR,0
TXN_0006499,CUST_00649,MEDIUM_RELIABILITY,0.69,1493.39,848.0,NET_BANKING,9,FAILED,TECHNICAL_ERROR,2
TXN_0006500,CUST_00649,MEDIUM_RELIABILITY,0.69,1493.39,790.05,UPI,19,FAILED,NETWORK_TIMEOUT,1
TXN_0006501,CUST_00649,MEDIUM_RELIABILITY,0.69,1493.39,1240.3,UPI,12,FAILED,NETWORK_TIMEOUT,1
TXN_0006502,CUST_00650,MEDIUM_RELIABILITY,0.79,7211.52,5800.5,CARD,2,FAILED,INSUFFICIENT_FUNDS,0
TXN_0006505,CUST_00650,MEDIUM_RELIABILITY,0.79,7211.52,7439.54,UPI,20,FAILED,NETWORK_TIMEOUT,2
TXN_0006506,CUST_00650,MEDIUM_RELIABILITY,0.79,7211.52,6380.3,UPI,7,FAILED,NETWORK_TIMEOUT,0
TXN_0006508,CUST_00650,MEDIUM_RELIABILITY,0.79,7211.52,4351.35,CARD,12,FAILED,INSUFFICIENT_FUNDS,1
TXN_0006509,CUST_00650,MEDIUM_RELIABILITY,0.79,7211.52,7515.21,UPI,10,FAILED,AUTHENTICATION_FAILURE,1
TXN_0006516,CUST_00652,HIGH_RELIABILITY,0.89,8578.15,11754.39,UPI,1,FAILED,TEMPORARY_BANK_ERROR,3
TXN_0006525,CUST_00652,HIGH_RELIABILITY,0.89,8578.15,8294.39,CARD,21,FAILED,NETWORK_TIMEOUT,3
TXN_0006536,CUST_00654,MEDIUM_RELIABILITY,0.81,8116.42,7249.14,UPI,21,FAILED,TEMPORARY_BANK_ERROR,0
TXN_0006537,CUST_00654,MEDIUM_RELIABILITY,0.81,8116.42,9546.06,UPI,17,FAILED,TEMPORARY_BANK_ERROR,0
TXN_0006544,CUST_00655,HIGH_RELIABILITY,0.92,12407.55,25493.39,UPI,21,FAILED,USER_ABANDONMENT,1
TXN_0006551,CUST_00655,HIGH_RELIABILITY,0.92,12407.55,10022.45,CARD,7,FAILED,TECHNICAL_ERROR,0
TXN_0006559,CUST_00656,HIGH_RELIABILITY,0.89,13527.43,8314.52,CARD,17,FAILED,TEMPORARY_BANK_ERROR,0
TXN_0006568,CUST_00656,HIGH_RELIABILITY,0.89,13527.43,13584.49,UPI,18,FAILED,USER_ABANDONMENT,0
TXN_0006573,CUST_00657,MEDIUM_RELIABILITY,0.77,8264.33,7161.91,UPI,20,FAILED,NETWORK_TIMEOUT,2
TXN_0006575,CUST_00657,MEDIUM_RELIABILITY,0.77,8264.33,11170.12,UPI,23,FAILED,NETWORK_TIMEOUT,0
TXN_0006578,CUST_00657,MEDIUM_RELIABILITY,0.77,8264.33,9193.94,UPI,13,FAILED,TEMPORARY_BANK_ERROR,1
TXN_0006579,CUST_00658,LOW_RELIABILITY,0.48,4576.33,4076.58,UPI,17,FAILED,NETWORK_TIMEOUT,1
TXN_0006580,CUST_00658,LOW_RELIABILITY,0.48,4576.33,5647.23,CARD,6,FAILED,NETWORK_TIMEOUT,1
TXN_0006581,CUST_00658,LOW_RELIABILITY,0.48,4576.33,5091.06,CARD,12,FAILED,NETWORK_TIMEOUT,1
TXN_0006582,CUST_00658,LOW_RELIABILITY,0.48,4576.33,7930.89,CARD,5,FAILED,USER_ABANDONMENT,0
TXN_0006583,CUST_00658,LOW_RELIABILITY,0.48,4576.33,1775.11,UPI,5,FAILED,TEMPORARY_BANK_ERROR,0
TXN_0006584,CUST_00658,LOW_RELIABILITY,0.48,4576.33,4352.21,UPI,16,FAILED,TEMPORARY_BANK_ERROR,0
TXN_0006593,CUST_00660,MEDIUM_RELIABILITY,0.67,1073.34,1538.96,UPI,19,FAILED,TEMPORARY_BANK_ERROR,0
TXN_0006599,CUST_00660,MEDIUM_RELIABILITY,0.67,1073.34,1273.95,UPI,5,FAILED,NETWORK_TIMEOUT,0
TXN_0006609,CUST_00662,LOW_RELIABILITY,0.6,1690.66,1594.83,WALLET,11,FAILED,TEMPORARY_BANK_ERROR,0
TXN_0006610,CUST_00662,LOW_RELIABILITY,0.6,1690.66,2284.3,CARD,1,FAILED,TEMPORARY_BANK_ERROR,0
TXN_0006612,CUST_00662,LOW_RELIABILITY,0.6,1690.66,1675.76,CARD,19,FAILED,TEMPORARY_BANK_ERROR,0
TXN_0006613,CUST_00662,LOW_RELIABILITY,0.6,1690.66,494.94,CARD,20,FAILED,TEMPORARY_BANK_ERROR,0
TXN_0006615,CUST_00663,LOW_RELIABILITY,0.63,2490.89,4230.39,UPI,15,FAILED,AUTHENTICATION_FAILURE,0
TXN_0006618,CUST_00663,LOW_RELIABILITY,0.63,2490.89,2377.71,UPI,0,FAILED,USER_ABANDONMENT,1
TXN_0006622,CUST_00663,LOW_RELIABILITY,0.63,2490.89,1709.58,UPI,12,FAILED,AUTHENTICATION_FAILURE,1
TXN_0006623,CUST_00663,LOW_RELIABILITY,0.63,2490.89,2021.85,UPI,23,FAILED,NETWORK_TIMEOUT,1
TXN_0006627,CUST_00663,LOW_RELIABILITY,0.63,2490.89,3245.16,CARD,10,FAILED,TEMPORARY_BANK_ERROR,0
TXN_0006628,CUST_00663,LOW_RELIABILITY,0.63,2490.89,2239.19,NET_BANKING,13,FAILED,TEMPORARY_BANK_ERROR,0
TXN_0006631,CUST_00664,HIGH_RELIABILITY,0.9,12055.78,12046.96,NET_BANKING,19,FAILED,TEMPORARY_BANK_ERROR,0
TXN_0006633,CUST_00664,HIGH_RELIABILITY,0.9,12055.78,12315.69,CARD,14,FAILED,INSUFFICIENT_FUNDS,0
TXN_0006641,CUST_00664,HIGH_RELIABILITY,0.9,12055.78,11714.18,CARD,6,FAILED,TEMPORARY_BANK_ERROR,1
TXN_0006643,CUST_00665,MEDIUM_RELIABILITY,0.79,5232.86,5458.29,CARD,22,FAILED,TEMPORARY_BANK_ERROR,1
TXN_0006646,CUST_00665,MEDIUM_RELIABILITY,0.79,5232.86,9581.04,UPI,19,FAILED,TECHNICAL_ERROR,1
TXN_0006647,CUST_00665,MEDIUM_RELIABILITY,0.79,5232.86,9851.32,CARD,8,FAILED,AUTHENTICATION_FAILURE,0
TXN_0006650,CUST_00665,MEDIUM_RELIABILITY,0.79,5232.86,7821.73,WALLET,4,FAILED,TEMPORARY_BANK_ERROR,0
TXN_0006654,CUST_00666,HIGH_RELIABILITY,0.94,11068.82,9091.3,NET_BANKING,11,FAILED,TEMPORARY_BANK_ERROR,0
TXN_0006663,CUST_00667,HIGH_RELIABILITY,0.91,14948.67,11919.26,CARD,10,FAILED,NETWORK_TIMEOUT,0
TXN_0006671,CUST_00667,HIGH_RELIABILITY,0.91,14948.67,18205.24,UPI,4,FAILED,INSUFFICIENT_FUNDS,0
TXN_0006679,CUST_00668,MEDIUM_RELIABILITY,0.86,6678.09,6695.14,UPI,20,FAILED,TEMPORARY_BANK_ERROR,0
TXN_0006680,CUST_00668,MEDIUM_RELIABILITY,0.86,6678.09,1740.96,CARD,4,FAILED,INSUFFICIENT_FUNDS,1
TXN_0006686,CUST_00668,MEDIUM_RELIABILITY,0.86,6678.09,4041.46,NET_BANKING,14,FAILED,TEMPORARY_BANK_ERROR,1
TXN_0006689,CUST_00669,MEDIUM_RELIABILITY,0.69,6962.17,7554.86,NET_BANKING,4,FAILED,TECHNICAL_ERROR,0
TXN_0006691,CUST_00669,MEDIUM_RELIABILITY,0.69,6962.17,6477.95,CARD,8,FAILED,USER_ABANDONMENT,1
TXN_0006692,CUST_00669,MEDIUM_RELIABILITY,0.69,6962.17,10689.97,NET_BANKING,6,FAILED,AUTHENTICATION_FAILURE,0
TXN_0006694,CUST_00669,MEDIUM_RELIABILITY,0.69,6962.17,3203.7,WALLET,16,FAILED,TECHNICAL_ERROR,0
TXN_0006699,CUST_00669,MEDIUM_RELIABILITY,0.69,6962.17,5822.21,NET_BANKING,19,FAILED,INSUFFICIENT_FUNDS,0
TXN_0006701,CUST_00669,MEDIUM_RELIABILITY,0.69,6962.17,1725.81,UPI,6,FAILED,INSUFFICIENT_FUNDS,1
TXN_0006703,CUST_00670,MEDIUM_RELIABILITY,0.67,791.2,827.58,NET_BANKING,0,FAILED,USER_ABANDONMENT,0
TXN_0006709,CUST_00671,MEDIUM_RELIABILITY,0.71,4894.92,3879.44,UPI,20,FAILED,NETWORK_TIMEOUT,0
TXN_0006715,CUST_00671,MEDIUM_RELIABILITY,0.71,4894.92,6532.73,UPI,1,FAILED,INSUFFICIENT_FUNDS,0
TXN_0006717,CUST_00671,MEDIUM_RELIABILITY,0.71,4894.92,3425.03,UPI,14,FAILED,USER_ABANDONMENT,0
TXN_0006720,CUST_00671,MEDIUM_RELIABILITY,0.71,4894.92,6966.06,NET_BANKING,21,FAILED,USER_ABANDONMENT,0
TXN_0006721,CUST_00671,MEDIUM_RELIABILITY,0.71,4894.92,3853.0,CARD,22,FAILED,AUTHENTICATION_FAILURE,0
TXN_0006723,CUST_00672,LOW_RELIABILITY,0.6,5144.75,2831.92,NET_BANKING,13,FAILED,INSUFFICIENT_FUNDS,0
TXN_0006724,CUST_00672,LOW_RELIABILITY,0.6,5144.75,5922.73,NET_BANKING,14,FAILED,AUTHENTICATION_FAILURE,0
TXN_0006725,CUST_00672,LOW_RELIABILITY,0.6,5144.75,10206.92,CARD,5,FAILED,INSUFFICIENT_FUNDS,0
TXN_0006726,CUST_00672,LOW_RELIABILITY,0.6,5144.75,6752.99,UPI,0,FAILED,TECHNICAL_ERROR,0
TXN_0006732,CUST_00673,MEDIUM_RELIABILITY,0.81,4542.19,100.0,CARD,9,FAILED,NETWORK_TIMEOUT,0
TXN_0006736,CUST_00674,MEDIUM_RELIABILITY,0.73,4024.87,2376.68,CARD,6,FAILED,USER_ABANDONMENT,0
TXN_0006738,CUST_00674,MEDIUM_RELIABILITY,0.73,4024.87,955.93,UPI,14,FAILED,USER_ABANDONMENT,0
TXN_0006739,CUST_00674,MEDIUM_RELIABILITY,0.73,4024.87,3882.59,CARD,20,FAILED,NETWORK_TIMEOUT,1
TXN_0006740,CUST_00674,MEDIUM_RELIABILITY,0.73,4024.87,7583.97,NET_BANKING,22,FAILED,NETWORK_TIMEOUT,2
TXN_0006748,CUST_00675,LOW_RELIABILITY,0.64,472.74,668.01,WALLET,3,FAILED,AUTHENTICATION_FAILURE,0
TXN_0006750,CUST_00675,LOW_RELIABILITY,0.64,472.74,381.98,CARD,12,FAILED,AUTHENTICATION_FAILURE,0
TXN_0006751,CUST_00675,LOW_RELIABILITY,0.64,472.74,336.29,UPI,2,FAILED,TEMPORARY_BANK_ERROR,0
TXN_0006752,CUST_00675,LOW_RELIABILITY,0.64,472.74,499.0,NET_BANKING,4,FAILED,AUTHENTICATION_FAILURE,0
TXN_0006753,CUST_00675,LOW_RELIABILITY,0.64,472.74,629.97,NET_BANKING,1,FAILED,AUTHENTICATION_FAILURE,1
TXN_0006762,CUST_00676,HIGH_RELIABILITY,0.98,9101.46,6003.41,NET_BANKING,0,FAILED,AUTHENTICATION_FAILURE,0
TXN_0006770,CUST_00677,HIGH_RELIABILITY,0.93,11153.61,5246.88,CARD,13,FAILED,TEMPORARY_BANK_ERROR,0
TXN_0006771,CUST_00677,HIGH_RELIABILITY,0.93,11153.61,19218.25,CARD,3,FAILED,TECHNICAL_ERROR,0
TXN_0006772,CUST_00677,HIGH_RELIABILITY,0.93,11153.61,18476.75,CARD,1,FAILED,AUTHENTICATION_FAILURE,2
TXN_0006781,CUST_00678,LOW_RELIABILITY,0.49,6139.28,6507.97,UPI,8,FAILED,TECHNICAL_ERROR,1
TXN_0006782,CUST_00678,LOW_RELIABILITY,0.49,6139.28,7888.93,WALLET,20,FAILED,NETWORK_TIMEOUT,1
TXN_0006785,CUST_00678,LOW_RELIABILITY,0.49,6139.28,3756.57,NET_BANKING,13,FAILED,TEMPORARY_BANK_ERROR,0
TXN_0006786,CUST_00678,LOW_RELIABILITY,0.49,6139.28,2817.03,UPI,17,FAILED,USER_ABANDONMENT,0
TXN_0006787,CUST_00678,LOW_RELIABILITY,0.49,6139.28,6504.64,UPI,23,FAILED,TEMPORARY_BANK_ERROR,0
TXN_0006789,CUST_00678,LOW_RELIABILITY,0.49,6139.28,6353.89,CARD,4,FAILED,NETWORK_TIMEOUT,0
TXN_0006790,CUST_00678,LOW_RELIABILITY,0.49,6139.28,6099.86,UPI,23,FAILED,TEMPORARY_BANK_ERROR,0
TXN_0006791,CUST_00678,LOW_RELIABILITY,0.49,6139.28,12483.79,UPI,10,FAILED,USER_ABANDONMENT,0
TXN_0006792,CUST_00678,LOW_RELIABILITY,0.49,6139.28,2872.63,UPI,20,FAILED,TEMPORARY_BANK_ERROR,1
TXN_0006793,CUST_00678,LOW_RELIABILITY,0.49,6139.28,1252.55,CARD,7,FAILED,NETWORK_TIMEOUT,1
TXN_0006804,CUST_00680,MEDIUM_RELIABILITY,0.71,6127.33,8469.7,CARD,7,FAILED,NETWORK_TIMEOUT,0
TXN_0006805,CUST_00680,MEDIUM_RELIABILITY,0.71,6127.33,5988.15,UPI,13,FAILED,USER_ABANDONMENT,0
TXN_0006806,CUST_00680,MEDIUM_RELIABILITY,0.71,6127.33,3944.93,CARD,20,FAILED,AUTHENTICATION_FAILURE,0
TXN_0006809,CUST_00680,MEDIUM_RELIABILITY,0.71,6127.33,7733.26,NET_BANKING,18,FAILED,INSUFFICIENT_FUNDS,1
TXN_0006811,CUST_00680,MEDIUM_RELIABILITY,0.71,6127.33,2883.15,NET_BANKING,22,FAILED,TECHNICAL_ERROR,2
TXN_0006816,CUST_00680,MEDIUM_RELIABILITY,0.71,6127.33,7065.85,CARD,4,FAILED,INSUFFICIENT_FUNDS,0
TXN_0006825,CUST_00681,HIGH_RELIABILITY,0.98,3949.27,1793.8,CARD,11,FAILED,AUTHENTICATION_FAILURE,0
TXN_0006826,CUST_00682,MEDIUM_RELIABILITY,0.79,6499.82,4086.4,UPI,12,FAILED,TEMPORARY_BANK_ERROR,0
TXN_0006830,CUST_00682,MEDIUM_RELIABILITY,0.79,6499.82,7296.3,WALLET,10,FAILED,INSUFFICIENT_FUNDS,1
TXN_0006835,CUST_00682,MEDIUM_RELIABILITY,0.79,6499.82,10738.04,CARD,14,FAILED,NETWORK_TIMEOUT,1
TXN_0006836,CUST_00682,MEDIUM_RELIABILITY,0.79,6499.82,7462.68,CARD,9,FAILED,USER_ABANDONMENT,2
TXN_0006839,CUST_00682,MEDIUM_RELIABILITY,0.79,6499.82,7529.17,WALLET,9,FAILED,NETWORK_TIMEOUT,2
TXN_0006854,CUST_00683,HIGH_RELIABILITY,0.96,2841.95,153.63,UPI,20,FAILED,INSUFFICIENT_FUNDS,0
TXN_0006862,CUST_00684,HIGH_RELIABILITY,0.96,13726.46,15158.22,CARD,6,FAILED,TEMPORARY_BANK_ERROR,0
TXN_0006871,CUST_00685,MEDIUM_RELIABILITY,0.69,2756.66,2096.96,CARD,15,FAILED,AUTHENTICATION_FAILURE,0
TXN_0006873,CUST_00685,MEDIUM_RELIABILITY,0.69,2756.66,3433.1,UPI,11,FAILED,NETWORK_TIMEOUT,0
TXN_0006876,CUST_00685,MEDIUM_RELIABILITY,0.69,2756.66,1757.87,UPI,16,FAILED,AUTHENTICATION_FAILURE,0
TXN_0006882,CUST_00685,MEDIUM_RELIABILITY,0.69,2756.66,3573.75,CARD,7,FAILED,USER_ABANDONMENT,1
TXN_0006884,CUST_00685,MEDIUM_RELIABILITY,0.69,2756.66,2922.58,WALLET,19,FAILED,TEMPORARY_BANK_ERROR,2
TXN_0006891,CUST_00686,MEDIUM_RELIABILITY,0.86,2219.28,2009.3,UPI,23,FAILED,TEMPORARY_BANK_ERROR,0
TXN_0006904,CUST_00688,MEDIUM_RELIABILITY,0.7,8772.12,11341.13,CARD,17,FAILED,TEMPORARY_BANK_ERROR,0
TXN_0006908,CUST_00688,MEDIUM_RELIABILITY,0.7,8772.12,14349.51,CARD,10,FAILED,AUTHENTICATION_FAILURE,1
TXN_0006919,CUST_00690,HIGH_RELIABILITY,0.92,9301.31,9019.77,NET_BANKING,20,FAILED,TEMPORARY_BANK_ERROR,0
TXN_0006930,CUST_00691,HIGH_RELIABILITY,0.9,6475.14,6391.01,UPI,13,FAILED,NETWORK_TIMEOUT,0
TXN_0006933,CUST_00692,MEDIUM_RELIABILITY,0.86,2952.27,5294.84,UPI,7,FAILED,USER_ABANDONMENT,0
TXN_0006938,CUST_00692,MEDIUM_RELIABILITY,0.86,2952.27,2097.9,NET_BANKING,17,FAILED,USER_ABANDONMENT,2
TXN_0006944,CUST_00693,MEDIUM_RELIABILITY,0.79,3589.31,4653.64,CARD,1,FAILED,INSUFFICIENT_FUNDS,0
TXN_0006963,CUST_00696,HIGH_RELIABILITY,0.91,2028.95,1678.1,UPI,19,FAILED,TEMPORARY_BANK_ERROR,0
TXN_0006974,CUST_00697,MEDIUM_RELIABILITY,0.69,5437.85,3142.37,UPI,5,FAILED,USER_ABANDONMENT,0
TXN_0006979,CUST_00698,MEDIUM_RELIABILITY,0.72,8374.39,5420.04,UPI,12,FAILED,INSUFFICIENT_FUNDS,0
TXN_0006983,CUST_00698,MEDIUM_RELIABILITY,0.72,8374.39,12616.29,CARD,23,FAILED,AUTHENTICATION_FAILURE,0
TXN_0006985,CUST_00698,MEDIUM_RELIABILITY,0.72,8374.39,10513.35,NET_BANKING,21,FAILED,TEMPORARY_BANK_ERROR,0
TXN_0006986,CUST_00698,MEDIUM_RELIABILITY,0.72,8374.39,14061.02,NET_BANKING,3,FAILED,NETWORK_TIMEOUT,0
TXN_0006987,CUST_00698,MEDIUM_RELIABILITY,0.72,8374.39,9486.78,CARD,5,FAILED,TEMPORARY_BANK_ERROR,0
TXN_0006991,CUST_00698,MEDIUM_RELIABILITY,0.72,8374.39,6083.66,CARD,16,FAILED,AUTHENTICATION_FAILURE,0
TXN_0006993,CUST_00699,HIGH_RELIABILITY,0.93,4482.0,4590.98,CARD,21,FAILED,TECHNICAL_ERROR,0
TXN_0006997,CUST_00699,HIGH_RELIABILITY,0.93,4482.0,3701.99,UPI,1,FAILED,TEMPORARY_BANK_ERROR,0
TXN_0007003,CUST_00700,LOW_RELIABILITY,0.53,5006.09,6894.26,CARD,16,FAILED,AUTHENTICATION_FAILURE,2
TXN_0007005,CUST_00700,LOW_RELIABILITY,0.53,5006.09,4300.32,NET_BANKING,9,FAILED,TECHNICAL_ERROR,0
TXN_0007006,CUST_00700,LOW_RELIABILITY,0.53,5006.09,9307.92,CARD,19,FAILED,NETWORK_TIMEOUT,1
TXN_0007007,CUST_00700,LOW_RELIABILITY,0.53,5006.09,4818.05,CARD,14,FAILED,TEMPORARY_BANK_ERROR,0
TXN_0007009,CUST_00700,LOW_RELIABILITY,0.53,5006.09,4202.69,CARD,16,FAILED,TEMPORARY_BANK_ERROR,0
TXN_0007010,CUST_00700,LOW_RELIABILITY,0.53,5006.09,6427.02,CARD,12,FAILED,AUTHENTICATION_FAILURE,1
TXN_0007023,CUST_00702,LOW_RELIABILITY,0.36,5207.53,4905.77,UPI,21,FAILED,TEMPORARY_BANK_ERROR,0
TXN_0007026,CUST_00702,LOW_RELIABILITY,0.36,5207.53,3151.72,UPI,15,FAILED,NETWORK_TIMEOUT,0
TXN_0007027,CUST_00702,LOW_RELIABILITY,0.36,5207.53,508.69,CARD,18,FAILED,INSUFFICIENT_FUNDS,0
TXN_0007028,CUST_00702,LOW_RELIABILITY,0.36,5207.53,6105.33,UPI,12,FAILED,USER_ABANDONMENT,0
TXN_0007029,CUST_00702,LOW_RELIABILITY,0.36,5207.53,5569.86,UPI,17,FAILED,AUTHENTICATION_FAILURE,2
TXN_0007030,CUST_00702,LOW_RELIABILITY,0.36,5207.53,3919.86,UPI,23,FAILED,USER_ABANDONMENT,1
TXN_0007035,CUST_00703,MEDIUM_RELIABILITY,0.8,5008.99,8743.79,UPI,2,FAILED,NETWORK_TIMEOUT,0
TXN_0007037,CUST_00703,MEDIUM_RELIABILITY,0.8,5008.99,3607.27,UPI,14,FAILED,INSUFFICIENT_FUNDS,0
TXN_0007038,CUST_00703,MEDIUM_RELIABILITY,0.8,5008.99,4589.49,UPI,6,FAILED,INSUFFICIENT_FUNDS,0
TXN_0007053,CUST_00705,MEDIUM_RELIABILITY,0.78,8748.58,10894.66,UPI,13,FAILED,TEMPORARY_BANK_ERROR,0
TXN_0007057,CUST_00705,MEDIUM_RELIABILITY,0.78,8748.58,100.0,UPI,13,FAILED,TECHNICAL_ERROR,0
TXN_0007066,CUST_00706,HIGH_RELIABILITY,0.9,2566.87,3312.81,WALLET,7,FAILED,INSUFFICIENT_FUNDS,0
TXN_0007069,CUST_00707,MEDIUM_RELIABILITY,0.71,1042.33,712.95,UPI,21,FAILED,NETWORK_TIMEOUT,0
TXN_0007073,CUST_00708,MEDIUM_RELIABILITY,0.77,9397.75,13239.41,CARD,3,FAILED,USER_ABANDONMENT,3
TXN_0007074,CUST_00708,MEDIUM_RELIABILITY,0.77,9397.75,10191.71,UPI,20,FAILED,TECHNICAL_ERROR,1
TXN_0007086,CUST_00708,MEDIUM_RELIABILITY,0.77,9397.75,5128.78,CARD,10,FAILED,NETWORK_TIMEOUT,0
TXN_0007088,CUST_00709,LOW_RELIABILITY,0.36,1030.35,776.44,NET_BANKING,19,FAILED,AUTHENTICATION_FAILURE,0
TXN_0007090,CUST_00709,LOW_RELIABILITY,0.36,1030.35,712.83,UPI,21,FAILED,USER_ABANDONMENT,0
TXN_0007091,CUST_00709,LOW_RELIABILITY,0.36,1030.35,1501.58,CARD,20,FAILED,AUTHENTICATION_FAILURE,0
TXN_0007096,CUST_00710,MEDIUM_RELIABILITY,0.75,9371.81,8544.97,UPI,6,FAILED,INSUFFICIENT_FUNDS,0
TXN_0007103,CUST_00710,MEDIUM_RELIABILITY,0.75,9371.81,12296.57,NET_BANKING,23,FAILED,USER_ABANDONMENT,0
TXN_0007111,CUST_00711,HIGH_RELIABILITY,0.91,8101.29,10682.14,NET_BANKING,11,FAILED,INSUFFICIENT_FUNDS,0
TXN_0007112,CUST_00712,MEDIUM_RELIABILITY,0.66,1909.26,3180.05,CARD,2,FAILED,AUTHENTICATION_FAILURE,0
TXN_0007118,CUST_00712,MEDIUM_RELIABILITY,0.66,1909.26,2519.13,UPI,20,FAILED,USER_ABANDONMENT,3
TXN_0007119,CUST_00712,MEDIUM_RELIABILITY,0.66,1909.26,2765.32,CARD,19,FAILED,TECHNICAL_ERROR,0
TXN_0007122,CUST_00713,LOW_RELIABILITY,0.64,6762.81,9991.68,UPI,19,FAILED,AUTHENTICATION_FAILURE,0
TXN_0007127,CUST_00713,LOW_RELIABILITY,0.64,6762.81,7908.45,CARD,7,FAILED,NETWORK_TIMEOUT,0
TXN_0007131,CUST_00713,LOW_RELIABILITY,0.64,6762.81,2198.51,NET_BANKING,9,FAILED,AUTHENTICATION_FAILURE,2
TXN_0007133,CUST_00714,MEDIUM_RELIABILITY,0.65,9542.21,12868.84,CARD,6,FAILED,TEMPORARY_BANK_ERROR,1
TXN_0007135,CUST_00714,MEDIUM_RELIABILITY,0.65,9542.21,5262.97,WALLET,8,FAILED,NETWORK_TIMEOUT,2
TXN_0007137,CUST_00714,MEDIUM_RELIABILITY,0.65,9542.21,17318.01,CARD,23,FAILED,NETWORK_TIMEOUT,1
TXN_0007138,CUST_00714,MEDIUM_RELIABILITY,0.65,9542.21,10103.59,NET_BANKING,5,FAILED,AUTHENTICATION_FAILURE,0
TXN_0007140,CUST_00714,MEDIUM_RELIABILITY,0.65,9542.21,10312.22,UPI,14,FAILED,NETWORK_TIMEOUT,1
TXN_0007147,CUST_00715,MEDIUM_RELIABILITY,0.79,8745.22,8382.07,UPI,10,FAILED,INSUFFICIENT_FUNDS,1
TXN_0007148,CUST_00715,MEDIUM_RELIABILITY,0.79,8745.22,4615.87,CARD,10,FAILED,INSUFFICIENT_FUNDS,1
TXN_0007149,CUST_00715,MEDIUM_RELIABILITY,0.79,8745.22,14314.26,CARD,0,FAILED,INSUFFICIENT_FUNDS,0
TXN_0007159,CUST_00716,HIGH_RELIABILITY,0.93,8218.34,7850.66,WALLET,2,FAILED,AUTHENTICATION_FAILURE,1
TXN_0007193,CUST_00719,MEDIUM_RELIABILITY,0.72,7194.47,13097.52,CARD,11,FAILED,USER_ABANDONMENT,1
TXN_0007198,CUST_00720,LOW_RELIABILITY,0.41,4779.34,4185.94,UPI,19,FAILED,INSUFFICIENT_FUNDS,0
TXN_0007199,CUST_00720,LOW_RELIABILITY,0.41,4779.34,6463.7,CARD,22,FAILED,TEMPORARY_BANK_ERROR,0
TXN_0007200,CUST_00720,LOW_RELIABILITY,0.41,4779.34,5812.8,WALLET,6,FAILED,NETWORK_TIMEOUT,0
TXN_0007203,CUST_00720,LOW_RELIABILITY,0.41,4779.34,3525.06,NET_BANKING,9,FAILED,NETWORK_TIMEOUT,0
TXN_0007204,CUST_00720,LOW_RELIABILITY,0.41,4779.34,7205.82,UPI,21,FAILED,TEMPORARY_BANK_ERROR,0
TXN_0007205,CUST_00720,LOW_RELIABILITY,0.41,4779.34,3828.6,UPI,17,FAILED,TEMPORARY_BANK_ERROR,1
TXN_0007206,CUST_00720,LOW_RELIABILITY,0.41,4779.34,5341.55,WALLET,19,FAILED,INSUFFICIENT_FUNDS,1
TXN_0007214,CUST_00721,MEDIUM_RELIABILITY,0.86,1392.06,1138.61,UPI,4,FAILED,USER_ABANDONMENT,0
TXN_0007216,CUST_00721,MEDIUM_RELIABILITY,0.86,1392.06,1496.44,UPI,9,FAILED,NETWORK_TIMEOUT,0
TXN_0007217,CUST_00721,MEDIUM_RELIABILITY,0.86,1392.06,1421.27,UPI,6,FAILED,INSUFFICIENT_FUNDS,1
TXN_0007234,CUST_00723,MEDIUM_RELIABILITY,0.84,2182.92,2379.61,NET_BANKING,2,FAILED,TEMPORARY_BANK_ERROR,2
TXN_0007243,CUST_00723,MEDIUM_RELIABILITY,0.84,2182.92,1171.26,UPI,19,FAILED,NETWORK_TIMEOUT,0
TXN_0007251,CUST_00724,MEDIUM_RELIABILITY,0.8,8462.1,10143.13,UPI,4,FAILED,TEMPORARY_BANK_ERROR,0
TXN_0007257,CUST_00725,MEDIUM_RELIABILITY,0.86,6990.86,8353.29,NET_BANKING,4,FAILED,NETWORK_TIMEOUT,0
TXN_0007280,CUST_00728,HIGH_RELIABILITY,0.88,14033.28,10631.14,UPI,18,FAILED,USER_ABANDONMENT,1
TXN_0007294,CUST_00730,MEDIUM_RELIABILITY,0.7,6759.41,4754.57,UPI,9,FAILED,NETWORK_TIMEOUT,0
TXN_0007299,CUST_00731,LOW_RELIABILITY,0.46,4628.38,8088.68,UPI,9,FAILED,USER_ABANDONMENT,0
TXN_0007302,CUST_00731,LOW_RELIABILITY,0.46,4628.38,922.45,NET_BANKING,19,FAILED,TEMPORARY_BANK_ERROR,0
TXN_0007304,CUST_00731,LOW_RELIABILITY,0.46,4628.38,3400.63,NET_BANKING,0,FAILED,TEMPORARY_BANK_ERROR,1
TXN_0007305,CUST_00731,LOW_RELIABILITY,0.46,4628.38,5013.2,UPI,20,FAILED,INSUFFICIENT_FUNDS,0
TXN_0007308,CUST_00731,LOW_RELIABILITY,0.46,4628.38,1268.39,UPI,23,FAILED,INSUFFICIENT_FUNDS,0
TXN_0007309,CUST_00731,LOW_RELIABILITY,0.46,4628.38,5176.26,CARD,4,FAILED,TEMPORARY_BANK_ERROR,1
TXN_0007312,CUST_00732,HIGH_RELIABILITY,0.89,10209.83,3442.17,UPI,4,FAILED,TEMPORARY_BANK_ERROR,0
TXN_0007313,CUST_00732,HIGH_RELIABILITY,0.89,10209.83,12134.96,CARD,22,FAILED,TEMPORARY_BANK_ERROR,0
TXN_0007329,CUST_00733,HIGH_RELIABILITY,0.99,1674.97,230.18,NET_BANKING,8,FAILED,AUTHENTICATION_FAILURE,1
TXN_0007335,CUST_00734,HIGH_RELIABILITY,0.99,6696.71,7604.14,CARD,6,FAILED,TECHNICAL_ERROR,0
TXN_0007348,CUST_00735,HIGH_RELIABILITY,0.98,11953.4,14933.82,NET_BANKING,19,FAILED,INSUFFICIENT_FUNDS,0
TXN_0007359,CUST_00736,MEDIUM_RELIABILITY,0.77,7515.27,4870.97,UPI,7,FAILED,AUTHENTICATION_FAILURE,0
TXN_0007376,CUST_00738,MEDIUM_RELIABILITY,0.72,6842.14,6020.73,CARD,10,FAILED,TEMPORARY_BANK_ERROR,1
TXN_0007388,CUST_00739,MEDIUM_RELIABILITY,0.83,7741.71,7267.11,UPI,10,FAILED,NETWORK_TIMEOUT,1
TXN_0007393,CUST_00739,MEDIUM_RELIABILITY,0.83,7741.71,4682.18,CARD,5,FAILED,TEMPORARY_BANK_ERROR,1
TXN_0007413,CUST_00742,HIGH_RELIABILITY,0.94,1080.62,1368.96,UPI,4,FAILED,NETWORK_TIMEOUT,0
TXN_0007418,CUST_00743,MEDIUM_RELIABILITY,0.72,3981.38,6358.98,UPI,1,FAILED,TEMPORARY_BANK_ERROR,2
TXN_0007423,CUST_00743,MEDIUM_RELIABILITY,0.72,3981.38,5283.24,UPI,4,FAILED,TEMPORARY_BANK_ERROR,0
TXN_0007425,CUST_00743,MEDIUM_RELIABILITY,0.72,3981.38,4470.36,CARD,16,FAILED,AUTHENTICATION_FAILURE,0
TXN_0007429,CUST_00743,MEDIUM_RELIABILITY,0.72,3981.38,3492.07,UPI,16,FAILED,NETWORK_TIMEOUT,0
TXN_0007440,CUST_00745,MEDIUM_RELIABILITY,0.74,4762.59,6461.58,CARD,22,FAILED,USER_ABANDONMENT,0
TXN_0007444,CUST_00745,MEDIUM_RELIABILITY,0.74,4762.59,4956.2,CARD,18,FAILED,INSUFFICIENT_FUNDS,2
TXN_0007445,CUST_00745,MEDIUM_RELIABILITY,0.74,4762.59,6986.18,CARD,22,FAILED,USER_ABANDONMENT,0
TXN_0007447,CUST_00745,MEDIUM_RELIABILITY,0.74,4762.59,3457.66,WALLET,21,FAILED,TEMPORARY_BANK_ERROR,0
TXN_0007449,CUST_00746,MEDIUM_RELIABILITY,0.7,4045.89,5284.58,CARD,8,FAILED,TEMPORARY_BANK_ERROR,2
TXN_0007452,CUST_00746,MEDIUM_RELIABILITY,0.7,4045.89,902.24,CARD,12,FAILED,TEMPORARY_BANK_ERROR,0
TXN_0007455,CUST_00746,MEDIUM_RELIABILITY,0.7,4045.89,3718.0,CARD,14,FAILED,AUTHENTICATION_FAILURE,0
TXN_0007457,CUST_00746,MEDIUM_RELIABILITY,0.7,4045.89,4539.73,UPI,17,FAILED,USER_ABANDONMENT,1
TXN_0007459,CUST_00747,HIGH_RELIABILITY,0.9,2024.74,2301.53,CARD,16,FAILED,NETWORK_TIMEOUT,0
TXN_0007464,CUST_00747,HIGH_RELIABILITY,0.9,2024.74,1233.52,CARD,14,FAILED,TEMPORARY_BANK_ERROR,0
TXN_0007466,CUST_00747,HIGH_RELIABILITY,0.9,2024.74,1429.67,UPI,22,FAILED,AUTHENTICATION_FAILURE,0
TXN_0007488,CUST_00750,MEDIUM_RELIABILITY,0.73,8701.67,8675.63,UPI,4,FAILED,INSUFFICIENT_FUNDS,0
TXN_0007489,CUST_00750,MEDIUM_RELIABILITY,0.73,8701.67,9455.89,UPI,6,FAILED,NETWORK_TIMEOUT,0
TXN_0007490,CUST_00750,MEDIUM_RELIABILITY,0.73,8701.67,9730.78,UPI,0,FAILED,TEMPORARY_BANK_ERROR,1
TXN_0007491,CUST_00750,MEDIUM_RELIABILITY,0.73,8701.67,10105.42,WALLET,9,FAILED,INSUFFICIENT_FUNDS,3
TXN_0007496,CUST_00750,MEDIUM_RELIABILITY,0.73,8701.67,8489.87,UPI,0,FAILED,USER_ABANDONMENT,3
TXN_0007497,CUST_00750,MEDIUM_RELIABILITY,0.73,8701.67,8028.71,CARD,21,FAILED,INSUFFICIENT_FUNDS,1
TXN_0007500,CUST_00751,MEDIUM_RELIABILITY,0.76,5052.23,2771.38,CARD,10,FAILED,TECHNICAL_ERROR,0
TXN_0007506,CUST_00752,LOW_RELIABILITY,0.36,2520.49,2404.6,WALLET,5,FAILED,INSUFFICIENT_FUNDS,0
TXN_0007507,CUST_00752,LOW_RELIABILITY,0.36,2520.49,1026.11,NET_BANKING,12,FAILED,TEMPORARY_BANK_ERROR,0
TXN_0007514,CUST_00753,LOW_RELIABILITY,0.46,2911.99,2484.42,UPI,2,FAILED,TEMPORARY_BANK_ERROR,1
TXN_0007515,CUST_00753,LOW_RELIABILITY,0.46,2911.99,1867.65,CARD,22,FAILED,TEMPORARY_BANK_ERROR,2
TXN_0007518,CUST_00753,LOW_RELIABILITY,0.46,2911.99,3756.27,CARD,17,FAILED,INSUFFICIENT_FUNDS,0
TXN_0007519,CUST_00753,LOW_RELIABILITY,0.46,2911.99,3987.07,WALLET,13,FAILED,AUTHENTICATION_FAILURE,0
TXN_0007521,CUST_00754,MEDIUM_RELIABILITY,0.78,5569.22,2010.22,UPI,4,FAILED,TECHNICAL_ERROR,0
TXN_0007522,CUST_00754,MEDIUM_RELIABILITY,0.78,5569.22,8888.78,CARD,6,FAILED,NETWORK_TIMEOUT,0
TXN_0007524,CUST_00754,MEDIUM_RELIABILITY,0.78,5569.22,9006.11,CARD,12,FAILED,TEMPORARY_BANK_ERROR,0
TXN_0007534,CUST_00755,MEDIUM_RELIABILITY,0.78,7766.39,6511.05,CARD,17,FAILED,NETWORK_TIMEOUT,0
TXN_0007535,CUST_00755,MEDIUM_RELIABILITY,0.78,7766.39,14089.88,NET_BANKING,7,FAILED,USER_ABANDONMENT,1
TXN_0007543,CUST_00756,HIGH_RELIABILITY,0.97,11053.72,16432.23,NET_BANKING,20,FAILED,NETWORK_TIMEOUT,0
TXN_0007545,CUST_00756,HIGH_RELIABILITY,0.97,11053.72,5469.98,CARD,21,FAILED,INSUFFICIENT_FUNDS,1
TXN_0007559,CUST_00757,MEDIUM_RELIABILITY,0.86,673.21,1170.88,NET_BANKING,20,FAILED,NETWORK_TIMEOUT,0
TXN_0007563,CUST_00757,MEDIUM_RELIABILITY,0.86,673.21,677.06,CARD,3,FAILED,TEMPORARY_BANK_ERROR,0
TXN_0007565,CUST_00757,MEDIUM_RELIABILITY,0.86,673.21,1107.56,CARD,6,FAILED,NETWORK_TIMEOUT,0
TXN_0007570,CUST_00758,LOW_RELIABILITY,0.41,251.43,108.39,UPI,11,FAILED,NETWORK_TIMEOUT,0
TXN_0007571,CUST_00758,LOW_RELIABILITY,0.41,251.43,319.98,CARD,2,FAILED,TECHNICAL_ERROR,1
TXN_0007574,CUST_00758,LOW_RELIABILITY,0.41,251.43,257.91,CARD,18,FAILED,TEMPORARY_BANK_ERROR,0
TXN_0007575,CUST_00758,LOW_RELIABILITY,0.41,251.43,308.85,UPI,17,FAILED,USER_ABANDONMENT,0
TXN_0007577,CUST_00758,LOW_RELIABILITY,0.41,251.43,308.8,UPI,8,FAILED,NETWORK_TIMEOUT,3
TXN_0007581,CUST_00758,LOW_RELIABILITY,0.41,251.43,275.98,CARD,7,FAILED,TEMPORARY_BANK_ERROR,0
TXN_0007584,CUST_00759,MEDIUM_RELIABILITY,0.79,9031.29,7111.56,UPI,10,FAILED,TEMPORARY_BANK_ERROR,0
TXN_0007588,CUST_00759,MEDIUM_RELIABILITY,0.79,9031.29,11908.08,WALLET,12,FAILED,NETWORK_TIMEOUT,0
TXN_0007592,CUST_00759,MEDIUM_RELIABILITY,0.79,9031.29,7618.23,UPI,3,FAILED,TEMPORARY_BANK_ERROR,3
TXN_0007609,CUST_00761,MEDIUM_RELIABILITY,0.66,9377.14,7346.15,CARD,20,FAILED,INSUFFICIENT_FUNDS,1
TXN_0007614,CUST_00761,MEDIUM_RELIABILITY,0.66,9377.14,9137.54,WALLET,3,FAILED,INSUFFICIENT_FUNDS,0
TXN_0007617,CUST_00761,MEDIUM_RELIABILITY,0.66,9377.14,10399.75,UPI,5,FAILED,AUTHENTICATION_FAILURE,1
TXN_0007618,CUST_00761,MEDIUM_RELIABILITY,0.66,9377.14,10660.78,UPI,4,FAILED,INSUFFICIENT_FUNDS,0
TXN_0007623,CUST_00762,MEDIUM_RELIABILITY,0.73,1463.5,2110.37,UPI,4,FAILED,NETWORK_TIMEOUT,2
TXN_0007626,CUST_00762,MEDIUM_RELIABILITY,0.73,1463.5,1151.22,CARD,1,FAILED,NETWORK_TIMEOUT,2
TXN_0007628,CUST_00762,MEDIUM_RELIABILITY,0.73,1463.5,1195.31,CARD,10,FAILED,TEMPORARY_BANK_ERROR,0
TXN_0007637,CUST_00764,LOW_RELIABILITY,0.43,2289.57,2207.88,CARD,1,FAILED,INSUFFICIENT_FUNDS,0
TXN_0007640,CUST_00764,LOW_RELIABILITY,0.43,2289.57,633.48,CARD,10,FAILED,TECHNICAL_ERROR,2
TXN_0007644,CUST_00765,MEDIUM_RELIABILITY,0.83,5622.03,2181.91,NET_BANKING,22,FAILED,USER_ABANDONMENT,1
TXN_0007645,CUST_00765,MEDIUM_RELIABILITY,0.83,5622.03,9079.35,CARD,13,FAILED,USER_ABANDONMENT,0
TXN_0007649,CUST_00765,MEDIUM_RELIABILITY,0.83,5622.03,9364.49,UPI,0,FAILED,TEMPORARY_BANK_ERROR,0
TXN_0007651,CUST_00765,MEDIUM_RELIABILITY,0.83,5622.03,4518.74,UPI,0,FAILED,TEMPORARY_BANK_ERROR,1
TXN_0007662,CUST_00766,MEDIUM_RELIABILITY,0.72,6298.17,7640.67,CARD,10,FAILED,INSUFFICIENT_FUNDS,2
TXN_0007664,CUST_00766,MEDIUM_RELIABILITY,0.72,6298.17,9326.96,UPI,15,FAILED,TEMPORARY_BANK_ERROR,0
TXN_0007667,CUST_00767,MEDIUM_RELIABILITY,0.81,3089.93,1977.36,UPI,19,FAILED,TEMPORARY_BANK_ERROR,0
TXN_0007674,CUST_00767,MEDIUM_RELIABILITY,0.81,3089.93,3313.48,CARD,1,FAILED,INSUFFICIENT_FUNDS,0
TXN_0007690,CUST_00770,MEDIUM_RELIABILITY,0.69,5489.05,5345.43,UPI,2,FAILED,AUTHENTICATION_FAILURE,3
TXN_0007693,CUST_00770,MEDIUM_RELIABILITY,0.69,5489.05,4831.04,NET_BANKING,15,FAILED,AUTHENTICATION_FAILURE,0
TXN_0007696,CUST_00770,MEDIUM_RELIABILITY,0.69,5489.05,3312.99,CARD,15,FAILED,TECHNICAL_ERROR,0
TXN_0007698,CUST_00770,MEDIUM_RELIABILITY,0.69,5489.05,1810.11,NET_BANKING,9,FAILED,INSUFFICIENT_FUNDS,1
TXN_0007700,CUST_00770,MEDIUM_RELIABILITY,0.69,5489.05,9171.54,CARD,7,FAILED,INSUFFICIENT_FUNDS,0
TXN_0007707,CUST_00771,MEDIUM_RELIABILITY,0.81,1515.33,3193.33,WALLET,4,FAILED,NETWORK_TIMEOUT,0
TXN_0007708,CUST_00772,LOW_RELIABILITY,0.51,1944.63,1748.96,UPI,19,FAILED,INSUFFICIENT_FUNDS,0
TXN_0007710,CUST_00772,LOW_RELIABILITY,0.51,1944.63,3106.52,WALLET,21,FAILED,INSUFFICIENT_FUNDS,0
TXN_0007711,CUST_00772,LOW_RELIABILITY,0.51,1944.63,2419.95,CARD,14,FAILED,TEMPORARY_BANK_ERROR,0
TXN_0007714,CUST_00773,LOW_RELIABILITY,0.63,3488.11,4427.77,CARD,16,FAILED,TECHNICAL_ERROR,1
TXN_0007721,CUST_00773,LOW_RELIABILITY,0.63,3488.11,2091.46,UPI,11,FAILED,INSUFFICIENT_FUNDS,1
TXN_0007726,CUST_00774,HIGH_RELIABILITY,0.97,8703.17,10087.45,CARD,20,FAILED,NETWORK_TIMEOUT,0
TXN_0007742,CUST_00775,HIGH_RELIABILITY,0.88,9864.12,11470.36,UPI,16,FAILED,TEMPORARY_BANK_ERROR,0
TXN_0007747,CUST_00776,HIGH_RELIABILITY,0.98,9422.57,9912.54,NET_BANKING,8,FAILED,INSUFFICIENT_FUNDS,0
TXN_0007760,CUST_00777,MEDIUM_RELIABILITY,0.83,8899.96,5507.15,UPI,2,FAILED,TEMPORARY_BANK_ERROR,1
TXN_0007774,CUST_00779,LOW_RELIABILITY,0.53,2994.99,3428.56,NET_BANKING,21,FAILED,TECHNICAL_ERROR,0
TXN_0007777,CUST_00779,LOW_RELIABILITY,0.53,2994.99,3264.86,UPI,9,FAILED,NETWORK_TIMEOUT,0
TXN_0007779,CUST_00779,LOW_RELIABILITY,0.53,2994.99,4684.99,UPI,14,FAILED,TEMPORARY_BANK_ERROR,0
TXN_0007780,CUST_00779,LOW_RELIABILITY,0.53,2994.99,2623.96,UPI,13,FAILED,TECHNICAL_ERROR,0
TXN_0007781,CUST_00779,LOW_RELIABILITY,0.53,2994.99,2306.76,NET_BANKING,1,FAILED,TEMPORARY_BANK_ERROR,0
TXN_0007782,CUST_00779,LOW_RELIABILITY,0.53,2994.99,4039.29,NET_BANKING,23,FAILED,TEMPORARY_BANK_ERROR,0
TXN_0007788,CUST_00780,MEDIUM_RELIABILITY,0.83,9050.22,9127.05,CARD,11,FAILED,USER_ABANDONMENT,0
TXN_0007789,CUST_00780,MEDIUM_RELIABILITY,0.83,9050.22,5666.91,UPI,19,FAILED,NETWORK_TIMEOUT,0
TXN_0007800,CUST_00781,MEDIUM_RELIABILITY,0.73,2750.27,3278.26,WALLET,7,FAILED,NETWORK_TIMEOUT,0
TXN_0007802,CUST_00781,MEDIUM_RELIABILITY,0.73,2750.27,2935.34,WALLET,11,FAILED,NETWORK_TIMEOUT,3
TXN_0007811,CUST_00781,MEDIUM_RELIABILITY,0.73,2750.27,2718.18,UPI,12,FAILED,NETWORK_TIMEOUT,2
TXN_0007813,CUST_00782,MEDIUM_RELIABILITY,0.82,3110.66,4492.93,UPI,4,FAILED,TEMPORARY_BANK_ERROR,0
TXN_0007822,CUST_00783,LOW_RELIABILITY,0.59,3081.42,3489.45,UPI,21,FAILED,TECHNICAL_ERROR,3
TXN_0007823,CUST_00783,LOW_RELIABILITY,0.59,3081.42,2083.85,UPI,10,FAILED,TEMPORARY_BANK_ERROR,0
TXN_0007827,CUST_00783,LOW_RELIABILITY,0.59,3081.42,2588.68,CARD,15,FAILED,INSUFFICIENT_FUNDS,0
TXN_0007828,CUST_00783,LOW_RELIABILITY,0.59,3081.42,3275.11,CARD,9,FAILED,NETWORK_TIMEOUT,0
TXN_0007838,CUST_00785,MEDIUM_RELIABILITY,0.79,4791.79,6341.19,CARD,12,FAILED,NETWORK_TIMEOUT,0
TXN_0007839,CUST_00785,MEDIUM_RELIABILITY,0.79,4791.79,4562.44,UPI,12,FAILED,TEMPORARY_BANK_ERROR,0
TXN_0007840,CUST_00785,MEDIUM_RELIABILITY,0.79,4791.79,7694.24,UPI,9,FAILED,NETWORK_TIMEOUT,0
TXN_0007841,CUST_00785,MEDIUM_RELIABILITY,0.79,4791.79,4373.94,NET_BANKING,3,FAILED,TEMPORARY_BANK_ERROR,0
TXN_0007860,CUST_00788,HIGH_RELIABILITY,0.9,2340.0,1490.74,NET_BANKING,17,FAILED,TEMPORARY_BANK_ERROR,1
TXN_0007863,CUST_00788,HIGH_RELIABILITY,0.9,2340.0,1193.97,CARD,13,FAILED,TEMPORARY_BANK_ERROR,0
TXN_0007865,CUST_00788,HIGH_RELIABILITY,0.9,2340.0,3963.06,CARD,23,FAILED,TEMPORARY_BANK_ERROR,0
TXN_0007890,CUST_00791,LOW_RELIABILITY,0.42,2858.16,2571.07,CARD,16,FAILED,INSUFFICIENT_FUNDS,0
TXN_0007891,CUST_00791,LOW_RELIABILITY,0.42,2858.16,1746.72,CARD,22,FAILED,AUTHENTICATION_FAILURE,3
TXN_0007893,CUST_00791,LOW_RELIABILITY,0.42,2858.16,4497.8,UPI,9,FAILED,USER_ABANDONMENT,0
TXN_0007894,CUST_00791,LOW_RELIABILITY,0.42,2858.16,869.54,UPI,14,FAILED,TECHNICAL_ERROR,1
TXN_0007895,CUST_00791,LOW_RELIABILITY,0.42,2858.16,1943.29,CARD,11,FAILED,TECHNICAL_ERROR,0
TXN_0007896,CUST_00791,LOW_RELIABILITY,0.42,2858.16,2226.29,CARD,1,FAILED,TECHNICAL_ERROR,1
TXN_0007897,CUST_00791,LOW_RELIABILITY,0.42,2858.16,2421.85,CARD,9,FAILED,TEMPORARY_BANK_ERROR,0
TXN_0007899,CUST_00791,LOW_RELIABILITY,0.42,2858.16,2659.75,UPI,8,FAILED,TECHNICAL_ERROR,0
TXN_0007900,CUST_00791,LOW_RELIABILITY,0.42,2858.16,3333.53,CARD,17,FAILED,INSUFFICIENT_FUNDS,0
TXN_0007901,CUST_00791,LOW_RELIABILITY,0.42,2858.16,2142.74,CARD,8,FAILED,INSUFFICIENT_FUNDS,0
TXN_0007902,CUST_00791,LOW_RELIABILITY,0.42,2858.16,3121.02,NET_BANKING,7,FAILED,TEMPORARY_BANK_ERROR,3
TXN_0007904,CUST_00791,LOW_RELIABILITY,0.42,2858.16,2020.95,UPI,2,FAILED,TECHNICAL_ERROR,1
TXN_0007913,CUST_00793,LOW_RELIABILITY,0.64,1127.79,1369.95,UPI,8,FAILED,TEMPORARY_BANK_ERROR,1
TXN_0007917,CUST_00793,LOW_RELIABILITY,0.64,1127.79,818.86,CARD,21,FAILED,TEMPORARY_BANK_ERROR,0
TXN_0007920,CUST_00793,LOW_RELIABILITY,0.64,1127.79,1838.83,NET_BANKING,18,FAILED,INSUFFICIENT_FUNDS,3
TXN_0007923,CUST_00793,LOW_RELIABILITY,0.64,1127.79,168.34,NET_BANKING,7,FAILED,INSUFFICIENT_FUNDS,3
TXN_0007941,CUST_00795,LOW_RELIABILITY,0.47,5079.66,4200.55,UPI,12,FAILED,INSUFFICIENT_FUNDS,1
TXN_0007945,CUST_00795,LOW_RELIABILITY,0.47,5079.66,7604.92,UPI,22,FAILED,AUTHENTICATION_FAILURE,0
TXN_0007948,CUST_00795,LOW_RELIABILITY,0.47,5079.66,8463.0,CARD,4,FAILED,TEMPORARY_BANK_ERROR,1
TXN_0007949,CUST_00795,LOW_RELIABILITY,0.47,5079.66,4535.6,CARD,10,FAILED,TECHNICAL_ERROR,0
TXN_0007957,CUST_00796,HIGH_RELIABILITY,0.96,14877.58,12475.13,NET_BANKING,0,FAILED,AUTHENTICATION_FAILURE,0
TXN_0007964,CUST_00797,HIGH_RELIABILITY,0.89,2457.54,1133.63,CARD,16,FAILED,AUTHENTICATION_FAILURE,2
TXN_0007972,CUST_00797,HIGH_RELIABILITY,0.89,2457.54,4592.46,UPI,12,FAILED,INSUFFICIENT_FUNDS,3
TXN_0007973,CUST_00798,LOW_RELIABILITY,0.56,4133.03,2608.19,NET_BANKING,4,FAILED,NETWORK_TIMEOUT,0
TXN_0007974,CUST_00798,LOW_RELIABILITY,0.56,4133.03,2778.41,CARD,19,FAILED,INSUFFICIENT_FUNDS,0
TXN_0007975,CUST_00798,LOW_RELIABILITY,0.56,4133.03,2167.46,CARD,18,FAILED,USER_ABANDONMENT,0
TXN_0007976,CUST_00798,LOW_RELIABILITY,0.56,4133.03,4863.35,UPI,7,FAILED,USER_ABANDONMENT,1
TXN_0007977,CUST_00798,LOW_RELIABILITY,0.56,4133.03,4423.34,CARD,23,FAILED,TEMPORARY_BANK_ERROR,0
TXN_0007978,CUST_00798,LOW_RELIABILITY,0.56,4133.03,3881.82,NET_BANKING,17,FAILED,USER_ABANDONMENT,1
TXN_0007979,CUST_00798,LOW_RELIABILITY,0.56,4133.03,5470.91,NET_BANKING,3,FAILED,USER_ABANDONMENT,0
TXN_0007982,CUST_00799,LOW_RELIABILITY,0.43,740.05,563.33,UPI,19,FAILED,NETWORK_TIMEOUT,0
TXN_0007985,CUST_00799,LOW_RELIABILITY,0.43,740.05,503.77,CARD,13,FAILED,USER_ABANDONMENT,2
TXN_0007986,CUST_00799,LOW_RELIABILITY,0.43,740.05,1041.56,UPI,7,FAILED,NETWORK_TIMEOUT,0
TXN_0007987,CUST_00799,LOW_RELIABILITY,0.43,740.05,358.33,CARD,0,FAILED,INSUFFICIENT_FUNDS,0
TXN_0007988,CUST_00799,LOW_RELIABILITY,0.43,740.05,650.78,UPI,22,FAILED,AUTHENTICATION_FAILURE,1
TXN_0007991,CUST_00799,LOW_RELIABILITY,0.43,740.05,971.88,CARD,19,FAILED,TECHNICAL_ERROR,0
TXN_0007994,CUST_00799,LOW_RELIABILITY,0.43,740.05,702.83,CARD,3,FAILED,USER_ABANDONMENT,3
TXN_0007995,CUST_00800,MEDIUM_RELIABILITY,0.67,8994.81,11409.99,CARD,6,FAILED,NETWORK_TIMEOUT,0
TXN_0007996,CUST_00800,MEDIUM_RELIABILITY,0.67,8994.81,11678.95,CARD,0,FAILED,NETWORK_TIMEOUT,1
TXN_0008001,CUST_00800,MEDIUM_RELIABILITY,0.67,8994.81,10994.63,UPI,11,FAILED,TECHNICAL_ERROR,1
TXN_0008002,CUST_00800,MEDIUM_RELIABILITY,0.67,8994.81,8179.78,UPI,14,FAILED,TEMPORARY_BANK_ERROR,0
TXN_0008006,CUST_00801,MEDIUM_RELIABILITY,0.69,3572.03,4620.71,CARD,13,FAILED,TEMPORARY_BANK_ERROR,2
TXN_0008007,CUST_00801,MEDIUM_RELIABILITY,0.69,3572.03,2751.03,UPI,5,FAILED,TEMPORARY_BANK_ERROR,0
TXN_0008011,CUST_00801,MEDIUM_RELIABILITY,0.69,3572.03,4388.2,WALLET,17,FAILED,INSUFFICIENT_FUNDS,3
TXN_0008014,CUST_00801,MEDIUM_RELIABILITY,0.69,3572.03,3719.74,CARD,6,FAILED,INSUFFICIENT_FUNDS,0
TXN_0008016,CUST_00801,MEDIUM_RELIABILITY,0.69,3572.03,4310.48,UPI,11,FAILED,TEMPORARY_BANK_ERROR,0
TXN_0008019,CUST_00801,MEDIUM_RELIABILITY,0.69,3572.03,3034.82,UPI,21,FAILED,AUTHENTICATION_FAILURE,0
TXN_0008021,CUST_00802,MEDIUM_RELIABILITY,0.7,3872.46,3114.37,CARD,10,FAILED,INSUFFICIENT_FUNDS,1
TXN_0008026,CUST_00802,MEDIUM_RELIABILITY,0.7,3872.46,5039.14,UPI,5,FAILED,TEMPORARY_BANK_ERROR,0
TXN_0008027,CUST_00802,MEDIUM_RELIABILITY,0.7,3872.46,2196.43,UPI,14,FAILED,TEMPORARY_BANK_ERROR,0
TXN_0008028,CUST_00802,MEDIUM_RELIABILITY,0.7,3872.46,3347.87,CARD,16,FAILED,AUTHENTICATION_FAILURE,0
TXN_0008029,CUST_00803,MEDIUM_RELIABILITY,0.67,5431.07,8616.81,CARD,20,FAILED,TECHNICAL_ERROR,0
TXN_0008032,CUST_00803,MEDIUM_RELIABILITY,0.67,5431.07,6016.12,CARD,19,FAILED,NETWORK_TIMEOUT,0
TXN_0008035,CUST_00803,MEDIUM_RELIABILITY,0.67,5431.07,6316.75,UPI,7,FAILED,TEMPORARY_BANK_ERROR,0
TXN_0008039,CUST_00804,MEDIUM_RELIABILITY,0.66,8103.39,10944.78,UPI,23,FAILED,TEMPORARY_BANK_ERROR,0
TXN_0008046,CUST_00804,MEDIUM_RELIABILITY,0.66,8103.39,7981.63,WALLET,13,FAILED,AUTHENTICATION_FAILURE,0
TXN_0008048,CUST_00804,MEDIUM_RELIABILITY,0.66,8103.39,7052.62,UPI,22,FAILED,TEMPORARY_BANK_ERROR,1
TXN_0008049,CUST_00804,MEDIUM_RELIABILITY,0.66,8103.39,980.51,WALLET,1,FAILED,USER_ABANDONMENT,0
TXN_0008052,CUST_00805,MEDIUM_RELIABILITY,0.7,5630.11,4775.18,CARD,12,FAILED,NETWORK_TIMEOUT,2
TXN_0008053,CUST_00805,MEDIUM_RELIABILITY,0.7,5630.11,7560.47,UPI,11,FAILED,TEMPORARY_BANK_ERROR,0
TXN_0008058,CUST_00805,MEDIUM_RELIABILITY,0.7,5630.11,6754.13,UPI,14,FAILED,INSUFFICIENT_FUNDS,3
TXN_0008060,CUST_00805,MEDIUM_RELIABILITY,0.7,5630.11,7061.79,CARD,16,FAILED,AUTHENTICATION_FAILURE,0
TXN_0008063,CUST_00806,LOW_RELIABILITY,0.61,4625.97,3792.61,UPI,22,FAILED,AUTHENTICATION_FAILURE,0
TXN_0008066,CUST_00806,LOW_RELIABILITY,0.61,4625.97,2457.63,CARD,14,FAILED,INSUFFICIENT_FUNDS,1
TXN_0008069,CUST_00806,LOW_RELIABILITY,0.61,4625.97,5296.64,UPI,22,FAILED,NETWORK_TIMEOUT,0
TXN_0008070,CUST_00806,LOW_RELIABILITY,0.61,4625.97,3682.47,UPI,8,FAILED,USER_ABANDONMENT,0
TXN_0008077,CUST_00807,LOW_RELIABILITY,0.5,2405.47,1574.92,NET_BANKING,1,FAILED,INSUFFICIENT_FUNDS,0
TXN_0008078,CUST_00807,LOW_RELIABILITY,0.5,2405.47,4368.46,UPI,23,FAILED,AUTHENTICATION_FAILURE,1
TXN_0008081,CUST_00808,MEDIUM_RELIABILITY,0.72,6860.13,6041.98,WALLET,23,FAILED,TEMPORARY_BANK_ERROR,1
TXN_0008083,CUST_00808,MEDIUM_RELIABILITY,0.72,6860.13,6672.98,NET_BANKING,19,FAILED,TEMPORARY_BANK_ERROR,2
TXN_0008085,CUST_00808,MEDIUM_RELIABILITY,0.72,6860.13,6650.93,WALLET,7,FAILED,AUTHENTICATION_FAILURE,1
TXN_0008093,CUST_00809,LOW_RELIABILITY,0.64,4700.51,4292.83,CARD,20,FAILED,TEMPORARY_BANK_ERROR,0
TXN_0008097,CUST_00809,LOW_RELIABILITY,0.64,4700.51,5292.72,WALLET,21,FAILED,AUTHENTICATION_FAILURE,0
TXN_0008101,CUST_00809,LOW_RELIABILITY,0.64,4700.51,5063.13,UPI,20,FAILED,USER_ABANDONMENT,1
TXN_0008111,CUST_00811,MEDIUM_RELIABILITY,0.75,1071.35,923.51,UPI,17,FAILED,NETWORK_TIMEOUT,0
TXN_0008113,CUST_00811,MEDIUM_RELIABILITY,0.75,1071.35,817.71,CARD,22,FAILED,TECHNICAL_ERROR,1
TXN_0008115,CUST_00811,MEDIUM_RELIABILITY,0.75,1071.35,1022.67,CARD,12,FAILED,TECHNICAL_ERROR,1
TXN_0008116,CUST_00811,MEDIUM_RELIABILITY,0.75,1071.35,907.4,UPI,21,FAILED,INSUFFICIENT_FUNDS,0
TXN_0008119,CUST_00811,MEDIUM_RELIABILITY,0.75,1071.35,1151.53,CARD,9,FAILED,TECHNICAL_ERROR,0
TXN_0008120,CUST_00811,MEDIUM_RELIABILITY,0.75,1071.35,1237.81,CARD,10,FAILED,INSUFFICIENT_FUNDS,1
TXN_0008121,CUST_00811,MEDIUM_RELIABILITY,0.75,1071.35,631.13,UPI,5,FAILED,USER_ABANDONMENT,3
TXN_0008122,CUST_00812,LOW_RELIABILITY,0.51,6711.85,2413.09,NET_BANKING,10,FAILED,INSUFFICIENT_FUNDS,0
TXN_0008124,CUST_00812,LOW_RELIABILITY,0.51,6711.85,10697.73,UPI,14,FAILED,INSUFFICIENT_FUNDS,0
TXN_0008125,CUST_00812,LOW_RELIABILITY,0.51,6711.85,3956.36,UPI,4,FAILED,NETWORK_TIMEOUT,0
TXN_0008126,CUST_00812,LOW_RELIABILITY,0.51,6711.85,10979.09,UPI,19,FAILED,TEMPORARY_BANK_ERROR,0
TXN_0008127,CUST_00812,LOW_RELIABILITY,0.51,6711.85,7474.08,UPI,11,FAILED,NETWORK_TIMEOUT,3
TXN_0008128,CUST_00812,LOW_RELIABILITY,0.51,6711.85,6692.89,WALLET,4,FAILED,NETWORK_TIMEOUT,0
TXN_0008131,CUST_00812,LOW_RELIABILITY,0.51,6711.85,9363.64,NET_BANKING,12,FAILED,TEMPORARY_BANK_ERROR,0
TXN_0008133,CUST_00812,LOW_RELIABILITY,0.51,6711.85,4618.27,WALLET,4,FAILED,AUTHENTICATION_FAILURE,1
TXN_0008134,CUST_00812,LOW_RELIABILITY,0.51,6711.85,9374.91,NET_BANKING,10,FAILED,AUTHENTICATION_FAILURE,0
TXN_0008137,CUST_00813,LOW_RELIABILITY,0.4,4892.03,4856.54,UPI,12,FAILED,NETWORK_TIMEOUT,1
TXN_0008140,CUST_00813,LOW_RELIABILITY,0.4,4892.03,4301.47,UPI,10,FAILED,TECHNICAL_ERROR,0
TXN_0008141,CUST_00813,LOW_RELIABILITY,0.4,4892.03,9843.49,UPI,0,FAILED,NETWORK_TIMEOUT,0
TXN_0008143,CUST_00813,LOW_RELIABILITY,0.4,4892.03,4440.42,UPI,20,FAILED,NETWORK_TIMEOUT,3
TXN_0008144,CUST_00813,LOW_RELIABILITY,0.4,4892.03,3332.48,CARD,19,FAILED,AUTHENTICATION_FAILURE,0
TXN_0008146,CUST_00813,LOW_RELIABILITY,0.4,4892.03,6095.39,NET_BANKING,12,FAILED,AUTHENTICATION_FAILURE,3
TXN_0008149,CUST_00813,LOW_RELIABILITY,0.4,4892.03,4410.66,UPI,1,FAILED,NETWORK_TIMEOUT,0
TXN_0008150,CUST_00813,LOW_RELIABILITY,0.4,4892.03,5766.14,UPI,3,FAILED,INSUFFICIENT_FUNDS,0
TXN_0008151,CUST_00813,LOW_RELIABILITY,0.4,4892.03,6040.79,WALLET,14,FAILED,AUTHENTICATION_FAILURE,3
TXN_0008152,CUST_00814,LOW_RELIABILITY,0.41,3843.63,3853.7,UPI,1,FAILED,INSUFFICIENT_FUNDS,0
TXN_0008153,CUST_00814,LOW_RELIABILITY,0.41,3843.63,4677.58,UPI,1,FAILED,INSUFFICIENT_FUNDS,2
TXN_0008154,CUST_00814,LOW_RELIABILITY,0.41,3843.63,2599.89,WALLET,12,FAILED,TEMPORARY_BANK_ERROR,1
TXN_0008157,CUST_00814,LOW_RELIABILITY,0.41,3843.63,1775.87,UPI,19,FAILED,TECHNICAL_ERROR,1
TXN_0008158,CUST_00814,LOW_RELIABILITY,0.41,3843.63,2190.71,CARD,3,FAILED,NETWORK_TIMEOUT,0
TXN_0008161,CUST_00814,LOW_RELIABILITY,0.41,3843.63,1868.42,UPI,4,FAILED,AUTHENTICATION_FAILURE,0
TXN_0008163,CUST_00814,LOW_RELIABILITY,0.41,3843.63,4542.72,UPI,19,FAILED,NETWORK_TIMEOUT,0
TXN_0008165,CUST_00814,LOW_RELIABILITY,0.41,3843.63,4241.66,WALLET,1,FAILED,TEMPORARY_BANK_ERROR,1
TXN_0008170,CUST_00815,MEDIUM_RELIABILITY,0.67,4778.52,5232.92,CARD,10,FAILED,USER_ABANDONMENT,0
TXN_0008177,CUST_00817,MEDIUM_RELIABILITY,0.8,8056.77,6566.16,UPI,14,FAILED,AUTHENTICATION_FAILURE,1
TXN_0008182,CUST_00817,MEDIUM_RELIABILITY,0.8,8056.77,4044.01,UPI,16,FAILED,INSUFFICIENT_FUNDS,0
TXN_0008185,CUST_00817,MEDIUM_RELIABILITY,0.8,8056.77,9405.52,UPI,14,FAILED,NETWORK_TIMEOUT,2
TXN_0008188,CUST_00817,MEDIUM_RELIABILITY,0.8,8056.77,9365.49,UPI,16,FAILED,TEMPORARY_BANK_ERROR,1
TXN_0008193,CUST_00818,LOW_RELIABILITY,0.62,1795.57,2206.73,NET_BANKING,8,FAILED,AUTHENTICATION_FAILURE,0
TXN_0008194,CUST_00818,LOW_RELIABILITY,0.62,1795.57,2263.11,UPI,21,FAILED,USER_ABANDONMENT,1
TXN_0008195,CUST_00818,LOW_RELIABILITY,0.62,1795.57,1710.83,UPI,19,FAILED,INSUFFICIENT_FUNDS,1
TXN_0008199,CUST_00818,LOW_RELIABILITY,0.62,1795.57,1447.5,CARD,3,FAILED,TEMPORARY_BANK_ERROR,0
TXN_0008201,CUST_00818,LOW_RELIABILITY,0.62,1795.57,1023.01,UPI,9,FAILED,NETWORK_TIMEOUT,0
TXN_0008204,CUST_00819,HIGH_RELIABILITY,0.92,3133.82,4445.9,UPI,21,FAILED,TECHNICAL_ERROR,0
TXN_0008206,CUST_00819,HIGH_RELIABILITY,0.92,3133.82,2512.44,UPI,15,FAILED,TEMPORARY_BANK_ERROR,0
TXN_0008211,CUST_00819,HIGH_RELIABILITY,0.92,3133.82,3382.29,CARD,5,FAILED,TEMPORARY_BANK_ERROR,1
TXN_0008238,CUST_00821,HIGH_RELIABILITY,0.94,12788.47,9714.7,UPI,23,FAILED,NETWORK_TIMEOUT,0
TXN_0008254,CUST_00823,LOW_RELIABILITY,0.38,5335.84,2536.56,UPI,13,FAILED,NETWORK_TIMEOUT,3
TXN_0008255,CUST_00823,LOW_RELIABILITY,0.38,5335.84,5671.67,CARD,4,FAILED,USER_ABANDONMENT,0
TXN_0008256,CUST_00823,LOW_RELIABILITY,0.38,5335.84,7420.03,NET_BANKING,18,FAILED,USER_ABANDONMENT,0
TXN_0008260,CUST_00823,LOW_RELIABILITY,0.38,5335.84,3837.63,UPI,23,FAILED,NETWORK_TIMEOUT,0
TXN_0008261,CUST_00823,LOW_RELIABILITY,0.38,5335.84,6158.01,UPI,18,FAILED,NETWORK_TIMEOUT,0
TXN_0008263,CUST_00823,LOW_RELIABILITY,0.38,5335.84,5051.38,WALLET,5,FAILED,NETWORK_TIMEOUT,0
TXN_0008264,CUST_00823,LOW_RELIABILITY,0.38,5335.84,5774.42,CARD,17,FAILED,NETWORK_TIMEOUT,1
TXN_0008265,CUST_00823,LOW_RELIABILITY,0.38,5335.84,5579.81,CARD,5,FAILED,USER_ABANDONMENT,1
TXN_0008267,CUST_00824,LOW_RELIABILITY,0.39,5817.26,3282.46,CARD,17,FAILED,TECHNICAL_ERROR,0
TXN_0008268,CUST_00824,LOW_RELIABILITY,0.39,5817.26,8396.5,UPI,16,FAILED,NETWORK_TIMEOUT,0
TXN_0008269,CUST_00824,LOW_RELIABILITY,0.39,5817.26,6504.15,UPI,8,FAILED,TECHNICAL_ERROR,2
TXN_0008272,CUST_00824,LOW_RELIABILITY,0.39,5817.26,4748.7,WALLET,22,FAILED,INSUFFICIENT_FUNDS,0
TXN_0008274,CUST_00824,LOW_RELIABILITY,0.39,5817.26,2247.5,WALLET,18,FAILED,NETWORK_TIMEOUT,0
TXN_0008275,CUST_00824,LOW_RELIABILITY,0.39,5817.26,1889.37,CARD,3,FAILED,NETWORK_TIMEOUT,3
TXN_0008276,CUST_00824,LOW_RELIABILITY,0.39,5817.26,4419.38,UPI,9,FAILED,TEMPORARY_BANK_ERROR,1
TXN_0008277,CUST_00824,LOW_RELIABILITY,0.39,5817.26,7033.12,CARD,13,FAILED,USER_ABANDONMENT,3
TXN_0008278,CUST_00824,LOW_RELIABILITY,0.39,5817.26,4297.47,UPI,12,FAILED,TEMPORARY_BANK_ERROR,2
TXN_0008300,CUST_00826,MEDIUM_RELIABILITY,0.66,3379.72,3168.45,UPI,4,FAILED,TEMPORARY_BANK_ERROR,1
TXN_0008304,CUST_00827,LOW_RELIABILITY,0.43,2648.93,3275.84,CARD,9,FAILED,INSUFFICIENT_FUNDS,0
TXN_0008306,CUST_00827,LOW_RELIABILITY,0.43,2648.93,2241.22,UPI,1,FAILED,TEMPORARY_BANK_ERROR,0
TXN_0008307,CUST_00827,LOW_RELIABILITY,0.43,2648.93,3237.78,UPI,21,FAILED,INSUFFICIENT_FUNDS,0
TXN_0008309,CUST_00827,LOW_RELIABILITY,0.43,2648.93,3290.4,NET_BANKING,5,FAILED,TEMPORARY_BANK_ERROR,0
TXN_0008310,CUST_00827,LOW_RELIABILITY,0.43,2648.93,3149.73,NET_BANKING,12,FAILED,TECHNICAL_ERROR,0
TXN_0008311,CUST_00827,LOW_RELIABILITY,0.43,2648.93,3211.35,UPI,23,FAILED,NETWORK_TIMEOUT,0
TXN_0008313,CUST_00827,LOW_RELIABILITY,0.43,2648.93,2771.41,UPI,4,FAILED,AUTHENTICATION_FAILURE,3
TXN_0008314,CUST_00827,LOW_RELIABILITY,0.43,2648.93,2617.39,CARD,4,FAILED,TECHNICAL_ERROR,0
TXN_0008315,CUST_00827,LOW_RELIABILITY,0.43,2648.93,2989.67,CARD,8,FAILED,TEMPORARY_BANK_ERROR,1
TXN_0008316,CUST_00827,LOW_RELIABILITY,0.43,2648.93,2772.38,UPI,21,FAILED,USER_ABANDONMENT,0
TXN_0008321,CUST_00828,HIGH_RELIABILITY,0.89,14117.41,12310.91,CARD,1,FAILED,NETWORK_TIMEOUT,0
TXN_0008333,CUST_00829,LOW_RELIABILITY,0.51,2277.57,2773.59,UPI,3,FAILED,TECHNICAL_ERROR,0
TXN_0008335,CUST_00829,LOW_RELIABILITY,0.51,2277.57,2149.78,UPI,9,FAILED,INSUFFICIENT_FUNDS,0
TXN_0008336,CUST_00829,LOW_RELIABILITY,0.51,2277.57,1971.91,UPI,10,FAILED,TEMPORARY_BANK_ERROR,3
TXN_0008338,CUST_00829,LOW_RELIABILITY,0.51,2277.57,1257.9,UPI,21,FAILED,AUTHENTICATION_FAILURE,0
TXN_0008340,CUST_00829,LOW_RELIABILITY,0.51,2277.57,3111.91,WALLET,5,FAILED,INSUFFICIENT_FUNDS,0
TXN_0008341,CUST_00830,MEDIUM_RELIABILITY,0.74,4748.42,4058.62,WALLET,14,FAILED,AUTHENTICATION_FAILURE,0
TXN_0008347,CUST_00830,MEDIUM_RELIABILITY,0.74,4748.42,7811.85,UPI,2,FAILED,AUTHENTICATION_FAILURE,0
TXN_0008351,CUST_00830,MEDIUM_RELIABILITY,0.74,4748.42,2626.2,UPI,17,FAILED,NETWORK_TIMEOUT,0
TXN_0008353,CUST_00831,HIGH_RELIABILITY,0.95,8219.51,11410.29,UPI,21,FAILED,TEMPORARY_BANK_ERROR,1
TXN_0008361,CUST_00832,LOW_RELIABILITY,0.62,3579.35,2551.57,UPI,15,FAILED,NETWORK_TIMEOUT,0
TXN_0008363,CUST_00832,LOW_RELIABILITY,0.62,3579.35,4516.26,UPI,20,FAILED,INSUFFICIENT_FUNDS,0
TXN_0008367,CUST_00832,LOW_RELIABILITY,0.62,3579.35,3311.53,CARD,19,FAILED,TEMPORARY_BANK_ERROR,0
TXN_0008375,CUST_00833,MEDIUM_RELIABILITY,0.87,8588.54,5722.12,UPI,4,FAILED,TEMPORARY_BANK_ERROR,1
TXN_0008386,CUST_00834,MEDIUM_RELIABILITY,0.7,9340.65,12547.37,UPI,22,FAILED,INSUFFICIENT_FUNDS,0
TXN_0008387,CUST_00834,MEDIUM_RELIABILITY,0.7,9340.65,4621.89,CARD,21,FAILED,INSUFFICIENT_FUNDS,0
TXN_0008388,CUST_00834,MEDIUM_RELIABILITY,0.7,9340.65,2200.06,CARD,22,FAILED,TECHNICAL_ERROR,0
TXN_0008389,CUST_00834,MEDIUM_RELIABILITY,0.7,9340.65,7220.52,WALLET,2,FAILED,TECHNICAL_ERROR,0
TXN_0008391,CUST_00834,MEDIUM_RELIABILITY,0.7,9340.65,16896.02,UPI,19,FAILED,TECHNICAL_ERROR,0
TXN_0008394,CUST_00834,MEDIUM_RELIABILITY,0.7,9340.65,2682.2,CARD,15,FAILED,TEMPORARY_BANK_ERROR,1
TXN_0008395,CUST_00834,MEDIUM_RELIABILITY,0.7,9340.65,586.45,CARD,22,FAILED,INSUFFICIENT_FUNDS,0
TXN_0008396,CUST_00834,MEDIUM_RELIABILITY,0.7,9340.65,7046.44,UPI,15,FAILED,USER_ABANDONMENT,0
TXN_0008399,CUST_00834,MEDIUM_RELIABILITY,0.7,9340.65,12583.0,CARD,7,FAILED,NETWORK_TIMEOUT,2
TXN_0008406,CUST_00835,MEDIUM_RELIABILITY,0.68,8265.77,4845.07,UPI,4,FAILED,TEMPORARY_BANK_ERROR,0
TXN_0008410,CUST_00835,MEDIUM_RELIABILITY,0.68,8265.77,5672.56,CARD,15,FAILED,NETWORK_TIMEOUT,2
TXN_0008412,CUST_00835,MEDIUM_RELIABILITY,0.68,8265.77,7490.42,UPI,20,FAILED,INSUFFICIENT_FUNDS,0
TXN_0008414,CUST_00836,LOW_RELIABILITY,0.46,6170.23,7407.06,CARD,1,FAILED,USER_ABANDONMENT,0
TXN_0008415,CUST_00836,LOW_RELIABILITY,0.46,6170.23,4969.18,CARD,5,FAILED,USER_ABANDONMENT,0
TXN_0008417,CUST_00836,LOW_RELIABILITY,0.46,6170.23,6326.67,UPI,15,FAILED,USER_ABANDONMENT,0
TXN_0008421,CUST_00836,LOW_RELIABILITY,0.46,6170.23,8256.44,CARD,7,FAILED,NETWORK_TIMEOUT,1
TXN_0008423,CUST_00836,LOW_RELIABILITY,0.46,6170.23,9910.17,CARD,20,FAILED,TEMPORARY_BANK_ERROR,1
TXN_0008441,CUST_00838,MEDIUM_RELIABILITY,0.82,3394.45,4293.53,CARD,17,FAILED,USER_ABANDONMENT,0
TXN_0008443,CUST_00838,MEDIUM_RELIABILITY,0.82,3394.45,5015.93,NET_BANKING,15,FAILED,INSUFFICIENT_FUNDS,2
TXN_0008444,CUST_00838,MEDIUM_RELIABILITY,0.82,3394.45,5161.06,WALLET,22,FAILED,NETWORK_TIMEOUT,2
TXN_0008455,CUST_00839,MEDIUM_RELIABILITY,0.67,4328.31,6061.05,UPI,16,FAILED,NETWORK_TIMEOUT,1
TXN_0008458,CUST_00839,MEDIUM_RELIABILITY,0.67,4328.31,5745.56,CARD,2,FAILED,NETWORK_TIMEOUT,0
TXN_0008460,CUST_00840,HIGH_RELIABILITY,0.9,10729.32,14383.34,CARD,1,FAILED,NETWORK_TIMEOUT,0
TXN_0008479,CUST_00841,HIGH_RELIABILITY,0.92,14658.54,19486.61,NET_BANKING,0,FAILED,TECHNICAL_ERROR,2
TXN_0008486,CUST_00843,MEDIUM_RELIABILITY,0.68,8689.14,7601.51,UPI,16,FAILED,NETWORK_TIMEOUT,1
TXN_0008488,CUST_00843,MEDIUM_RELIABILITY,0.68,8689.14,15590.67,CARD,14,FAILED,AUTHENTICATION_FAILURE,0
TXN_0008491,CUST_00843,MEDIUM_RELIABILITY,0.68,8689.14,7788.17,UPI,17,FAILED,TEMPORARY_BANK_ERROR,1
TXN_0008492,CUST_00843,MEDIUM_RELIABILITY,0.68,8689.14,9121.46,NET_BANKING,0,FAILED,USER_ABANDONMENT,1
TXN_0008494,CUST_00844,MEDIUM_RELIABILITY,0.85,5127.09,5373.6,NET_BANKING,1,FAILED,NETWORK_TIMEOUT,1
TXN_0008496,CUST_00844,MEDIUM_RELIABILITY,0.85,5127.09,5557.12,CARD,22,FAILED,USER_ABANDONMENT,0
TXN_0008503,CUST_00844,MEDIUM_RELIABILITY,0.85,5127.09,2862.04,UPI,0,FAILED,TECHNICAL_ERROR,1
TXN_0008508,CUST_00845,LOW_RELIABILITY,0.53,5400.71,2290.75,UPI,21,FAILED,NETWORK_TIMEOUT,0
TXN_0008509,CUST_00845,LOW_RELIABILITY,0.53,5400.71,5702.76,UPI,5,FAILED,TECHNICAL_ERROR,0
TXN_0008511,CUST_00845,LOW_RELIABILITY,0.53,5400.71,7313.81,CARD,1,FAILED,NETWORK_TIMEOUT,0
TXN_0008512,CUST_00845,LOW_RELIABILITY,0.53,5400.71,9249.66,WALLET,3,FAILED,AUTHENTICATION_FAILURE,0
TXN_0008513,CUST_00845,LOW_RELIABILITY,0.53,5400.71,2452.62,CARD,14,FAILED,TEMPORARY_BANK_ERROR,1
TXN_0008515,CUST_00846,MEDIUM_RELIABILITY,0.69,5274.38,4691.38,UPI,9,FAILED,TECHNICAL_ERROR,0
TXN_0008518,CUST_00846,MEDIUM_RELIABILITY,0.69,5274.38,4530.59,NET_BANKING,17,FAILED,TEMPORARY_BANK_ERROR,0
TXN_0008524,CUST_00846,MEDIUM_RELIABILITY,0.69,5274.38,4619.52,WALLET,15,FAILED,TEMPORARY_BANK_ERROR,0
TXN_0008528,CUST_00846,MEDIUM_RELIABILITY,0.69,5274.38,3080.67,CARD,19,FAILED,TECHNICAL_ERROR,2
TXN_0008529,CUST_00847,MEDIUM_RELIABILITY,0.74,1890.55,3288.55,CARD,3,FAILED,NETWORK_TIMEOUT,0
TXN_0008530,CUST_00847,MEDIUM_RELIABILITY,0.74,1890.55,901.68,WALLET,8,FAILED,AUTHENTICATION_FAILURE,0
TXN_0008534,CUST_00847,MEDIUM_RELIABILITY,0.74,1890.55,2023.4,UPI,15,FAILED,AUTHENTICATION_FAILURE,1
TXN_0008536,CUST_00847,MEDIUM_RELIABILITY,0.74,1890.55,845.63,NET_BANKING,22,FAILED,INSUFFICIENT_FUNDS,1
TXN_0008540,CUST_00847,MEDIUM_RELIABILITY,0.74,1890.55,1029.17,NET_BANKING,20,FAILED,TEMPORARY_BANK_ERROR,0
TXN_0008544,CUST_00848,HIGH_RELIABILITY,0.92,1954.41,3204.55,CARD,18,FAILED,NETWORK_TIMEOUT,0
TXN_0008550,CUST_00849,HIGH_RELIABILITY,0.88,2892.33,3124.57,WALLET,22,FAILED,TEMPORARY_BANK_ERROR,1
TXN_0008557,CUST_00849,HIGH_RELIABILITY,0.88,2892.33,2803.4,UPI,22,FAILED,TECHNICAL_ERROR,2
TXN_0008567,CUST_00850,MEDIUM_RELIABILITY,0.86,5720.53,3997.24,CARD,16,FAILED,TECHNICAL_ERROR,0
TXN_0008568,CUST_00850,MEDIUM_RELIABILITY,0.86,5720.53,3151.06,CARD,11,FAILED,TECHNICAL_ERROR,0
TXN_0008571,CUST_00850,MEDIUM_RELIABILITY,0.86,5720.53,7320.48,UPI,7,FAILED,TEMPORARY_BANK_ERROR,1
TXN_0008580,CUST_00851,MEDIUM_RELIABILITY,0.86,4608.73,2698.27,CARD,11,FAILED,NETWORK_TIMEOUT,0
TXN_0008586,CUST_00851,MEDIUM_RELIABILITY,0.86,4608.73,1229.29,UPI,8,FAILED,INSUFFICIENT_FUNDS,0
TXN_0008587,CUST_00852,MEDIUM_RELIABILITY,0.72,5308.35,7469.82,UPI,16,FAILED,TEMPORARY_BANK_ERROR,1
TXN_0008590,CUST_00852,MEDIUM_RELIABILITY,0.72,5308.35,6906.99,UPI,1,FAILED,TEMPORARY_BANK_ERROR,0
TXN_0008593,CUST_00852,MEDIUM_RELIABILITY,0.72,5308.35,5788.73,UPI,20,FAILED,TECHNICAL_ERROR,0
TXN_0008594,CUST_00852,MEDIUM_RELIABILITY,0.72,5308.35,7682.1,CARD,0,FAILED,TEMPORARY_BANK_ERROR,2
TXN_0008596,CUST_00852,MEDIUM_RELIABILITY,0.72,5308.35,4989.54,CARD,16,FAILED,NETWORK_TIMEOUT,0
TXN_0008597,CUST_00852,MEDIUM_RELIABILITY,0.72,5308.35,1629.67,NET_BANKING,2,FAILED,INSUFFICIENT_FUNDS,2
TXN_0008601,CUST_00853,MEDIUM_RELIABILITY,0.75,1503.81,1228.92,WALLET,21,FAILED,TECHNICAL_ERROR,0
TXN_0008605,CUST_00853,MEDIUM_RELIABILITY,0.75,1503.81,843.85,CARD,22,FAILED,NETWORK_TIMEOUT,1
TXN_0008608,CUST_00853,MEDIUM_RELIABILITY,0.75,1503.81,2232.91,UPI,22,FAILED,USER_ABANDONMENT,0
TXN_0008610,CUST_00853,MEDIUM_RELIABILITY,0.75,1503.81,1402.28,CARD,19,FAILED,AUTHENTICATION_FAILURE,0
TXN_0008620,CUST_00854,HIGH_RELIABILITY,0.95,4024.53,5489.4,UPI,10,FAILED,NETWORK_TIMEOUT,2
TXN_0008627,CUST_00855,MEDIUM_RELIABILITY,0.79,6676.91,10706.88,UPI,23,FAILED,INSUFFICIENT_FUNDS,0
TXN_0008637,CUST_00855,MEDIUM_RELIABILITY,0.79,6676.91,7300.79,UPI,15,FAILED,NETWORK_TIMEOUT,0
TXN_0008638,CUST_00855,MEDIUM_RELIABILITY,0.79,6676.91,12330.39,UPI,2,FAILED,TEMPORARY_BANK_ERROR,1
TXN_0008643,CUST_00856,MEDIUM_RELIABILITY,0.68,1082.82,937.89,UPI,23,FAILED,TECHNICAL_ERROR,0
TXN_0008645,CUST_00856,MEDIUM_RELIABILITY,0.68,1082.82,1200.86,UPI,12,FAILED,TEMPORARY_BANK_ERROR,0
TXN_0008649,CUST_00857,LOW_RELIABILITY,0.58,3326.64,3714.84,CARD,13,FAILED,TECHNICAL_ERROR,0
TXN_0008655,CUST_00858,MEDIUM_RELIABILITY,0.66,9951.23,15986.12,CARD,15,FAILED,NETWORK_TIMEOUT,2
TXN_0008657,CUST_00858,MEDIUM_RELIABILITY,0.66,9951.23,9991.12,CARD,17,FAILED,NETWORK_TIMEOUT,1
TXN_0008658,CUST_00858,MEDIUM_RELIABILITY,0.66,9951.23,7209.89,NET_BANKING,22,FAILED,NETWORK_TIMEOUT,0
TXN_0008663,CUST_00859,HIGH_RELIABILITY,0.89,10730.49,2518.06,CARD,18,FAILED,NETWORK_TIMEOUT,0
TXN_0008670,CUST_00860,MEDIUM_RELIABILITY,0.87,2772.21,2552.02,CARD,16,FAILED,TEMPORARY_BANK_ERROR,0
TXN_0008678,CUST_00860,MEDIUM_RELIABILITY,0.87,2772.21,1863.74,CARD,12,FAILED,TEMPORARY_BANK_ERROR,0
TXN_0008679,CUST_00860,MEDIUM_RELIABILITY,0.87,2772.21,3831.63,UPI,17,FAILED,NETWORK_TIMEOUT,0
TXN_0008680,CUST_00861,HIGH_RELIABILITY,0.9,2699.39,1406.35,UPI,13,FAILED,NETWORK_TIMEOUT,1
TXN_0008685,CUST_00861,HIGH_RELIABILITY,0.9,2699.39,3953.53,UPI,10,FAILED,USER_ABANDONMENT,1
TXN_0008693,CUST_00861,HIGH_RELIABILITY,0.9,2699.39,4450.62,CARD,12,FAILED,USER_ABANDONMENT,0
TXN_0008694,CUST_00862,MEDIUM_RELIABILITY,0.72,1459.94,1156.37,CARD,0,FAILED,NETWORK_TIMEOUT,2
TXN_0008695,CUST_00862,MEDIUM_RELIABILITY,0.72,1459.94,681.82,UPI,16,FAILED,TECHNICAL_ERROR,2
TXN_0008703,CUST_00862,MEDIUM_RELIABILITY,0.72,1459.94,1488.61,NET_BANKING,10,FAILED,TEMPORARY_BANK_ERROR,1
TXN_0008710,CUST_00863,MEDIUM_RELIABILITY,0.8,1091.77,1482.59,WALLET,11,FAILED,TECHNICAL_ERROR,1
TXN_0008711,CUST_00863,MEDIUM_RELIABILITY,0.8,1091.77,1349.9,CARD,2,FAILED,INSUFFICIENT_FUNDS,0
TXN_0008713,CUST_00863,MEDIUM_RELIABILITY,0.8,1091.77,1425.27,UPI,4,FAILED,USER_ABANDONMENT,2
TXN_0008721,CUST_00864,MEDIUM_RELIABILITY,0.76,9968.62,17818.94,NET_BANKING,23,FAILED,TEMPORARY_BANK_ERROR,0
TXN_0008724,CUST_00864,MEDIUM_RELIABILITY,0.76,9968.62,12245.22,CARD,2,FAILED,TEMPORARY_BANK_ERROR,0
TXN_0008729,CUST_00864,MEDIUM_RELIABILITY,0.76,9968.62,11346.76,CARD,7,FAILED,TEMPORARY_BANK_ERROR,0
TXN_0008745,CUST_00866,HIGH_RELIABILITY,0.91,9734.54,561.86,NET_BANKING,22,FAILED,INSUFFICIENT_FUNDS,2
TXN_0008748,CUST_00866,HIGH_RELIABILITY,0.91,9734.54,11470.25,UPI,11,FAILED,NETWORK_TIMEOUT,0
TXN_0008750,CUST_00866,HIGH_RELIABILITY,0.91,9734.54,5928.86,WALLET,16,FAILED,USER_ABANDONMENT,1
TXN_0008771,CUST_00868,MEDIUM_RELIABILITY,0.68,8922.74,12623.91,UPI,16,FAILED,USER_ABANDONMENT,0
TXN_0008776,CUST_00868,MEDIUM_RELIABILITY,0.68,8922.74,10700.55,CARD,1,FAILED,USER_ABANDONMENT,1
TXN_0008777,CUST_00868,MEDIUM_RELIABILITY,0.68,8922.74,10764.98,CARD,4,FAILED,AUTHENTICATION_FAILURE,0
TXN_0008789,CUST_00870,LOW_RELIABILITY,0.46,3016.08,2472.29,UPI,21,FAILED,TEMPORARY_BANK_ERROR,1
TXN_0008791,CUST_00870,LOW_RELIABILITY,0.46,3016.08,2230.35,NET_BANKING,18,FAILED,NETWORK_TIMEOUT,1
TXN_0008793,CUST_00870,LOW_RELIABILITY,0.46,3016.08,3760.97,CARD,2,FAILED,TEMPORARY_BANK_ERROR,2
TXN_0008794,CUST_00870,LOW_RELIABILITY,0.46,3016.08,2203.65,WALLET,15,FAILED,NETWORK_TIMEOUT,2
TXN_0008798,CUST_00870,LOW_RELIABILITY,0.46,3016.08,2756.23,UPI,4,FAILED,TEMPORARY_BANK_ERROR,2
TXN_0008799,CUST_00870,LOW_RELIABILITY,0.46,3016.08,3186.33,UPI,2,FAILED,INSUFFICIENT_FUNDS,0
TXN_0008800,CUST_00870,LOW_RELIABILITY,0.46,3016.08,1176.29,CARD,23,FAILED,INSUFFICIENT_FUNDS,1
TXN_0008802,CUST_00870,LOW_RELIABILITY,0.46,3016.08,1978.02,UPI,9,FAILED,NETWORK_TIMEOUT,3
TXN_0008817,CUST_00872,HIGH_RELIABILITY,0.96,1154.44,522.05,WALLET,5,FAILED,NETWORK_TIMEOUT,0
TXN_0008827,CUST_00873,HIGH_RELIABILITY,0.93,7738.82,7206.98,UPI,20,FAILED,USER_ABANDONMENT,1
TXN_0008832,CUST_00874,LOW_RELIABILITY,0.36,1966.73,2045.39,UPI,9,FAILED,NETWORK_TIMEOUT,0
TXN_0008833,CUST_00874,LOW_RELIABILITY,0.36,1966.73,1703.08,UPI,2,FAILED,INSUFFICIENT_FUNDS,0
TXN_0008836,CUST_00874,LOW_RELIABILITY,0.36,1966.73,1642.67,NET_BANKING,14,FAILED,NETWORK_TIMEOUT,1
TXN_0008838,CUST_00874,LOW_RELIABILITY,0.36,1966.73,2422.28,CARD,20,FAILED,NETWORK_TIMEOUT,0
TXN_0008841,CUST_00874,LOW_RELIABILITY,0.36,1966.73,2823.93,CARD,23,FAILED,INSUFFICIENT_FUNDS,1
TXN_0008842,CUST_00874,LOW_RELIABILITY,0.36,1966.73,1684.08,CARD,12,FAILED,AUTHENTICATION_FAILURE,2
TXN_0008843,CUST_00874,LOW_RELIABILITY,0.36,1966.73,2531.0,NET_BANKING,3,FAILED,INSUFFICIENT_FUNDS,0
TXN_0008844,CUST_00874,LOW_RELIABILITY,0.36,1966.73,1290.65,UPI,14,FAILED,TECHNICAL_ERROR,0
TXN_0008845,CUST_00874,LOW_RELIABILITY,0.36,1966.73,1596.78,CARD,9,FAILED,TEMPORARY_BANK_ERROR,2
TXN_0008846,CUST_00875,LOW_RELIABILITY,0.57,1132.35,1811.1,UPI,5,FAILED,USER_ABANDONMENT,0
TXN_0008847,CUST_00875,LOW_RELIABILITY,0.57,1132.35,1009.27,CARD,14,FAILED,INSUFFICIENT_FUNDS,1
TXN_0008849,CUST_00875,LOW_RELIABILITY,0.57,1132.35,1103.68,CARD,16,FAILED,NETWORK_TIMEOUT,0
TXN_0008851,CUST_00875,LOW_RELIABILITY,0.57,1132.35,1675.14,UPI,14,FAILED,NETWORK_TIMEOUT,0
TXN_0008852,CUST_00875,LOW_RELIABILITY,0.57,1132.35,1138.84,WALLET,11,FAILED,TEMPORARY_BANK_ERROR,3
TXN_0008853,CUST_00875,LOW_RELIABILITY,0.57,1132.35,941.4,UPI,22,FAILED,USER_ABANDONMENT,0
TXN_0008855,CUST_00876,MEDIUM_RELIABILITY,0.77,2544.42,2667.36,CARD,4,FAILED,USER_ABANDONMENT,0
TXN_0008858,CUST_00876,MEDIUM_RELIABILITY,0.77,2544.42,2741.52,UPI,14,FAILED,NETWORK_TIMEOUT,1
TXN_0008863,CUST_00877,MEDIUM_RELIABILITY,0.65,2791.41,2795.41,UPI,12,FAILED,NETWORK_TIMEOUT,0
TXN_0008864,CUST_00877,MEDIUM_RELIABILITY,0.65,2791.41,2574.06,UPI,5,FAILED,AUTHENTICATION_FAILURE,0
TXN_0008866,CUST_00877,MEDIUM_RELIABILITY,0.65,2791.41,3034.16,UPI,17,FAILED,TECHNICAL_ERROR,1
TXN_0008868,CUST_00877,MEDIUM_RELIABILITY,0.65,2791.41,2801.9,UPI,8,FAILED,TEMPORARY_BANK_ERROR,0
TXN_0008870,CUST_00877,MEDIUM_RELIABILITY,0.65,2791.41,3235.28,CARD,22,FAILED,INSUFFICIENT_FUNDS,1
TXN_0008871,CUST_00877,MEDIUM_RELIABILITY,0.65,2791.41,2806.39,UPI,12,FAILED,TECHNICAL_ERROR,0
TXN_0008872,CUST_00877,MEDIUM_RELIABILITY,0.65,2791.41,2776.58,CARD,23,FAILED,NETWORK_TIMEOUT,0
TXN_0008875,CUST_00877,MEDIUM_RELIABILITY,0.65,2791.41,2746.52,UPI,19,FAILED,INSUFFICIENT_FUNDS,0
TXN_0008884,CUST_00879,HIGH_RELIABILITY,0.99,7829.96,8391.88,NET_BANKING,17,FAILED,INSUFFICIENT_FUNDS,0
TXN_0008891,CUST_00880,LOW_RELIABILITY,0.38,3926.12,3789.47,WALLET,9,FAILED,AUTHENTICATION_FAILURE,0
TXN_0008892,CUST_00880,LOW_RELIABILITY,0.38,3926.12,3010.36,UPI,19,FAILED,TEMPORARY_BANK_ERROR,3
TXN_0008893,CUST_00880,LOW_RELIABILITY,0.38,3926.12,4690.52,CARD,2,FAILED,AUTHENTICATION_FAILURE,3
TXN_0008896,CUST_00880,LOW_RELIABILITY,0.38,3926.12,2275.67,CARD,0,FAILED,INSUFFICIENT_FUNDS,1
TXN_0008897,CUST_00880,LOW_RELIABILITY,0.38,3926.12,3391.63,CARD,2,FAILED,TECHNICAL_ERROR,0
TXN_0008898,CUST_00880,LOW_RELIABILITY,0.38,3926.12,3571.63,CARD,0,FAILED,INSUFFICIENT_FUNDS,0
TXN_0008899,CUST_00880,LOW_RELIABILITY,0.38,3926.12,4641.69,CARD,7,FAILED,TEMPORARY_BANK_ERROR,0
TXN_0008900,CUST_00880,LOW_RELIABILITY,0.38,3926.12,2680.41,CARD,3,FAILED,TEMPORARY_BANK_ERROR,0
TXN_0008901,CUST_00880,LOW_RELIABILITY,0.38,3926.12,5364.11,UPI,9,FAILED,TEMPORARY_BANK_ERROR,0
TXN_0008902,CUST_00880,LOW_RELIABILITY,0.38,3926.12,5789.32,NET_BANKING,18,FAILED,TECHNICAL_ERROR,2
TXN_0008910,CUST_00882,MEDIUM_RELIABILITY,0.67,5138.29,3104.24,CARD,13,FAILED,TECHNICAL_ERROR,0
TXN_0008913,CUST_00882,MEDIUM_RELIABILITY,0.67,5138.29,4587.67,UPI,2,FAILED,USER_ABANDONMENT,0
TXN_0008916,CUST_00882,MEDIUM_RELIABILITY,0.67,5138.29,7519.32,NET_BANKING,18,FAILED,TEMPORARY_BANK_ERROR,1
TXN_0008917,CUST_00883,MEDIUM_RELIABILITY,0.68,3584.42,5339.06,WALLET,13,FAILED,USER_ABANDONMENT,0
TXN_0008927,CUST_00884,HIGH_RELIABILITY,0.96,7664.25,13491.07,NET_BANKING,20,FAILED,INSUFFICIENT_FUNDS,0
TXN_0008929,CUST_00884,HIGH_RELIABILITY,0.96,7664.25,11056.32,UPI,20,FAILED,AUTHENTICATION_FAILURE,1
TXN_0008935,CUST_00885,MEDIUM_RELIABILITY,0.73,4247.52,3835.72,CARD,11,FAILED,TEMPORARY_BANK_ERROR,1
TXN_0008937,CUST_00885,MEDIUM_RELIABILITY,0.73,4247.52,2572.75,UPI,19,FAILED,NETWORK_TIMEOUT,0
TXN_0008938,CUST_00885,MEDIUM_RELIABILITY,0.73,4247.52,2932.86,WALLET,16,FAILED,TECHNICAL_ERROR,1
TXN_0008940,CUST_00885,MEDIUM_RELIABILITY,0.73,4247.52,4391.89,UPI,8,FAILED,TEMPORARY_BANK_ERROR,2
TXN_0008941,CUST_00885,MEDIUM_RELIABILITY,0.73,4247.52,2399.18,UPI,22,FAILED,TEMPORARY_BANK_ERROR,0
TXN_0008944,CUST_00885,MEDIUM_RELIABILITY,0.73,4247.52,3804.74,CARD,6,FAILED,NETWORK_TIMEOUT,0
TXN_0008945,CUST_00885,MEDIUM_RELIABILITY,0.73,4247.52,1720.46,UPI,13,FAILED,TECHNICAL_ERROR,1
TXN_0008951,CUST_00886,MEDIUM_RELIABILITY,0.75,7957.66,10433.24,CARD,2,FAILED,TEMPORARY_BANK_ERROR,0
TXN_0008970,CUST_00888,MEDIUM_RELIABILITY,0.82,3496.37,3700.02,NET_BANKING,18,FAILED,TEMPORARY_BANK_ERROR,0
TXN_0008972,CUST_00888,MEDIUM_RELIABILITY,0.82,3496.37,3409.47,WALLET,21,FAILED,AUTHENTICATION_FAILURE,0
TXN_0008986,CUST_00889,MEDIUM_RELIABILITY,0.8,4657.23,2474.04,NET_BANKING,19,FAILED,TEMPORARY_BANK_ERROR,0
TXN_0008989,CUST_00890,MEDIUM_RELIABILITY,0.71,8488.28,3755.83,NET_BANKING,8,FAILED,TECHNICAL_ERROR,0
TXN_0008995,CUST_00891,HIGH_RELIABILITY,0.88,13624.67,15555.61,UPI,20,FAILED,INSUFFICIENT_FUNDS,0
TXN_0008999,CUST_00891,HIGH_RELIABILITY,0.88,13624.67,9867.92,UPI,20,FAILED,TEMPORARY_BANK_ERROR,2
TXN_0009004,CUST_00892,MEDIUM_RELIABILITY,0.75,6553.41,2583.16,UPI,7,FAILED,INSUFFICIENT_FUNDS,0
TXN_0009007,CUST_00892,MEDIUM_RELIABILITY,0.75,6553.41,6284.33,UPI,5,FAILED,TEMPORARY_BANK_ERROR,3
TXN_0009008,CUST_00892,MEDIUM_RELIABILITY,0.75,6553.41,10127.92,CARD,6,FAILED,TECHNICAL_ERROR,0
TXN_0009009,CUST_00893,MEDIUM_RELIABILITY,0.8,9003.62,7424.65,UPI,6,FAILED,TECHNICAL_ERROR,0
TXN_0009019,CUST_00895,MEDIUM_RELIABILITY,0.66,5424.88,1414.57,UPI,22,FAILED,AUTHENTICATION_FAILURE,0
TXN_0009021,CUST_00895,MEDIUM_RELIABILITY,0.66,5424.88,2802.53,CARD,15,FAILED,AUTHENTICATION_FAILURE,1
TXN_0009023,CUST_00895,MEDIUM_RELIABILITY,0.66,5424.88,3009.58,NET_BANKING,18,FAILED,TECHNICAL_ERROR,0
TXN_0009041,CUST_00897,MEDIUM_RELIABILITY,0.76,6962.16,6736.05,UPI,16,FAILED,TEMPORARY_BANK_ERROR,1
TXN_0009065,CUST_00900,MEDIUM_RELIABILITY,0.67,615.03,706.95,CARD,6,FAILED,INSUFFICIENT_FUNDS,2
TXN_0009066,CUST_00900,MEDIUM_RELIABILITY,0.67,615.03,550.43,NET_BANKING,1,FAILED,TECHNICAL_ERROR,0
TXN_0009071,CUST_00900,MEDIUM_RELIABILITY,0.67,615.03,727.51,WALLET,21,FAILED,NETWORK_TIMEOUT,3
TXN_0009074,CUST_00900,MEDIUM_RELIABILITY,0.67,615.03,544.78,CARD,19,FAILED,TEMPORARY_BANK_ERROR,3
TXN_0009076,CUST_00901,LOW_RELIABILITY,0.63,5215.06,3725.55,CARD,9,FAILED,INSUFFICIENT_FUNDS,0
TXN_0009079,CUST_00901,LOW_RELIABILITY,0.63,5215.06,7749.46,CARD,18,FAILED,NETWORK_TIMEOUT,0
TXN_0009085,CUST_00901,LOW_RELIABILITY,0.63,5215.06,3560.56,WALLET,1,FAILED,AUTHENTICATION_FAILURE,0
TXN_0009086,CUST_00901,LOW_RELIABILITY,0.63,5215.06,2731.14,CARD,2,FAILED,USER_ABANDONMENT,0
TXN_0009087,CUST_00901,LOW_RELIABILITY,0.63,5215.06,4254.67,UPI,9,FAILED,INSUFFICIENT_FUNDS,0
TXN_0009116,CUST_00904,MEDIUM_RELIABILITY,0.8,2259.36,3086.17,UPI,8,FAILED,TEMPORARY_BANK_ERROR,0
TXN_0009120,CUST_00904,MEDIUM_RELIABILITY,0.8,2259.36,2205.0,CARD,16,FAILED,USER_ABANDONMENT,1
TXN_0009146,CUST_00907,MEDIUM_RELIABILITY,0.71,698.98,1299.74,CARD,14,FAILED,AUTHENTICATION_FAILURE,2
TXN_0009151,CUST_00907,MEDIUM_RELIABILITY,0.71,698.98,581.14,CARD,7,FAILED,USER_ABANDONMENT,0
TXN_0009158,CUST_00907,MEDIUM_RELIABILITY,0.71,698.98,543.92,NET_BANKING,4,FAILED,INSUFFICIENT_FUNDS,0
TXN_0009161,CUST_00908,LOW_RELIABILITY,0.37,6781.45,2899.24,UPI,11,FAILED,INSUFFICIENT_FUNDS,0
TXN_0009164,CUST_00908,LOW_RELIABILITY,0.37,6781.45,2662.63,UPI,19,FAILED,NETWORK_TIMEOUT,0
TXN_0009165,CUST_00908,LOW_RELIABILITY,0.37,6781.45,6906.8,UPI,5,FAILED,INSUFFICIENT_FUNDS,0
TXN_0009166,CUST_00908,LOW_RELIABILITY,0.37,6781.45,8813.0,UPI,9,FAILED,TECHNICAL_ERROR,0
TXN_0009168,CUST_00908,LOW_RELIABILITY,0.37,6781.45,7327.75,UPI,15,FAILED,USER_ABANDONMENT,1
TXN_0009169,CUST_00908,LOW_RELIABILITY,0.37,6781.45,6257.5,UPI,1,FAILED,TEMPORARY_BANK_ERROR,1
TXN_0009170,CUST_00908,LOW_RELIABILITY,0.37,6781.45,1414.92,NET_BANKING,4,FAILED,INSUFFICIENT_FUNDS,0
TXN_0009172,CUST_00908,LOW_RELIABILITY,0.37,6781.45,6974.82,UPI,14,FAILED,USER_ABANDONMENT,0
TXN_0009174,CUST_00909,MEDIUM_RELIABILITY,0.71,7807.62,5594.98,UPI,2,FAILED,NETWORK_TIMEOUT,0
TXN_0009175,CUST_00909,MEDIUM_RELIABILITY,0.71,7807.62,6448.93,NET_BANKING,5,FAILED,NETWORK_TIMEOUT,2
TXN_0009177,CUST_00909,MEDIUM_RELIABILITY,0.71,7807.62,651.8,UPI,4,FAILED,NETWORK_TIMEOUT,0
TXN_0009180,CUST_00909,MEDIUM_RELIABILITY,0.71,7807.62,8859.19,CARD,1,FAILED,AUTHENTICATION_FAILURE,0
TXN_0009185,CUST_00910,MEDIUM_RELIABILITY,0.79,4128.43,6619.21,NET_BANKING,5,FAILED,INSUFFICIENT_FUNDS,1
TXN_0009186,CUST_00911,MEDIUM_RELIABILITY,0.7,1653.17,991.72,NET_BANKING,19,FAILED,TEMPORARY_BANK_ERROR,0
TXN_0009189,CUST_00911,MEDIUM_RELIABILITY,0.7,1653.17,2295.88,UPI,11,FAILED,NETWORK_TIMEOUT,0
TXN_0009192,CUST_00911,MEDIUM_RELIABILITY,0.7,1653.17,1393.8,NET_BANKING,18,FAILED,TEMPORARY_BANK_ERROR,0
TXN_0009193,CUST_00911,MEDIUM_RELIABILITY,0.7,1653.17,2762.9,CARD,1,FAILED,TEMPORARY_BANK_ERROR,1
TXN_0009196,CUST_00911,MEDIUM_RELIABILITY,0.7,1653.17,1030.66,UPI,0,FAILED,TEMPORARY_BANK_ERROR,0
TXN_0009201,CUST_00912,MEDIUM_RELIABILITY,0.79,7859.02,790.63,UPI,13,FAILED,TEMPORARY_BANK_ERROR,0
TXN_0009207,CUST_00913,MEDIUM_RELIABILITY,0.79,5537.87,6441.86,UPI,14,FAILED,TECHNICAL_ERROR,0
TXN_0009209,CUST_00913,MEDIUM_RELIABILITY,0.79,5537.87,7607.13,CARD,19,FAILED,USER_ABANDONMENT,1
TXN_0009217,CUST_00914,MEDIUM_RELIABILITY,0.66,9700.64,12784.51,UPI,22,FAILED,TEMPORARY_BANK_ERROR,0
TXN_0009218,CUST_00914,MEDIUM_RELIABILITY,0.66,9700.64,17486.02,UPI,18,FAILED,NETWORK_TIMEOUT,1
TXN_0009224,CUST_00914,MEDIUM_RELIABILITY,0.66,9700.64,10540.93,CARD,20,FAILED,TECHNICAL_ERROR,0
TXN_0009225,CUST_00914,MEDIUM_RELIABILITY,0.66,9700.64,3599.98,UPI,23,FAILED,TEMPORARY_BANK_ERROR,1
TXN_0009227,CUST_00915,LOW_RELIABILITY,0.58,2191.19,2532.97,WALLET,11,FAILED,NETWORK_TIMEOUT,0
TXN_0009230,CUST_00915,LOW_RELIABILITY,0.58,2191.19,761.6,CARD,14,FAILED,AUTHENTICATION_FAILURE,0
TXN_0009232,CUST_00915,LOW_RELIABILITY,0.58,2191.19,2899.15,NET_BANKING,21,FAILED,AUTHENTICATION_FAILURE,3
TXN_0009234,CUST_00915,LOW_RELIABILITY,0.58,2191.19,2994.54,NET_BANKING,23,FAILED,TECHNICAL_ERROR,2
TXN_0009238,CUST_00916,MEDIUM_RELIABILITY,0.87,6217.88,5085.68,CARD,1,FAILED,TEMPORARY_BANK_ERROR,0
TXN_0009242,CUST_00916,MEDIUM_RELIABILITY,0.87,6217.88,7315.76,NET_BANKING,1,FAILED,AUTHENTICATION_FAILURE,0
TXN_0009243,CUST_00916,MEDIUM_RELIABILITY,0.87,6217.88,8339.46,CARD,16,FAILED,TECHNICAL_ERROR,0
TXN_0009249,CUST_00917,MEDIUM_RELIABILITY,0.78,7606.7,5879.04,WALLET,5,FAILED,NETWORK_TIMEOUT,1
TXN_0009270,CUST_00919,MEDIUM_RELIABILITY,0.68,3713.54,3618.17,CARD,18,FAILED,NETWORK_TIMEOUT,0
TXN_0009271,CUST_00919,MEDIUM_RELIABILITY,0.68,3713.54,1376.05,UPI,11,FAILED,TEMPORARY_BANK_ERROR,1
TXN_0009275,CUST_00920,LOW_RELIABILITY,0.62,1727.39,1470.31,CARD,7,FAILED,USER_ABANDONMENT,0
TXN_0009276,CUST_00920,LOW_RELIABILITY,0.62,1727.39,1921.47,CARD,1,FAILED,AUTHENTICATION_FAILURE,1
TXN_0009280,CUST_00920,LOW_RELIABILITY,0.62,1727.39,1924.01,UPI,11,FAILED,TEMPORARY_BANK_ERROR,3
TXN_0009281,CUST_00921,MEDIUM_RELIABILITY,0.73,4604.73,3571.33,UPI,7,FAILED,INSUFFICIENT_FUNDS,0
TXN_0009285,CUST_00921,MEDIUM_RELIABILITY,0.73,4604.73,3335.16,NET_BANKING,20,FAILED,NETWORK_TIMEOUT,0
TXN_0009293,CUST_00922,HIGH_RELIABILITY,0.93,9581.15,8120.07,WALLET,5,FAILED,NETWORK_TIMEOUT,0
TXN_0009296,CUST_00923,LOW_RELIABILITY,0.62,1836.71,2788.13,UPI,19,FAILED,TEMPORARY_BANK_ERROR,0
TXN_0009298,CUST_00923,LOW_RELIABILITY,0.62,1836.71,1373.22,NET_BANKING,17,FAILED,TEMPORARY_BANK_ERROR,0
TXN_0009300,CUST_00923,LOW_RELIABILITY,0.62,1836.71,2345.68,UPI,3,FAILED,AUTHENTICATION_FAILURE,0
TXN_0009303,CUST_00923,LOW_RELIABILITY,0.62,1836.71,1238.92,UPI,18,FAILED,TECHNICAL_ERROR,0
TXN_0009316,CUST_00925,MEDIUM_RELIABILITY,0.85,6635.2,4526.11,UPI,5,FAILED,TEMPORARY_BANK_ERROR,0
TXN_0009324,CUST_00926,LOW_RELIABILITY,0.43,5748.44,1265.6,UPI,21,FAILED,AUTHENTICATION_FAILURE,0
TXN_0009326,CUST_00926,LOW_RELIABILITY,0.43,5748.44,8010.42,CARD,2,FAILED,INSUFFICIENT_FUNDS,1
TXN_0009327,CUST_00926,LOW_RELIABILITY,0.43,5748.44,2670.21,UPI,6,FAILED,TEMPORARY_BANK_ERROR,1
TXN_0009328,CUST_00926,LOW_RELIABILITY,0.43,5748.44,3711.96,CARD,23,FAILED,TECHNICAL_ERROR,0
TXN_0009329,CUST_00926,LOW_RELIABILITY,0.43,5748.44,3792.17,CARD,15,FAILED,TEMPORARY_BANK_ERROR,0
TXN_0009330,CUST_00926,LOW_RELIABILITY,0.43,5748.44,4072.68,WALLET,10,FAILED,AUTHENTICATION_FAILURE,0
TXN_0009331,CUST_00926,LOW_RELIABILITY,0.43,5748.44,4640.79,CARD,10,FAILED,TEMPORARY_BANK_ERROR,1
TXN_0009336,CUST_00927,MEDIUM_RELIABILITY,0.84,8541.89,5655.75,UPI,19,FAILED,NETWORK_TIMEOUT,0
TXN_0009356,CUST_00930,LOW_RELIABILITY,0.59,5153.74,5847.64,UPI,21,FAILED,INSUFFICIENT_FUNDS,0
TXN_0009358,CUST_00930,LOW_RELIABILITY,0.59,5153.74,3717.0,CARD,10,FAILED,TEMPORARY_BANK_ERROR,0
TXN_0009359,CUST_00930,LOW_RELIABILITY,0.59,5153.74,4999.97,CARD,3,FAILED,TEMPORARY_BANK_ERROR,0
TXN_0009360,CUST_00930,LOW_RELIABILITY,0.59,5153.74,5862.06,UPI,3,FAILED,USER_ABANDONMENT,0
TXN_0009361,CUST_00930,LOW_RELIABILITY,0.59,5153.74,2192.71,UPI,7,FAILED,INSUFFICIENT_FUNDS,2
TXN_0009362,CUST_00930,LOW_RELIABILITY,0.59,5153.74,6287.83,WALLET,23,FAILED,USER_ABANDONMENT,2
TXN_0009363,CUST_00930,LOW_RELIABILITY,0.59,5153.74,3503.94,WALLET,12,FAILED,NETWORK_TIMEOUT,1
TXN_0009364,CUST_00930,LOW_RELIABILITY,0.59,5153.74,5116.78,CARD,5,FAILED,TEMPORARY_BANK_ERROR,0
TXN_0009365,CUST_00930,LOW_RELIABILITY,0.59,5153.74,5080.72,NET_BANKING,8,FAILED,INSUFFICIENT_FUNDS,0
TXN_0009388,CUST_00932,MEDIUM_RELIABILITY,0.69,5677.76,7176.35,UPI,21,FAILED,INSUFFICIENT_FUNDS,1
TXN_0009402,CUST_00934,LOW_RELIABILITY,0.36,1320.74,1487.73,UPI,15,FAILED,AUTHENTICATION_FAILURE,0
TXN_0009403,CUST_00934,LOW_RELIABILITY,0.36,1320.74,966.49,NET_BANKING,9,FAILED,AUTHENTICATION_FAILURE,1
TXN_0009404,CUST_00934,LOW_RELIABILITY,0.36,1320.74,1240.76,NET_BANKING,12,FAILED,NETWORK_TIMEOUT,0
TXN_0009405,CUST_00934,LOW_RELIABILITY,0.36,1320.74,183.01,UPI,13,FAILED,TEMPORARY_BANK_ERROR,0
TXN_0009409,CUST_00934,LOW_RELIABILITY,0.36,1320.74,100.0,UPI,5,FAILED,NETWORK_TIMEOUT,0
TXN_0009411,CUST_00934,LOW_RELIABILITY,0.36,1320.74,925.53,CARD,19,FAILED,NETWORK_TIMEOUT,0
TXN_0009412,CUST_00934,LOW_RELIABILITY,0.36,1320.74,1474.82,UPI,22,FAILED,TECHNICAL_ERROR,1
TXN_0009413,CUST_00934,LOW_RELIABILITY,0.36,1320.74,1473.6,WALLET,0,FAILED,INSUFFICIENT_FUNDS,0
TXN_0009414,CUST_00934,LOW_RELIABILITY,0.36,1320.74,1230.81,CARD,13,FAILED,AUTHENTICATION_FAILURE,1
TXN_0009416,CUST_00934,LOW_RELIABILITY,0.36,1320.74,778.58,UPI,15,FAILED,USER_ABANDONMENT,2
TXN_0009421,CUST_00935,HIGH_RELIABILITY,0.89,11163.72,19338.88,CARD,17,FAILED,INSUFFICIENT_FUNDS,0
TXN_0009435,CUST_00937,MEDIUM_RELIABILITY,0.76,8486.68,14139.67,CARD,0,FAILED,USER_ABANDONMENT,0
TXN_0009436,CUST_00937,MEDIUM_RELIABILITY,0.76,8486.68,7880.03,CARD,0,FAILED,NETWORK_TIMEOUT,0
TXN_0009438,CUST_00937,MEDIUM_RELIABILITY,0.76,8486.68,11219.2,WALLET,4,FAILED,TEMPORARY_BANK_ERROR,0
TXN_0009439,CUST_00937,MEDIUM_RELIABILITY,0.76,8486.68,8156.22,UPI,17,FAILED,TEMPORARY_BANK_ERROR,0
TXN_0009442,CUST_00937,MEDIUM_RELIABILITY,0.76,8486.68,7052.2,NET_BANKING,6,FAILED,TEMPORARY_BANK_ERROR,0
TXN_0009443,CUST_00937,MEDIUM_RELIABILITY,0.76,8486.68,4031.21,CARD,0,FAILED,TEMPORARY_BANK_ERROR,0
TXN_0009445,CUST_00938,LOW_RELIABILITY,0.56,3887.21,4392.94,UPI,6,FAILED,TEMPORARY_BANK_ERROR,0
TXN_0009447,CUST_00938,LOW_RELIABILITY,0.56,3887.21,5117.34,UPI,12,FAILED,TEMPORARY_BANK_ERROR,0
TXN_0009448,CUST_00938,LOW_RELIABILITY,0.56,3887.21,3444.39,UPI,7,FAILED,NETWORK_TIMEOUT,1
TXN_0009449,CUST_00938,LOW_RELIABILITY,0.56,3887.21,2055.28,CARD,4,FAILED,INSUFFICIENT_FUNDS,3
TXN_0009450,CUST_00938,LOW_RELIABILITY,0.56,3887.21,4560.24,UPI,21,FAILED,TEMPORARY_BANK_ERROR,3
TXN_0009462,CUST_00939,HIGH_RELIABILITY,0.94,8117.05,5595.26,CARD,5,FAILED,INSUFFICIENT_FUNDS,0
TXN_0009467,CUST_00940,HIGH_RELIABILITY,0.91,8910.31,4163.21,CARD,21,FAILED,TECHNICAL_ERROR,0
TXN_0009473,CUST_00941,LOW_RELIABILITY,0.55,6138.6,6444.0,CARD,23,FAILED,NETWORK_TIMEOUT,0
TXN_0009475,CUST_00941,LOW_RELIABILITY,0.55,6138.6,6670.74,CARD,14,FAILED,INSUFFICIENT_FUNDS,0
TXN_0009477,CUST_00941,LOW_RELIABILITY,0.55,6138.6,7035.25,NET_BANKING,14,FAILED,TECHNICAL_ERROR,1
TXN_0009496,CUST_00944,HIGH_RELIABILITY,0.88,4453.5,3406.0,NET_BANKING,8,FAILED,USER_ABANDONMENT,3
TXN_0009502,CUST_00945,MEDIUM_RELIABILITY,0.81,9922.19,9924.41,UPI,2,FAILED,TEMPORARY_BANK_ERROR,0
TXN_0009510,CUST_00945,MEDIUM_RELIABILITY,0.81,9922.19,7451.11,CARD,21,FAILED,TEMPORARY_BANK_ERROR,1
TXN_0009516,CUST_00946,MEDIUM_RELIABILITY,0.67,4314.2,5096.32,UPI,16,FAILED,TECHNICAL_ERROR,1
TXN_0009518,CUST_00946,MEDIUM_RELIABILITY,0.67,4314.2,5019.33,WALLET,7,FAILED,TEMPORARY_BANK_ERROR,0
TXN_0009520,CUST_00946,MEDIUM_RELIABILITY,0.67,4314.2,1520.63,UPI,3,FAILED,NETWORK_TIMEOUT,0
TXN_0009521,CUST_00946,MEDIUM_RELIABILITY,0.67,4314.2,2389.85,NET_BANKING,1,FAILED,NETWORK_TIMEOUT,2
TXN_0009525,CUST_00946,MEDIUM_RELIABILITY,0.67,4314.2,3360.03,NET_BANKING,22,FAILED,NETWORK_TIMEOUT,0
TXN_0009526,CUST_00946,MEDIUM_RELIABILITY,0.67,4314.2,2488.18,NET_BANKING,21,FAILED,TEMPORARY_BANK_ERROR,1
TXN_0009536,CUST_00948,MEDIUM_RELIABILITY,0.77,7464.18,7336.32,CARD,21,FAILED,AUTHENTICATION_FAILURE,0
TXN_0009540,CUST_00948,MEDIUM_RELIABILITY,0.77,7464.18,8448.92,UPI,22,FAILED,NETWORK_TIMEOUT,1
TXN_0009543,CUST_00948,MEDIUM_RELIABILITY,0.77,7464.18,5680.9,UPI,16,FAILED,INSUFFICIENT_FUNDS,0
TXN_0009546,CUST_00949,MEDIUM_RELIABILITY,0.79,2286.23,2456.39,UPI,6,FAILED,NETWORK_TIMEOUT,0
TXN_0009549,CUST_00949,MEDIUM_RELIABILITY,0.79,2286.23,2625.39,CARD,20,FAILED,INSUFFICIENT_FUNDS,0
TXN_0009558,CUST_00950,MEDIUM_RELIABILITY,0.73,7946.02,3688.49,UPI,18,FAILED,NETWORK_TIMEOUT,0
TXN_0009559,CUST_00950,MEDIUM_RELIABILITY,0.73,7946.02,5239.23,UPI,13,FAILED,INSUFFICIENT_FUNDS,2
TXN_0009563,CUST_00950,MEDIUM_RELIABILITY,0.73,7946.02,7575.77,CARD,18,FAILED,USER_ABANDONMENT,3
TXN_0009565,CUST_00950,MEDIUM_RELIABILITY,0.73,7946.02,9346.09,CARD,12,FAILED,TEMPORARY_BANK_ERROR,0
TXN_0009568,CUST_00951,LOW_RELIABILITY,0.51,235.56,327.0,CARD,1,FAILED,NETWORK_TIMEOUT,0
TXN_0009569,CUST_00951,LOW_RELIABILITY,0.51,235.56,274.51,WALLET,7,FAILED,INSUFFICIENT_FUNDS,0
TXN_0009570,CUST_00951,LOW_RELIABILITY,0.51,235.56,240.71,UPI,18,FAILED,TECHNICAL_ERROR,0
TXN_0009573,CUST_00951,LOW_RELIABILITY,0.51,235.56,335.51,NET_BANKING,6,FAILED,TEMPORARY_BANK_ERROR,1
TXN_0009604,CUST_00955,LOW_RELIABILITY,0.44,1212.44,1752.12,CARD,8,FAILED,INSUFFICIENT_FUNDS,0
TXN_0009606,CUST_00955,LOW_RELIABILITY,0.44,1212.44,1130.32,WALLET,14,FAILED,AUTHENTICATION_FAILURE,1
TXN_0009608,CUST_00955,LOW_RELIABILITY,0.44,1212.44,2088.15,NET_BANKING,18,FAILED,USER_ABANDONMENT,0
TXN_0009609,CUST_00955,LOW_RELIABILITY,0.44,1212.44,1855.04,UPI,4,FAILED,NETWORK_TIMEOUT,1
TXN_0009611,CUST_00955,LOW_RELIABILITY,0.44,1212.44,270.34,CARD,22,FAILED,TECHNICAL_ERROR,0
TXN_0009612,CUST_00955,LOW_RELIABILITY,0.44,1212.44,2356.8,NET_BANKING,10,FAILED,INSUFFICIENT_FUNDS,0
TXN_0009613,CUST_00955,LOW_RELIABILITY,0.44,1212.44,2312.85,UPI,7,FAILED,TEMPORARY_BANK_ERROR,0
TXN_0009614,CUST_00955,LOW_RELIABILITY,0.44,1212.44,1303.84,CARD,17,FAILED,INSUFFICIENT_FUNDS,0
TXN_0009615,CUST_00956,HIGH_RELIABILITY,0.91,13273.11,6527.78,NET_BANKING,11,FAILED,INSUFFICIENT_FUNDS,1
TXN_0009616,CUST_00956,HIGH_RELIABILITY,0.91,13273.11,18387.11,CARD,7,FAILED,TEMPORARY_BANK_ERROR,0
TXN_0009621,CUST_00956,HIGH_RELIABILITY,0.91,13273.11,6977.33,NET_BANKING,22,FAILED,TEMPORARY_BANK_ERROR,0
TXN_0009622,CUST_00956,HIGH_RELIABILITY,0.91,13273.11,11548.98,UPI,19,FAILED,TEMPORARY_BANK_ERROR,0
TXN_0009623,CUST_00956,HIGH_RELIABILITY,0.91,13273.11,16783.33,CARD,15,FAILED,TEMPORARY_BANK_ERROR,1
TXN_0009629,CUST_00956,HIGH_RELIABILITY,0.91,13273.11,100.0,CARD,11,FAILED,NETWORK_TIMEOUT,1
TXN_0009630,CUST_00957,LOW_RELIABILITY,0.64,2704.5,2218.07,UPI,6,FAILED,TECHNICAL_ERROR,0
TXN_0009633,CUST_00957,LOW_RELIABILITY,0.64,2704.5,2200.14,CARD,0,FAILED,AUTHENTICATION_FAILURE,0
TXN_0009634,CUST_00957,LOW_RELIABILITY,0.64,2704.5,1577.86,WALLET,0,FAILED,INSUFFICIENT_FUNDS,0
TXN_0009661,CUST_00960,MEDIUM_RELIABILITY,0.74,4419.91,5614.15,CARD,19,FAILED,INSUFFICIENT_FUNDS,0
TXN_0009679,CUST_00962,HIGH_RELIABILITY,0.95,5976.9,6701.23,UPI,7,FAILED,INSUFFICIENT_FUNDS,0
TXN_0009683,CUST_00963,MEDIUM_RELIABILITY,0.82,1383.41,1331.24,UPI,0,FAILED,INSUFFICIENT_FUNDS,1
TXN_0009687,CUST_00963,MEDIUM_RELIABILITY,0.82,1383.41,1473.86,UPI,8,FAILED,TECHNICAL_ERROR,0
TXN_0009694,CUST_00963,MEDIUM_RELIABILITY,0.82,1383.41,1339.49,NET_BANKING,13,FAILED,INSUFFICIENT_FUNDS,2
TXN_0009717,CUST_00966,HIGH_RELIABILITY,0.94,8860.78,12740.25,CARD,0,FAILED,AUTHENTICATION_FAILURE,0
TXN_0009721,CUST_00967,MEDIUM_RELIABILITY,0.77,6233.13,4441.77,WALLET,15,FAILED,USER_ABANDONMENT,1
TXN_0009731,CUST_00967,MEDIUM_RELIABILITY,0.77,6233.13,5464.67,UPI,12,FAILED,NETWORK_TIMEOUT,0
TXN_0009734,CUST_00968,MEDIUM_RELIABILITY,0.8,8147.4,5770.19,UPI,5,FAILED,NETWORK_TIMEOUT,0
TXN_0009738,CUST_00968,MEDIUM_RELIABILITY,0.8,8147.4,14498.99,CARD,4,FAILED,NETWORK_TIMEOUT,1
TXN_0009739,CUST_00968,MEDIUM_RELIABILITY,0.8,8147.4,10544.87,CARD,22,FAILED,USER_ABANDONMENT,0
TXN_0009740,CUST_00969,MEDIUM_RELIABILITY,0.71,8337.97,11426.03,CARD,21,FAILED,INSUFFICIENT_FUNDS,1
TXN_0009744,CUST_00969,MEDIUM_RELIABILITY,0.71,8337.97,4236.08,UPI,2,FAILED,TEMPORARY_BANK_ERROR,0
TXN_0009748,CUST_00969,MEDIUM_RELIABILITY,0.71,8337.97,6847.22,CARD,21,FAILED,NETWORK_TIMEOUT,0
TXN_0009750,CUST_00969,MEDIUM_RELIABILITY,0.71,8337.97,8455.69,UPI,22,FAILED,TEMPORARY_BANK_ERROR,0
TXN_0009751,CUST_00969,MEDIUM_RELIABILITY,0.71,8337.97,5927.18,UPI,8,FAILED,INSUFFICIENT_FUNDS,2
TXN_0009765,CUST_00971,MEDIUM_RELIABILITY,0.66,3675.26,5008.33,WALLET,13,FAILED,USER_ABANDONMENT,2
TXN_0009767,CUST_00971,MEDIUM_RELIABILITY,0.66,3675.26,3572.57,WALLET,18,FAILED,USER_ABANDONMENT,1
TXN_0009772,CUST_00972,LOW_RELIABILITY,0.58,5012.23,8227.48,UPI,0,FAILED,TECHNICAL_ERROR,1
TXN_0009774,CUST_00972,LOW_RELIABILITY,0.58,5012.23,6843.91,UPI,19,FAILED,AUTHENTICATION_FAILURE,1
TXN_0009775,CUST_00972,LOW_RELIABILITY,0.58,5012.23,5280.01,UPI,0,FAILED,TECHNICAL_ERROR,0
TXN_0009776,CUST_00972,LOW_RELIABILITY,0.58,5012.23,6366.86,UPI,4,FAILED,USER_ABANDONMENT,0
TXN_0009781,CUST_00972,LOW_RELIABILITY,0.58,5012.23,6029.94,UPI,3,FAILED,NETWORK_TIMEOUT,0
TXN_0009782,CUST_00972,LOW_RELIABILITY,0.58,5012.23,7218.4,NET_BANKING,19,FAILED,AUTHENTICATION_FAILURE,0
TXN_0009785,CUST_00973,HIGH_RELIABILITY,0.97,8241.77,8998.6,UPI,8,FAILED,TEMPORARY_BANK_ERROR,0
TXN_0009795,CUST_00974,MEDIUM_RELIABILITY,0.75,1900.8,1693.12,UPI,8,FAILED,TECHNICAL_ERROR,0
TXN_0009796,CUST_00974,MEDIUM_RELIABILITY,0.75,1900.8,2922.89,UPI,19,FAILED,NETWORK_TIMEOUT,1
TXN_0009816,CUST_00976,HIGH_RELIABILITY,0.89,4088.57,6898.95,UPI,18,FAILED,TEMPORARY_BANK_ERROR,2
TXN_0009818,CUST_00976,HIGH_RELIABILITY,0.89,4088.57,6138.96,UPI,19,FAILED,TECHNICAL_ERROR,0
TXN_0009821,CUST_00976,HIGH_RELIABILITY,0.89,4088.57,4477.6,WALLET,5,FAILED,AUTHENTICATION_FAILURE,0
TXN_0009822,CUST_00976,HIGH_RELIABILITY,0.89,4088.57,3672.18,CARD,5,FAILED,TECHNICAL_ERROR,0
TXN_0009830,CUST_00977,MEDIUM_RELIABILITY,0.78,7488.8,7407.28,WALLET,22,FAILED,TEMPORARY_BANK_ERROR,1
TXN_0009832,CUST_00977,MEDIUM_RELIABILITY,0.78,7488.8,3232.48,CARD,10,FAILED,INSUFFICIENT_FUNDS,1
TXN_0009836,CUST_00978,HIGH_RELIABILITY,0.99,14063.59,18323.76,UPI,1,FAILED,INSUFFICIENT_FUNDS,2
TXN_0009856,CUST_00980,HIGH_RELIABILITY,0.95,11999.12,19297.66,NET_BANKING,0,FAILED,TECHNICAL_ERROR,2
TXN_0009866,CUST_00980,HIGH_RELIABILITY,0.95,11999.12,9545.25,CARD,13,FAILED,TEMPORARY_BANK_ERROR,0
TXN_0009868,CUST_00980,HIGH_RELIABILITY,0.95,11999.12,16038.66,CARD,15,FAILED,TEMPORARY_BANK_ERROR,1
TXN_0009869,CUST_00981,LOW_RELIABILITY,0.38,2987.35,3207.48,UPI,17,FAILED,TEMPORARY_BANK_ERROR,1
TXN_0009870,CUST_00981,LOW_RELIABILITY,0.38,2987.35,3716.21,UPI,4,FAILED,TECHNICAL_ERROR,0
TXN_0009873,CUST_00981,LOW_RELIABILITY,0.38,2987.35,1609.01,CARD,9,FAILED,USER_ABANDONMENT,0
TXN_0009875,CUST_00981,LOW_RELIABILITY,0.38,2987.35,100.0,CARD,10,FAILED,TEMPORARY_BANK_ERROR,0
TXN_0009878,CUST_00982,MEDIUM_RELIABILITY,0.83,4146.41,5081.3,CARD,0,FAILED,TECHNICAL_ERROR,0
TXN_0009899,CUST_00984,HIGH_RELIABILITY,0.9,6071.3,4658.92,UPI,17,FAILED,NETWORK_TIMEOUT,0
TXN_0009917,CUST_00985,HIGH_RELIABILITY,0.92,1366.75,1234.05,CARD,0,FAILED,AUTHENTICATION_FAILURE,0
TXN_0009918,CUST_00985,HIGH_RELIABILITY,0.92,1366.75,1433.85,WALLET,0,FAILED,TEMPORARY_BANK_ERROR,0
TXN_0009919,CUST_00985,HIGH_RELIABILITY,0.92,1366.75,2070.32,UPI,0,FAILED,TEMPORARY_BANK_ERROR,0
TXN_0009922,CUST_00986,HIGH_RELIABILITY,0.88,12643.76,11826.25,CARD,21,FAILED,AUTHENTICATION_FAILURE,0
TXN_0009927,CUST_00986,HIGH_RELIABILITY,0.88,12643.76,6176.55,CARD,7,FAILED,AUTHENTICATION_FAILURE,0
TXN_0009929,CUST_00986,HIGH_RELIABILITY,0.88,12643.76,12720.25,UPI,22,FAILED,TEMPORARY_BANK_ERROR,0
TXN_0009936,CUST_00988,LOW_RELIABILITY,0.44,6596.62,3690.61,UPI,15,FAILED,INSUFFICIENT_FUNDS,0
TXN_0009938,CUST_00988,LOW_RELIABILITY,0.44,6596.62,9782.8,CARD,14,FAILED,INSUFFICIENT_FUNDS,0
TXN_0009940,CUST_00988,LOW_RELIABILITY,0.44,6596.62,7072.81,UPI,19,FAILED,TECHNICAL_ERROR,1
TXN_0009946,CUST_00989,HIGH_RELIABILITY,0.91,7015.2,5152.43,UPI,22,FAILED,TEMPORARY_BANK_ERROR,1
TXN_0009949,CUST_00989,HIGH_RELIABILITY,0.91,7015.2,8568.72,NET_BANKING,5,FAILED,TEMPORARY_BANK_ERROR,0
TXN_0009956,CUST_00990,LOW_RELIABILITY,0.6,5925.15,5091.69,CARD,19,FAILED,NETWORK_TIMEOUT,0
TXN_0009961,CUST_00990,LOW_RELIABILITY,0.6,5925.15,4341.1,WALLET,10,FAILED,USER_ABANDONMENT,0
TXN_0009963,CUST_00990,LOW_RELIABILITY,0.6,5925.15,5830.26,UPI,16,FAILED,TEMPORARY_BANK_ERROR,1
TXN_0009969,CUST_00991,MEDIUM_RELIABILITY,0.69,8125.11,12403.29,CARD,23,FAILED,AUTHENTICATION_FAILURE,0
TXN_0009971,CUST_00991,MEDIUM_RELIABILITY,0.69,8125.11,4151.12,CARD,1,FAILED,INSUFFICIENT_FUNDS,0
TXN_0009972,CUST_00991,MEDIUM_RELIABILITY,0.69,8125.11,5149.26,CARD,0,FAILED,TECHNICAL_ERROR,0
TXN_0009974,CUST_00991,MEDIUM_RELIABILITY,0.69,8125.11,9217.98,UPI,23,FAILED,TEMPORARY_BANK_ERROR,0
TXN_0009976,CUST_00991,MEDIUM_RELIABILITY,0.69,8125.11,9405.6,UPI,11,FAILED,USER_ABANDONMENT,0
TXN_0009979,CUST_00992,MEDIUM_RELIABILITY,0.75,5088.2,2608.87,NET_BANKING,19,FAILED,TEMPORARY_BANK_ERROR,0
TXN_0009980,CUST_00992,MEDIUM_RELIABILITY,0.75,5088.2,5894.82,UPI,2,FAILED,NETWORK_TIMEOUT,1
TXN_0009982,CUST_00992,MEDIUM_RELIABILITY,0.75,5088.2,1891.84,CARD,14,FAILED,NETWORK_TIMEOUT,0
TXN_0009985,CUST_00993,LOW_RELIABILITY,0.39,748.09,1214.05,CARD,2,FAILED,TECHNICAL_ERROR,1
TXN_0009989,CUST_00993,LOW_RELIABILITY,0.39,748.09,556.16,CARD,21,FAILED,INSUFFICIENT_FUNDS,2
TXN_0009991,CUST_00993,LOW_RELIABILITY,0.39,748.09,830.5,UPI,13,FAILED,AUTHENTICATION_FAILURE,0
TXN_0009992,CUST_00993,LOW_RELIABILITY,0.39,748.09,1021.51,UPI,2,FAILED,NETWORK_TIMEOUT,0
TXN_0010011,CUST_00996,LOW_RELIABILITY,0.57,1280.58,673.61,UPI,19,FAILED,INSUFFICIENT_FUNDS,1
TXN_0010013,CUST_00996,LOW_RELIABILITY,0.57,1280.58,1828.39,UPI,12,FAILED,NETWORK_TIMEOUT,0
TXN_0010016,CUST_00996,LOW_RELIABILITY,0.57,1280.58,1153.59,UPI,22,FAILED,TEMPORARY_BANK_ERROR,1
TXN_0010017,CUST_00996,LOW_RELIABILITY,0.57,1280.58,1572.49,UPI,14,FAILED,USER_ABANDONMENT,0
TXN_0010025,CUST_00997,MEDIUM_RELIABILITY,0.78,1785.86,1402.0,UPI,13,FAILED,TEMPORARY_BANK_ERROR,2
TXN_0010027,CUST_00997,MEDIUM_RELIABILITY,0.78,1785.86,2654.51,UPI,14,FAILED,NETWORK_TIMEOUT,0
TXN_0010029,CUST_00997,MEDIUM_RELIABILITY,0.78,1785.86,1692.58,NET_BANKING,9,FAILED,USER_ABANDONMENT,2
TXN_0010034,CUST_00997,MEDIUM_RELIABILITY,0.78,1785.86,2559.68,CARD,9,FAILED,INSUFFICIENT_FUNDS,0
TXN_0010055,CUST_01000,MEDIUM_RELIABILITY,0.66,3180.78,2157.38,WALLET,9,FAILED,TEMPORARY_BANK_ERROR,1
