transaction_id,customer_id,customer_segment,historical_success_rate,average_transaction_amount,amount,payment_method,transaction_hour,status,failure_reason,retry_count
TXN_0000001,CUST_00001,MEDIUM_RELIABILITY,0.73,9531.79,6184.29,CARD,17,FAILED,TEMPORARY_BANK_ERROR,0
TXN_0000002,CUST_00001,MEDIUM_RELIABILITY,0.73,9531.79,6379.13,UPI,11,SUCCESS,,0
TXN_0000003,CUST_00001,MEDIUM_RELIABILITY,0.73,9531.79,8668.29,UPI,12,FAILED,INSUFFICIENT_FUNDS,0
TXN_0000004,CUST_00001,MEDIUM_RELIABILITY,0.73,9531.79,10932.45,UPI,12,SUCCESS,,0
TXN_0000005,CUST_00001,MEDIUM_RELIABILITY,0.73,9531.79,13015.03,NET_BANKING,8,SUCCESS,,0
TXN_0000006,CUST_00001,MEDIUM_RELIABILITY,0.73,9531.79,6469.5,CARD,19,FAILED,TECHNICAL_ERROR,0
TXN_0000007,CUST_00001,MEDIUM_RELIABILITY,0.73,9531.79,15222.99,NET_BANKING,10,SUCCESS,,0
TXN_0000008,CUST_00001,MEDIUM_RELIABILITY,0.73,9531.79,8498.07,UPI,4,FAILED,INSUFFICIENT_FUNDS,0
TXN_0000009,CUST_00001,MEDIUM_RELIABILITY,0.73,9531.79,9450.32,UPI,4,SUCCESS,,0
TXN_0000010,CUST_00001,MEDIUM_RELIABILITY,0.73,9531.79,6682.88,NET_BANKING,16,SUCCESS,,0
TXN_0000011,CUST_00001,MEDIUM_RELIABILITY,0.73,9531.79,288.85,CARD,16,FAILED,TECHNICAL_ERROR,0
TXN_0000012,CUST_00001,MEDIUM_RELIABILITY,0.73,9531.79,12902.4,UPI,19,SUCCESS,,0
TXN_0000013,CUST_00001,MEDIUM_RELIABILITY,0.73,9531.79,12341.17,UPI,10,SUCCESS,,0
TXN_0000014,CUST_00001,MEDIUM_RELIABILITY,0.73,9531.79,8459.17,CARD,15,SUCCESS,,0
TXN_0000015,CUST_00001,MEDIUM_RELIABILITY,0.73,9531.79,9787.21,UPI,0,SUCCESS,,0
TXN_0000016,CUST_00002,MEDIUM_RELIABILITY,0.81,6187.26,7464.16,UPI,13,SUCCESS,,0
TXN_0000017,CUST_00002,MEDIUM_RELIABILITY,0.81,6187.26,2320.11,NET_BANKING,23,SUCCESS,,0
TXN_0000018,CUST_00002,MEDIUM_RELIABILITY,0.81,6187.26,4877.91,CARD,19,SUCCESS,,0
TXN_0000019,CUST_00002,MEDIUM_RELIABILITY,0.81,6187.26,8152.99,WALLET,18,SUCCESS,,0
TXN_0000020,CUST_00002,MEDIUM_RELIABILITY,0.81,6187.26,3083.01,CARD,18,SUCCESS,,0
TXN_0000021,CUST_00002,MEDIUM_RELIABILITY,0.81,6187.26,6913.79,CARD,23,SUCCESS,,0
TXN_0000022,CUST_00002,MEDIUM_RELIABILITY,0.81,6187.26,2829.85,NET_BANKING,4,SUCCESS,,0
TXN_0000023,CUST_00002,MEDIUM_RELIABILITY,0.81,6187.26,7341.63,UPI,18,SUCCESS,,0
TXN_0000024,CUST_00002,MEDIUM_RELIABILITY,0.81,6187.26,6099.05,UPI,0,SUCCESS,,0
TXN_0000025,CUST_00002,MEDIUM_RELIABILITY,0.81,6187.26,2189.96,UPI,13,SUCCESS,,0
TXN_0000026,CUST_00002,MEDIUM_RELIABILITY,0.81,6187.26,9069.88,UPI,19,SUCCESS,,0
TXN_0000027,CUST_00002,MEDIUM_RELIABILITY,0.81,6187.26,4369.22,NET_BANKING,23,SUCCESS,,0
TXN_0000028,CUST_00002,MEDIUM_RELIABILITY,0.81,6187.26,4181.96,CARD,16,FAILED,NETWORK_TIMEOUT,1
TXN_0000029,CUST_00002,MEDIUM_RELIABILITY,0.81,6187.26,6683.65,CARD,10,SUCCESS,,0
TXN_0000030,CUST_00002,MEDIUM_RELIABILITY,0.81,6187.26,9030.03,CARD,17,SUCCESS,,0
TXN_0000031,CUST_00003,HIGH_RELIABILITY,0.9,3183.92,1890.2,CARD,23,SUCCESS,,0
TXN_0000032,CUST_00003,HIGH_RELIABILITY,0.9,3183.92,3262.47,NET_BANKING,8,SUCCESS,,0
TXN_0000033,CUST_00003,HIGH_RELIABILITY,0.9,3183.92,3730.05,UPI,7,SUCCESS,,0
TXN_0000034,CUST_00003,HIGH_RELIABILITY,0.9,3183.92,4066.64,UPI,9,SUCCESS,,0
TXN_0000035,CUST_00003,HIGH_RELIABILITY,0.9,3183.92,3408.63,CARD,22,SUCCESS,,0
TXN_0000036,CUST_00003,HIGH_RELIABILITY,0.9,3183.92,2716.49,UPI,11,SUCCESS,,0
TXN_0000037,CUST_00003,HIGH_RELIABILITY,0.9,3183.92,2129.93,WALLET,23,SUCCESS,,0
TXN_0000038,CUST_00003,HIGH_RELIABILITY,0.9,3183.92,3293.63,UPI,21,SUCCESS,,0
TXN_0000039,CUST_00003,HIGH_RELIABILITY,0.9,3183.92,1818.48,NET_BANKING,12,SUCCESS,,0
TXN_0000040,CUST_00003,HIGH_RELIABILITY,0.9,3183.92,100.0,WALLET,4,SUCCESS,,0
TXN_0000041,CUST_00004,HIGH_RELIABILITY,0.89,13126.47,15418.67,WALLET,2,SUCCESS,,0
TXN_0000042,CUST_00004,HIGH_RELIABILITY,0.89,13126.47,17872.66,UPI,8,SUCCESS,,0
TXN_0000043,CUST_00004,HIGH_RELIABILITY,0.89,13126.47,719.69,UPI,17,SUCCESS,,0
TXN_0000044,CUST_00004,HIGH_RELIABILITY,0.89,13126.47,7824.79,CARD,8,FAILED,INSUFFICIENT_FUNDS,0
TXN_0000045,CUST_00004,HIGH_RELIABILITY,0.89,13126.47,16377.39,UPI,21,SUCCESS,,0
TXN_0000046,CUST_00004,HIGH_RELIABILITY,0.89,13126.47,23929.53,UPI,7,FAILED,NETWORK_TIMEOUT,1
TXN_0000047,CUST_00004,HIGH_RELIABILITY,0.89,13126.47,13235.65,UPI,4,FAILED,INSUFFICIENT_FUNDS,2
TXN_0000048,CUST_00004,HIGH_RELIABILITY,0.89,13126.47,9304.03,UPI,15,SUCCESS,,0
TXN_0000049,CUST_00004,HIGH_RELIABILITY,0.89,13126.47,12166.16,UPI,9,SUCCESS,,0
TXN_0000050,CUST_00005,LOW_RELIABILITY,0.52,5014.89,7772.83,UPI,2,SUCCESS,,0
TXN_0000051,CUST_00005,LOW_RELIABILITY,0.52,5014.89,3719.11,UPI,23,SUCCESS,,0
TXN_0000052,CUST_00005,LOW_RELIABILITY,0.52,5014.89,3411.75,WALLET,5,FAILED,USER_ABANDONMENT,2
TXN_0000053,CUST_00005,LOW_RELIABILITY,0.52,5014.89,4046.53,UPI,12,SUCCESS,,0
TXN_0000054,CUST_00005,LOW_RELIABILITY,0.52,5014.89,3102.55,UPI,23,SUCCESS,,0
TXN_0000055,CUST_00005,LOW_RELIABILITY,0.52,5014.89,5260.96,WALLET,1,FAILED,INSUFFICIENT_FUNDS,0
TXN_0000056,CUST_00005,LOW_RELIABILITY,0.52,5014.89,8273.92,WALLET,9,FAILED,INSUFFICIENT_FUNDS,0
TXN_0000057,CUST_00005,LOW_RELIABILITY,0.52,5014.89,5662.97,NET_BANKING,4,SUCCESS,,0
TXN_0000058,CUST_00005,LOW_RELIABILITY,0.52,5014.89,4508.68,CARD,6,SUCCESS,,0
TXN_0000059,CUST_00005,LOW_RELIABILITY,0.52,5014.89,4429.53,UPI,23,FAILED,NETWORK_TIMEOUT,0
TXN_0000060,CUST_00005,LOW_RELIABILITY,0.52,5014.89,1879.2,CARD,9,SUCCESS,,0
TXN_0000061,CUST_00005,LOW_RELIABILITY,0.52,5014.89,6786.37,NET_BANKING,5,SUCCESS,,0
TXN_0000062,CUST_00005,LOW_RELIABILITY,0.52,5014.89,4858.75,CARD,12,SUCCESS,,0
TXN_0000063,CUST_00005,LOW_RELIABILITY,0.52,5014.89,4652.86,CARD,2,FAILED,TEMPORARY_BANK_ERROR,3
TXN_0000064,CUST_00005,LOW_RELIABILITY,0.52,5014.89,11420.12,CARD,7,FAILED,NETWORK_TIMEOUT,0
TXN_0000065,CUST_00006,MEDIUM_RELIABILITY,0.65,9714.14,10874.99,WALLET,9,SUCCESS,,0
TXN_0000066,CUST_00006,MEDIUM_RELIABILITY,0.65,9714.14,6792.94,CARD,8,SUCCESS,,0
TXN_0000067,CUST_00006,MEDIUM_RELIABILITY,0.65,9714.14,8057.46,CARD,1,SUCCESS,,0
TXN_0000068,CUST_00006,MEDIUM_RELIABILITY,0.65,9714.14,14176.6,CARD,5,SUCCESS,,0
TXN_0000069,CUST_00006,MEDIUM_RELIABILITY,0.65,9714.14,10154.27,CARD,22,SUCCESS,,0
TXN_0000070,CUST_00006,MEDIUM_RELIABILITY,0.65,9714.14,4125.49,CARD,20,SUCCESS,,0
TXN_0000071,CUST_00006,MEDIUM_RELIABILITY,0.65,9714.14,13285.95,UPI,19,FAILED,TECHNICAL_ERROR,0
TXN_0000072,CUST_00006,MEDIUM_RELIABILITY,0.65,9714.14,7117.96,CARD,19,FAILED,AUTHENTICATION_FAILURE,2
TXN_0000073,CUST_00006,MEDIUM_RELIABILITY,0.65,9714.14,16993.13,NET_BANKING,21,SUCCESS,,0
TXN_0000074,CUST_00007,HIGH_RELIABILITY,0.97,3972.75,5689.05,CARD,19,SUCCESS,,0
TXN_0000075,CUST_00007,HIGH_RELIABILITY,0.97,3972.75,3261.91,UPI,14,SUCCESS,,0
TXN_0000076,CUST_00007,HIGH_RELIABILITY,0.97,3972.75,6008.41,UPI,18,SUCCESS,,0
TXN_0000077,CUST_00007,HIGH_RELIABILITY,0.97,3972.75,4080.58,NET_BANKING,16,SUCCESS,,0
TXN_0000078,CUST_00007,HIGH_RELIABILITY,0.97,3972.75,5327.89,CARD,5,SUCCESS,,0
TXN_0000079,CUST_00007,HIGH_RELIABILITY,0.97,3972.75,4743.04,CARD,3,SUCCESS,,0
TXN_0000080,CUST_00007,HIGH_RELIABILITY,0.97,3972.75,2627.8,CARD,15,SUCCESS,,0
TXN_0000081,CUST_00007,HIGH_RELIABILITY,0.97,3972.75,2950.08,CARD,1,SUCCESS,,0
TXN_0000082,CUST_00008,HIGH_RELIABILITY,0.9,3567.66,5037.48,UPI,18,FAILED,NETWORK_TIMEOUT,1
TXN_0000083,CUST_00008,HIGH_RELIABILITY,0.9,3567.66,3089.91,CARD,12,SUCCESS,,0
TXN_0000084,CUST_00008,HIGH_RELIABILITY,0.9,3567.66,2991.63,UPI,6,SUCCESS,,0
TXN_0000085,CUST_00008,HIGH_RELIABILITY,0.9,3567.66,2204.64,UPI,11,SUCCESS,,0
TXN_0000086,CUST_00008,HIGH_RELIABILITY,0.9,3567.66,4172.16,CARD,1,SUCCESS,,0
TXN_0000087,CUST_00008,HIGH_RELIABILITY,0.9,3567.66,6511.02,UPI,15,FAILED,NETWORK_TIMEOUT,1
TXN_0000088,CUST_00008,HIGH_RELIABILITY,0.9,3567.66,2044.22,NET_BANKING,23,SUCCESS,,0
TXN_0000089,CUST_00008,HIGH_RELIABILITY,0.9,3567.66,3602.22,UPI,12,SUCCESS,,0
TXN_0000090,CUST_00008,HIGH_RELIABILITY,0.9,3567.66,5582.99,WALLET,12,SUCCESS,,0
TXN_0000091,CUST_00008,HIGH_RELIABILITY,0.9,3567.66,3454.01,CARD,21,SUCCESS,,0
TXN_0000092,CUST_00008,HIGH_RELIABILITY,0.9,3567.66,4213.22,UPI,11,SUCCESS,,0
TXN_0000093,CUST_00008,HIGH_RELIABILITY,0.9,3567.66,2051.56,WALLET,12,SUCCESS,,0
TXN_0000094,CUST_00008,HIGH_RELIABILITY,0.9,3567.66,4178.88,CARD,7,SUCCESS,,0
TXN_0000095,CUST_00009,HIGH_RELIABILITY,0.91,8346.59,7721.78,WALLET,14,SUCCESS,,0
TXN_0000096,CUST_00009,HIGH_RELIABILITY,0.91,8346.59,11637.58,CARD,17,SUCCESS,,0
TXN_0000097,CUST_00009,HIGH_RELIABILITY,0.91,8346.59,12310.84,UPI,14,SUCCESS,,0
TXN_0000098,CUST_00009,HIGH_RELIABILITY,0.91,8346.59,16992.2,UPI,23,SUCCESS,,0
TXN_0000099,CUST_00009,HIGH_RELIABILITY,0.91,8346.59,10281.77,UPI,21,SUCCESS,,0
TXN_0000100,CUST_00010,MEDIUM_RELIABILITY,0.75,3266.68,3692.39,UPI,2,FAILED,TEMPORARY_BANK_ERROR,0
TXN_0000101,CUST_00010,MEDIUM_RELIABILITY,0.75,3266.68,3520.68,CARD,1,FAILED,TEMPORARY_BANK_ERROR,0
TXN_0000102,CUST_00010,MEDIUM_RELIABILITY,0.75,3266.68,2805.21,CARD,1,FAILED,TECHNICAL_ERROR,0
TXN_0000103,CUST_00010,MEDIUM_RELIABILITY,0.75,3266.68,3708.97,WALLET,18,SUCCESS,,0
TXN_0000104,CUST_00010,MEDIUM_RELIABILITY,0.75,3266.68,2880.69,CARD,21,SUCCESS,,0
TXN_0000105,CUST_00011,MEDIUM_RELIABILITY,0.78,1825.19,1948.18,UPI,4,SUCCESS,,0
TXN_0000106,CUST_00011,MEDIUM_RELIABILITY,0.78,1825.19,2787.14,CARD,13,SUCCESS,,0
TXN_0000107,CUST_00011,MEDIUM_RELIABILITY,0.78,1825.19,1090.34,UPI,18,SUCCESS,,0
TXN_0000108,CUST_00011,MEDIUM_RELIABILITY,0.78,1825.19,2657.39,WALLET,20,SUCCESS,,0
TXN_0000109,CUST_00011,MEDIUM_RELIABILITY,0.78,1825.19,2786.78,CARD,1,SUCCESS,,0
TXN_0000110,CUST_00011,MEDIUM_RELIABILITY,0.78,1825.19,1738.99,WALLET,21,SUCCESS,,0
TXN_0000111,CUST_00011,MEDIUM_RELIABILITY,0.78,1825.19,276.07,CARD,22,SUCCESS,,0
TXN_0000112,CUST_00011,MEDIUM_RELIABILITY,0.78,1825.19,1381.43,UPI,12,FAILED,INSUFFICIENT_FUNDS,0
TXN_0000113,CUST_00012,MEDIUM_RELIABILITY,0.71,3980.44,6045.48,UPI,22,FAILED,NETWORK_TIMEOUT,0
TXN_0000114,CUST_00012,MEDIUM_RELIABILITY,0.71,3980.44,3944.03,UPI,13,SUCCESS,,0
TXN_0000115,CUST_00012,MEDIUM_RELIABILITY,0.71,3980.44,2389.37,UPI,7,FAILED,NETWORK_TIMEOUT,0
TXN_0000116,CUST_00012,MEDIUM_RELIABILITY,0.71,3980.44,3176.75,UPI,11,FAILED,AUTHENTICATION_FAILURE,0
TXN_0000117,CUST_00012,MEDIUM_RELIABILITY,0.71,3980.44,5318.86,UPI,21,SUCCESS,,0
TXN_0000118,CUST_00012,MEDIUM_RELIABILITY,0.71,3980.44,4850.94,UPI,2,FAILED,USER_ABANDONMENT,1
TXN_0000119,CUST_00012,MEDIUM_RELIABILITY,0.71,3980.44,3600.02,CARD,15,FAILED,TECHNICAL_ERROR,0
TXN_0000120,CUST_00012,MEDIUM_RELIABILITY,0.71,3980.44,3396.39,WALLET,6,SUCCESS,,0
TXN_0000121,CUST_00013,LOW_RELIABILITY,0.48,5539.2,4671.19,CARD,15,SUCCESS,,0
TXN_0000122,CUST_00013,LOW_RELIABILITY,0.48,5539.2,3495.43,CARD,22,FAILED,TECHNICAL_ERROR,0
TXN_0000123,CUST_00013,LOW_RELIABILITY,0.48,5539.2,9118.36,NET_BANKING,12,FAILED,INSUFFICIENT_FUNDS,0
TXN_0000124,CUST_00013,LOW_RELIABILITY,0.48,5539.2,4825.04,UPI,15,FAILED,USER_ABANDONMENT,1
TXN_0000125,CUST_00013,LOW_RELIABILITY,0.48,5539.2,8236.03,NET_BANKING,10,SUCCESS,,0
TXN_0000126,CUST_00013,LOW_RELIABILITY,0.48,5539.2,8909.95,UPI,13,FAILED,USER_ABANDONMENT,1
TXN_0000127,CUST_00014,MEDIUM_RELIABILITY,0.69,5385.23,7535.68,UPI,18,SUCCESS,,0
TXN_0000128,CUST_00014,MEDIUM_RELIABILITY,0.69,5385.23,4455.48,UPI,4,FAILED,TEMPORARY_BANK_ERROR,0
TXN_0000129,CUST_00014,MEDIUM_RELIABILITY,0.69,5385.23,6254.9,UPI,17,SUCCESS,,0
TXN_0000130,CUST_00014,MEDIUM_RELIABILITY,0.69,5385.23,5333.11,CARD,8,SUCCESS,,0
TXN_0000131,CUST_00014,MEDIUM_RELIABILITY,0.69,5385.23,3438.57,CARD,23,SUCCESS,,0
TXN_0000132,CUST_00015,MEDIUM_RELIABILITY,0.78,941.28,1063.41,CARD,23,SUCCESS,,0
TXN_0000133,CUST_00015,MEDIUM_RELIABILITY,0.78,941.28,497.36,UPI,23,SUCCESS,,0
TXN_0000134,CUST_00015,MEDIUM_RELIABILITY,0.78,941.28,1388.46,UPI,17,SUCCESS,,0
TXN_0000135,CUST_00015,MEDIUM_RELIABILITY,0.78,941.28,766.35,WALLET,16,FAILED,USER_ABANDONMENT,2
TXN_0000136,CUST_00015,MEDIUM_RELIABILITY,0.78,941.28,1017.02,CARD,0,SUCCESS,,0
TXN_0000137,CUST_00015,MEDIUM_RELIABILITY,0.78,941.28,1047.94,NET_BANKING,7,FAILED,TEMPORARY_BANK_ERROR,0
TXN_0000138,CUST_00015,MEDIUM_RELIABILITY,0.78,941.28,843.8,CARD,1,SUCCESS,,0
TXN_0000139,CUST_00015,MEDIUM_RELIABILITY,0.78,941.28,1162.18,CARD,19,SUCCESS,,0
TXN_0000140,CUST_00015,MEDIUM_RELIABILITY,0.78,941.28,762.47,CARD,0,FAILED,INSUFFICIENT_FUNDS,0
TXN_0000141,CUST_00015,MEDIUM_RELIABILITY,0.78,941.28,1269.33,CARD,8,SUCCESS,,0
TXN_0000142,CUST_00015,MEDIUM_RELIABILITY,0.78,941.28,434.5,UPI,16,SUCCESS,,0
TXN_0000143,CUST_00015,MEDIUM_RELIABILITY,0.78,941.28,988.86,CARD,5,FAILED,TEMPORARY_BANK_ERROR,0
TXN_0000144,CUST_00016,HIGH_RELIABILITY,0.95,3387.34,6014.46,CARD,8,SUCCESS,,0
TXN_0000145,CUST_00016,HIGH_RELIABILITY,0.95,3387.34,2031.96,UPI,12,SUCCESS,,0
TXN_0000146,CUST_00016,HIGH_RELIABILITY,0.95,3387.34,2469.04,WALLET,14,SUCCESS,,0
TXN_0000147,CUST_00016,HIGH_RELIABILITY,0.95,3387.34,4083.65,WALLET,7,SUCCESS,,0
TXN_0000148,CUST_00016,HIGH_RELIABILITY,0.95,3387.34,3630.66,NET_BANKING,2,SUCCESS,,0
TXN_0000149,CUST_00016,HIGH_RELIABILITY,0.95,3387.34,3862.42,NET_BANKING,1,SUCCESS,,0
TXN_0000150,CUST_00016,HIGH_RELIABILITY,0.95,3387.34,4050.16,UPI,17,SUCCESS,,0
TXN_0000151,CUST_00016,HIGH_RELIABILITY,0.95,3387.34,4247.35,CARD,22,SUCCESS,,0
TXN_0000152,CUST_00017,LOW_RELIABILITY,0.37,6652.42,9605.3,NET_BANKING,20,SUCCESS,,0
TXN_0000153,CUST_00017,LOW_RELIABILITY,0.37,6652.42,7742.93,CARD,3,SUCCESS,,0
TXN_0000154,CUST_00017,LOW_RELIABILITY,0.37,6652.42,6010.44,WALLET,7,FAILED,USER_ABANDONMENT,2
TXN_0000155,CUST_00017,LOW_RELIABILITY,0.37,6652.42,8442.12,CARD,1,SUCCESS,,0
TXN_0000156,CUST_00017,LOW_RELIABILITY,0.37,6652.42,11707.95,CARD,8,SUCCESS,,0
TXN_0000157,CUST_00017,LOW_RELIABILITY,0.37,6652.42,6299.49,CARD,1,FAILED,USER_ABANDONMENT,0
TXN_0000158,CUST_00017,LOW_RELIABILITY,0.37,6652.42,4059.23,UPI,4,SUCCESS,,0
TXN_0000159,CUST_00017,LOW_RELIABILITY,0.37,6652.42,9598.33,CARD,12,SUCCESS,,0
TXN_0000160,CUST_00017,LOW_RELIABILITY,0.37,6652.42,6332.09,UPI,18,FAILED,USER_ABANDONMENT,0
TXN_0000161,CUST_00017,LOW_RELIABILITY,0.37,6652.42,871.02,NET_BANKING,10,FAILED,AUTHENTICATION_FAILURE,1
TXN_0000162,CUST_00017,LOW_RELIABILITY,0.37,6652.42,8907.38,CARD,2,FAILED,TECHNICAL_ERROR,0
TXN_0000163,CUST_00017,LOW_RELIABILITY,0.37,6652.42,5227.93,UPI,2,FAILED,USER_ABANDONMENT,3
TXN_0000164,CUST_00018,HIGH_RELIABILITY,0.99,12317.56,11871.5,WALLET,10,SUCCESS,,0
TXN_0000165,CUST_00018,HIGH_RELIABILITY,0.99,12317.56,13953.24,UPI,14,SUCCESS,,0
TXN_0000166,CUST_00018,HIGH_RELIABILITY,0.99,12317.56,13256.16,UPI,12,SUCCESS,,0
TXN_0000167,CUST_00018,HIGH_RELIABILITY,0.99,12317.56,15813.05,CARD,21,SUCCESS,,0
TXN_0000168,CUST_00018,HIGH_RELIABILITY,0.99,12317.56,10171.91,NET_BANKING,9,SUCCESS,,0
TXN_0000169,CUST_00018,HIGH_RELIABILITY,0.99,12317.56,14845.64,CARD,2,SUCCESS,,0
TXN_0000170,CUST_00018,HIGH_RELIABILITY,0.99,12317.56,11038.77,UPI,20,SUCCESS,,0
TXN_0000171,CUST_00018,HIGH_RELIABILITY,0.99,12317.56,15957.7,UPI,11,SUCCESS,,0
TXN_0000172,CUST_00018,HIGH_RELIABILITY,0.99,12317.56,15349.49,UPI,9,SUCCESS,,0
TXN_0000173,CUST_00018,HIGH_RELIABILITY,0.99,12317.56,7708.63,NET_BANKING,3,SUCCESS,,0
TXN_0000174,CUST_00018,HIGH_RELIABILITY,0.99,12317.56,17668.22,UPI,14,SUCCESS,,0
TXN_0000175,CUST_00019,HIGH_RELIABILITY,0.91,2367.41,1859.87,UPI,0,FAILED,INSUFFICIENT_FUNDS,0
TXN_0000176,CUST_00019,HIGH_RELIABILITY,0.91,2367.41,3132.61,NET_BANKING,12,FAILED,NETWORK_TIMEOUT,1
TXN_0000177,CUST_00019,HIGH_RELIABILITY,0.91,2367.41,2715.22,CARD,17,SUCCESS,,0
TXN_0000178,CUST_00019,HIGH_RELIABILITY,0.91,2367.41,4108.1,WALLET,18,SUCCESS,,0
TXN_0000179,CUST_00019,HIGH_RELIABILITY,0.91,2367.41,2155.8,CARD,5,SUCCESS,,0
TXN_0000180,CUST_00019,HIGH_RELIABILITY,0.91,2367.41,2036.62,UPI,15,SUCCESS,,0
TXN_0000181,CUST_00019,HIGH_RELIABILITY,0.91,2367.41,2349.02,UPI,8,SUCCESS,,0
TXN_0000182,CUST_00019,HIGH_RELIABILITY,0.91,2367.41,2080.31,CARD,2,SUCCESS,,0
TXN_0000183,CUST_00019,HIGH_RELIABILITY,0.91,2367.41,3124.93,WALLET,23,SUCCESS,,0
TXN_0000184,CUST_00019,HIGH_RELIABILITY,0.91,2367.41,836.82,CARD,6,SUCCESS,,0
TXN_0000185,CUST_00019,HIGH_RELIABILITY,0.91,2367.41,1369.61,UPI,0,SUCCESS,,0
TXN_0000186,CUST_00019,HIGH_RELIABILITY,0.91,2367.41,1356.24,UPI,19,SUCCESS,,0
TXN_0000187,CUST_00019,HIGH_RELIABILITY,0.91,2367.41,3267.32,NET_BANKING,14,SUCCESS,,0
TXN_0000188,CUST_00020,MEDIUM_RELIABILITY,0.8,4681.45,7884.71,WALLET,4,SUCCESS,,0
TXN_0000189,CUST_00020,MEDIUM_RELIABILITY,0.8,4681.45,4485.86,CARD,22,FAILED,NETWORK_TIMEOUT,3
TXN_0000190,CUST_00020,MEDIUM_RELIABILITY,0.8,4681.45,4365.32,WALLET,9,SUCCESS,,0
TXN_0000191,CUST_00020,MEDIUM_RELIABILITY,0.8,4681.45,4812.63,CARD,18,SUCCESS,,0
TXN_0000192,CUST_00020,MEDIUM_RELIABILITY,0.8,4681.45,6857.16,UPI,8,SUCCESS,,0
TXN_0000193,CUST_00020,MEDIUM_RELIABILITY,0.8,4681.45,2944.91,UPI,3,SUCCESS,,0
TXN_0000194,CUST_00020,MEDIUM_RELIABILITY,0.8,4681.45,5127.81,UPI,17,FAILED,USER_ABANDONMENT,0
TXN_0000195,CUST_00020,MEDIUM_RELIABILITY,0.8,4681.45,6507.59,CARD,22,FAILED,AUTHENTICATION_FAILURE,1
TXN_0000196,CUST_00020,MEDIUM_RELIABILITY,0.8,4681.45,5619.79,UPI,13,SUCCESS,,0
TXN_0000197,CUST_00020,MEDIUM_RELIABILITY,0.8,4681.45,5036.46,UPI,9,SUCCESS,,0
TXN_0000198,CUST_00020,MEDIUM_RELIABILITY,0.8,4681.45,6555.99,CARD,22,SUCCESS,,0
TXN_0000199,CUST_00020,MEDIUM_RELIABILITY,0.8,4681.45,100.0,UPI,14,SUCCESS,,0
TXN_0000200,CUST_00020,MEDIUM_RELIABILITY,0.8,4681.45,5950.83,CARD,12,SUCCESS,,0
TXN_0000201,CUST_00020,MEDIUM_RELIABILITY,0.8,4681.45,3456.64,WALLET,22,SUCCESS,,0
TXN_0000202,CUST_00020,MEDIUM_RELIABILITY,0.8,4681.45,1253.44,UPI,11,SUCCESS,,0
TXN_0000203,CUST_00021,MEDIUM_RELIABILITY,0.68,5204.18,6268.34,CARD,2,FAILED,TEMPORARY_BANK_ERROR,1
TXN_0000204,CUST_00021,MEDIUM_RELIABILITY,0.68,5204.18,8063.69,UPI,19,FAILED,TECHNICAL_ERROR,1
TXN_0000205,CUST_00021,MEDIUM_RELIABILITY,0.68,5204.18,4918.06,UPI,10,SUCCESS,,0
TXN_0000206,CUST_00021,MEDIUM_RELIABILITY,0.68,5204.18,7187.75,UPI,0,FAILED,TEMPORARY_BANK_ERROR,1
TXN_0000207,CUST_00021,MEDIUM_RELIABILITY,0.68,5204.18,8560.41,CARD,22,SUCCESS,,0
TXN_0000208,CUST_00021,MEDIUM_RELIABILITY,0.68,5204.18,7941.4,UPI,12,SUCCESS,,0
TXN_0000209,CUST_00021,MEDIUM_RELIABILITY,0.68,5204.18,8618.05,CARD,22,SUCCESS,,0
TXN_0000210,CUST_00021,MEDIUM_RELIABILITY,0.68,5204.18,6749.05,UPI,0,SUCCESS,,0
TXN_0000211,CUST_00021,MEDIUM_RELIABILITY,0.68,5204.18,5361.21,UPI,2,FAILED,TECHNICAL_ERROR,0
TXN_0000212,CUST_00021,MEDIUM_RELIABILITY,0.68,5204.18,1869.41,UPI,14,SUCCESS,,0
TXN_0000213,CUST_00021,MEDIUM_RELIABILITY,0.68,5204.18,4691.96,CARD,11,SUCCESS,,0
TXN_0000214,CUST_00021,MEDIUM_RELIABILITY,0.68,5204.18,3448.82,UPI,22,SUCCESS,,0
TXN_0000215,CUST_00021,MEDIUM_RELIABILITY,0.68,5204.18,9723.37,UPI,1,SUCCESS,,0
TXN_0000216,CUST_00022,HIGH_RELIABILITY,0.88,13730.49,12764.49,UPI,10,SUCCESS,,0
TXN_0000217,CUST_00022,HIGH_RELIABILITY,0.88,13730.49,14407.15,CARD,5,SUCCESS,,0
TXN_0000218,CUST_00022,HIGH_RELIABILITY,0.88,13730.49,16759.36,CARD,16,SUCCESS,,0
TXN_0000219,CUST_00022,HIGH_RELIABILITY,0.88,13730.49,13969.96,UPI,17,SUCCESS,,0
TXN_0000220,CUST_00022,HIGH_RELIABILITY,0.88,13730.49,23040.04,CARD,12,SUCCESS,,0
TXN_0000221,CUST_00022,HIGH_RELIABILITY,0.88,13730.49,10310.78,UPI,21,SUCCESS,,0
TXN_0000222,CUST_00023,HIGH_RELIABILITY,0.91,10275.31,11075.17,CARD,6,SUCCESS,,0
TXN_0000223,CUST_00023,HIGH_RELIABILITY,0.91,10275.31,7223.66,UPI,0,SUCCESS,,0
TXN_0000224,CUST_00023,HIGH_RELIABILITY,0.91,10275.31,4849.85,UPI,22,SUCCESS,,0
TXN_0000225,CUST_00023,HIGH_RELIABILITY,0.91,10275.31,7760.86,UPI,3,SUCCESS,,0
TXN_0000226,CUST_00023,HIGH_RELIABILITY,0.91,10275.31,10123.08,CARD,11,SUCCESS,,0
TXN_0000227,CUST_00024,LOW_RELIABILITY,0.44,3736.46,3094.83,UPI,21,SUCCESS,,0
TXN_0000228,CUST_00024,LOW_RELIABILITY,0.44,3736.46,2701.58,CARD,20,FAILED,NETWORK_TIMEOUT,0
TXN_0000229,CUST_00024,LOW_RELIABILITY,0.44,3736.46,1634.6,UPI,11,SUCCESS,,0
TXN_0000230,CUST_00024,LOW_RELIABILITY,0.44,3736.46,3612.25,CARD,21,SUCCESS,,0
TXN_0000231,CUST_00024,LOW_RELIABILITY,0.44,3736.46,1487.53,UPI,19,SUCCESS,,0
TXN_0000232,CUST_00024,LOW_RELIABILITY,0.44,3736.46,4872.43,CARD,10,FAILED,NETWORK_TIMEOUT,0
TXN_0000233,CUST_00024,LOW_RELIABILITY,0.44,3736.46,3859.67,CARD,16,FAILED,INSUFFICIENT_FUNDS,0
TXN_0000234,CUST_00024,LOW_RELIABILITY,0.44,3736.46,1558.03,UPI,15,SUCCESS,,0
TXN_0000235,CUST_00024,LOW_RELIABILITY,0.44,3736.46,3274.32,CARD,20,SUCCESS,,0
TXN_0000236,CUST_00024,LOW_RELIABILITY,0.44,3736.46,2612.3,UPI,5,FAILED,TEMPORARY_BANK_ERROR,0
TXN_0000237,CUST_00024,LOW_RELIABILITY,0.44,3736.46,4213.49,CARD,1,SUCCESS,,0
TXN_0000238,CUST_00024,LOW_RELIABILITY,0.44,3736.46,5739.88,WALLET,15,FAILED,USER_ABANDONMENT,3
TXN_0000239,CUST_00025,LOW_RELIABILITY,0.51,1457.01,364.15,CARD,13,SUCCESS,,0
TXN_0000240,CUST_00025,LOW_RELIABILITY,0.51,1457.01,1524.05,UPI,14,FAILED,TEMPORARY_BANK_ERROR,0
TXN_0000241,CUST_00025,LOW_RELIABILITY,0.51,1457.01,1363.68,NET_BANKING,9,FAILED,TEMPORARY_BANK_ERROR,0
TXN_0000242,CUST_00025,LOW_RELIABILITY,0.51,1457.01,1848.27,NET_BANKING,18,SUCCESS,,0
TXN_0000243,CUST_00025,LOW_RELIABILITY,0.51,1457.01,1581.26,NET_BANKING,17,SUCCESS,,0
TXN_0000244,CUST_00025,LOW_RELIABILITY,0.51,1457.01,1018.76,CARD,8,SUCCESS,,0
TXN_0000245,CUST_00025,LOW_RELIABILITY,0.51,1457.01,1271.06,NET_BANKING,11,SUCCESS,,0
TXN_0000246,CUST_00025,LOW_RELIABILITY,0.51,1457.01,993.08,NET_BANKING,23,FAILED,TEMPORARY_BANK_ERROR,0
TXN_0000247,CUST_00025,LOW_RELIABILITY,0.51,1457.01,2084.11,CARD,20,SUCCESS,,0
TXN_0000248,CUST_00025,LOW_RELIABILITY,0.51,1457.01,1469.43,UPI,1,FAILED,NETWORK_TIMEOUT,1
TXN_0000249,CUST_00025,LOW_RELIABILITY,0.51,1457.01,2565.03,UPI,3,SUCCESS,,0
TXN_0000250,CUST_00025,LOW_RELIABILITY,0.51,1457.01,1421.66,UPI,23,SUCCESS,,0
TXN_0000251,CUST_00025,LOW_RELIABILITY,0.51,1457.01,1044.15,UPI,22,SUCCESS,,0
TXN_0000252,CUST_00026,MEDIUM_RELIABILITY,0.86,7863.76,3102.37,UPI,4,SUCCESS,,0
TXN_0000253,CUST_00026,MEDIUM_RELIABILITY,0.86,7863.76,2191.98,NET_BANKING,1,SUCCESS,,0
TXN_0000254,CUST_00026,MEDIUM_RELIABILITY,0.86,7863.76,2880.85,CARD,19,SUCCESS,,0
TXN_0000255,CUST_00026,MEDIUM_RELIABILITY,0.86,7863.76,8704.01,UPI,22,SUCCESS,,0
TXN_0000256,CUST_00026,MEDIUM_RELIABILITY,0.86,7863.76,9463.96,CARD,16,SUCCESS,,0
TXN_0000257,CUST_00026,MEDIUM_RELIABILITY,0.86,7863.76,2890.12,CARD,3,FAILED,AUTHENTICATION_FAILURE,0
TXN_0000258,CUST_00026,MEDIUM_RELIABILITY,0.86,7863.76,10679.11,UPI,8,SUCCESS,,0
TXN_0000259,CUST_00026,MEDIUM_RELIABILITY,0.86,7863.76,6344.29,UPI,4,SUCCESS,,0
TXN_0000260,CUST_00026,MEDIUM_RELIABILITY,0.86,7863.76,8325.5,CARD,7,SUCCESS,,0
TXN_0000261,CUST_00026,MEDIUM_RELIABILITY,0.86,7863.76,12935.01,CARD,15,FAILED,INSUFFICIENT_FUNDS,1
TXN_0000262,CUST_00026,MEDIUM_RELIABILITY,0.86,7863.76,10684.77,UPI,2,SUCCESS,,0
TXN_0000263,CUST_00027,HIGH_RELIABILITY,0.98,13527.58,12074.55,UPI,23,SUCCESS,,0
TXN_0000264,CUST_00027,HIGH_RELIABILITY,0.98,13527.58,8705.31,WALLET,11,SUCCESS,,0
TXN_0000265,CUST_00027,HIGH_RELIABILITY,0.98,13527.58,1884.04,CARD,18,FAILED,AUTHENTICATION_FAILURE,1
TXN_0000266,CUST_00027,HIGH_RELIABILITY,0.98,13527.58,9636.22,CARD,14,SUCCESS,,0
TXN_0000267,CUST_00027,HIGH_RELIABILITY,0.98,13527.58,12385.15,CARD,2,SUCCESS,,0
TXN_0000268,CUST_00027,HIGH_RELIABILITY,0.98,13527.58,8185.92,UPI,13,SUCCESS,,0
TXN_0000269,CUST_00028,HIGH_RELIABILITY,0.95,13906.24,13176.12,UPI,9,SUCCESS,,0
TXN_0000270,CUST_00028,HIGH_RELIABILITY,0.95,13906.24,14333.73,CARD,18,SUCCESS,,0
TXN_0000271,CUST_00028,HIGH_RELIABILITY,0.95,13906.24,12655.48,NET_BANKING,21,SUCCESS,,0
TXN_0000272,CUST_00028,HIGH_RELIABILITY,0.95,13906.24,10290.6,UPI,20,SUCCESS,,0
TXN_0000273,CUST_00028,HIGH_RELIABILITY,0.95,13906.24,14844.38,CARD,3,SUCCESS,,0
TXN_0000274,CUST_00028,HIGH_RELIABILITY,0.95,13906.24,16364.53,UPI,14,FAILED,TECHNICAL_ERROR,0
TXN_0000275,CUST_00028,HIGH_RELIABILITY,0.95,13906.24,7840.9,CARD,4,SUCCESS,,0
TXN_0000276,CUST_00028,HIGH_RELIABILITY,0.95,13906.24,21754.55,UPI,8,SUCCESS,,0
TXN_0000277,CUST_00028,HIGH_RELIABILITY,0.95,13906.24,13357.84,UPI,2,SUCCESS,,0
TXN_0000278,CUST_00028,HIGH_RELIABILITY,0.95,13906.24,14011.09,WALLET,5,SUCCESS,,0
TXN_0000279,CUST_00028,HIGH_RELIABILITY,0.95,13906.24,17845.68,CARD,23,SUCCESS,,0
TXN_0000280,CUST_00028,HIGH_RELIABILITY,0.95,13906.24,15203.5,UPI,20,SUCCESS,,0
TXN_0000281,CUST_00029,LOW_RELIABILITY,0.38,1532.68,2117.02,UPI,15,FAILED,INSUFFICIENT_FUNDS,0
TXN_0000282,CUST_00029,LOW_RELIABILITY,0.38,1532.68,1708.71,UPI,0,SUCCESS,,0
TXN_0000283,CUST_00029,LOW_RELIABILITY,0.38,1532.68,1157.21,NET_BANKING,13,SUCCESS,,0
TXN_0000284,CUST_00029,LOW_RELIABILITY,0.38,1532.68,1754.31,CARD,7,FAILED,AUTHENTICATION_FAILURE,0
TXN_0000285,CUST_00029,LOW_RELIABILITY,0.38,1532.68,831.49,UPI,9,FAILED,USER_ABANDONMENT,1
TXN_0000286,CUST_00029,LOW_RELIABILITY,0.38,1532.68,1599.23,UPI,21,FAILED,INSUFFICIENT_FUNDS,0
TXN_0000287,CUST_00030,LOW_RELIABILITY,0.36,2412.25,2380.19,UPI,11,SUCCESS,,0
TXN_0000288,CUST_00030,LOW_RELIABILITY,0.36,2412.25,2211.44,CARD,4,SUCCESS,,0
TXN_0000289,CUST_00030,LOW_RELIABILITY,0.36,2412.25,2288.22,CARD,14,SUCCESS,,0
TXN_0000290,CUST_00030,LOW_RELIABILITY,0.36,2412.25,596.45,UPI,3,FAILED,TEMPORARY_BANK_ERROR,1
TXN_0000291,CUST_00030,LOW_RELIABILITY,0.36,2412.25,1882.79,UPI,13,FAILED,TEMPORARY_BANK_ERROR,0
TXN_0000292,CUST_00030,LOW_RELIABILITY,0.36,2412.25,2501.84,UPI,17,SUCCESS,,0
TXN_0000293,CUST_00030,LOW_RELIABILITY,0.36,2412.25,2566.5,CARD,9,SUCCESS,,0
TXN_0000294,CUST_00030,LOW_RELIABILITY,0.36,2412.25,1420.65,CARD,21,SUCCESS,,0
TXN_0000295,CUST_00030,LOW_RELIABILITY,0.36,2412.25,3633.53,UPI,19,FAILED,AUTHENTICATION_FAILURE,0
TXN_0000296,CUST_00030,LOW_RELIABILITY,0.36,2412.25,1576.48,UPI,7,FAILED,TEMPORARY_BANK_ERROR,0
TXN_0000297,CUST_00030,LOW_RELIABILITY,0.36,2412.25,3347.68,CARD,16,SUCCESS,,0
TXN_0000298,CUST_00030,LOW_RELIABILITY,0.36,2412.25,2824.45,UPI,11,SUCCESS,,0
TXN_0000299,CUST_00030,LOW_RELIABILITY,0.36,2412.25,1788.71,UPI,18,FAILED,INSUFFICIENT_FUNDS,0
TXN_0000300,CUST_00030,LOW_RELIABILITY,0.36,2412.25,4125.25,CARD,2,FAILED,TEMPORARY_BANK_ERROR,0
TXN_0000301,CUST_00030,LOW_RELIABILITY,0.36,2412.25,1260.51,UPI,1,SUCCESS,,0
TXN_0000302,CUST_00031,HIGH_RELIABILITY,0.92,4798.89,6563.26,CARD,20,SUCCESS,,0
TXN_0000303,CUST_00031,HIGH_RELIABILITY,0.92,4798.89,6719.56,NET_BANKING,13,SUCCESS,,0
TXN_0000304,CUST_00031,HIGH_RELIABILITY,0.92,4798.89,3511.6,UPI,17,SUCCESS,,0
TXN_0000305,CUST_00031,HIGH_RELIABILITY,0.92,4798.89,7471.81,UPI,2,SUCCESS,,0
TXN_0000306,CUST_00031,HIGH_RELIABILITY,0.92,4798.89,4318.91,CARD,6,SUCCESS,,0
TXN_0000307,CUST_00031,HIGH_RELIABILITY,0.92,4798.89,5353.05,UPI,10,SUCCESS,,0
TXN_0000308,CUST_00031,HIGH_RELIABILITY,0.92,4798.89,5298.59,CARD,20,SUCCESS,,0
TXN_0000309,CUST_00031,HIGH_RELIABILITY,0.92,4798.89,4541.08,UPI,22,SUCCESS,,0
TXN_0000310,CUST_00031,HIGH_RELIABILITY,0.92,4798.89,6355.28,WALLET,7,FAILED,TEMPORARY_BANK_ERROR,0
TXN_0000311,CUST_00031,HIGH_RELIABILITY,0.92,4798.89,6322.04,CARD,19,FAILED,AUTHENTICATION_FAILURE,1
TXN_0000312,CUST_00031,HIGH_RELIABILITY,0.92,4798.89,1442.48,UPI,0,SUCCESS,,0
TXN_0000313,CUST_00032,LOW_RELIABILITY,0.59,2625.92,3995.96,UPI,11,SUCCESS,,0
TXN_0000314,CUST_00032,LOW_RELIABILITY,0.59,2625.92,879.69,NET_BANKING,23,FAILED,NETWORK_TIMEOUT,1
TXN_0000315,CUST_00032,LOW_RELIABILITY,0.59,2625.92,3710.47,NET_BANKING,23,SUCCESS,,0
TXN_0000316,CUST_00032,LOW_RELIABILITY,0.59,2625.92,3809.38,NET_BANKING,0,FAILED,NETWORK_TIMEOUT,0
TXN_0000317,CUST_00032,LOW_RELIABILITY,0.59,2625.92,1480.0,UPI,18,SUCCESS,,0
TXN_0000318,CUST_00033,MEDIUM_RELIABILITY,0.71,5655.61,4726.25,CARD,11,FAILED,USER_ABANDONMENT,0
TXN_0000319,CUST_00033,MEDIUM_RELIABILITY,0.71,5655.61,3154.24,UPI,3,SUCCESS,,0
TXN_0000320,CUST_00033,MEDIUM_RELIABILITY,0.71,5655.61,5169.41,CARD,3,FAILED,INSUFFICIENT_FUNDS,0
TXN_0000321,CUST_00033,MEDIUM_RELIABILITY,0.71,5655.61,4958.76,NET_BANKING,7,FAILED,NETWORK_TIMEOUT,2
TXN_0000322,CUST_00033,MEDIUM_RELIABILITY,0.71,5655.61,7419.39,UPI,1,SUCCESS,,0
TXN_0000323,CUST_00033,MEDIUM_RELIABILITY,0.71,5655.61,8619.85,WALLET,23,SUCCESS,,0
TXN_0000324,CUST_00033,MEDIUM_RELIABILITY,0.71,5655.61,8812.99,UPI,7,SUCCESS,,0
TXN_0000325,CUST_00033,MEDIUM_RELIABILITY,0.71,5655.61,4383.85,CARD,8,SUCCESS,,0
TXN_0000326,CUST_00033,MEDIUM_RELIABILITY,0.71,5655.61,5182.3,CARD,3,SUCCESS,,0
TXN_0000327,CUST_00033,MEDIUM_RELIABILITY,0.71,5655.61,1847.26,WALLET,5,FAILED,INSUFFICIENT_FUNDS,0
TXN_0000328,CUST_00033,MEDIUM_RELIABILITY,0.71,5655.61,3832.54,UPI,14,SUCCESS,,0
TXN_0000329,CUST_00033,MEDIUM_RELIABILITY,0.71,5655.61,7838.34,NET_BANKING,9,SUCCESS,,0
TXN_0000330,CUST_00034,MEDIUM_RELIABILITY,0.68,8120.87,13368.85,CARD,11,FAILED,INSUFFICIENT_FUNDS,0
TXN_0000331,CUST_00034,MEDIUM_RELIABILITY,0.68,8120.87,4111.28,CARD,14,SUCCESS,,0
TXN_0000332,CUST_00034,MEDIUM_RELIABILITY,0.68,8120.87,6196.34,WALLET,6,SUCCESS,,0
TXN_0000333,CUST_00034,MEDIUM_RELIABILITY,0.68,8120.87,8035.09,CARD,7,FAILED,TECHNICAL_ERROR,0
TXN_0000334,CUST_00034,MEDIUM_RELIABILITY,0.68,8120.87,9030.93,CARD,20,SUCCESS,,0
TXN_0000335,CUST_00034,MEDIUM_RELIABILITY,0.68,8120.87,5491.0,NET_BANKING,10,FAILED,AUTHENTICATION_FAILURE,1
TXN_0000336,CUST_00034,MEDIUM_RELIABILITY,0.68,8120.87,9498.37,CARD,3,FAILED,TECHNICAL_ERROR,0
TXN_0000337,CUST_00034,MEDIUM_RELIABILITY,0.68,8120.87,6581.67,WALLET,4,SUCCESS,,0
TXN_0000338,CUST_00034,MEDIUM_RELIABILITY,0.68,8120.87,8073.92,UPI,7,SUCCESS,,0
TXN_0000339,CUST_00034,MEDIUM_RELIABILITY,0.68,8120.87,9895.39,CARD,22,SUCCESS,,0
TXN_0000340,CUST_00034,MEDIUM_RELIABILITY,0.68,8120.87,8141.73,CARD,23,FAILED,TEMPORARY_BANK_ERROR,0
TXN_0000341,CUST_00034,MEDIUM_RELIABILITY,0.68,8120.87,6703.34,NET_BANKING,2,SUCCESS,,0
TXN_0000342,CUST_00034,MEDIUM_RELIABILITY,0.68,8120.87,7764.82,UPI,21,SUCCESS,,0
TXN_0000343,CUST_00035,LOW_RELIABILITY,0.37,6910.83,6666.57,UPI,10,SUCCESS,,0
TXN_0000344,CUST_00035,LOW_RELIABILITY,0.37,6910.83,5888.0,UPI,23,FAILED,NETWORK_TIMEOUT,0
TXN_0000345,CUST_00035,LOW_RELIABILITY,0.37,6910.83,6195.43,WALLET,4,SUCCESS,,0
TXN_0000346,CUST_00035,LOW_RELIABILITY,0.37,6910.83,11330.02,CARD,4,FAILED,NETWORK_TIMEOUT,0
TXN_0000347,CUST_00035,LOW_RELIABILITY,0.37,6910.83,8461.4,UPI,11,SUCCESS,,0
TXN_0000348,CUST_00035,LOW_RELIABILITY,0.37,6910.83,6094.02,UPI,9,FAILED,USER_ABANDONMENT,0
TXN_0000349,CUST_00035,LOW_RELIABILITY,0.37,6910.83,8837.44,NET_BANKING,9,SUCCESS,,0
TXN_0000350,CUST_00035,LOW_RELIABILITY,0.37,6910.83,5988.04,CARD,1,FAILED,USER_ABANDONMENT,0
TXN_0000351,CUST_00036,HIGH_RELIABILITY,0.96,3782.02,5556.73,WALLET,12,SUCCESS,,0
TXN_0000352,CUST_00036,HIGH_RELIABILITY,0.96,3782.02,4341.22,CARD,8,SUCCESS,,0
TXN_0000353,CUST_00036,HIGH_RELIABILITY,0.96,3782.02,3619.69,UPI,12,SUCCESS,,0
TXN_0000354,CUST_00036,HIGH_RELIABILITY,0.96,3782.02,4459.33,CARD,17,SUCCESS,,0
TXN_0000355,CUST_00036,HIGH_RELIABILITY,0.96,3782.02,1405.59,CARD,4,SUCCESS,,0
TXN_0000356,CUST_00036,HIGH_RELIABILITY,0.96,3782.02,2077.44,UPI,7,SUCCESS,,0
TXN_0000357,CUST_00036,HIGH_RELIABILITY,0.96,3782.02,1975.84,NET_BANKING,11,SUCCESS,,0
TXN_0000358,CUST_00036,HIGH_RELIABILITY,0.96,3782.02,3998.27,WALLET,2,SUCCESS,,0
TXN_0000359,CUST_00037,HIGH_RELIABILITY,0.88,12416.46,21021.14,WALLET,2,FAILED,TEMPORARY_BANK_ERROR,2
TXN_0000360,CUST_00037,HIGH_RELIABILITY,0.88,12416.46,23498.4,UPI,4,FAILED,USER_ABANDONMENT,1
TXN_0000361,CUST_00037,HIGH_RELIABILITY,0.88,12416.46,15585.39,UPI,14,FAILED,TECHNICAL_ERROR,0
TXN_0000362,CUST_00037,HIGH_RELIABILITY,0.88,12416.46,14903.95,CARD,15,FAILED,AUTHENTICATION_FAILURE,0
TXN_0000363,CUST_00037,HIGH_RELIABILITY,0.88,12416.46,3471.36,UPI,5,SUCCESS,,0
TXN_0000364,CUST_00037,HIGH_RELIABILITY,0.88,12416.46,9721.22,UPI,4,FAILED,INSUFFICIENT_FUNDS,0
TXN_0000365,CUST_00037,HIGH_RELIABILITY,0.88,12416.46,8503.87,UPI,13,SUCCESS,,0
TXN_0000366,CUST_00037,HIGH_RELIABILITY,0.88,12416.46,9332.97,CARD,2,SUCCESS,,0
TXN_0000367,CUST_00037,HIGH_RELIABILITY,0.88,12416.46,11581.36,UPI,6,SUCCESS,,0
TXN_0000368,CUST_00038,HIGH_RELIABILITY,0.96,11206.1,9089.98,UPI,17,SUCCESS,,0
TXN_0000369,CUST_00038,HIGH_RELIABILITY,0.96,11206.1,2334.01,WALLET,22,SUCCESS,,0
TXN_0000370,CUST_00038,HIGH_RELIABILITY,0.96,11206.1,14558.56,CARD,15,SUCCESS,,0
TXN_0000371,CUST_00038,HIGH_RELIABILITY,0.96,11206.1,6397.59,CARD,10,SUCCESS,,0
TXN_0000372,CUST_00038,HIGH_RELIABILITY,0.96,11206.1,12278.51,UPI,10,SUCCESS,,0
TXN_0000373,CUST_00038,HIGH_RELIABILITY,0.96,11206.1,20503.05,UPI,8,SUCCESS,,0
TXN_0000374,CUST_00038,HIGH_RELIABILITY,0.96,11206.1,7085.01,WALLET,16,SUCCESS,,0
TXN_0000375,CUST_00038,HIGH_RELIABILITY,0.96,11206.1,100.0,CARD,7,SUCCESS,,0
TXN_0000376,CUST_00038,HIGH_RELIABILITY,0.96,11206.1,9924.1,UPI,21,SUCCESS,,0
TXN_0000377,CUST_00038,HIGH_RELIABILITY,0.96,11206.1,16141.09,CARD,23,FAILED,TECHNICAL_ERROR,0
TXN_0000378,CUST_00038,HIGH_RELIABILITY,0.96,11206.1,19984.27,NET_BANKING,12,SUCCESS,,0
TXN_0000379,CUST_00038,HIGH_RELIABILITY,0.96,11206.1,5694.72,NET_BANKING,5,SUCCESS,,0
TXN_0000380,CUST_00038,HIGH_RELIABILITY,0.96,11206.1,13432.52,CARD,23,SUCCESS,,0
TXN_0000381,CUST_00039,MEDIUM_RELIABILITY,0.82,1203.42,979.43,UPI,22,SUCCESS,,0
TXN_0000382,CUST_00039,MEDIUM_RELIABILITY,0.82,1203.42,1152.42,CARD,4,SUCCESS,,0
TXN_0000383,CUST_00039,MEDIUM_RELIABILITY,0.82,1203.42,2476.32,UPI,15,SUCCESS,,0
TXN_0000384,CUST_00039,MEDIUM_RELIABILITY,0.82,1203.42,479.94,UPI,1,FAILED,TEMPORARY_BANK_ERROR,0
TXN_0000385,CUST_00039,MEDIUM_RELIABILITY,0.82,1203.42,1325.56,CARD,0,SUCCESS,,0
TXN_0000386,CUST_00039,MEDIUM_RELIABILITY,0.82,1203.42,1428.55,CARD,4,SUCCESS,,0
TXN_0000387,CUST_00039,MEDIUM_RELIABILITY,0.82,1203.42,1726.08,UPI,10,FAILED,TEMPORARY_BANK_ERROR,1
TXN_0000388,CUST_00039,MEDIUM_RELIABILITY,0.82,1203.42,1250.59,UPI,3,SUCCESS,,0
TXN_0000389,CUST_00039,MEDIUM_RELIABILITY,0.82,1203.42,1351.71,NET_BANKING,2,SUCCESS,,0
TXN_0000390,CUST_00039,MEDIUM_RELIABILITY,0.82,1203.42,1014.89,WALLET,12,SUCCESS,,0
TXN_0000391,CUST_00039,MEDIUM_RELIABILITY,0.82,1203.42,1332.97,UPI,10,FAILED,TEMPORARY_BANK_ERROR,2
TXN_0000392,CUST_00039,MEDIUM_RELIABILITY,0.82,1203.42,1038.22,NET_BANKING,15,SUCCESS,,0
TXN_0000393,CUST_00039,MEDIUM_RELIABILITY,0.82,1203.42,1502.62,UPI,17,SUCCESS,,0
TXN_0000394,CUST_00039,MEDIUM_RELIABILITY,0.82,1203.42,1025.5,WALLET,11,SUCCESS,,0
TXN_0000395,CUST_00040,MEDIUM_RELIABILITY,0.73,1600.76,1842.22,NET_BANKING,12,SUCCESS,,0
TXN_0000396,CUST_00040,MEDIUM_RELIABILITY,0.73,1600.76,1582.02,CARD,4,FAILED,TEMPORARY_BANK_ERROR,1
TXN_0000397,CUST_00040,MEDIUM_RELIABILITY,0.73,1600.76,2321.77,CARD,18,FAILED,INSUFFICIENT_FUNDS,2
TXN_0000398,CUST_00040,MEDIUM_RELIABILITY,0.73,1600.76,1567.85,WALLET,7,SUCCESS,,0
TXN_0000399,CUST_00040,MEDIUM_RELIABILITY,0.73,1600.76,465.48,UPI,15,FAILED,AUTHENTICATION_FAILURE,0
TXN_0000400,CUST_00040,MEDIUM_RELIABILITY,0.73,1600.76,2408.77,WALLET,5,SUCCESS,,0
TXN_0000401,CUST_00040,MEDIUM_RELIABILITY,0.73,1600.76,1020.82,WALLET,22,SUCCESS,,0
TXN_0000402,CUST_00040,MEDIUM_RELIABILITY,0.73,1600.76,1182.15,CARD,10,SUCCESS,,0
TXN_0000403,CUST_00040,MEDIUM_RELIABILITY,0.73,1600.76,1219.36,UPI,7,SUCCESS,,0
TXN_0000404,CUST_00040,MEDIUM_RELIABILITY,0.73,1600.76,2480.82,UPI,3,SUCCESS,,0
TXN_0000405,CUST_00040,MEDIUM_RELIABILITY,0.73,1600.76,233.28,UPI,14,SUCCESS,,0
TXN_0000406,CUST_00040,MEDIUM_RELIABILITY,0.73,1600.76,3609.87,WALLET,13,SUCCESS,,0
TXN_0000407,CUST_00040,MEDIUM_RELIABILITY,0.73,1600.76,2276.96,UPI,17,SUCCESS,,0
TXN_0000408,CUST_00040,MEDIUM_RELIABILITY,0.73,1600.76,1743.7,NET_BANKING,18,SUCCESS,,0
TXN_0000409,CUST_00041,MEDIUM_RELIABILITY,0.84,6421.33,6280.33,UPI,14,FAILED,USER_ABANDONMENT,0
TXN_0000410,CUST_00041,MEDIUM_RELIABILITY,0.84,6421.33,7154.78,UPI,3,FAILED,TEMPORARY_BANK_ERROR,0
TXN_0000411,CUST_00041,MEDIUM_RELIABILITY,0.84,6421.33,7759.85,CARD,17,SUCCESS,,0
TXN_0000412,CUST_00041,MEDIUM_RELIABILITY,0.84,6421.33,8078.59,WALLET,10,SUCCESS,,0
TXN_0000413,CUST_00041,MEDIUM_RELIABILITY,0.84,6421.33,7848.42,CARD,15,SUCCESS,,0
TXN_0000414,CUST_00041,MEDIUM_RELIABILITY,0.84,6421.33,6651.42,UPI,20,SUCCESS,,0
TXN_0000415,CUST_00041,MEDIUM_RELIABILITY,0.84,6421.33,5914.46,NET_BANKING,5,FAILED,NETWORK_TIMEOUT,3
TXN_0000416,CUST_00041,MEDIUM_RELIABILITY,0.84,6421.33,6032.78,UPI,17,SUCCESS,,0
TXN_0000417,CUST_00041,MEDIUM_RELIABILITY,0.84,6421.33,5920.7,CARD,8,SUCCESS,,0
TXN_0000418,CUST_00041,MEDIUM_RELIABILITY,0.84,6421.33,9333.45,UPI,3,FAILED,INSUFFICIENT_FUNDS,1
TXN_0000419,CUST_00041,MEDIUM_RELIABILITY,0.84,6421.33,7945.9,UPI,11,FAILED,TEMPORARY_BANK_ERROR,1
TXN_0000420,CUST_00041,MEDIUM_RELIABILITY,0.84,6421.33,100.0,CARD,15,SUCCESS,,0
TXN_0000421,CUST_00041,MEDIUM_RELIABILITY,0.84,6421.33,8106.03,UPI,5,SUCCESS,,0
TXN_0000422,CUST_00041,MEDIUM_RELIABILITY,0.84,6421.33,6921.52,WALLET,15,SUCCESS,,0
TXN_0000423,CUST_00041,MEDIUM_RELIABILITY,0.84,6421.33,6373.28,UPI,12,SUCCESS,,0
TXN_0000424,CUST_00042,HIGH_RELIABILITY,0.92,1889.82,1596.13,UPI,20,SUCCESS,,0
TXN_0000425,CUST_00042,HIGH_RELIABILITY,0.92,1889.82,2739.57,UPI,12,SUCCESS,,0
TXN_0000426,CUST_00042,HIGH_RELIABILITY,0.92,1889.82,2606.08,UPI,8,SUCCESS,,0
TXN_0000427,CUST_00042,HIGH_RELIABILITY,0.92,1889.82,1305.58,UPI,8,SUCCESS,,0
TXN_0000428,CUST_00042,HIGH_RELIABILITY,0.92,1889.82,2197.52,UPI,22,SUCCESS,,0
TXN_0000429,CUST_00042,HIGH_RELIABILITY,0.92,1889.82,1155.32,UPI,11,SUCCESS,,0
TXN_0000430,CUST_00042,HIGH_RELIABILITY,0.92,1889.82,846.93,UPI,18,SUCCESS,,0
TXN_0000431,CUST_00042,HIGH_RELIABILITY,0.92,1889.82,1416.07,UPI,12,SUCCESS,,0
TXN_0000432,CUST_00042,HIGH_RELIABILITY,0.92,1889.82,2541.73,UPI,17,SUCCESS,,0
TXN_0000433,CUST_00042,HIGH_RELIABILITY,0.92,1889.82,2610.31,WALLET,18,SUCCESS,,0
TXN_0000434,CUST_00042,HIGH_RELIABILITY,0.92,1889.82,2277.68,CARD,2,SUCCESS,,0
TXN_0000435,CUST_00042,HIGH_RELIABILITY,0.92,1889.82,2437.94,NET_BANKING,1,SUCCESS,,0
TXN_0000436,CUST_00042,HIGH_RELIABILITY,0.92,1889.82,2280.01,WALLET,18,SUCCESS,,0
TXN_0000437,CUST_00042,HIGH_RELIABILITY,0.92,1889.82,1404.91,CARD,3,SUCCESS,,0
TXN_0000438,CUST_00042,HIGH_RELIABILITY,0.92,1889.82,2216.32,UPI,5,SUCCESS,,0
TXN_0000439,CUST_00043,LOW_RELIABILITY,0.44,2411.25,3183.24,UPI,13,FAILED,AUTHENTICATION_FAILURE,0
TXN_0000440,CUST_00043,LOW_RELIABILITY,0.44,2411.25,3138.76,NET_BANKING,4,SUCCESS,,0
TXN_0000441,CUST_00043,LOW_RELIABILITY,0.44,2411.25,3557.96,UPI,23,SUCCESS,,0
TXN_0000442,CUST_00043,LOW_RELIABILITY,0.44,2411.25,3094.41,UPI,12,FAILED,INSUFFICIENT_FUNDS,2
TXN_0000443,CUST_00043,LOW_RELIABILITY,0.44,2411.25,2750.22,CARD,0,SUCCESS,,0
TXN_0000444,CUST_00043,LOW_RELIABILITY,0.44,2411.25,3443.41,CARD,16,SUCCESS,,0
TXN_0000445,CUST_00043,LOW_RELIABILITY,0.44,2411.25,2385.67,UPI,4,FAILED,INSUFFICIENT_FUNDS,1
TXN_0000446,CUST_00043,LOW_RELIABILITY,0.44,2411.25,1560.68,WALLET,3,SUCCESS,,0
TXN_0000447,CUST_00044,HIGH_RELIABILITY,0.96,9925.8,9278.37,NET_BANKING,17,SUCCESS,,0
TXN_0000448,CUST_00044,HIGH_RELIABILITY,0.96,9925.8,6968.3,NET_BANKING,8,SUCCESS,,0
TXN_0000449,CUST_00044,HIGH_RELIABILITY,0.96,9925.8,7245.13,CARD,19,SUCCESS,,0
TXN_0000450,CUST_00044,HIGH_RELIABILITY,0.96,9925.8,9352.01,UPI,12,SUCCESS,,0
TXN_0000451,CUST_00044,HIGH_RELIABILITY,0.96,9925.8,6779.64,CARD,22,SUCCESS,,0
TXN_0000452,CUST_00044,HIGH_RELIABILITY,0.96,9925.8,8703.09,UPI,10,SUCCESS,,0
TXN_0000453,CUST_00045,LOW_RELIABILITY,0.61,3411.06,827.37,CARD,8,SUCCESS,,0
TXN_0000454,CUST_00045,LOW_RELIABILITY,0.61,3411.06,3702.08,UPI,9,FAILED,USER_ABANDONMENT,2
TXN_0000455,CUST_00045,LOW_RELIABILITY,0.61,3411.06,3412.7,CARD,7,FAILED,TECHNICAL_ERROR,0
TXN_0000456,CUST_00045,LOW_RELIABILITY,0.61,3411.06,2296.2,NET_BANKING,8,SUCCESS,,0
TXN_0000457,CUST_00045,LOW_RELIABILITY,0.61,3411.06,4310.55,CARD,2,FAILED,TEMPORARY_BANK_ERROR,1
TXN_0000458,CUST_00046,LOW_RELIABILITY,0.38,5050.06,6943.97,NET_BANKING,11,SUCCESS,,0
TXN_0000459,CUST_00046,LOW_RELIABILITY,0.38,5050.06,1802.75,CARD,5,FAILED,AUTHENTICATION_FAILURE,0
TXN_0000460,CUST_00046,LOW_RELIABILITY,0.38,5050.06,3509.34,NET_BANKING,16,SUCCESS,,0
TXN_0000461,CUST_00046,LOW_RELIABILITY,0.38,5050.06,3496.37,UPI,6,SUCCESS,,0
TXN_0000462,CUST_00046,LOW_RELIABILITY,0.38,5050.06,3151.43,UPI,1,FAILED,NETWORK_TIMEOUT,2
TXN_0000463,CUST_00046,LOW_RELIABILITY,0.38,5050.06,6725.62,CARD,8,FAILED,INSUFFICIENT_FUNDS,0
TXN_0000464,CUST_00046,LOW_RELIABILITY,0.38,5050.06,4658.53,WALLET,21,FAILED,NETWORK_TIMEOUT,0
TXN_0000465,CUST_00046,LOW_RELIABILITY,0.38,5050.06,4515.73,UPI,15,FAILED,NETWORK_TIMEOUT,0
TXN_0000466,CUST_00046,LOW_RELIABILITY,0.38,5050.06,1002.21,NET_BANKING,23,SUCCESS,,0
TXN_0000467,CUST_00046,LOW_RELIABILITY,0.38,5050.06,6333.62,UPI,0,FAILED,TEMPORARY_BANK_ERROR,0
TXN_0000468,CUST_00046,LOW_RELIABILITY,0.38,5050.06,2546.73,WALLET,7,SUCCESS,,0
TXN_0000469,CUST_00046,LOW_RELIABILITY,0.38,5050.06,5171.13,CARD,8,SUCCESS,,0
TXN_0000470,CUST_00047,HIGH_RELIABILITY,0.96,8857.88,9840.67,UPI,21,FAILED,TECHNICAL_ERROR,1
TXN_0000471,CUST_00047,HIGH_RELIABILITY,0.96,8857.88,13678.9,CARD,0,SUCCESS,,0
TXN_0000472,CUST_00047,HIGH_RELIABILITY,0.96,8857.88,4220.53,CARD,9,SUCCESS,,0
TXN_0000473,CUST_00047,HIGH_RELIABILITY,0.96,8857.88,100.0,CARD,8,SUCCESS,,0
TXN_0000474,CUST_00047,HIGH_RELIABILITY,0.96,8857.88,9509.29,UPI,11,SUCCESS,,0
TXN_0000475,CUST_00047,HIGH_RELIABILITY,0.96,8857.88,15237.36,UPI,9,SUCCESS,,0
TXN_0000476,CUST_00047,HIGH_RELIABILITY,0.96,8857.88,13247.66,NET_BANKING,12,SUCCESS,,0
TXN_0000477,CUST_00047,HIGH_RELIABILITY,0.96,8857.88,9600.74,UPI,21,SUCCESS,,0
TXN_0000478,CUST_00047,HIGH_RELIABILITY,0.96,8857.88,7115.94,NET_BANKING,17,SUCCESS,,0
TXN_0000479,CUST_00047,HIGH_RELIABILITY,0.96,8857.88,11717.64,CARD,9,SUCCESS,,0
TXN_0000480,CUST_00047,HIGH_RELIABILITY,0.96,8857.88,5408.46,CARD,10,SUCCESS,,0
TXN_0000481,CUST_00047,HIGH_RELIABILITY,0.96,8857.88,10545.69,CARD,8,SUCCESS,,0
TXN_0000482,CUST_00047,HIGH_RELIABILITY,0.96,8857.88,10648.84,CARD,20,SUCCESS,,0
TXN_0000483,CUST_00048,MEDIUM_RELIABILITY,0.82,5191.06,7392.51,CARD,7,SUCCESS,,0
TXN_0000484,CUST_00048,MEDIUM_RELIABILITY,0.82,5191.06,10921.28,NET_BANKING,19,SUCCESS,,0
TXN_0000485,CUST_00048,MEDIUM_RELIABILITY,0.82,5191.06,6005.88,UPI,4,SUCCESS,,0
TXN_0000486,CUST_00048,MEDIUM_RELIABILITY,0.82,5191.06,4134.24,CARD,9,SUCCESS,,0
TXN_0000487,CUST_00048,MEDIUM_RELIABILITY,0.82,5191.06,5137.96,UPI,12,SUCCESS,,0
TXN_0000488,CUST_00048,MEDIUM_RELIABILITY,0.82,5191.06,1517.71,CARD,18,SUCCESS,,0
TXN_0000489,CUST_00048,MEDIUM_RELIABILITY,0.82,5191.06,3748.54,UPI,22,SUCCESS,,0
TXN_0000490,CUST_00049,MEDIUM_RELIABILITY,0.77,4561.64,3814.84,CARD,15,SUCCESS,,0
TXN_0000491,CUST_00049,MEDIUM_RELIABILITY,0.77,4561.64,3605.36,CARD,16,SUCCESS,,0
TXN_0000492,CUST_00049,MEDIUM_RELIABILITY,0.77,4561.64,4839.64,UPI,21,SUCCESS,,0
TXN_0000493,CUST_00049,MEDIUM_RELIABILITY,0.77,4561.64,3061.01,UPI,3,SUCCESS,,0
TXN_0000494,CUST_00049,MEDIUM_RELIABILITY,0.77,4561.64,6607.14,CARD,23,SUCCESS,,0
TXN_0000495,CUST_00049,MEDIUM_RELIABILITY,0.77,4561.64,4562.02,NET_BANKING,5,SUCCESS,,0
TXN_0000496,CUST_00049,MEDIUM_RELIABILITY,0.77,4561.64,4544.67,NET_BANKING,20,FAILED,NETWORK_TIMEOUT,1
TXN_0000497,CUST_00049,MEDIUM_RELIABILITY,0.77,4561.64,3963.34,UPI,10,SUCCESS,,0
TXN_0000498,CUST_00049,MEDIUM_RELIABILITY,0.77,4561.64,4844.81,CARD,14,SUCCESS,,0
TXN_0000499,CUST_00049,MEDIUM_RELIABILITY,0.77,4561.64,6067.16,CARD,20,SUCCESS,,0
TXN_0000500,CUST_00049,MEDIUM_RELIABILITY,0.77,4561.64,2979.43,WALLET,2,SUCCESS,,0
TXN_0000501,CUST_00049,MEDIUM_RELIABILITY,0.77,4561.64,3360.8,UPI,3,SUCCESS,,0
TXN_0000502,CUST_00049,MEDIUM_RELIABILITY,0.77,4561.64,4007.44,UPI,9,SUCCESS,,0
TXN_0000503,CUST_00050,HIGH_RELIABILITY,0.88,2510.48,1158.97,UPI,6,SUCCESS,,0
TXN_0000504,CUST_00050,HIGH_RELIABILITY,0.88,2510.48,1687.79,WALLET,14,SUCCESS,,0
TXN_0000505,CUST_00050,HIGH_RELIABILITY,0.88,2510.48,2032.26,NET_BANKING,5,SUCCESS,,0
TXN_0000506,CUST_00050,HIGH_RELIABILITY,0.88,2510.48,3388.53,CARD,20,SUCCESS,,0
TXN_0000507,CUST_00050,HIGH_RELIABILITY,0.88,2510.48,2774.14,UPI,1,FAILED,NETWORK_TIMEOUT,1
TXN_0000508,CUST_00050,HIGH_RELIABILITY,0.88,2510.48,2704.88,UPI,5,SUCCESS,,0
TXN_0000509,CUST_00050,HIGH_RELIABILITY,0.88,2510.48,3364.94,NET_BANKING,2,FAILED,NETWORK_TIMEOUT,0
TXN_0000510,CUST_00051,MEDIUM_RELIABILITY,0.66,6545.9,6186.21,WALLET,12,FAILED,INSUFFICIENT_FUNDS,1
TXN_0000511,CUST_00051,MEDIUM_RELIABILITY,0.66,6545.9,7568.28,WALLET,10,SUCCESS,,0
TXN_0000512,CUST_00051,MEDIUM_RELIABILITY,0.66,6545.9,6275.63,CARD,0,SUCCESS,,0
TXN_0000513,CUST_00051,MEDIUM_RELIABILITY,0.66,6545.9,7240.71,CARD,7,FAILED,USER_ABANDONMENT,0
TXN_0000514,CUST_00051,MEDIUM_RELIABILITY,0.66,6545.9,5020.03,UPI,16,SUCCESS,,0
TXN_0000515,CUST_00051,MEDIUM_RELIABILITY,0.66,6545.9,160.2,UPI,1,FAILED,NETWORK_TIMEOUT,1
TXN_0000516,CUST_00051,MEDIUM_RELIABILITY,0.66,6545.9,6194.31,CARD,10,SUCCESS,,0
TXN_0000517,CUST_00051,MEDIUM_RELIABILITY,0.66,6545.9,10271.17,CARD,4,FAILED,TECHNICAL_ERROR,0
TXN_0000518,CUST_00051,MEDIUM_RELIABILITY,0.66,6545.9,8971.07,UPI,12,FAILED,TEMPORARY_BANK_ERROR,3
TXN_0000519,CUST_00051,MEDIUM_RELIABILITY,0.66,6545.9,9073.66,UPI,0,SUCCESS,,0
TXN_0000520,CUST_00051,MEDIUM_RELIABILITY,0.66,6545.9,9782.54,UPI,11,SUCCESS,,0
TXN_0000521,CUST_00052,MEDIUM_RELIABILITY,0.72,5331.42,5520.49,UPI,20,FAILED,INSUFFICIENT_FUNDS,0
TXN_0000522,CUST_00052,MEDIUM_RELIABILITY,0.72,5331.42,5752.21,WALLET,21,FAILED,USER_ABANDONMENT,0
TXN_0000523,CUST_00052,MEDIUM_RELIABILITY,0.72,5331.42,4014.24,UPI,14,SUCCESS,,0
TXN_0000524,CUST_00052,MEDIUM_RELIABILITY,0.72,5331.42,4657.37,CARD,15,SUCCESS,,0
TXN_0000525,CUST_00052,MEDIUM_RELIABILITY,0.72,5331.42,6644.59,UPI,21,SUCCESS,,0
TXN_0000526,CUST_00053,LOW_RELIABILITY,0.61,1895.19,2807.83,UPI,3,SUCCESS,,0
TXN_0000527,CUST_00053,LOW_RELIABILITY,0.61,1895.19,1789.48,UPI,19,SUCCESS,,0
TXN_0000528,CUST_00053,LOW_RELIABILITY,0.61,1895.19,1553.91,UPI,3,SUCCESS,,0
TXN_0000529,CUST_00053,LOW_RELIABILITY,0.61,1895.19,1895.59,CARD,9,FAILED,TEMPORARY_BANK_ERROR,0
TXN_0000530,CUST_00053,LOW_RELIABILITY,0.61,1895.19,2350.95,UPI,8,SUCCESS,,0
TXN_0000531,CUST_00053,LOW_RELIABILITY,0.61,1895.19,800.64,WALLET,11,SUCCESS,,0
TXN_0000532,CUST_00053,LOW_RELIABILITY,0.61,1895.19,154.51,UPI,1,SUCCESS,,0
TXN_0000533,CUST_00053,LOW_RELIABILITY,0.61,1895.19,1477.84,WALLET,22,SUCCESS,,0
TXN_0000534,CUST_00053,LOW_RELIABILITY,0.61,1895.19,969.8,UPI,0,FAILED,TEMPORARY_BANK_ERROR,0
TXN_0000535,CUST_00054,MEDIUM_RELIABILITY,0.74,7677.74,6117.19,CARD,4,SUCCESS,,0
TXN_0000536,CUST_00054,MEDIUM_RELIABILITY,0.74,7677.74,7223.89,NET_BANKING,2,SUCCESS,,0
TXN_0000537,CUST_00054,MEDIUM_RELIABILITY,0.74,7677.74,6285.77,UPI,8,SUCCESS,,0
TXN_0000538,CUST_00054,MEDIUM_RELIABILITY,0.74,7677.74,12138.41,CARD,9,FAILED,TEMPORARY_BANK_ERROR,1
TXN_0000539,CUST_00054,MEDIUM_RELIABILITY,0.74,7677.74,8681.2,NET_BANKING,9,SUCCESS,,0
TXN_0000540,CUST_00054,MEDIUM_RELIABILITY,0.74,7677.74,8600.53,CARD,13,SUCCESS,,0
TXN_0000541,CUST_00054,MEDIUM_RELIABILITY,0.74,7677.74,9588.6,UPI,1,FAILED,TEMPORARY_BANK_ERROR,1
TXN_0000542,CUST_00054,MEDIUM_RELIABILITY,0.74,7677.74,4180.27,UPI,14,SUCCESS,,0
TXN_0000543,CUST_00054,MEDIUM_RELIABILITY,0.74,7677.74,10868.95,UPI,23,FAILED,USER_ABANDONMENT,0
TXN_0000544,CUST_00054,MEDIUM_RELIABILITY,0.74,7677.74,7445.06,UPI,14,SUCCESS,,0
TXN_0000545,CUST_00054,MEDIUM_RELIABILITY,0.74,7677.74,9736.85,UPI,15,SUCCESS,,0
TXN_0000546,CUST_00054,MEDIUM_RELIABILITY,0.74,7677.74,4385.96,CARD,5,FAILED,AUTHENTICATION_FAILURE,0
TXN_0000547,CUST_00054,MEDIUM_RELIABILITY,0.74,7677.74,2906.0,WALLET,5,FAILED,TECHNICAL_ERROR,0
TXN_0000548,CUST_00054,MEDIUM_RELIABILITY,0.74,7677.74,10189.56,CARD,14,FAILED,NETWORK_TIMEOUT,0
TXN_0000549,CUST_00055,MEDIUM_RELIABILITY,0.7,1231.31,1416.7,NET_BANKING,23,SUCCESS,,0
TXN_0000550,CUST_00055,MEDIUM_RELIABILITY,0.7,1231.31,787.03,UPI,15,FAILED,NETWORK_TIMEOUT,0
TXN_0000551,CUST_00055,MEDIUM_RELIABILITY,0.7,1231.31,802.98,UPI,10,FAILED,USER_ABANDONMENT,0
TXN_0000552,CUST_00055,MEDIUM_RELIABILITY,0.7,1231.31,1785.61,CARD,23,SUCCESS,,0
TXN_0000553,CUST_00055,MEDIUM_RELIABILITY,0.7,1231.31,645.5,WALLET,21,SUCCESS,,0
TXN_0000554,CUST_00056,MEDIUM_RELIABILITY,0.71,2031.6,3366.5,CARD,22,SUCCESS,,0
TXN_0000555,CUST_00056,MEDIUM_RELIABILITY,0.71,2031.6,1299.72,UPI,23,FAILED,NETWORK_TIMEOUT,1
TXN_0000556,CUST_00056,MEDIUM_RELIABILITY,0.71,2031.6,2550.38,UPI,17,SUCCESS,,0
TXN_0000557,CUST_00056,MEDIUM_RELIABILITY,0.71,2031.6,1764.55,CARD,0,SUCCESS,,0
TXN_0000558,CUST_00056,MEDIUM_RELIABILITY,0.71,2031.6,2521.77,UPI,15,SUCCESS,,0
TXN_0000559,CUST_00056,MEDIUM_RELIABILITY,0.71,2031.6,1589.43,NET_BANKING,2,SUCCESS,,0
TXN_0000560,CUST_00056,MEDIUM_RELIABILITY,0.71,2031.6,1899.31,UPI,10,SUCCESS,,0
TXN_0000561,CUST_00056,MEDIUM_RELIABILITY,0.71,2031.6,2064.85,UPI,7,SUCCESS,,0
TXN_0000562,CUST_00056,MEDIUM_RELIABILITY,0.71,2031.6,1217.18,UPI,7,FAILED,NETWORK_TIMEOUT,0
TXN_0000563,CUST_00056,MEDIUM_RELIABILITY,0.71,2031.6,2633.62,UPI,15,SUCCESS,,0
TXN_0000564,CUST_00056,MEDIUM_RELIABILITY,0.71,2031.6,1614.54,UPI,15,SUCCESS,,0
TXN_0000565,CUST_00056,MEDIUM_RELIABILITY,0.71,2031.6,1845.83,UPI,12,SUCCESS,,0
TXN_0000566,CUST_00056,MEDIUM_RELIABILITY,0.71,2031.6,1223.55,CARD,0,SUCCESS,,0
TXN_0000567,CUST_00057,HIGH_RELIABILITY,0.98,12313.69,100.0,WALLET,20,SUCCESS,,0
TXN_0000568,CUST_00057,HIGH_RELIABILITY,0.98,12313.69,11372.79,CARD,6,SUCCESS,,0
TXN_0000569,CUST_00057,HIGH_RELIABILITY,0.98,12313.69,24196.97,CARD,10,SUCCESS,,0
TXN_0000570,CUST_00057,HIGH_RELIABILITY,0.98,12313.69,16178.24,UPI,7,SUCCESS,,0
TXN_0000571,CUST_00057,HIGH_RELIABILITY,0.98,12313.69,12218.82,UPI,19,SUCCESS,,0
TXN_0000572,CUST_00057,HIGH_RELIABILITY,0.98,12313.69,11018.83,CARD,11,SUCCESS,,0
TXN_0000573,CUST_00057,HIGH_RELIABILITY,0.98,12313.69,12424.35,UPI,21,SUCCESS,,0
TXN_0000574,CUST_00057,HIGH_RELIABILITY,0.98,12313.69,15008.51,UPI,20,SUCCESS,,0
TXN_0000575,CUST_00057,HIGH_RELIABILITY,0.98,12313.69,6497.62,UPI,16,SUCCESS,,0
TXN_0000576,CUST_00057,HIGH_RELIABILITY,0.98,12313.69,17802.25,UPI,5,SUCCESS,,0
TXN_0000577,CUST_00057,HIGH_RELIABILITY,0.98,12313.69,15837.28,NET_BANKING,23,SUCCESS,,0
TXN_0000578,CUST_00057,HIGH_RELIABILITY,0.98,12313.69,15851.1,UPI,19,SUCCESS,,0
TXN_0000579,CUST_00057,HIGH_RELIABILITY,0.98,12313.69,14473.39,UPI,12,SUCCESS,,0
TXN_0000580,CUST_00057,HIGH_RELIABILITY,0.98,12313.69,12410.31,NET_BANKING,6,SUCCESS,,0
TXN_0000581,CUST_00058,MEDIUM_RELIABILITY,0.79,8778.88,11141.67,NET_BANKING,1,SUCCESS,,0
TXN_0000582,CUST_00058,MEDIUM_RELIABILITY,0.79,8778.88,10857.07,NET_BANKING,18,FAILED,USER_ABANDONMENT,0
TXN_0000583,CUST_00058,MEDIUM_RELIABILITY,0.79,8778.88,7535.65,CARD,16,FAILED,INSUFFICIENT_FUNDS,0
TXN_0000584,CUST_00058,MEDIUM_RELIABILITY,0.79,8778.88,6764.65,UPI,13,SUCCESS,,0
TXN_0000585,CUST_00058,MEDIUM_RELIABILITY,0.79,8778.88,9136.55,CARD,16,SUCCESS,,0
TXN_0000586,CUST_00058,MEDIUM_RELIABILITY,0.79,8778.88,14218.34,WALLET,22,SUCCESS,,0
TXN_0000587,CUST_00059,MEDIUM_RELIABILITY,0.83,2272.42,1146.11,UPI,21,SUCCESS,,0
TXN_0000588,CUST_00059,MEDIUM_RELIABILITY,0.83,2272.42,938.49,NET_BANKING,16,SUCCESS,,0
TXN_0000589,CUST_00059,MEDIUM_RELIABILITY,0.83,2272.42,2422.18,UPI,19,SUCCESS,,0
TXN_0000590,CUST_00059,MEDIUM_RELIABILITY,0.83,2272.42,2318.68,NET_BANKING,8,SUCCESS,,0
TXN_0000591,CUST_00059,MEDIUM_RELIABILITY,0.83,2272.42,2429.98,UPI,9,SUCCESS,,0
TXN_0000592,CUST_00059,MEDIUM_RELIABILITY,0.83,2272.42,2494.17,UPI,13,SUCCESS,,0
TXN_0000593,CUST_00059,MEDIUM_RELIABILITY,0.83,2272.42,2069.54,NET_BANKING,16,SUCCESS,,0
TXN_0000594,CUST_00060,MEDIUM_RELIABILITY,0.85,5623.75,8975.2,NET_BANKING,22,SUCCESS,,0
TXN_0000595,CUST_00060,MEDIUM_RELIABILITY,0.85,5623.75,2022.52,CARD,6,SUCCESS,,0
TXN_0000596,CUST_00060,MEDIUM_RELIABILITY,0.85,5623.75,3760.05,CARD,9,SUCCESS,,0
TXN_0000597,CUST_00060,MEDIUM_RELIABILITY,0.85,5623.75,5391.48,WALLET,4,SUCCESS,,0
TXN_0000598,CUST_00060,MEDIUM_RELIABILITY,0.85,5623.75,1927.4,CARD,5,SUCCESS,,0
TXN_0000599,CUST_00060,MEDIUM_RELIABILITY,0.85,5623.75,5228.17,CARD,10,SUCCESS,,0
TXN_0000600,CUST_00060,MEDIUM_RELIABILITY,0.85,5623.75,9361.23,NET_BANKING,17,SUCCESS,,0
TXN_0000601,CUST_00060,MEDIUM_RELIABILITY,0.85,5623.75,5670.73,CARD,21,SUCCESS,,0
TXN_0000602,CUST_00060,MEDIUM_RELIABILITY,0.85,5623.75,6142.71,CARD,17,SUCCESS,,0
TXN_0000603,CUST_00060,MEDIUM_RELIABILITY,0.85,5623.75,2789.01,NET_BANKING,0,SUCCESS,,0
TXN_0000604,CUST_00060,MEDIUM_RELIABILITY,0.85,5623.75,4237.25,UPI,4,FAILED,TEMPORARY_BANK_ERROR,0
TXN_0000605,CUST_00060,MEDIUM_RELIABILITY,0.85,5623.75,4779.75,NET_BANKING,9,SUCCESS,,0
TXN_0000606,CUST_00060,MEDIUM_RELIABILITY,0.85,5623.75,4909.05,UPI,1,SUCCESS,,0
TXN_0000607,CUST_00061,MEDIUM_RELIABILITY,0.83,9012.87,13633.39,UPI,17,FAILED,USER_ABANDONMENT,0
TXN_0000608,CUST_00061,MEDIUM_RELIABILITY,0.83,9012.87,11023.43,NET_BANKING,23,SUCCESS,,0
TXN_0000609,CUST_00061,MEDIUM_RELIABILITY,0.83,9012.87,5005.9,UPI,20,SUCCESS,,0
TXN_0000610,CUST_00061,MEDIUM_RELIABILITY,0.83,9012.87,9901.56,UPI,22,SUCCESS,,0
TXN_0000611,CUST_00061,MEDIUM_RELIABILITY,0.83,9012.87,10809.03,CARD,12,SUCCESS,,0
TXN_0000612,CUST_00061,MEDIUM_RELIABILITY,0.83,9012.87,13123.28,WALLET,21,SUCCESS,,0
TXN_0000613,CUST_00061,MEDIUM_RELIABILITY,0.83,9012.87,14710.95,CARD,0,SUCCESS,,0
TXN_0000614,CUST_00061,MEDIUM_RELIABILITY,0.83,9012.87,5353.31,UPI,14,SUCCESS,,0
TXN_0000615,CUST_00061,MEDIUM_RELIABILITY,0.83,9012.87,6089.61,WALLET,22,SUCCESS,,0
TXN_0000616,CUST_00062,LOW_RELIABILITY,0.44,948.35,471.3,NET_BANKING,17,SUCCESS,,0
TXN_0000617,CUST_00062,LOW_RELIABILITY,0.44,948.35,859.58,UPI,23,SUCCESS,,0
TXN_0000618,CUST_00062,LOW_RELIABILITY,0.44,948.35,1125.26,UPI,5,SUCCESS,,0
TXN_0000619,CUST_00062,LOW_RELIABILITY,0.44,948.35,1322.89,UPI,5,SUCCESS,,0
TXN_0000620,CUST_00062,LOW_RELIABILITY,0.44,948.35,919.54,UPI,1,FAILED,INSUFFICIENT_FUNDS,0
TXN_0000621,CUST_00062,LOW_RELIABILITY,0.44,948.35,827.02,CARD,8,FAILED,INSUFFICIENT_FUNDS,2
TXN_0000622,CUST_00062,LOW_RELIABILITY,0.44,948.35,1005.92,UPI,10,SUCCESS,,0
TXN_0000623,CUST_00062,LOW_RELIABILITY,0.44,948.35,631.55,NET_BANKING,20,SUCCESS,,0
TXN_0000624,CUST_00062,LOW_RELIABILITY,0.44,948.35,1741.0,CARD,15,SUCCESS,,0
TXN_0000625,CUST_00062,LOW_RELIABILITY,0.44,948.35,338.5,CARD,2,SUCCESS,,0
TXN_0000626,CUST_00063,MEDIUM_RELIABILITY,0.7,4557.52,4894.3,CARD,5,SUCCESS,,0
TXN_0000627,CUST_00063,MEDIUM_RELIABILITY,0.7,4557.52,8246.57,NET_BANKING,5,SUCCESS,,0
TXN_0000628,CUST_00063,MEDIUM_RELIABILITY,0.7,4557.52,4569.92,CARD,2,SUCCESS,,0
TXN_0000629,CUST_00063,MEDIUM_RELIABILITY,0.7,4557.52,4211.08,NET_BANKING,21,SUCCESS,,0
TXN_0000630,CUST_00063,MEDIUM_RELIABILITY,0.7,4557.52,3905.89,UPI,6,SUCCESS,,0
TXN_0000631,CUST_00063,MEDIUM_RELIABILITY,0.7,4557.52,4228.66,CARD,15,SUCCESS,,0
TXN_0000632,CUST_00063,MEDIUM_RELIABILITY,0.7,4557.52,7060.23,NET_BANKING,20,FAILED,AUTHENTICATION_FAILURE,0
TXN_0000633,CUST_00063,MEDIUM_RELIABILITY,0.7,4557.52,525.28,WALLET,19,SUCCESS,,0
TXN_0000634,CUST_00063,MEDIUM_RELIABILITY,0.7,4557.52,7352.98,UPI,1,SUCCESS,,0
TXN_0000635,CUST_00063,MEDIUM_RELIABILITY,0.7,4557.52,1961.63,UPI,3,SUCCESS,,0
TXN_0000636,CUST_00064,MEDIUM_RELIABILITY,0.83,8676.94,7751.45,CARD,0,SUCCESS,,0
TXN_0000637,CUST_00064,MEDIUM_RELIABILITY,0.83,8676.94,7187.13,NET_BANKING,11,SUCCESS,,0
TXN_0000638,CUST_00064,MEDIUM_RELIABILITY,0.83,8676.94,10719.68,CARD,15,FAILED,USER_ABANDONMENT,0
TXN_0000639,CUST_00064,MEDIUM_RELIABILITY,0.83,8676.94,3130.21,CARD,3,FAILED,TECHNICAL_ERROR,0
TXN_0000640,CUST_00064,MEDIUM_RELIABILITY,0.83,8676.94,10281.04,UPI,2,SUCCESS,,0
TXN_0000641,CUST_00064,MEDIUM_RELIABILITY,0.83,8676.94,15702.87,CARD,6,SUCCESS,,0
TXN_0000642,CUST_00064,MEDIUM_RELIABILITY,0.83,8676.94,3945.67,UPI,3,SUCCESS,,0
TXN_0000643,CUST_00064,MEDIUM_RELIABILITY,0.83,8676.94,9335.37,NET_BANKING,23,SUCCESS,,0
TXN_0000644,CUST_00064,MEDIUM_RELIABILITY,0.83,8676.94,6379.35,CARD,2,SUCCESS,,0
TXN_0000645,CUST_00064,MEDIUM_RELIABILITY,0.83,8676.94,10155.1,UPI,14,SUCCESS,,0
TXN_0000646,CUST_00064,MEDIUM_RELIABILITY,0.83,8676.94,8743.4,UPI,2,FAILED,USER_ABANDONMENT,0
TXN_0000647,CUST_00064,MEDIUM_RELIABILITY,0.83,8676.94,6450.48,CARD,7,SUCCESS,,0
TXN_0000648,CUST_00064,MEDIUM_RELIABILITY,0.83,8676.94,10370.24,UPI,14,SUCCESS,,0
TXN_0000649,CUST_00065,MEDIUM_RELIABILITY,0.65,5352.1,9214.92,UPI,12,SUCCESS,,0
TXN_0000650,CUST_00065,MEDIUM_RELIABILITY,0.65,5352.1,4943.41,CARD,20,SUCCESS,,0
TXN_0000651,CUST_00065,MEDIUM_RELIABILITY,0.65,5352.1,6892.99,UPI,23,SUCCESS,,0
TXN_0000652,CUST_00065,MEDIUM_RELIABILITY,0.65,5352.1,2583.41,CARD,2,FAILED,INSUFFICIENT_FUNDS,0
TXN_0000653,CUST_00065,MEDIUM_RELIABILITY,0.65,5352.1,3304.52,CARD,19,FAILED,AUTHENTICATION_FAILURE,0
TXN_0000654,CUST_00065,MEDIUM_RELIABILITY,0.65,5352.1,6363.45,UPI,21,FAILED,TEMPORARY_BANK_ERROR,0
TXN_0000655,CUST_00065,MEDIUM_RELIABILITY,0.65,5352.1,8529.35,CARD,17,FAILED,INSUFFICIENT_FUNDS,0
TXN_0000656,CUST_00065,MEDIUM_RELIABILITY,0.65,5352.1,6113.41,NET_BANKING,23,SUCCESS,,0
TXN_0000657,CUST_00065,MEDIUM_RELIABILITY,0.65,5352.1,4681.89,WALLET,0,SUCCESS,,0
TXN_0000658,CUST_00065,MEDIUM_RELIABILITY,0.65,5352.1,5350.58,CARD,3,FAILED,INSUFFICIENT_FUNDS,0
TXN_0000659,CUST_00065,MEDIUM_RELIABILITY,0.65,5352.1,2675.18,CARD,2,FAILED,AUTHENTICATION_FAILURE,2
TXN_0000660,CUST_00066,HIGH_RELIABILITY,0.93,4109.51,5103.21,UPI,20,SUCCESS,,0
TXN_0000661,CUST_00066,HIGH_RELIABILITY,0.93,4109.51,5559.89,UPI,5,SUCCESS,,0
TXN_0000662,CUST_00066,HIGH_RELIABILITY,0.93,4109.51,3366.36,NET_BANKING,6,SUCCESS,,0
TXN_0000663,CUST_00066,HIGH_RELIABILITY,0.93,4109.51,3336.85,CARD,18,SUCCESS,,0
TXN_0000664,CUST_00066,HIGH_RELIABILITY,0.93,4109.51,4546.56,NET_BANKING,17,SUCCESS,,0
TXN_0000665,CUST_00066,HIGH_RELIABILITY,0.93,4109.51,3391.63,CARD,9,SUCCESS,,0
TXN_0000666,CUST_00066,HIGH_RELIABILITY,0.93,4109.51,4000.8,UPI,6,SUCCESS,,0
TXN_0000667,CUST_00066,HIGH_RELIABILITY,0.93,4109.51,7561.04,CARD,10,SUCCESS,,0
TXN_0000668,CUST_00066,HIGH_RELIABILITY,0.93,4109.51,3703.45,CARD,7,SUCCESS,,0
TXN_0000669,CUST_00066,HIGH_RELIABILITY,0.93,4109.51,3520.47,CARD,6,SUCCESS,,0
TXN_0000670,CUST_00067,MEDIUM_RELIABILITY,0.68,3707.34,2747.08,UPI,21,FAILED,INSUFFICIENT_FUNDS,0
TXN_0000671,CUST_00067,MEDIUM_RELIABILITY,0.68,3707.34,4810.93,UPI,10,SUCCESS,,0
TXN_0000672,CUST_00067,MEDIUM_RELIABILITY,0.68,3707.34,3438.6,UPI,10,FAILED,TEMPORARY_BANK_ERROR,1
TXN_0000673,CUST_00067,MEDIUM_RELIABILITY,0.68,3707.34,2744.36,UPI,11,FAILED,AUTHENTICATION_FAILURE,2
TXN_0000674,CUST_00067,MEDIUM_RELIABILITY,0.68,3707.34,5666.75,CARD,11,SUCCESS,,0
TXN_0000675,CUST_00067,MEDIUM_RELIABILITY,0.68,3707.34,5812.52,CARD,3,FAILED,INSUFFICIENT_FUNDS,1
TXN_0000676,CUST_00067,MEDIUM_RELIABILITY,0.68,3707.34,2816.95,NET_BANKING,4,SUCCESS,,0
TXN_0000677,CUST_00067,MEDIUM_RELIABILITY,0.68,3707.34,939.38,UPI,23,SUCCESS,,0
TXN_0000678,CUST_00067,MEDIUM_RELIABILITY,0.68,3707.34,5201.42,UPI,2,SUCCESS,,0
TXN_0000679,CUST_00067,MEDIUM_RELIABILITY,0.68,3707.34,2692.08,NET_BANKING,20,FAILED,INSUFFICIENT_FUNDS,0
TXN_0000680,CUST_00067,MEDIUM_RELIABILITY,0.68,3707.34,4879.79,CARD,1,SUCCESS,,0
TXN_0000681,CUST_00067,MEDIUM_RELIABILITY,0.68,3707.34,785.8,CARD,17,SUCCESS,,0
TXN_0000682,CUST_00068,HIGH_RELIABILITY,0.98,5524.84,7497.42,UPI,7,SUCCESS,,0
TXN_0000683,CUST_00068,HIGH_RELIABILITY,0.98,5524.84,2848.23,CARD,9,SUCCESS,,0
TXN_0000684,CUST_00068,HIGH_RELIABILITY,0.98,5524.84,7139.78,CARD,2,SUCCESS,,0
TXN_0000685,CUST_00068,HIGH_RELIABILITY,0.98,5524.84,5556.38,CARD,21,SUCCESS,,0
TXN_0000686,CUST_00068,HIGH_RELIABILITY,0.98,5524.84,3416.69,WALLET,19,SUCCESS,,0
TXN_0000687,CUST_00068,HIGH_RELIABILITY,0.98,5524.84,4625.32,NET_BANKING,4,SUCCESS,,0
TXN_0000688,CUST_00068,HIGH_RELIABILITY,0.98,5524.84,7041.56,UPI,18,SUCCESS,,0
TXN_0000689,CUST_00069,LOW_RELIABILITY,0.5,4980.53,5191.49,CARD,15,SUCCESS,,0
TXN_0000690,CUST_00069,LOW_RELIABILITY,0.5,4980.53,6144.8,UPI,15,FAILED,NETWORK_TIMEOUT,0
TXN_0000691,CUST_00069,LOW_RELIABILITY,0.5,4980.53,8918.02,CARD,16,SUCCESS,,0
TXN_0000692,CUST_00069,LOW_RELIABILITY,0.5,4980.53,1864.23,UPI,15,SUCCESS,,0
TXN_0000693,CUST_00069,LOW_RELIABILITY,0.5,4980.53,8202.36,NET_BANKING,1,SUCCESS,,0
TXN_0000694,CUST_00069,LOW_RELIABILITY,0.5,4980.53,5188.43,UPI,22,SUCCESS,,0
TXN_0000695,CUST_00069,LOW_RELIABILITY,0.5,4980.53,3189.96,CARD,8,SUCCESS,,0
TXN_0000696,CUST_00070,LOW_RELIABILITY,0.46,6808.12,3185.35,CARD,18,FAILED,AUTHENTICATION_FAILURE,0
TXN_0000697,CUST_00070,LOW_RELIABILITY,0.46,6808.12,6293.1,CARD,2,FAILED,NETWORK_TIMEOUT,2
TXN_0000698,CUST_00070,LOW_RELIABILITY,0.46,6808.12,9318.0,CARD,11,SUCCESS,,0
TXN_0000699,CUST_00070,LOW_RELIABILITY,0.46,6808.12,6460.77,UPI,15,SUCCESS,,0
TXN_0000700,CUST_00070,LOW_RELIABILITY,0.46,6808.12,10923.37,UPI,4,FAILED,TEMPORARY_BANK_ERROR,0
TXN_0000701,CUST_00070,LOW_RELIABILITY,0.46,6808.12,2856.21,UPI,4,FAILED,NETWORK_TIMEOUT,1
TXN_0000702,CUST_00070,LOW_RELIABILITY,0.46,6808.12,6775.2,UPI,7,FAILED,NETWORK_TIMEOUT,0
TXN_0000703,CUST_00070,LOW_RELIABILITY,0.46,6808.12,3397.54,CARD,15,FAILED,TEMPORARY_BANK_ERROR,1
TXN_0000704,CUST_00070,LOW_RELIABILITY,0.46,6808.12,7798.38,UPI,1,FAILED,INSUFFICIENT_FUNDS,0
TXN_0000705,CUST_00071,MEDIUM_RELIABILITY,0.86,2891.93,3917.86,UPI,18,SUCCESS,,0
TXN_0000706,CUST_00071,MEDIUM_RELIABILITY,0.86,2891.93,2405.2,UPI,5,SUCCESS,,0
TXN_0000707,CUST_00071,MEDIUM_RELIABILITY,0.86,2891.93,100.0,UPI,18,SUCCESS,,0
TXN_0000708,CUST_00071,MEDIUM_RELIABILITY,0.86,2891.93,3122.07,NET_BANKING,23,SUCCESS,,0
TXN_0000709,CUST_00071,MEDIUM_RELIABILITY,0.86,2891.93,3397.14,UPI,2,SUCCESS,,0
TXN_0000710,CUST_00071,MEDIUM_RELIABILITY,0.86,2891.93,3359.61,CARD,15,SUCCESS,,0
TXN_0000711,CUST_00071,MEDIUM_RELIABILITY,0.86,2891.93,4321.45,UPI,13,SUCCESS,,0
TXN_0000712,CUST_00071,MEDIUM_RELIABILITY,0.86,2891.93,1652.97,NET_BANKING,5,SUCCESS,,0
TXN_0000713,CUST_00071,MEDIUM_RELIABILITY,0.86,2891.93,3678.78,CARD,5,SUCCESS,,0
TXN_0000714,CUST_00071,MEDIUM_RELIABILITY,0.86,2891.93,4271.39,UPI,14,SUCCESS,,0
TXN_0000715,CUST_00071,MEDIUM_RELIABILITY,0.86,2891.93,834.51,UPI,12,SUCCESS,,0
TXN_0000716,CUST_00071,MEDIUM_RELIABILITY,0.86,2891.93,3261.69,UPI,6,SUCCESS,,0
TXN_0000717,CUST_00071,MEDIUM_RELIABILITY,0.86,2891.93,2308.71,WALLET,21,SUCCESS,,0
TXN_0000718,CUST_00072,LOW_RELIABILITY,0.49,2245.97,2172.73,CARD,5,FAILED,INSUFFICIENT_FUNDS,0
TXN_0000719,CUST_00072,LOW_RELIABILITY,0.49,2245.97,2558.32,NET_BANKING,16,SUCCESS,,0
TXN_0000720,CUST_00072,LOW_RELIABILITY,0.49,2245.97,1808.25,UPI,21,FAILED,INSUFFICIENT_FUNDS,1
TXN_0000721,CUST_00072,LOW_RELIABILITY,0.49,2245.97,1638.92,NET_BANKING,21,SUCCESS,,0
TXN_0000722,CUST_00072,LOW_RELIABILITY,0.49,2245.97,2276.65,CARD,11,SUCCESS,,0
TXN_0000723,CUST_00072,LOW_RELIABILITY,0.49,2245.97,1269.2,CARD,13,FAILED,USER_ABANDONMENT,1
TXN_0000724,CUST_00072,LOW_RELIABILITY,0.49,2245.97,1270.48,UPI,18,SUCCESS,,0
TXN_0000725,CUST_00073,LOW_RELIABILITY,0.43,450.83,573.34,UPI,4,FAILED,USER_ABANDONMENT,2
TXN_0000726,CUST_00073,LOW_RELIABILITY,0.43,450.83,243.67,UPI,19,SUCCESS,,0
TXN_0000727,CUST_00073,LOW_RELIABILITY,0.43,450.83,570.99,UPI,6,FAILED,AUTHENTICATION_FAILURE,0
TXN_0000728,CUST_00073,LOW_RELIABILITY,0.43,450.83,534.25,CARD,16,FAILED,AUTHENTICATION_FAILURE,1
TXN_0000729,CUST_00073,LOW_RELIABILITY,0.43,450.83,139.61,UPI,11,FAILED,NETWORK_TIMEOUT,0
TXN_0000730,CUST_00073,LOW_RELIABILITY,0.43,450.83,328.64,UPI,17,FAILED,NETWORK_TIMEOUT,0
TXN_0000731,CUST_00073,LOW_RELIABILITY,0.43,450.83,666.17,CARD,6,FAILED,AUTHENTICATION_FAILURE,0
TXN_0000732,CUST_00073,LOW_RELIABILITY,0.43,450.83,273.89,UPI,17,FAILED,TECHNICAL_ERROR,0
TXN_0000733,CUST_00073,LOW_RELIABILITY,0.43,450.83,367.08,NET_BANKING,12,SUCCESS,,0
TXN_0000734,CUST_00073,LOW_RELIABILITY,0.43,450.83,534.15,NET_BANKING,21,FAILED,TEMPORARY_BANK_ERROR,1
TXN_0000735,CUST_00073,LOW_RELIABILITY,0.43,450.83,592.1,WALLET,3,FAILED,NETWORK_TIMEOUT,0
TXN_0000736,CUST_00073,LOW_RELIABILITY,0.43,450.83,405.47,CARD,22,SUCCESS,,0
TXN_0000737,CUST_00073,LOW_RELIABILITY,0.43,450.83,343.08,UPI,12,SUCCESS,,0
TXN_0000738,CUST_00073,LOW_RELIABILITY,0.43,450.83,707.33,UPI,2,SUCCESS,,0
TXN_0000739,CUST_00074,MEDIUM_RELIABILITY,0.78,5275.45,8944.84,WALLET,13,FAILED,NETWORK_TIMEOUT,0
TXN_0000740,CUST_00074,MEDIUM_RELIABILITY,0.78,5275.45,7341.02,CARD,23,SUCCESS,,0
TXN_0000741,CUST_00074,MEDIUM_RELIABILITY,0.78,5275.45,5455.49,WALLET,19,SUCCESS,,0
TXN_0000742,CUST_00074,MEDIUM_RELIABILITY,0.78,5275.45,3569.86,UPI,19,FAILED,USER_ABANDONMENT,0
TXN_0000743,CUST_00074,MEDIUM_RELIABILITY,0.78,5275.45,3523.06,CARD,0,FAILED,AUTHENTICATION_FAILURE,1
TXN_0000744,CUST_00074,MEDIUM_RELIABILITY,0.78,5275.45,6378.05,UPI,1,SUCCESS,,0
TXN_0000745,CUST_00074,MEDIUM_RELIABILITY,0.78,5275.45,6158.35,CARD,22,FAILED,TEMPORARY_BANK_ERROR,0
TXN_0000746,CUST_00074,MEDIUM_RELIABILITY,0.78,5275.45,8233.08,UPI,0,SUCCESS,,0
TXN_0000747,CUST_00074,MEDIUM_RELIABILITY,0.78,5275.45,6648.02,UPI,8,SUCCESS,,0
TXN_0000748,CUST_00074,MEDIUM_RELIABILITY,0.78,5275.45,2103.68,UPI,12,SUCCESS,,0
TXN_0000749,CUST_00074,MEDIUM_RELIABILITY,0.78,5275.45,7495.25,UPI,0,SUCCESS,,0
TXN_0000750,CUST_00074,MEDIUM_RELIABILITY,0.78,5275.45,3169.36,UPI,2,SUCCESS,,0
TXN_0000751,CUST_00075,MEDIUM_RELIABILITY,0.66,3147.14,2663.78,WALLET,11,SUCCESS,,0
TXN_0000752,CUST_00075,MEDIUM_RELIABILITY,0.66,3147.14,3462.11,NET_BANKING,7,SUCCESS,,0
TXN_0000753,CUST_00075,MEDIUM_RELIABILITY,0.66,3147.14,5659.4,UPI,12,SUCCESS,,0
TXN_0000754,CUST_00075,MEDIUM_RELIABILITY,0.66,3147.14,7062.08,UPI,13,SUCCESS,,0
TXN_0000755,CUST_00075,MEDIUM_RELIABILITY,0.66,3147.14,3910.92,CARD,16,FAILED,TECHNICAL_ERROR,1
TXN_0000756,CUST_00075,MEDIUM_RELIABILITY,0.66,3147.14,2916.52,WALLET,17,SUCCESS,,0
TXN_0000757,CUST_00075,MEDIUM_RELIABILITY,0.66,3147.14,3820.01,CARD,22,SUCCESS,,0
TXN_0000758,CUST_00075,MEDIUM_RELIABILITY,0.66,3147.14,4264.57,UPI,15,SUCCESS,,0
TXN_0000759,CUST_00075,MEDIUM_RELIABILITY,0.66,3147.14,2743.47,NET_BANKING,14,SUCCESS,,0
TXN_0000760,CUST_00075,MEDIUM_RELIABILITY,0.66,3147.14,5407.05,NET_BANKING,0,SUCCESS,,0
TXN_0000761,CUST_00075,MEDIUM_RELIABILITY,0.66,3147.14,3436.77,UPI,12,SUCCESS,,0
TXN_0000762,CUST_00075,MEDIUM_RELIABILITY,0.66,3147.14,3773.73,WALLET,21,SUCCESS,,0
TXN_0000763,CUST_00075,MEDIUM_RELIABILITY,0.66,3147.14,3985.44,NET_BANKING,13,SUCCESS,,0
TXN_0000764,CUST_00076,MEDIUM_RELIABILITY,0.85,2775.84,3243.94,CARD,22,SUCCESS,,0
TXN_0000765,CUST_00076,MEDIUM_RELIABILITY,0.85,2775.84,3707.35,UPI,2,SUCCESS,,0
TXN_0000766,CUST_00076,MEDIUM_RELIABILITY,0.85,2775.84,2090.48,CARD,10,FAILED,TECHNICAL_ERROR,0
TXN_0000767,CUST_00076,MEDIUM_RELIABILITY,0.85,2775.84,2155.94,UPI,18,SUCCESS,,0
TXN_0000768,CUST_00076,MEDIUM_RELIABILITY,0.85,2775.84,1554.3,WALLET,21,SUCCESS,,0
TXN_0000769,CUST_00076,MEDIUM_RELIABILITY,0.85,2775.84,3263.83,UPI,23,SUCCESS,,0
TXN_0000770,CUST_00076,MEDIUM_RELIABILITY,0.85,2775.84,3640.72,CARD,8,SUCCESS,,0
TXN_0000771,CUST_00076,MEDIUM_RELIABILITY,0.85,2775.84,3284.12,UPI,7,SUCCESS,,0
TXN_0000772,CUST_00076,MEDIUM_RELIABILITY,0.85,2775.84,4635.09,UPI,3,FAILED,TEMPORARY_BANK_ERROR,3
TXN_0000773,CUST_00076,MEDIUM_RELIABILITY,0.85,2775.84,2769.63,CARD,0,SUCCESS,,0
TXN_0000774,CUST_00076,MEDIUM_RELIABILITY,0.85,2775.84,3518.37,CARD,1,SUCCESS,,0
TXN_0000775,CUST_00076,MEDIUM_RELIABILITY,0.85,2775.84,1563.69,UPI,10,SUCCESS,,0
TXN_0000776,CUST_00076,MEDIUM_RELIABILITY,0.85,2775.84,2346.03,WALLET,18,SUCCESS,,0
TXN_0000777,CUST_00077,LOW_RELIABILITY,0.39,3528.28,4509.9,UPI,16,FAILED,TEMPORARY_BANK_ERROR,0
TXN_0000778,CUST_00077,LOW_RELIABILITY,0.39,3528.28,4726.63,UPI,13,FAILED,INSUFFICIENT_FUNDS,0
TXN_0000779,CUST_00077,LOW_RELIABILITY,0.39,3528.28,3113.4,UPI,21,SUCCESS,,0
TXN_0000780,CUST_00077,LOW_RELIABILITY,0.39,3528.28,3427.23,CARD,3,SUCCESS,,0
TXN_0000781,CUST_00077,LOW_RELIABILITY,0.39,3528.28,1386.09,CARD,22,FAILED,AUTHENTICATION_FAILURE,0
TXN_0000782,CUST_00077,LOW_RELIABILITY,0.39,3528.28,3024.4,UPI,11,SUCCESS,,0
TXN_0000783,CUST_00077,LOW_RELIABILITY,0.39,3528.28,4784.89,UPI,17,FAILED,NETWORK_TIMEOUT,3
TXN_0000784,CUST_00077,LOW_RELIABILITY,0.39,3528.28,4340.07,UPI,5,FAILED,TEMPORARY_BANK_ERROR,1
TXN_0000785,CUST_00077,LOW_RELIABILITY,0.39,3528.28,4234.88,UPI,12,FAILED,TEMPORARY_BANK_ERROR,0
TXN_0000786,CUST_00077,LOW_RELIABILITY,0.39,3528.28,3598.53,CARD,7,SUCCESS,,0
TXN_0000787,CUST_00077,LOW_RELIABILITY,0.39,3528.28,3538.25,CARD,7,FAILED,USER_ABANDONMENT,0
TXN_0000788,CUST_00077,LOW_RELIABILITY,0.39,3528.28,2596.36,NET_BANKING,23,FAILED,USER_ABANDONMENT,0
TXN_0000789,CUST_00078,HIGH_RELIABILITY,0.99,4388.77,5615.57,UPI,20,SUCCESS,,0
TXN_0000790,CUST_00078,HIGH_RELIABILITY,0.99,4388.77,5127.79,CARD,15,SUCCESS,,0
TXN_0000791,CUST_00078,HIGH_RELIABILITY,0.99,4388.77,5252.51,CARD,18,SUCCESS,,0
TXN_0000792,CUST_00078,HIGH_RELIABILITY,0.99,4388.77,3465.31,UPI,5,SUCCESS,,0
TXN_0000793,CUST_00078,HIGH_RELIABILITY,0.99,4388.77,608.56,NET_BANKING,15,SUCCESS,,0
TXN_0000794,CUST_00078,HIGH_RELIABILITY,0.99,4388.77,6314.83,UPI,23,SUCCESS,,0
TXN_0000795,CUST_00078,HIGH_RELIABILITY,0.99,4388.77,3548.17,UPI,17,SUCCESS,,0
TXN_0000796,CUST_00078,HIGH_RELIABILITY,0.99,4388.77,2874.16,NET_BANKING,11,FAILED,TEMPORARY_BANK_ERROR,2
TXN_0000797,CUST_00078,HIGH_RELIABILITY,0.99,4388.77,5606.18,WALLET,6,SUCCESS,,0
TXN_0000798,CUST_00078,HIGH_RELIABILITY,0.99,4388.77,3700.59,CARD,17,SUCCESS,,0
TXN_0000799,CUST_00078,HIGH_RELIABILITY,0.99,4388.77,6249.5,NET_BANKING,11,SUCCESS,,0
TXN_0000800,CUST_00078,HIGH_RELIABILITY,0.99,4388.77,5471.93,CARD,23,SUCCESS,,0
TXN_0000801,CUST_00079,HIGH_RELIABILITY,0.95,11662.67,14851.57,UPI,9,SUCCESS,,0
TXN_0000802,CUST_00079,HIGH_RELIABILITY,0.95,11662.67,5290.39,WALLET,5,SUCCESS,,0
TXN_0000803,CUST_00079,HIGH_RELIABILITY,0.95,11662.67,17316.47,WALLET,13,SUCCESS,,0
TXN_0000804,CUST_00079,HIGH_RELIABILITY,0.95,11662.67,12881.42,CARD,2,FAILED,NETWORK_TIMEOUT,0
TXN_0000805,CUST_00079,HIGH_RELIABILITY,0.95,11662.67,9939.97,CARD,22,SUCCESS,,0
TXN_0000806,CUST_00079,HIGH_RELIABILITY,0.95,11662.67,12331.59,CARD,8,SUCCESS,,0
TXN_0000807,CUST_00080,LOW_RELIABILITY,0.42,5151.87,1491.5,CARD,16,SUCCESS,,0
TXN_0000808,CUST_00080,LOW_RELIABILITY,0.42,5151.87,5994.0,UPI,5,SUCCESS,,0
TXN_0000809,CUST_00080,LOW_RELIABILITY,0.42,5151.87,3030.59,UPI,7,SUCCESS,,0
TXN_0000810,CUST_00080,LOW_RELIABILITY,0.42,5151.87,2364.36,WALLET,22,SUCCESS,,0
TXN_0000811,CUST_00080,LOW_RELIABILITY,0.42,5151.87,2014.67,UPI,12,FAILED,TEMPORARY_BANK_ERROR,2
TXN_0000812,CUST_00080,LOW_RELIABILITY,0.42,5151.87,7444.84,CARD,0,SUCCESS,,0
TXN_0000813,CUST_00080,LOW_RELIABILITY,0.42,5151.87,3855.12,CARD,2,FAILED,INSUFFICIENT_FUNDS,0
TXN_0000814,CUST_00080,LOW_RELIABILITY,0.42,5151.87,8312.5,WALLET,12,FAILED,TEMPORARY_BANK_ERROR,0
TXN_0000815,CUST_00080,LOW_RELIABILITY,0.42,5151.87,4047.72,CARD,4,FAILED,TEMPORARY_BANK_ERROR,0
TXN_0000816,CUST_00080,LOW_RELIABILITY,0.42,5151.87,1633.44,UPI,10,SUCCESS,,0
TXN_0000817,CUST_00081,HIGH_RELIABILITY,0.92,9852.28,5452.16,WALLET,17,SUCCESS,,0
TXN_0000818,CUST_00081,HIGH_RELIABILITY,0.92,9852.28,14722.5,CARD,4,SUCCESS,,0
TXN_0000819,CUST_00081,HIGH_RELIABILITY,0.92,9852.28,9237.9,CARD,5,SUCCESS,,0
TXN_0000820,CUST_00081,HIGH_RELIABILITY,0.92,9852.28,7691.53,CARD,23,SUCCESS,,0
TXN_0000821,CUST_00081,HIGH_RELIABILITY,0.92,9852.28,10482.9,CARD,16,SUCCESS,,0
TXN_0000822,CUST_00081,HIGH_RELIABILITY,0.92,9852.28,11829.76,CARD,11,SUCCESS,,0
TXN_0000823,CUST_00081,HIGH_RELIABILITY,0.92,9852.28,14255.85,UPI,2,SUCCESS,,0
TXN_0000824,CUST_00081,HIGH_RELIABILITY,0.92,9852.28,15560.69,UPI,8,SUCCESS,,0
TXN_0000825,CUST_00081,HIGH_RELIABILITY,0.92,9852.28,8434.46,UPI,16,SUCCESS,,0
TXN_0000826,CUST_00081,HIGH_RELIABILITY,0.92,9852.28,4626.44,NET_BANKING,11,SUCCESS,,0
TXN_0000827,CUST_00081,HIGH_RELIABILITY,0.92,9852.28,8222.85,CARD,22,SUCCESS,,0
TXN_0000828,CUST_00081,HIGH_RELIABILITY,0.92,9852.28,10878.02,WALLET,15,SUCCESS,,0
TXN_0000829,CUST_00082,LOW_RELIABILITY,0.53,3843.27,2361.68,NET_BANKING,19,FAILED,TEMPORARY_BANK_ERROR,0
TXN_0000830,CUST_00082,LOW_RELIABILITY,0.53,3843.27,2371.83,UPI,17,FAILED,TEMPORARY_BANK_ERROR,1
TXN_0000831,CUST_00082,LOW_RELIABILITY,0.53,3843.27,4371.78,CARD,12,FAILED,TEMPORARY_BANK_ERROR,1
TXN_0000832,CUST_00082,LOW_RELIABILITY,0.53,3843.27,3768.48,CARD,19,SUCCESS,,0
TXN_0000833,CUST_00082,LOW_RELIABILITY,0.53,3843.27,3893.69,CARD,9,SUCCESS,,0
TXN_0000834,CUST_00082,LOW_RELIABILITY,0.53,3843.27,2677.23,CARD,8,FAILED,USER_ABANDONMENT,0
TXN_0000835,CUST_00082,LOW_RELIABILITY,0.53,3843.27,3489.07,UPI,20,FAILED,NETWORK_TIMEOUT,1
TXN_0000836,CUST_00082,LOW_RELIABILITY,0.53,3843.27,2422.44,CARD,10,FAILED,TEMPORARY_BANK_ERROR,0
TXN_0000837,CUST_00082,LOW_RELIABILITY,0.53,3843.27,5211.78,UPI,3,FAILED,TEMPORARY_BANK_ERROR,0
TXN_0000838,CUST_00082,LOW_RELIABILITY,0.53,3843.27,5434.77,UPI,2,FAILED,NETWORK_TIMEOUT,0
TXN_0000839,CUST_00082,LOW_RELIABILITY,0.53,3843.27,1005.11,UPI,15,SUCCESS,,0
TXN_0000840,CUST_00083,HIGH_RELIABILITY,0.89,12694.23,7974.46,CARD,1,SUCCESS,,0
TXN_0000841,CUST_00083,HIGH_RELIABILITY,0.89,12694.23,5095.32,NET_BANKING,4,FAILED,AUTHENTICATION_FAILURE,0
TXN_0000842,CUST_00083,HIGH_RELIABILITY,0.89,12694.23,9393.61,CARD,6,SUCCESS,,0
TXN_0000843,CUST_00083,HIGH_RELIABILITY,0.89,12694.23,12270.56,UPI,12,SUCCESS,,0
TXN_0000844,CUST_00083,HIGH_RELIABILITY,0.89,12694.23,5333.38,UPI,22,SUCCESS,,0
TXN_0000845,CUST_00083,HIGH_RELIABILITY,0.89,12694.23,8013.31,NET_BANKING,14,SUCCESS,,0
TXN_0000846,CUST_00083,HIGH_RELIABILITY,0.89,12694.23,7596.44,WALLET,6,SUCCESS,,0
TXN_0000847,CUST_00083,HIGH_RELIABILITY,0.89,12694.23,13746.67,NET_BANKING,16,SUCCESS,,0
TXN_0000848,CUST_00083,HIGH_RELIABILITY,0.89,12694.23,13046.34,UPI,12,SUCCESS,,0
TXN_0000849,CUST_00083,HIGH_RELIABILITY,0.89,12694.23,9029.47,UPI,10,SUCCESS,,0
TXN_0000850,CUST_00083,HIGH_RELIABILITY,0.89,12694.23,13592.07,CARD,23,SUCCESS,,0
TXN_0000851,CUST_00083,HIGH_RELIABILITY,0.89,12694.23,9918.36,CARD,8,SUCCESS,,0
TXN_0000852,CUST_00084,LOW_RELIABILITY,0.44,1468.33,1308.78,UPI,1,SUCCESS,,0
TXN_0000853,CUST_00084,LOW_RELIABILITY,0.44,1468.33,2451.2,UPI,3,FAILED,NETWORK_TIMEOUT,0
TXN_0000854,CUST_00084,LOW_RELIABILITY,0.44,1468.33,2255.63,NET_BANKING,18,FAILED,AUTHENTICATION_FAILURE,0
TXN_0000855,CUST_00084,LOW_RELIABILITY,0.44,1468.33,705.04,UPI,22,FAILED,INSUFFICIENT_FUNDS,0
TXN_0000856,CUST_00084,LOW_RELIABILITY,0.44,1468.33,1955.66,UPI,5,FAILED,AUTHENTICATION_FAILURE,0
TXN_0000857,CUST_00084,LOW_RELIABILITY,0.44,1468.33,1944.89,WALLET,20,FAILED,NETWORK_TIMEOUT,0
TXN_0000858,CUST_00084,LOW_RELIABILITY,0.44,1468.33,793.92,CARD,3,FAILED,TEMPORARY_BANK_ERROR,3
TXN_0000859,CUST_00084,LOW_RELIABILITY,0.44,1468.33,1949.22,NET_BANKING,11,SUCCESS,,0
TXN_0000860,CUST_00084,LOW_RELIABILITY,0.44,1468.33,2371.61,UPI,6,FAILED,NETWORK_TIMEOUT,1
TXN_0000861,CUST_00085,MEDIUM_RELIABILITY,0.66,6113.48,3368.42,NET_BANKING,15,SUCCESS,,0
TXN_0000862,CUST_00085,MEDIUM_RELIABILITY,0.66,6113.48,3869.83,CARD,17,SUCCESS,,0
TXN_0000863,CUST_00085,MEDIUM_RELIABILITY,0.66,6113.48,8602.06,UPI,5,SUCCESS,,0
TXN_0000864,CUST_00085,MEDIUM_RELIABILITY,0.66,6113.48,6777.39,UPI,14,FAILED,USER_ABANDONMENT,2
TXN_0000865,CUST_00085,MEDIUM_RELIABILITY,0.66,6113.48,7462.06,CARD,2,SUCCESS,,0
TXN_0000866,CUST_00085,MEDIUM_RELIABILITY,0.66,6113.48,6946.35,UPI,8,SUCCESS,,0
TXN_0000867,CUST_00085,MEDIUM_RELIABILITY,0.66,6113.48,7068.88,CARD,20,SUCCESS,,0
TXN_0000868,CUST_00085,MEDIUM_RELIABILITY,0.66,6113.48,2869.74,CARD,0,SUCCESS,,0
TXN_0000869,CUST_00085,MEDIUM_RELIABILITY,0.66,6113.48,8674.58,UPI,19,FAILED,AUTHENTICATION_FAILURE,1
TXN_0000870,CUST_00086,MEDIUM_RELIABILITY,0.8,657.58,965.22,NET_BANKING,6,SUCCESS,,0
TXN_0000871,CUST_00086,MEDIUM_RELIABILITY,0.8,657.58,597.24,CARD,17,FAILED,NETWORK_TIMEOUT,0
TXN_0000872,CUST_00086,MEDIUM_RELIABILITY,0.8,657.58,646.14,UPI,3,SUCCESS,,0
TXN_0000873,CUST_00086,MEDIUM_RELIABILITY,0.8,657.58,254.85,UPI,4,FAILED,TEMPORARY_BANK_ERROR,0
TXN_0000874,CUST_00086,MEDIUM_RELIABILITY,0.8,657.58,792.85,UPI,1,SUCCESS,,0
TXN_0000875,CUST_00086,MEDIUM_RELIABILITY,0.8,657.58,808.05,NET_BANKING,21,SUCCESS,,0
TXN_0000876,CUST_00086,MEDIUM_RELIABILITY,0.8,657.58,641.22,CARD,18,SUCCESS,,0
TXN_0000877,CUST_00086,MEDIUM_RELIABILITY,0.8,657.58,953.32,UPI,19,SUCCESS,,0
TXN_0000878,CUST_00086,MEDIUM_RELIABILITY,0.8,657.58,569.71,UPI,6,SUCCESS,,0
TXN_0000879,CUST_00086,MEDIUM_RELIABILITY,0.8,657.58,806.09,WALLET,2,SUCCESS,,0
TXN_0000880,CUST_00086,MEDIUM_RELIABILITY,0.8,657.58,389.38,CARD,11,SUCCESS,,0
TXN_0000881,CUST_00086,MEDIUM_RELIABILITY,0.8,657.58,651.39,WALLET,13,SUCCESS,,0
TXN_0000882,CUST_00086,MEDIUM_RELIABILITY,0.8,657.58,611.72,NET_BANKING,1,SUCCESS,,0
TXN_0000883,CUST_00087,HIGH_RELIABILITY,0.94,4170.94,4546.84,CARD,23,FAILED,NETWORK_TIMEOUT,2
TXN_0000884,CUST_00087,HIGH_RELIABILITY,0.94,4170.94,3554.43,WALLET,3,SUCCESS,,0
TXN_0000885,CUST_00087,HIGH_RELIABILITY,0.94,4170.94,3951.59,UPI,12,SUCCESS,,0
TXN_0000886,CUST_00087,HIGH_RELIABILITY,0.94,4170.94,5549.1,CARD,7,SUCCESS,,0
TXN_0000887,CUST_00087,HIGH_RELIABILITY,0.94,4170.94,3442.25,WALLET,17,SUCCESS,,0
TXN_0000888,CUST_00087,HIGH_RELIABILITY,0.94,4170.94,1490.57,UPI,3,SUCCESS,,0
TXN_0000889,CUST_00087,HIGH_RELIABILITY,0.94,4170.94,7089.9,CARD,21,SUCCESS,,0
TXN_0000890,CUST_00087,HIGH_RELIABILITY,0.94,4170.94,6475.72,CARD,3,SUCCESS,,0
TXN_0000891,CUST_00087,HIGH_RELIABILITY,0.94,4170.94,2014.96,UPI,12,SUCCESS,,0
TXN_0000892,CUST_00088,LOW_RELIABILITY,0.54,1385.69,1767.98,UPI,19,FAILED,NETWORK_TIMEOUT,0
TXN_0000893,CUST_00088,LOW_RELIABILITY,0.54,1385.69,1106.9,WALLET,10,SUCCESS,,0
TXN_0000894,CUST_00088,LOW_RELIABILITY,0.54,1385.69,1531.73,UPI,20,FAILED,AUTHENTICATION_FAILURE,1
TXN_0000895,CUST_00088,LOW_RELIABILITY,0.54,1385.69,1548.77,CARD,6,FAILED,INSUFFICIENT_FUNDS,1
TXN_0000896,CUST_00088,LOW_RELIABILITY,0.54,1385.69,1255.76,UPI,14,FAILED,NETWORK_TIMEOUT,1
TXN_0000897,CUST_00088,LOW_RELIABILITY,0.54,1385.69,951.27,WALLET,19,FAILED,TEMPORARY_BANK_ERROR,2
TXN_0000898,CUST_00088,LOW_RELIABILITY,0.54,1385.69,1002.94,UPI,7,FAILED,NETWORK_TIMEOUT,1
TXN_0000899,CUST_00088,LOW_RELIABILITY,0.54,1385.69,877.87,WALLET,8,SUCCESS,,0
TXN_0000900,CUST_00088,LOW_RELIABILITY,0.54,1385.69,924.63,CARD,18,SUCCESS,,0
TXN_0000901,CUST_00088,LOW_RELIABILITY,0.54,1385.69,1348.45,UPI,1,SUCCESS,,0
TXN_0000902,CUST_00088,LOW_RELIABILITY,0.54,1385.69,988.96,UPI,8,FAILED,INSUFFICIENT_FUNDS,0
TXN_0000903,CUST_00088,LOW_RELIABILITY,0.54,1385.69,1763.74,NET_BANKING,2,SUCCESS,,0
TXN_0000904,CUST_00088,LOW_RELIABILITY,0.54,1385.69,2210.03,CARD,6,SUCCESS,,0
TXN_0000905,CUST_00088,LOW_RELIABILITY,0.54,1385.69,1064.18,CARD,15,FAILED,USER_ABANDONMENT,1
TXN_0000906,CUST_00088,LOW_RELIABILITY,0.54,1385.69,1518.39,CARD,3,SUCCESS,,0
TXN_0000907,CUST_00089,LOW_RELIABILITY,0.55,2829.8,3395.4,UPI,18,FAILED,USER_ABANDONMENT,2
TXN_0000908,CUST_00089,LOW_RELIABILITY,0.55,2829.8,3364.07,UPI,13,FAILED,USER_ABANDONMENT,2
TXN_0000909,CUST_00089,LOW_RELIABILITY,0.55,2829.8,2915.78,UPI,20,SUCCESS,,0
TXN_0000910,CUST_00089,LOW_RELIABILITY,0.55,2829.8,3670.46,WALLET,20,SUCCESS,,0
TXN_0000911,CUST_00089,LOW_RELIABILITY,0.55,2829.8,3375.67,UPI,9,SUCCESS,,0
TXN_0000912,CUST_00089,LOW_RELIABILITY,0.55,2829.8,1428.87,UPI,18,FAILED,INSUFFICIENT_FUNDS,0
TXN_0000913,CUST_00089,LOW_RELIABILITY,0.55,2829.8,3813.62,UPI,23,SUCCESS,,0
TXN_0000914,CUST_00089,LOW_RELIABILITY,0.55,2829.8,3834.14,WALLET,19,SUCCESS,,0
TXN_0000915,CUST_00089,LOW_RELIABILITY,0.55,2829.8,1965.82,UPI,13,FAILED,NETWORK_TIMEOUT,0
TXN_0000916,CUST_00090,MEDIUM_RELIABILITY,0.86,1806.45,1833.86,CARD,23,FAILED,NETWORK_TIMEOUT,0
TXN_0000917,CUST_00090,MEDIUM_RELIABILITY,0.86,1806.45,2300.21,CARD,22,FAILED,TEMPORARY_BANK_ERROR,0
TXN_0000918,CUST_00090,MEDIUM_RELIABILITY,0.86,1806.45,1655.2,CARD,20,SUCCESS,,0
TXN_0000919,CUST_00090,MEDIUM_RELIABILITY,0.86,1806.45,2581.76,CARD,23,SUCCESS,,0
TXN_0000920,CUST_00090,MEDIUM_RELIABILITY,0.86,1806.45,3514.54,UPI,8,SUCCESS,,0
TXN_0000921,CUST_00090,MEDIUM_RELIABILITY,0.86,1806.45,1238.51,UPI,18,FAILED,AUTHENTICATION_FAILURE,0
TXN_0000922,CUST_00091,HIGH_RELIABILITY,0.92,2588.63,1158.62,UPI,11,SUCCESS,,0
TXN_0000923,CUST_00091,HIGH_RELIABILITY,0.92,2588.63,2903.22,UPI,9,SUCCESS,,0
TXN_0000924,CUST_00091,HIGH_RELIABILITY,0.92,2588.63,3335.77,UPI,14,SUCCESS,,0
TXN_0000925,CUST_00091,HIGH_RELIABILITY,0.92,2588.63,2349.58,UPI,7,SUCCESS,,0
TXN_0000926,CUST_00091,HIGH_RELIABILITY,0.92,2588.63,4093.41,UPI,23,SUCCESS,,0
TXN_0000927,CUST_00091,HIGH_RELIABILITY,0.92,2588.63,1202.57,UPI,1,SUCCESS,,0
TXN_0000928,CUST_00091,HIGH_RELIABILITY,0.92,2588.63,3306.11,CARD,4,SUCCESS,,0
TXN_0000929,CUST_00091,HIGH_RELIABILITY,0.92,2588.63,1961.29,NET_BANKING,0,SUCCESS,,0
TXN_0000930,CUST_00091,HIGH_RELIABILITY,0.92,2588.63,4368.96,NET_BANKING,9,SUCCESS,,0
TXN_0000931,CUST_00091,HIGH_RELIABILITY,0.92,2588.63,4651.78,UPI,6,SUCCESS,,0
TXN_0000932,CUST_00092,MEDIUM_RELIABILITY,0.85,8834.72,6125.44,UPI,16,SUCCESS,,0
TXN_0000933,CUST_00092,MEDIUM_RELIABILITY,0.85,8834.72,6892.65,CARD,19,SUCCESS,,0
TXN_0000934,CUST_00092,MEDIUM_RELIABILITY,0.85,8834.72,11872.41,UPI,22,SUCCESS,,0
TXN_0000935,CUST_00092,MEDIUM_RELIABILITY,0.85,8834.72,7466.64,UPI,21,SUCCESS,,0
TXN_0000936,CUST_00092,MEDIUM_RELIABILITY,0.85,8834.72,8674.24,UPI,1,SUCCESS,,0
TXN_0000937,CUST_00092,MEDIUM_RELIABILITY,0.85,8834.72,8924.44,NET_BANKING,19,SUCCESS,,0
TXN_0000938,CUST_00092,MEDIUM_RELIABILITY,0.85,8834.72,2050.81,CARD,0,FAILED,AUTHENTICATION_FAILURE,1
TXN_0000939,CUST_00092,MEDIUM_RELIABILITY,0.85,8834.72,8785.82,WALLET,11,SUCCESS,,0
TXN_0000940,CUST_00093,MEDIUM_RELIABILITY,0.71,6769.85,4902.11,UPI,20,SUCCESS,,0
TXN_0000941,CUST_00093,MEDIUM_RELIABILITY,0.71,6769.85,5434.5,WALLET,16,SUCCESS,,0
TXN_0000942,CUST_00093,MEDIUM_RELIABILITY,0.71,6769.85,10679.12,UPI,10,SUCCESS,,0
TXN_0000943,CUST_00093,MEDIUM_RELIABILITY,0.71,6769.85,3367.3,CARD,2,FAILED,INSUFFICIENT_FUNDS,0
TXN_0000944,CUST_00093,MEDIUM_RELIABILITY,0.71,6769.85,8971.96,WALLET,0,FAILED,TECHNICAL_ERROR,0
TXN_0000945,CUST_00094,LOW_RELIABILITY,0.59,3975.37,3531.78,UPI,5,FAILED,AUTHENTICATION_FAILURE,0
TXN_0000946,CUST_00094,LOW_RELIABILITY,0.59,3975.37,3530.51,UPI,16,FAILED,TEMPORARY_BANK_ERROR,0
TXN_0000947,CUST_00094,LOW_RELIABILITY,0.59,3975.37,5232.18,UPI,0,SUCCESS,,0
TXN_0000948,CUST_00094,LOW_RELIABILITY,0.59,3975.37,4516.1,WALLET,7,FAILED,USER_ABANDONMENT,1
TXN_0000949,CUST_00094,LOW_RELIABILITY,0.59,3975.37,4882.73,UPI,12,SUCCESS,,0
TXN_0000950,CUST_00094,LOW_RELIABILITY,0.59,3975.37,5514.93,CARD,20,SUCCESS,,0
TXN_0000951,CUST_00094,LOW_RELIABILITY,0.59,3975.37,3448.54,UPI,18,FAILED,TECHNICAL_ERROR,2
TXN_0000952,CUST_00094,LOW_RELIABILITY,0.59,3975.37,3001.82,UPI,17,FAILED,AUTHENTICATION_FAILURE,0
TXN_0000953,CUST_00094,LOW_RELIABILITY,0.59,3975.37,2249.82,CARD,6,SUCCESS,,0
TXN_0000954,CUST_00094,LOW_RELIABILITY,0.59,3975.37,2662.85,UPI,22,SUCCESS,,0
TXN_0000955,CUST_00094,LOW_RELIABILITY,0.59,3975.37,8664.87,WALLET,13,SUCCESS,,0
TXN_0000956,CUST_00094,LOW_RELIABILITY,0.59,3975.37,5954.59,WALLET,4,SUCCESS,,0
TXN_0000957,CUST_00095,HIGH_RELIABILITY,0.94,4385.93,2015.64,WALLET,10,SUCCESS,,0
TXN_0000958,CUST_00095,HIGH_RELIABILITY,0.94,4385.93,2065.85,CARD,23,SUCCESS,,0
TXN_0000959,CUST_00095,HIGH_RELIABILITY,0.94,4385.93,5231.3,UPI,4,SUCCESS,,0
TXN_0000960,CUST_00095,HIGH_RELIABILITY,0.94,4385.93,5346.04,NET_BANKING,13,SUCCESS,,0
TXN_0000961,CUST_00095,HIGH_RELIABILITY,0.94,4385.93,5348.88,UPI,23,SUCCESS,,0
TXN_0000962,CUST_00095,HIGH_RELIABILITY,0.94,4385.93,3938.64,NET_BANKING,23,SUCCESS,,0
TXN_0000963,CUST_00095,HIGH_RELIABILITY,0.94,4385.93,4165.84,NET_BANKING,3,SUCCESS,,0
TXN_0000964,CUST_00095,HIGH_RELIABILITY,0.94,4385.93,4961.15,UPI,19,SUCCESS,,0
TXN_0000965,CUST_00095,HIGH_RELIABILITY,0.94,4385.93,4536.62,CARD,19,SUCCESS,,0
TXN_0000966,CUST_00095,HIGH_RELIABILITY,0.94,4385.93,492.45,UPI,21,FAILED,TEMPORARY_BANK_ERROR,1
TXN_0000967,CUST_00095,HIGH_RELIABILITY,0.94,4385.93,3982.78,UPI,19,SUCCESS,,0
TXN_0000968,CUST_00095,HIGH_RELIABILITY,0.94,4385.93,2892.25,CARD,5,SUCCESS,,0
TXN_0000969,CUST_00095,HIGH_RELIABILITY,0.94,4385.93,4693.32,CARD,4,SUCCESS,,0
TXN_0000970,CUST_00095,HIGH_RELIABILITY,0.94,4385.93,9623.18,UPI,13,SUCCESS,,0
TXN_0000971,CUST_00096,HIGH_RELIABILITY,0.89,13561.02,15554.39,WALLET,13,SUCCESS,,0
TXN_0000972,CUST_00096,HIGH_RELIABILITY,0.89,13561.02,11860.31,CARD,6,SUCCESS,,0
TXN_0000973,CUST_00096,HIGH_RELIABILITY,0.89,13561.02,18561.25,UPI,14,SUCCESS,,0
TXN_0000974,CUST_00096,HIGH_RELIABILITY,0.89,13561.02,16179.32,CARD,10,SUCCESS,,0
TXN_0000975,CUST_00096,HIGH_RELIABILITY,0.89,13561.02,15839.78,NET_BANKING,13,SUCCESS,,0
TXN_0000976,CUST_00097,MEDIUM_RELIABILITY,0.85,6514.46,8095.78,CARD,12,SUCCESS,,0
TXN_0000977,CUST_00097,MEDIUM_RELIABILITY,0.85,6514.46,11873.37,UPI,23,SUCCESS,,0
TXN_0000978,CUST_00097,MEDIUM_RELIABILITY,0.85,6514.46,3567.61,CARD,20,SUCCESS,,0
TXN_0000979,CUST_00097,MEDIUM_RELIABILITY,0.85,6514.46,7748.64,NET_BANKING,16,FAILED,INSUFFICIENT_FUNDS,2
TXN_0000980,CUST_00097,MEDIUM_RELIABILITY,0.85,6514.46,4100.51,NET_BANKING,7,SUCCESS,,0
TXN_0000981,CUST_00098,MEDIUM_RELIABILITY,0.72,3817.49,4665.76,WALLET,1,SUCCESS,,0
TXN_0000982,CUST_00098,MEDIUM_RELIABILITY,0.72,3817.49,2414.66,CARD,20,SUCCESS,,0
TXN_0000983,CUST_00098,MEDIUM_RELIABILITY,0.72,3817.49,3180.17,UPI,14,SUCCESS,,0
TXN_0000984,CUST_00098,MEDIUM_RELIABILITY,0.72,3817.49,3366.89,UPI,9,SUCCESS,,0
TXN_0000985,CUST_00098,MEDIUM_RELIABILITY,0.72,3817.49,5307.56,UPI,19,SUCCESS,,0
TXN_0000986,CUST_00098,MEDIUM_RELIABILITY,0.72,3817.49,5219.97,CARD,4,SUCCESS,,0
TXN_0000987,CUST_00098,MEDIUM_RELIABILITY,0.72,3817.49,1915.28,CARD,2,SUCCESS,,0
TXN_0000988,CUST_00098,MEDIUM_RELIABILITY,0.72,3817.49,3901.37,UPI,18,SUCCESS,,0
TXN_0000989,CUST_00098,MEDIUM_RELIABILITY,0.72,3817.49,2733.96,CARD,4,SUCCESS,,0
TXN_0000990,CUST_00098,MEDIUM_RELIABILITY,0.72,3817.49,1895.76,UPI,0,FAILED,INSUFFICIENT_FUNDS,1
TXN_0000991,CUST_00098,MEDIUM_RELIABILITY,0.72,3817.49,3486.11,UPI,14,FAILED,NETWORK_TIMEOUT,1
TXN_0000992,CUST_00099,HIGH_RELIABILITY,0.96,13559.54,11886.39,CARD,3,SUCCESS,,0
TXN_0000993,CUST_00099,HIGH_RELIABILITY,0.96,13559.54,26721.6,CARD,20,SUCCESS,,0
TXN_0000994,CUST_00099,HIGH_RELIABILITY,0.96,13559.54,15907.83,CARD,12,SUCCESS,,0
TXN_0000995,CUST_00099,HIGH_RELIABILITY,0.96,13559.54,6087.6,WALLET,19,SUCCESS,,0
TXN_0000996,CUST_00099,HIGH_RELIABILITY,0.96,13559.54,10496.31,UPI,12,SUCCESS,,0
TXN_0000997,CUST_00099,HIGH_RELIABILITY,0.96,13559.54,19099.34,UPI,10,SUCCESS,,0
TXN_0000998,CUST_00099,HIGH_RELIABILITY,0.96,13559.54,24886.87,CARD,4,SUCCESS,,0
TXN_0000999,CUST_00100,HIGH_RELIABILITY,0.98,11918.26,4357.4,UPI,22,SUCCESS,,0
TXN_0001000,CUST_00100,HIGH_RELIABILITY,0.98,11918.26,2956.09,UPI,23,SUCCESS,,0
TXN_0001001,CUST_00100,HIGH_RELIABILITY,0.98,11918.26,20837.72,UPI,20,SUCCESS,,0
TXN_0001002,CUST_00100,HIGH_RELIABILITY,0.98,11918.26,13775.67,NET_BANKING,6,FAILED,AUTHENTICATION_FAILURE,0
TXN_0001003,CUST_00100,HIGH_RELIABILITY,0.98,11918.26,7778.84,CARD,15,SUCCESS,,0
TXN_0001004,CUST_00100,HIGH_RELIABILITY,0.98,11918.26,14467.0,UPI,15,SUCCESS,,0
TXN_0001005,CUST_00100,HIGH_RELIABILITY,0.98,11918.26,100.0,CARD,15,SUCCESS,,0
TXN_0001006,CUST_00101,LOW_RELIABILITY,0.54,772.15,773.19,UPI,19,FAILED,USER_ABANDONMENT,0
TXN_0001007,CUST_00101,LOW_RELIABILITY,0.54,772.15,873.4,CARD,6,FAILED,TEMPORARY_BANK_ERROR,1
TXN_0001008,CUST_00101,LOW_RELIABILITY,0.54,772.15,1057.62,UPI,1,SUCCESS,,0
TXN_0001009,CUST_00101,LOW_RELIABILITY,0.54,772.15,459.0,NET_BANKING,9,FAILED,TEMPORARY_BANK_ERROR,0
TXN_0001010,CUST_00101,LOW_RELIABILITY,0.54,772.15,798.62,WALLET,5,SUCCESS,,0
TXN_0001011,CUST_00101,LOW_RELIABILITY,0.54,772.15,486.32,CARD,22,SUCCESS,,0
TXN_0001012,CUST_00101,LOW_RELIABILITY,0.54,772.15,851.03,CARD,17,FAILED,INSUFFICIENT_FUNDS,0
TXN_0001013,CUST_00101,LOW_RELIABILITY,0.54,772.15,495.61,WALLET,2,SUCCESS,,0
TXN_0001014,CUST_00101,LOW_RELIABILITY,0.54,772.15,646.1,UPI,12,SUCCESS,,0
TXN_0001015,CUST_00101,LOW_RELIABILITY,0.54,772.15,464.58,NET_BANKING,17,FAILED,INSUFFICIENT_FUNDS,0
TXN_0001016,CUST_00101,LOW_RELIABILITY,0.54,772.15,973.26,NET_BANKING,10,SUCCESS,,0
TXN_0001017,CUST_00101,LOW_RELIABILITY,0.54,772.15,1037.29,CARD,22,FAILED,TEMPORARY_BANK_ERROR,0
TXN_0001018,CUST_00102,HIGH_RELIABILITY,0.9,13579.76,12305.32,CARD,2,SUCCESS,,0
TXN_0001019,CUST_00102,HIGH_RELIABILITY,0.9,13579.76,13787.47,CARD,22,SUCCESS,,0
TXN_0001020,CUST_00102,HIGH_RELIABILITY,0.9,13579.76,5711.15,CARD,10,SUCCESS,,0
TXN_0001021,CUST_00102,HIGH_RELIABILITY,0.9,13579.76,11951.95,CARD,19,SUCCESS,,0
TXN_0001022,CUST_00102,HIGH_RELIABILITY,0.9,13579.76,13307.05,UPI,18,SUCCESS,,0
TXN_0001023,CUST_00102,HIGH_RELIABILITY,0.9,13579.76,27815.66,CARD,15,SUCCESS,,0
TXN_0001024,CUST_00102,HIGH_RELIABILITY,0.9,13579.76,7539.66,UPI,19,SUCCESS,,0
TXN_0001025,CUST_00102,HIGH_RELIABILITY,0.9,13579.76,21533.03,UPI,6,FAILED,TEMPORARY_BANK_ERROR,1
TXN_0001026,CUST_00102,HIGH_RELIABILITY,0.9,13579.76,18994.6,UPI,6,SUCCESS,,0
TXN_0001027,CUST_00102,HIGH_RELIABILITY,0.9,13579.76,15104.15,WALLET,13,FAILED,NETWORK_TIMEOUT,1
TXN_0001028,CUST_00102,HIGH_RELIABILITY,0.9,13579.76,23132.42,UPI,20,SUCCESS,,0
TXN_0001029,CUST_00102,HIGH_RELIABILITY,0.9,13579.76,15601.0,UPI,2,SUCCESS,,0
TXN_0001030,CUST_00102,HIGH_RELIABILITY,0.9,13579.76,15693.64,CARD,10,SUCCESS,,0
TXN_0001031,CUST_00102,HIGH_RELIABILITY,0.9,13579.76,13291.21,UPI,10,SUCCESS,,0
TXN_0001032,CUST_00102,HIGH_RELIABILITY,0.9,13579.76,20226.07,CARD,19,SUCCESS,,0
TXN_0001033,CUST_00103,HIGH_RELIABILITY,0.95,1128.76,1623.82,UPI,10,SUCCESS,,0
TXN_0001034,CUST_00103,HIGH_RELIABILITY,0.95,1128.76,846.26,CARD,15,SUCCESS,,0
TXN_0001035,CUST_00103,HIGH_RELIABILITY,0.95,1128.76,533.11,CARD,15,SUCCESS,,0
TXN_0001036,CUST_00103,HIGH_RELIABILITY,0.95,1128.76,1037.11,CARD,17,SUCCESS,,0
TXN_0001037,CUST_00103,HIGH_RELIABILITY,0.95,1128.76,767.54,CARD,13,SUCCESS,,0
TXN_0001038,CUST_00103,HIGH_RELIABILITY,0.95,1128.76,1100.08,UPI,16,SUCCESS,,0
TXN_0001039,CUST_00103,HIGH_RELIABILITY,0.95,1128.76,1687.47,CARD,10,SUCCESS,,0
TXN_0001040,CUST_00104,HIGH_RELIABILITY,0.89,10289.02,8406.95,UPI,21,SUCCESS,,0
TXN_0001041,CUST_00104,HIGH_RELIABILITY,0.89,10289.02,10112.78,WALLET,11,FAILED,TEMPORARY_BANK_ERROR,1
TXN_0001042,CUST_00104,HIGH_RELIABILITY,0.89,10289.02,10527.82,UPI,12,SUCCESS,,0
TXN_0001043,CUST_00104,HIGH_RELIABILITY,0.89,10289.02,13780.83,NET_BANKING,18,SUCCESS,,0
TXN_0001044,CUST_00104,HIGH_RELIABILITY,0.89,10289.02,1041.7,UPI,3,SUCCESS,,0
TXN_0001045,CUST_00105,MEDIUM_RELIABILITY,0.65,2027.68,1535.6,CARD,10,SUCCESS,,0
TXN_0001046,CUST_00105,MEDIUM_RELIABILITY,0.65,2027.68,2199.05,UPI,2,SUCCESS,,0
TXN_0001047,CUST_00105,MEDIUM_RELIABILITY,0.65,2027.68,3001.03,UPI,14,SUCCESS,,0
TXN_0001048,CUST_00105,MEDIUM_RELIABILITY,0.65,2027.68,1628.71,UPI,16,FAILED,TEMPORARY_BANK_ERROR,1
TXN_0001049,CUST_00105,MEDIUM_RELIABILITY,0.65,2027.68,505.66,NET_BANKING,2,SUCCESS,,0
TXN_0001050,CUST_00105,MEDIUM_RELIABILITY,0.65,2027.68,2530.31,UPI,15,SUCCESS,,0
TXN_0001051,CUST_00105,MEDIUM_RELIABILITY,0.65,2027.68,1512.36,UPI,10,SUCCESS,,0
TXN_0001052,CUST_00105,MEDIUM_RELIABILITY,0.65,2027.68,1062.77,CARD,16,FAILED,NETWORK_TIMEOUT,1
TXN_0001053,CUST_00105,MEDIUM_RELIABILITY,0.65,2027.68,1521.29,UPI,16,SUCCESS,,0
TXN_0001054,CUST_00106,MEDIUM_RELIABILITY,0.77,7073.0,6550.94,UPI,1,SUCCESS,,0
TXN_0001055,CUST_00106,MEDIUM_RELIABILITY,0.77,7073.0,5362.06,CARD,16,FAILED,NETWORK_TIMEOUT,0
TXN_0001056,CUST_00106,MEDIUM_RELIABILITY,0.77,7073.0,833.01,NET_BANKING,2,SUCCESS,,0
TXN_0001057,CUST_00106,MEDIUM_RELIABILITY,0.77,7073.0,9610.98,NET_BANKING,3,SUCCESS,,0
TXN_0001058,CUST_00106,MEDIUM_RELIABILITY,0.77,7073.0,10679.88,CARD,9,FAILED,AUTHENTICATION_FAILURE,1
TXN_0001059,CUST_00106,MEDIUM_RELIABILITY,0.77,7073.0,8916.29,UPI,6,FAILED,NETWORK_TIMEOUT,0
TXN_0001060,CUST_00106,MEDIUM_RELIABILITY,0.77,7073.0,3854.26,UPI,3,SUCCESS,,0
TXN_0001061,CUST_00107,MEDIUM_RELIABILITY,0.79,2630.56,2418.55,UPI,0,SUCCESS,,0
TXN_0001062,CUST_00107,MEDIUM_RELIABILITY,0.79,2630.56,2623.7,CARD,3,FAILED,NETWORK_TIMEOUT,0
TXN_0001063,CUST_00107,MEDIUM_RELIABILITY,0.79,2630.56,3260.63,UPI,22,SUCCESS,,0
TXN_0001064,CUST_00107,MEDIUM_RELIABILITY,0.79,2630.56,3333.8,CARD,5,FAILED,INSUFFICIENT_FUNDS,0
TXN_0001065,CUST_00107,MEDIUM_RELIABILITY,0.79,2630.56,1858.04,UPI,4,FAILED,TECHNICAL_ERROR,0
TXN_0001066,CUST_00107,MEDIUM_RELIABILITY,0.79,2630.56,2716.84,UPI,2,SUCCESS,,0
TXN_0001067,CUST_00107,MEDIUM_RELIABILITY,0.79,2630.56,3111.72,UPI,19,SUCCESS,,0
TXN_0001068,CUST_00108,HIGH_RELIABILITY,0.96,4321.49,6838.02,NET_BANKING,22,SUCCESS,,0
TXN_0001069,CUST_00108,HIGH_RELIABILITY,0.96,4321.49,5539.3,UPI,10,SUCCESS,,0
TXN_0001070,CUST_00108,HIGH_RELIABILITY,0.96,4321.49,5685.45,CARD,21,SUCCESS,,0
TXN_0001071,CUST_00108,HIGH_RELIABILITY,0.96,4321.49,4466.39,UPI,14,SUCCESS,,0
TXN_0001072,CUST_00108,HIGH_RELIABILITY,0.96,4321.49,6759.6,UPI,22,SUCCESS,,0
TXN_0001073,CUST_00108,HIGH_RELIABILITY,0.96,4321.49,5029.8,CARD,21,SUCCESS,,0
TXN_0001074,CUST_00108,HIGH_RELIABILITY,0.96,4321.49,2833.02,NET_BANKING,15,SUCCESS,,0
TXN_0001075,CUST_00108,HIGH_RELIABILITY,0.96,4321.49,6747.35,UPI,19,SUCCESS,,0
TXN_0001076,CUST_00108,HIGH_RELIABILITY,0.96,4321.49,5527.88,UPI,5,SUCCESS,,0
TXN_0001077,CUST_00108,HIGH_RELIABILITY,0.96,4321.49,3555.65,CARD,10,SUCCESS,,0
TXN_0001078,CUST_00108,HIGH_RELIABILITY,0.96,4321.49,3492.64,UPI,15,SUCCESS,,0
TXN_0001079,CUST_00108,HIGH_RELIABILITY,0.96,4321.49,4834.15,CARD,5,SUCCESS,,0
TXN_0001080,CUST_00108,HIGH_RELIABILITY,0.96,4321.49,5122.15,UPI,18,SUCCESS,,0
TXN_0001081,CUST_00108,HIGH_RELIABILITY,0.96,4321.49,4662.53,UPI,22,SUCCESS,,0
TXN_0001082,CUST_00108,HIGH_RELIABILITY,0.96,4321.49,4859.62,UPI,20,SUCCESS,,0
TXN_0001083,CUST_00109,MEDIUM_RELIABILITY,0.72,7591.67,12753.88,CARD,12,SUCCESS,,0
TXN_0001084,CUST_00109,MEDIUM_RELIABILITY,0.72,7591.67,10845.59,UPI,7,SUCCESS,,0
TXN_0001085,CUST_00109,MEDIUM_RELIABILITY,0.72,7591.67,8170.57,WALLET,12,FAILED,TEMPORARY_BANK_ERROR,1
TXN_0001086,CUST_00109,MEDIUM_RELIABILITY,0.72,7591.67,10450.12,UPI,13,SUCCESS,,0
TXN_0001087,CUST_00109,MEDIUM_RELIABILITY,0.72,7591.67,4456.24,UPI,22,FAILED,AUTHENTICATION_FAILURE,0
TXN_0001088,CUST_00109,MEDIUM_RELIABILITY,0.72,7591.67,8800.04,WALLET,18,SUCCESS,,0
TXN_0001089,CUST_00109,MEDIUM_RELIABILITY,0.72,7591.67,13085.93,UPI,19,SUCCESS,,0
TXN_0001090,CUST_00109,MEDIUM_RELIABILITY,0.72,7591.67,6929.54,CARD,14,FAILED,TECHNICAL_ERROR,0
TXN_0001091,CUST_00109,MEDIUM_RELIABILITY,0.72,7591.67,5017.69,UPI,19,SUCCESS,,0
TXN_0001092,CUST_00110,MEDIUM_RELIABILITY,0.79,8567.62,6332.88,UPI,20,SUCCESS,,0
TXN_0001093,CUST_00110,MEDIUM_RELIABILITY,0.79,8567.62,4833.4,UPI,4,SUCCESS,,0
TXN_0001094,CUST_00110,MEDIUM_RELIABILITY,0.79,8567.62,5878.2,WALLET,20,SUCCESS,,0
TXN_0001095,CUST_00110,MEDIUM_RELIABILITY,0.79,8567.62,7297.87,NET_BANKING,21,FAILED,INSUFFICIENT_FUNDS,0
TXN_0001096,CUST_00110,MEDIUM_RELIABILITY,0.79,8567.62,3750.67,CARD,6,FAILED,USER_ABANDONMENT,0
TXN_0001097,CUST_00110,MEDIUM_RELIABILITY,0.79,8567.62,8621.14,NET_BANKING,21,SUCCESS,,0
TXN_0001098,CUST_00110,MEDIUM_RELIABILITY,0.79,8567.62,11659.77,WALLET,13,SUCCESS,,0
TXN_0001099,CUST_00110,MEDIUM_RELIABILITY,0.79,8567.62,5456.7,WALLET,2,SUCCESS,,0
TXN_0001100,CUST_00110,MEDIUM_RELIABILITY,0.79,8567.62,13774.28,CARD,16,SUCCESS,,0
TXN_0001101,CUST_00110,MEDIUM_RELIABILITY,0.79,8567.62,10318.13,UPI,9,FAILED,TECHNICAL_ERROR,3
TXN_0001102,CUST_00110,MEDIUM_RELIABILITY,0.79,8567.62,12099.47,UPI,17,SUCCESS,,0
TXN_0001103,CUST_00111,LOW_RELIABILITY,0.54,4064.5,2994.99,UPI,9,SUCCESS,,0
TXN_0001104,CUST_00111,LOW_RELIABILITY,0.54,4064.5,5453.79,UPI,22,SUCCESS,,0
TXN_0001105,CUST_00111,LOW_RELIABILITY,0.54,4064.5,2289.23,CARD,22,FAILED,NETWORK_TIMEOUT,0
TXN_0001106,CUST_00111,LOW_RELIABILITY,0.54,4064.5,5511.86,CARD,15,FAILED,INSUFFICIENT_FUNDS,1
TXN_0001107,CUST_00111,LOW_RELIABILITY,0.54,4064.5,4343.88,UPI,13,FAILED,TECHNICAL_ERROR,1
TXN_0001108,CUST_00111,LOW_RELIABILITY,0.54,4064.5,4963.98,UPI,2,SUCCESS,,0
TXN_0001109,CUST_00111,LOW_RELIABILITY,0.54,4064.5,2153.22,UPI,15,SUCCESS,,0
TXN_0001110,CUST_00111,LOW_RELIABILITY,0.54,4064.5,2609.3,WALLET,4,FAILED,INSUFFICIENT_FUNDS,0
TXN_0001111,CUST_00111,LOW_RELIABILITY,0.54,4064.5,5035.47,CARD,22,SUCCESS,,0
TXN_0001112,CUST_00111,LOW_RELIABILITY,0.54,4064.5,2522.68,UPI,5,FAILED,NETWORK_TIMEOUT,1
TXN_0001113,CUST_00112,MEDIUM_RELIABILITY,0.67,3993.3,4733.19,UPI,5,SUCCESS,,0
TXN_0001114,CUST_00112,MEDIUM_RELIABILITY,0.67,3993.3,1809.54,UPI,15,SUCCESS,,0
TXN_0001115,CUST_00112,MEDIUM_RELIABILITY,0.67,3993.3,5348.11,UPI,16,FAILED,TECHNICAL_ERROR,0
TXN_0001116,CUST_00112,MEDIUM_RELIABILITY,0.67,3993.3,2024.57,UPI,1,SUCCESS,,0
TXN_0001117,CUST_00112,MEDIUM_RELIABILITY,0.67,3993.3,4875.5,CARD,3,SUCCESS,,0
TXN_0001118,CUST_00112,MEDIUM_RELIABILITY,0.67,3993.3,4992.63,WALLET,2,FAILED,AUTHENTICATION_FAILURE,3
TXN_0001119,CUST_00112,MEDIUM_RELIABILITY,0.67,3993.3,2880.33,WALLET,8,SUCCESS,,0
TXN_0001120,CUST_00112,MEDIUM_RELIABILITY,0.67,3993.3,4922.98,UPI,19,FAILED,NETWORK_TIMEOUT,1
TXN_0001121,CUST_00112,MEDIUM_RELIABILITY,0.67,3993.3,4409.31,WALLET,2,SUCCESS,,0
TXN_0001122,CUST_00112,MEDIUM_RELIABILITY,0.67,3993.3,3132.6,CARD,18,FAILED,TEMPORARY_BANK_ERROR,0
TXN_0001123,CUST_00112,MEDIUM_RELIABILITY,0.67,3993.3,2382.32,NET_BANKING,15,SUCCESS,,0
TXN_0001124,CUST_00113,HIGH_RELIABILITY,0.91,4415.86,949.19,CARD,10,SUCCESS,,0
TXN_0001125,CUST_00113,HIGH_RELIABILITY,0.91,4415.86,5033.46,WALLET,9,SUCCESS,,0
TXN_0001126,CUST_00113,HIGH_RELIABILITY,0.91,4415.86,1651.88,UPI,19,SUCCESS,,0
TXN_0001127,CUST_00113,HIGH_RELIABILITY,0.91,4415.86,4584.27,CARD,18,SUCCESS,,0
TXN_0001128,CUST_00113,HIGH_RELIABILITY,0.91,4415.86,3950.52,CARD,18,SUCCESS,,0
TXN_0001129,CUST_00113,HIGH_RELIABILITY,0.91,4415.86,5615.46,UPI,9,SUCCESS,,0
TXN_0001130,CUST_00113,HIGH_RELIABILITY,0.91,4415.86,3882.34,CARD,9,SUCCESS,,0
TXN_0001131,CUST_00113,HIGH_RELIABILITY,0.91,4415.86,3833.94,UPI,2,SUCCESS,,0
TXN_0001132,CUST_00113,HIGH_RELIABILITY,0.91,4415.86,5708.6,UPI,4,SUCCESS,,0
TXN_0001133,CUST_00113,HIGH_RELIABILITY,0.91,4415.86,5007.69,UPI,8,FAILED,TEMPORARY_BANK_ERROR,0
TXN_0001134,CUST_00113,HIGH_RELIABILITY,0.91,4415.86,4974.3,CARD,4,SUCCESS,,0
TXN_0001135,CUST_00113,HIGH_RELIABILITY,0.91,4415.86,5244.75,UPI,5,SUCCESS,,0
TXN_0001136,CUST_00114,MEDIUM_RELIABILITY,0.86,4234.43,1633.52,CARD,16,SUCCESS,,0
TXN_0001137,CUST_00114,MEDIUM_RELIABILITY,0.86,4234.43,5516.26,UPI,2,SUCCESS,,0
TXN_0001138,CUST_00114,MEDIUM_RELIABILITY,0.86,4234.43,5271.81,CARD,4,SUCCESS,,0
TXN_0001139,CUST_00114,MEDIUM_RELIABILITY,0.86,4234.43,2512.4,NET_BANKING,13,SUCCESS,,0
TXN_0001140,CUST_00114,MEDIUM_RELIABILITY,0.86,4234.43,3821.01,UPI,14,SUCCESS,,0
TXN_0001141,CUST_00114,MEDIUM_RELIABILITY,0.86,4234.43,4167.85,UPI,18,SUCCESS,,0
TXN_0001142,CUST_00114,MEDIUM_RELIABILITY,0.86,4234.43,4006.62,UPI,20,SUCCESS,,0
TXN_0001143,CUST_00114,MEDIUM_RELIABILITY,0.86,4234.43,4799.91,NET_BANKING,1,SUCCESS,,0
TXN_0001144,CUST_00115,HIGH_RELIABILITY,0.98,9835.94,15467.48,CARD,15,SUCCESS,,0
TXN_0001145,CUST_00115,HIGH_RELIABILITY,0.98,9835.94,14092.02,NET_BANKING,17,SUCCESS,,0
TXN_0001146,CUST_00115,HIGH_RELIABILITY,0.98,9835.94,4673.18,CARD,12,SUCCESS,,0
TXN_0001147,CUST_00115,HIGH_RELIABILITY,0.98,9835.94,12283.4,UPI,13,FAILED,TECHNICAL_ERROR,0
TXN_0001148,CUST_00115,HIGH_RELIABILITY,0.98,9835.94,15064.46,CARD,16,SUCCESS,,0
TXN_0001149,CUST_00115,HIGH_RELIABILITY,0.98,9835.94,11357.79,UPI,17,SUCCESS,,0
TXN_0001150,CUST_00115,HIGH_RELIABILITY,0.98,9835.94,14128.27,WALLET,13,SUCCESS,,0
TXN_0001151,CUST_00115,HIGH_RELIABILITY,0.98,9835.94,17752.97,CARD,8,SUCCESS,,0
TXN_0001152,CUST_00115,HIGH_RELIABILITY,0.98,9835.94,13863.6,UPI,3,SUCCESS,,0
TXN_0001153,CUST_00115,HIGH_RELIABILITY,0.98,9835.94,10816.81,CARD,14,SUCCESS,,0
TXN_0001154,CUST_00115,HIGH_RELIABILITY,0.98,9835.94,13947.71,CARD,23,SUCCESS,,0
TXN_0001155,CUST_00116,MEDIUM_RELIABILITY,0.82,5275.05,5580.77,CARD,21,SUCCESS,,0
TXN_0001156,CUST_00116,MEDIUM_RELIABILITY,0.82,5275.05,5325.49,UPI,17,FAILED,TEMPORARY_BANK_ERROR,0
TXN_0001157,CUST_00116,MEDIUM_RELIABILITY,0.82,5275.05,4533.56,UPI,16,FAILED,NETWORK_TIMEOUT,0
TXN_0001158,CUST_00116,MEDIUM_RELIABILITY,0.82,5275.05,8573.88,UPI,6,FAILED,INSUFFICIENT_FUNDS,0
TXN_0001159,CUST_00116,MEDIUM_RELIABILITY,0.82,5275.05,3548.15,CARD,6,SUCCESS,,0
TXN_0001160,CUST_00116,MEDIUM_RELIABILITY,0.82,5275.05,8508.38,CARD,22,SUCCESS,,0
TXN_0001161,CUST_00116,MEDIUM_RELIABILITY,0.82,5275.05,6329.77,UPI,19,FAILED,AUTHENTICATION_FAILURE,2
TXN_0001162,CUST_00116,MEDIUM_RELIABILITY,0.82,5275.05,2322.49,CARD,5,SUCCESS,,0
TXN_0001163,CUST_00117,MEDIUM_RELIABILITY,0.78,5178.92,5940.53,UPI,14,SUCCESS,,0
TXN_0001164,CUST_00117,MEDIUM_RELIABILITY,0.78,5178.92,828.57,UPI,14,SUCCESS,,0
TXN_0001165,CUST_00117,MEDIUM_RELIABILITY,0.78,5178.92,6474.7,UPI,13,SUCCESS,,0
TXN_0001166,CUST_00117,MEDIUM_RELIABILITY,0.78,5178.92,7012.74,CARD,10,SUCCESS,,0
TXN_0001167,CUST_00117,MEDIUM_RELIABILITY,0.78,5178.92,3951.81,NET_BANKING,8,SUCCESS,,0
TXN_0001168,CUST_00117,MEDIUM_RELIABILITY,0.78,5178.92,5434.86,UPI,10,SUCCESS,,0
TXN_0001169,CUST_00117,MEDIUM_RELIABILITY,0.78,5178.92,9227.09,UPI,8,FAILED,TEMPORARY_BANK_ERROR,3
TXN_0001170,CUST_00118,MEDIUM_RELIABILITY,0.69,7363.3,5873.71,CARD,5,SUCCESS,,0
TXN_0001171,CUST_00118,MEDIUM_RELIABILITY,0.69,7363.3,4244.48,UPI,17,SUCCESS,,0
TXN_0001172,CUST_00118,MEDIUM_RELIABILITY,0.69,7363.3,11727.27,UPI,20,FAILED,NETWORK_TIMEOUT,0
TXN_0001173,CUST_00118,MEDIUM_RELIABILITY,0.69,7363.3,13143.75,UPI,2,SUCCESS,,0
TXN_0001174,CUST_00118,MEDIUM_RELIABILITY,0.69,7363.3,7374.18,UPI,14,FAILED,NETWORK_TIMEOUT,1
TXN_0001175,CUST_00118,MEDIUM_RELIABILITY,0.69,7363.3,10342.38,UPI,1,SUCCESS,,0
TXN_0001176,CUST_00118,MEDIUM_RELIABILITY,0.69,7363.3,11314.38,UPI,22,SUCCESS,,0
TXN_0001177,CUST_00118,MEDIUM_RELIABILITY,0.69,7363.3,5176.45,UPI,0,SUCCESS,,0
TXN_0001178,CUST_00119,MEDIUM_RELIABILITY,0.71,731.0,589.1,CARD,12,SUCCESS,,0
TXN_0001179,CUST_00119,MEDIUM_RELIABILITY,0.71,731.0,1090.91,NET_BANKING,2,SUCCESS,,0
TXN_0001180,CUST_00119,MEDIUM_RELIABILITY,0.71,731.0,1223.7,UPI,22,SUCCESS,,0
TXN_0001181,CUST_00119,MEDIUM_RELIABILITY,0.71,731.0,895.59,CARD,18,SUCCESS,,0
TXN_0001182,CUST_00119,MEDIUM_RELIABILITY,0.71,731.0,473.74,WALLET,10,SUCCESS,,0
TXN_0001183,CUST_00119,MEDIUM_RELIABILITY,0.71,731.0,1312.02,UPI,20,SUCCESS,,0
TXN_0001184,CUST_00119,MEDIUM_RELIABILITY,0.71,731.0,575.74,CARD,11,SUCCESS,,0
TXN_0001185,CUST_00119,MEDIUM_RELIABILITY,0.71,731.0,633.01,WALLET,2,SUCCESS,,0
TXN_0001186,CUST_00119,MEDIUM_RELIABILITY,0.71,731.0,831.1,NET_BANKING,9,SUCCESS,,0
TXN_0001187,CUST_00119,MEDIUM_RELIABILITY,0.71,731.0,1185.44,UPI,1,SUCCESS,,0
TXN_0001188,CUST_00119,MEDIUM_RELIABILITY,0.71,731.0,980.7,CARD,9,SUCCESS,,0
TXN_0001189,CUST_00119,MEDIUM_RELIABILITY,0.71,731.0,852.31,NET_BANKING,20,SUCCESS,,0
TXN_0001190,CUST_00120,HIGH_RELIABILITY,0.95,3479.55,4124.36,UPI,20,SUCCESS,,0
TXN_0001191,CUST_00120,HIGH_RELIABILITY,0.95,3479.55,3540.11,UPI,1,SUCCESS,,0
TXN_0001192,CUST_00120,HIGH_RELIABILITY,0.95,3479.55,4256.38,CARD,18,SUCCESS,,0
TXN_0001193,CUST_00120,HIGH_RELIABILITY,0.95,3479.55,100.0,UPI,17,SUCCESS,,0
TXN_0001194,CUST_00120,HIGH_RELIABILITY,0.95,3479.55,3066.73,CARD,14,SUCCESS,,0
TXN_0001195,CUST_00120,HIGH_RELIABILITY,0.95,3479.55,3815.43,UPI,10,SUCCESS,,0
TXN_0001196,CUST_00120,HIGH_RELIABILITY,0.95,3479.55,1877.55,NET_BANKING,1,SUCCESS,,0
TXN_0001197,CUST_00120,HIGH_RELIABILITY,0.95,3479.55,4017.24,UPI,20,SUCCESS,,0
TXN_0001198,CUST_00120,HIGH_RELIABILITY,0.95,3479.55,3194.96,CARD,21,SUCCESS,,0
TXN_0001199,CUST_00120,HIGH_RELIABILITY,0.95,3479.55,5922.86,CARD,23,SUCCESS,,0
TXN_0001200,CUST_00120,HIGH_RELIABILITY,0.95,3479.55,5668.91,WALLET,1,SUCCESS,,0
TXN_0001201,CUST_00120,HIGH_RELIABILITY,0.95,3479.55,2831.23,CARD,0,SUCCESS,,0
TXN_0001202,CUST_00121,LOW_RELIABILITY,0.62,6686.71,6283.27,UPI,22,SUCCESS,,0
TXN_0001203,CUST_00121,LOW_RELIABILITY,0.62,6686.71,6488.92,UPI,20,FAILED,NETWORK_TIMEOUT,1
TXN_0001204,CUST_00121,LOW_RELIABILITY,0.62,6686.71,5478.66,CARD,5,SUCCESS,,0
TXN_0001205,CUST_00121,LOW_RELIABILITY,0.62,6686.71,7208.34,UPI,3,FAILED,INSUFFICIENT_FUNDS,1
TXN_0001206,CUST_00121,LOW_RELIABILITY,0.62,6686.71,4658.55,UPI,6,SUCCESS,,0
TXN_0001207,CUST_00121,LOW_RELIABILITY,0.62,6686.71,3662.67,NET_BANKING,23,SUCCESS,,0
TXN_0001208,CUST_00121,LOW_RELIABILITY,0.62,6686.71,8352.27,UPI,21,SUCCESS,,0
TXN_0001209,CUST_00121,LOW_RELIABILITY,0.62,6686.71,8370.5,UPI,6,SUCCESS,,0
TXN_0001210,CUST_00121,LOW_RELIABILITY,0.62,6686.71,4535.42,CARD,10,FAILED,NETWORK_TIMEOUT,1
TXN_0001211,CUST_00121,LOW_RELIABILITY,0.62,6686.71,9081.5,UPI,11,SUCCESS,,0
TXN_0001212,CUST_00121,LOW_RELIABILITY,0.62,6686.71,4997.44,UPI,18,FAILED,TEMPORARY_BANK_ERROR,1
TXN_0001213,CUST_00121,LOW_RELIABILITY,0.62,6686.71,7363.85,CARD,5,FAILED,INSUFFICIENT_FUNDS,0
TXN_0001214,CUST_00121,LOW_RELIABILITY,0.62,6686.71,8880.87,UPI,2,SUCCESS,,0
TXN_0001215,CUST_00121,LOW_RELIABILITY,0.62,6686.71,6596.81,CARD,9,SUCCESS,,0
TXN_0001216,CUST_00122,LOW_RELIABILITY,0.62,2717.08,3211.31,CARD,6,FAILED,NETWORK_TIMEOUT,0
TXN_0001217,CUST_00122,LOW_RELIABILITY,0.62,2717.08,2155.81,UPI,5,SUCCESS,,0
TXN_0001218,CUST_00122,LOW_RELIABILITY,0.62,2717.08,2503.55,UPI,5,SUCCESS,,0
TXN_0001219,CUST_00122,LOW_RELIABILITY,0.62,2717.08,2493.35,CARD,2,SUCCESS,,0
TXN_0001220,CUST_00122,LOW_RELIABILITY,0.62,2717.08,1905.67,NET_BANKING,11,SUCCESS,,0
TXN_0001221,CUST_00122,LOW_RELIABILITY,0.62,2717.08,2524.96,CARD,6,FAILED,INSUFFICIENT_FUNDS,0
TXN_0001222,CUST_00122,LOW_RELIABILITY,0.62,2717.08,1033.99,UPI,17,SUCCESS,,0
TXN_0001223,CUST_00122,LOW_RELIABILITY,0.62,2717.08,2183.28,CARD,20,SUCCESS,,0
TXN_0001224,CUST_00122,LOW_RELIABILITY,0.62,2717.08,2407.47,UPI,6,FAILED,TEMPORARY_BANK_ERROR,1
TXN_0001225,CUST_00122,LOW_RELIABILITY,0.62,2717.08,2438.66,WALLET,15,FAILED,AUTHENTICATION_FAILURE,0
TXN_0001226,CUST_00122,LOW_RELIABILITY,0.62,2717.08,2454.61,CARD,9,FAILED,NETWORK_TIMEOUT,1
TXN_0001227,CUST_00122,LOW_RELIABILITY,0.62,2717.08,2649.95,NET_BANKING,14,FAILED,AUTHENTICATION_FAILURE,2
TXN_0001228,CUST_00123,HIGH_RELIABILITY,0.88,13996.46,16680.65,UPI,0,SUCCESS,,0
TXN_0001229,CUST_00123,HIGH_RELIABILITY,0.88,13996.46,18892.52,UPI,7,SUCCESS,,0
TXN_0001230,CUST_00123,HIGH_RELIABILITY,0.88,13996.46,10358.69,CARD,10,SUCCESS,,0
TXN_0001231,CUST_00123,HIGH_RELIABILITY,0.88,13996.46,7260.24,CARD,10,SUCCESS,,0
TXN_0001232,CUST_00123,HIGH_RELIABILITY,0.88,13996.46,8162.49,UPI,7,FAILED,AUTHENTICATION_FAILURE,2
TXN_0001233,CUST_00123,HIGH_RELIABILITY,0.88,13996.46,11268.81,UPI,7,FAILED,INSUFFICIENT_FUNDS,0
TXN_0001234,CUST_00123,HIGH_RELIABILITY,0.88,13996.46,12026.2,UPI,6,SUCCESS,,0
TXN_0001235,CUST_00124,MEDIUM_RELIABILITY,0.74,9683.22,6700.8,UPI,11,FAILED,AUTHENTICATION_FAILURE,1
TXN_0001236,CUST_00124,MEDIUM_RELIABILITY,0.74,9683.22,4662.99,WALLET,6,SUCCESS,,0
TXN_0001237,CUST_00124,MEDIUM_RELIABILITY,0.74,9683.22,7916.53,UPI,18,FAILED,TEMPORARY_BANK_ERROR,2
TXN_0001238,CUST_00124,MEDIUM_RELIABILITY,0.74,9683.22,10385.94,CARD,5,SUCCESS,,0
TXN_0001239,CUST_00124,MEDIUM_RELIABILITY,0.74,9683.22,11987.94,UPI,9,SUCCESS,,0
TXN_0001240,CUST_00124,MEDIUM_RELIABILITY,0.74,9683.22,7524.16,NET_BANKING,20,SUCCESS,,0
TXN_0001241,CUST_00124,MEDIUM_RELIABILITY,0.74,9683.22,8083.56,WALLET,18,SUCCESS,,0
TXN_0001242,CUST_00124,MEDIUM_RELIABILITY,0.74,9683.22,6093.85,NET_BANKING,2,SUCCESS,,0
TXN_0001243,CUST_00124,MEDIUM_RELIABILITY,0.74,9683.22,9561.45,CARD,6,SUCCESS,,0
TXN_0001244,CUST_00124,MEDIUM_RELIABILITY,0.74,9683.22,6397.01,NET_BANKING,8,FAILED,NETWORK_TIMEOUT,2
TXN_0001245,CUST_00124,MEDIUM_RELIABILITY,0.74,9683.22,11903.11,UPI,13,SUCCESS,,0
TXN_0001246,CUST_00124,MEDIUM_RELIABILITY,0.74,9683.22,2766.04,NET_BANKING,18,SUCCESS,,0
TXN_0001247,CUST_00125,LOW_RELIABILITY,0.63,6000.46,5137.28,NET_BANKING,13,SUCCESS,,0
TXN_0001248,CUST_00125,LOW_RELIABILITY,0.63,6000.46,6723.17,UPI,15,SUCCESS,,0
TXN_0001249,CUST_00125,LOW_RELIABILITY,0.63,6000.46,6441.7,CARD,13,SUCCESS,,0
TXN_0001250,CUST_00125,LOW_RELIABILITY,0.63,6000.46,12464.24,CARD,22,SUCCESS,,0
TXN_0001251,CUST_00125,LOW_RELIABILITY,0.63,6000.46,6840.04,CARD,7,FAILED,AUTHENTICATION_FAILURE,1
TXN_0001252,CUST_00125,LOW_RELIABILITY,0.63,6000.46,3590.54,UPI,6,FAILED,NETWORK_TIMEOUT,1
TXN_0001253,CUST_00125,LOW_RELIABILITY,0.63,6000.46,5771.33,UPI,15,SUCCESS,,0
TXN_0001254,CUST_00125,LOW_RELIABILITY,0.63,6000.46,1737.14,UPI,14,SUCCESS,,0
TXN_0001255,CUST_00125,LOW_RELIABILITY,0.63,6000.46,5807.01,CARD,0,SUCCESS,,0
TXN_0001256,CUST_00125,LOW_RELIABILITY,0.63,6000.46,4000.97,CARD,4,SUCCESS,,0
TXN_0001257,CUST_00125,LOW_RELIABILITY,0.63,6000.46,8197.57,UPI,11,SUCCESS,,0
TXN_0001258,CUST_00125,LOW_RELIABILITY,0.63,6000.46,4681.46,CARD,0,SUCCESS,,0
TXN_0001259,CUST_00125,LOW_RELIABILITY,0.63,6000.46,5720.2,UPI,22,FAILED,TEMPORARY_BANK_ERROR,0
TXN_0001260,CUST_00125,LOW_RELIABILITY,0.63,6000.46,4475.0,UPI,19,SUCCESS,,0
TXN_0001261,CUST_00126,MEDIUM_RELIABILITY,0.71,4158.43,7050.79,NET_BANKING,2,SUCCESS,,0
TXN_0001262,CUST_00126,MEDIUM_RELIABILITY,0.71,4158.43,3624.08,UPI,1,SUCCESS,,0
TXN_0001263,CUST_00126,MEDIUM_RELIABILITY,0.71,4158.43,7206.65,WALLET,11,SUCCESS,,0
TXN_0001264,CUST_00126,MEDIUM_RELIABILITY,0.71,4158.43,5512.67,UPI,11,SUCCESS,,0
TXN_0001265,CUST_00126,MEDIUM_RELIABILITY,0.71,4158.43,4960.29,UPI,11,FAILED,INSUFFICIENT_FUNDS,0
TXN_0001266,CUST_00126,MEDIUM_RELIABILITY,0.71,4158.43,4771.77,CARD,6,FAILED,NETWORK_TIMEOUT,0
TXN_0001267,CUST_00126,MEDIUM_RELIABILITY,0.71,4158.43,4813.46,CARD,23,SUCCESS,,0
TXN_0001268,CUST_00126,MEDIUM_RELIABILITY,0.71,4158.43,951.99,CARD,22,FAILED,AUTHENTICATION_FAILURE,0
TXN_0001269,CUST_00127,HIGH_RELIABILITY,0.97,5436.91,4830.4,NET_BANKING,16,SUCCESS,,0
TXN_0001270,CUST_00127,HIGH_RELIABILITY,0.97,5436.91,7274.93,UPI,2,SUCCESS,,0
TXN_0001271,CUST_00127,HIGH_RELIABILITY,0.97,5436.91,5330.57,CARD,16,SUCCESS,,0
TXN_0001272,CUST_00127,HIGH_RELIABILITY,0.97,5436.91,2380.95,UPI,22,SUCCESS,,0
TXN_0001273,CUST_00127,HIGH_RELIABILITY,0.97,5436.91,5322.94,NET_BANKING,9,SUCCESS,,0
TXN_0001274,CUST_00127,HIGH_RELIABILITY,0.97,5436.91,9142.94,UPI,21,SUCCESS,,0
TXN_0001275,CUST_00127,HIGH_RELIABILITY,0.97,5436.91,8148.61,NET_BANKING,2,SUCCESS,,0
TXN_0001276,CUST_00127,HIGH_RELIABILITY,0.97,5436.91,5302.07,NET_BANKING,2,SUCCESS,,0
TXN_0001277,CUST_00127,HIGH_RELIABILITY,0.97,5436.91,7506.09,NET_BANKING,9,SUCCESS,,0
TXN_0001278,CUST_00127,HIGH_RELIABILITY,0.97,5436.91,4639.84,UPI,5,SUCCESS,,0
TXN_0001279,CUST_00128,HIGH_RELIABILITY,0.9,8795.22,2800.85,CARD,6,SUCCESS,,0
TXN_0001280,CUST_00128,HIGH_RELIABILITY,0.9,8795.22,5542.87,CARD,9,SUCCESS,,0
TXN_0001281,CUST_00128,HIGH_RELIABILITY,0.9,8795.22,14293.6,CARD,4,SUCCESS,,0
TXN_0001282,CUST_00128,HIGH_RELIABILITY,0.9,8795.22,7831.29,UPI,23,SUCCESS,,0
TXN_0001283,CUST_00128,HIGH_RELIABILITY,0.9,8795.22,7938.97,UPI,2,FAILED,USER_ABANDONMENT,1
TXN_0001284,CUST_00128,HIGH_RELIABILITY,0.9,8795.22,7740.36,CARD,10,SUCCESS,,0
TXN_0001285,CUST_00128,HIGH_RELIABILITY,0.9,8795.22,15494.14,UPI,20,SUCCESS,,0
TXN_0001286,CUST_00129,LOW_RELIABILITY,0.62,4933.0,8141.34,CARD,22,SUCCESS,,0
TXN_0001287,CUST_00129,LOW_RELIABILITY,0.62,4933.0,9311.1,CARD,14,FAILED,TEMPORARY_BANK_ERROR,1
TXN_0001288,CUST_00129,LOW_RELIABILITY,0.62,4933.0,4619.17,UPI,8,FAILED,NETWORK_TIMEOUT,0
TXN_0001289,CUST_00129,LOW_RELIABILITY,0.62,4933.0,5516.33,NET_BANKING,4,FAILED,INSUFFICIENT_FUNDS,0
TXN_0001290,CUST_00129,LOW_RELIABILITY,0.62,4933.0,1940.36,WALLET,22,SUCCESS,,0
TXN_0001291,CUST_00129,LOW_RELIABILITY,0.62,4933.0,7847.29,UPI,5,SUCCESS,,0
TXN_0001292,CUST_00129,LOW_RELIABILITY,0.62,4933.0,2628.74,CARD,21,SUCCESS,,0
TXN_0001293,CUST_00129,LOW_RELIABILITY,0.62,4933.0,5360.74,UPI,3,FAILED,NETWORK_TIMEOUT,0
TXN_0001294,CUST_00129,LOW_RELIABILITY,0.62,4933.0,2767.8,UPI,5,FAILED,AUTHENTICATION_FAILURE,1
TXN_0001295,CUST_00129,LOW_RELIABILITY,0.62,4933.0,3771.05,WALLET,4,FAILED,INSUFFICIENT_FUNDS,0
TXN_0001296,CUST_00129,LOW_RELIABILITY,0.62,4933.0,3280.91,UPI,0,SUCCESS,,0
TXN_0001297,CUST_00129,LOW_RELIABILITY,0.62,4933.0,3733.54,CARD,4,SUCCESS,,0
TXN_0001298,CUST_00130,MEDIUM_RELIABILITY,0.78,1423.18,1116.27,UPI,23,SUCCESS,,0
TXN_0001299,CUST_00130,MEDIUM_RELIABILITY,0.78,1423.18,1111.07,CARD,20,SUCCESS,,0
TXN_0001300,CUST_00130,MEDIUM_RELIABILITY,0.78,1423.18,1897.57,CARD,9,SUCCESS,,0
TXN_0001301,CUST_00130,MEDIUM_RELIABILITY,0.78,1423.18,794.21,NET_BANKING,18,SUCCESS,,0
TXN_0001302,CUST_00130,MEDIUM_RELIABILITY,0.78,1423.18,1548.73,NET_BANKING,23,SUCCESS,,0
TXN_0001303,CUST_00130,MEDIUM_RELIABILITY,0.78,1423.18,2116.53,UPI,22,FAILED,NETWORK_TIMEOUT,0
TXN_0001304,CUST_00130,MEDIUM_RELIABILITY,0.78,1423.18,1131.03,CARD,3,SUCCESS,,0
TXN_0001305,CUST_00130,MEDIUM_RELIABILITY,0.78,1423.18,1014.49,UPI,7,SUCCESS,,0
TXN_0001306,CUST_00130,MEDIUM_RELIABILITY,0.78,1423.18,1291.95,UPI,1,SUCCESS,,0
TXN_0001307,CUST_00130,MEDIUM_RELIABILITY,0.78,1423.18,2094.76,UPI,16,SUCCESS,,0
TXN_0001308,CUST_00131,HIGH_RELIABILITY,0.95,14860.75,16014.58,UPI,2,SUCCESS,,0
TXN_0001309,CUST_00131,HIGH_RELIABILITY,0.95,14860.75,11703.05,UPI,21,SUCCESS,,0
TXN_0001310,CUST_00131,HIGH_RELIABILITY,0.95,14860.75,17737.06,WALLET,12,SUCCESS,,0
TXN_0001311,CUST_00131,HIGH_RELIABILITY,0.95,14860.75,8308.39,UPI,19,SUCCESS,,0
TXN_0001312,CUST_00131,HIGH_RELIABILITY,0.95,14860.75,18910.96,UPI,21,SUCCESS,,0
TXN_0001313,CUST_00131,HIGH_RELIABILITY,0.95,14860.75,17289.63,UPI,13,SUCCESS,,0
TXN_0001314,CUST_00131,HIGH_RELIABILITY,0.95,14860.75,13031.04,UPI,9,SUCCESS,,0
TXN_0001315,CUST_00131,HIGH_RELIABILITY,0.95,14860.75,9875.94,UPI,14,SUCCESS,,0
TXN_0001316,CUST_00131,HIGH_RELIABILITY,0.95,14860.75,9590.05,UPI,23,SUCCESS,,0
TXN_0001317,CUST_00132,HIGH_RELIABILITY,0.9,8256.62,10022.93,NET_BANKING,9,SUCCESS,,0
TXN_0001318,CUST_00132,HIGH_RELIABILITY,0.9,8256.62,12315.51,CARD,13,SUCCESS,,0
TXN_0001319,CUST_00132,HIGH_RELIABILITY,0.9,8256.62,6151.82,UPI,18,SUCCESS,,0
TXN_0001320,CUST_00132,HIGH_RELIABILITY,0.9,8256.62,9770.51,UPI,9,SUCCESS,,0
TXN_0001321,CUST_00132,HIGH_RELIABILITY,0.9,8256.62,1363.9,NET_BANKING,10,FAILED,TECHNICAL_ERROR,1
TXN_0001322,CUST_00132,HIGH_RELIABILITY,0.9,8256.62,6325.83,UPI,13,SUCCESS,,0
TXN_0001323,CUST_00132,HIGH_RELIABILITY,0.9,8256.62,8154.04,UPI,5,SUCCESS,,0
TXN_0001324,CUST_00132,HIGH_RELIABILITY,0.9,8256.62,5252.26,CARD,4,SUCCESS,,0
TXN_0001325,CUST_00132,HIGH_RELIABILITY,0.9,8256.62,5163.67,NET_BANKING,9,SUCCESS,,0
TXN_0001326,CUST_00132,HIGH_RELIABILITY,0.9,8256.62,6051.18,UPI,9,SUCCESS,,0
TXN_0001327,CUST_00132,HIGH_RELIABILITY,0.9,8256.62,9221.63,UPI,17,SUCCESS,,0
TXN_0001328,CUST_00133,MEDIUM_RELIABILITY,0.84,7537.3,6972.52,UPI,0,FAILED,NETWORK_TIMEOUT,1
TXN_0001329,CUST_00133,MEDIUM_RELIABILITY,0.84,7537.3,789.21,CARD,3,SUCCESS,,0
TXN_0001330,CUST_00133,MEDIUM_RELIABILITY,0.84,7537.3,1143.56,NET_BANKING,13,FAILED,TECHNICAL_ERROR,1
TXN_0001331,CUST_00133,MEDIUM_RELIABILITY,0.84,7537.3,5707.65,UPI,8,SUCCESS,,0
TXN_0001332,CUST_00133,MEDIUM_RELIABILITY,0.84,7537.3,8917.19,WALLET,19,SUCCESS,,0
TXN_0001333,CUST_00133,MEDIUM_RELIABILITY,0.84,7537.3,100.0,CARD,18,SUCCESS,,0
TXN_0001334,CUST_00133,MEDIUM_RELIABILITY,0.84,7537.3,6030.65,UPI,21,SUCCESS,,0
TXN_0001335,CUST_00133,MEDIUM_RELIABILITY,0.84,7537.3,5950.7,CARD,3,SUCCESS,,0
TXN_0001336,CUST_00134,HIGH_RELIABILITY,0.96,10834.78,16851.71,UPI,8,SUCCESS,,0
TXN_0001337,CUST_00134,HIGH_RELIABILITY,0.96,10834.78,9166.13,UPI,10,SUCCESS,,0
TXN_0001338,CUST_00134,HIGH_RELIABILITY,0.96,10834.78,12494.62,CARD,11,SUCCESS,,0
TXN_0001339,CUST_00134,HIGH_RELIABILITY,0.96,10834.78,11446.98,UPI,13,SUCCESS,,0
TXN_0001340,CUST_00134,HIGH_RELIABILITY,0.96,10834.78,1601.09,WALLET,1,SUCCESS,,0
TXN_0001341,CUST_00134,HIGH_RELIABILITY,0.96,10834.78,14164.12,CARD,2,SUCCESS,,0
TXN_0001342,CUST_00134,HIGH_RELIABILITY,0.96,10834.78,11768.29,NET_BANKING,5,SUCCESS,,0
TXN_0001343,CUST_00134,HIGH_RELIABILITY,0.96,10834.78,13037.57,CARD,5,SUCCESS,,0
TXN_0001344,CUST_00134,HIGH_RELIABILITY,0.96,10834.78,27850.75,NET_BANKING,21,SUCCESS,,0
TXN_0001345,CUST_00134,HIGH_RELIABILITY,0.96,10834.78,1802.42,UPI,22,SUCCESS,,0
TXN_0001346,CUST_00134,HIGH_RELIABILITY,0.96,10834.78,18309.46,UPI,18,SUCCESS,,0
TXN_0001347,CUST_00134,HIGH_RELIABILITY,0.96,10834.78,9589.01,UPI,4,SUCCESS,,0
TXN_0001348,CUST_00134,HIGH_RELIABILITY,0.96,10834.78,12080.04,UPI,15,SUCCESS,,0
TXN_0001349,CUST_00134,HIGH_RELIABILITY,0.96,10834.78,10637.53,WALLET,5,SUCCESS,,0
TXN_0001350,CUST_00135,HIGH_RELIABILITY,0.92,5110.29,4243.1,CARD,6,SUCCESS,,0
TXN_0001351,CUST_00135,HIGH_RELIABILITY,0.92,5110.29,3945.49,CARD,22,SUCCESS,,0
TXN_0001352,CUST_00135,HIGH_RELIABILITY,0.92,5110.29,5783.84,CARD,17,SUCCESS,,0
TXN_0001353,CUST_00135,HIGH_RELIABILITY,0.92,5110.29,2009.01,CARD,3,SUCCESS,,0
TXN_0001354,CUST_00135,HIGH_RELIABILITY,0.92,5110.29,6644.56,WALLET,3,SUCCESS,,0
TXN_0001355,CUST_00135,HIGH_RELIABILITY,0.92,5110.29,4259.54,WALLET,15,SUCCESS,,0
TXN_0001356,CUST_00135,HIGH_RELIABILITY,0.92,5110.29,2800.3,CARD,4,SUCCESS,,0
TXN_0001357,CUST_00136,MEDIUM_RELIABILITY,0.83,8196.08,6720.74,CARD,10,FAILED,NETWORK_TIMEOUT,1
TXN_0001358,CUST_00136,MEDIUM_RELIABILITY,0.83,8196.08,12317.56,UPI,4,SUCCESS,,0
TXN_0001359,CUST_00136,MEDIUM_RELIABILITY,0.83,8196.08,6441.02,UPI,7,SUCCESS,,0
TXN_0001360,CUST_00136,MEDIUM_RELIABILITY,0.83,8196.08,9371.25,UPI,2,SUCCESS,,0
TXN_0001361,CUST_00136,MEDIUM_RELIABILITY,0.83,8196.08,5799.69,NET_BANKING,3,FAILED,AUTHENTICATION_FAILURE,1
TXN_0001362,CUST_00136,MEDIUM_RELIABILITY,0.83,8196.08,10680.88,UPI,3,FAILED,AUTHENTICATION_FAILURE,0
TXN_0001363,CUST_00136,MEDIUM_RELIABILITY,0.83,8196.08,10443.47,CARD,8,FAILED,NETWORK_TIMEOUT,0
TXN_0001364,CUST_00136,MEDIUM_RELIABILITY,0.83,8196.08,14256.62,UPI,3,SUCCESS,,0
TXN_0001365,CUST_00136,MEDIUM_RELIABILITY,0.83,8196.08,7620.51,UPI,6,SUCCESS,,0
TXN_0001366,CUST_00136,MEDIUM_RELIABILITY,0.83,8196.08,10388.22,UPI,2,FAILED,AUTHENTICATION_FAILURE,0
TXN_0001367,CUST_00136,MEDIUM_RELIABILITY,0.83,8196.08,8517.59,CARD,11,FAILED,INSUFFICIENT_FUNDS,1
TXN_0001368,CUST_00136,MEDIUM_RELIABILITY,0.83,8196.08,12444.51,UPI,18,FAILED,USER_ABANDONMENT,1
TXN_0001369,CUST_00136,MEDIUM_RELIABILITY,0.83,8196.08,5839.44,CARD,22,FAILED,NETWORK_TIMEOUT,2
TXN_0001370,CUST_00136,MEDIUM_RELIABILITY,0.83,8196.08,10638.53,CARD,23,FAILED,TEMPORARY_BANK_ERROR,0
TXN_0001371,CUST_00137,HIGH_RELIABILITY,0.98,13785.37,12711.78,UPI,18,SUCCESS,,0
TXN_0001372,CUST_00137,HIGH_RELIABILITY,0.98,13785.37,13431.43,CARD,3,SUCCESS,,0
TXN_0001373,CUST_00137,HIGH_RELIABILITY,0.98,13785.37,14291.31,UPI,12,SUCCESS,,0
TXN_0001374,CUST_00137,HIGH_RELIABILITY,0.98,13785.37,15176.26,CARD,13,SUCCESS,,0
TXN_0001375,CUST_00137,HIGH_RELIABILITY,0.98,13785.37,13144.47,WALLET,3,SUCCESS,,0
TXN_0001376,CUST_00137,HIGH_RELIABILITY,0.98,13785.37,14969.33,CARD,15,SUCCESS,,0
TXN_0001377,CUST_00137,HIGH_RELIABILITY,0.98,13785.37,22487.35,CARD,17,SUCCESS,,0
TXN_0001378,CUST_00137,HIGH_RELIABILITY,0.98,13785.37,19219.29,UPI,15,SUCCESS,,0
TXN_0001379,CUST_00137,HIGH_RELIABILITY,0.98,13785.37,18578.02,UPI,19,SUCCESS,,0
TXN_0001380,CUST_00137,HIGH_RELIABILITY,0.98,13785.37,11273.46,CARD,14,SUCCESS,,0
TXN_0001381,CUST_00137,HIGH_RELIABILITY,0.98,13785.37,8881.96,UPI,13,SUCCESS,,0
TXN_0001382,CUST_00137,HIGH_RELIABILITY,0.98,13785.37,19053.04,UPI,15,SUCCESS,,0
TXN_0001383,CUST_00138,HIGH_RELIABILITY,0.94,8021.23,10832.02,UPI,21,SUCCESS,,0
TXN_0001384,CUST_00138,HIGH_RELIABILITY,0.94,8021.23,12746.28,UPI,14,SUCCESS,,0
TXN_0001385,CUST_00138,HIGH_RELIABILITY,0.94,8021.23,6083.36,CARD,3,SUCCESS,,0
TXN_0001386,CUST_00138,HIGH_RELIABILITY,0.94,8021.23,7284.72,UPI,18,SUCCESS,,0
TXN_0001387,CUST_00138,HIGH_RELIABILITY,0.94,8021.23,2760.96,CARD,5,FAILED,TECHNICAL_ERROR,0
TXN_0001388,CUST_00138,HIGH_RELIABILITY,0.94,8021.23,6761.99,CARD,12,SUCCESS,,0
TXN_0001389,CUST_00138,HIGH_RELIABILITY,0.94,8021.23,11218.72,NET_BANKING,23,SUCCESS,,0
TXN_0001390,CUST_00138,HIGH_RELIABILITY,0.94,8021.23,6524.48,NET_BANKING,18,SUCCESS,,0
TXN_0001391,CUST_00138,HIGH_RELIABILITY,0.94,8021.23,10076.2,NET_BANKING,20,SUCCESS,,0
TXN_0001392,CUST_00138,HIGH_RELIABILITY,0.94,8021.23,7410.0,UPI,21,SUCCESS,,0
TXN_0001393,CUST_00139,HIGH_RELIABILITY,0.97,10099.5,11408.63,WALLET,16,SUCCESS,,0
TXN_0001394,CUST_00139,HIGH_RELIABILITY,0.97,10099.5,5463.06,NET_BANKING,3,SUCCESS,,0
TXN_0001395,CUST_00139,HIGH_RELIABILITY,0.97,10099.5,10443.73,CARD,7,SUCCESS,,0
TXN_0001396,CUST_00139,HIGH_RELIABILITY,0.97,10099.5,100.0,UPI,3,SUCCESS,,0
TXN_0001397,CUST_00139,HIGH_RELIABILITY,0.97,10099.5,9344.48,NET_BANKING,15,SUCCESS,,0
TXN_0001398,CUST_00139,HIGH_RELIABILITY,0.97,10099.5,3512.71,WALLET,12,SUCCESS,,0
TXN_0001399,CUST_00139,HIGH_RELIABILITY,0.97,10099.5,14971.48,UPI,9,SUCCESS,,0
TXN_0001400,CUST_00139,HIGH_RELIABILITY,0.97,10099.5,13240.07,UPI,2,SUCCESS,,0
TXN_0001401,CUST_00139,HIGH_RELIABILITY,0.97,10099.5,11984.76,CARD,15,SUCCESS,,0
TXN_0001402,CUST_00139,HIGH_RELIABILITY,0.97,10099.5,16244.06,UPI,21,SUCCESS,,0
TXN_0001403,CUST_00139,HIGH_RELIABILITY,0.97,10099.5,6266.07,CARD,17,SUCCESS,,0
TXN_0001404,CUST_00140,MEDIUM_RELIABILITY,0.8,8060.03,13693.55,CARD,1,SUCCESS,,0
TXN_0001405,CUST_00140,MEDIUM_RELIABILITY,0.8,8060.03,11065.43,NET_BANKING,3,SUCCESS,,0
TXN_0001406,CUST_00140,MEDIUM_RELIABILITY,0.8,8060.03,7297.37,UPI,12,SUCCESS,,0
TXN_0001407,CUST_00140,MEDIUM_RELIABILITY,0.8,8060.03,11721.28,UPI,5,SUCCESS,,0
TXN_0001408,CUST_00140,MEDIUM_RELIABILITY,0.8,8060.03,4493.33,NET_BANKING,9,SUCCESS,,0
TXN_0001409,CUST_00140,MEDIUM_RELIABILITY,0.8,8060.03,5401.79,UPI,13,FAILED,AUTHENTICATION_FAILURE,0
TXN_0001410,CUST_00140,MEDIUM_RELIABILITY,0.8,8060.03,6097.93,UPI,21,SUCCESS,,0
TXN_0001411,CUST_00140,MEDIUM_RELIABILITY,0.8,8060.03,6354.6,CARD,17,SUCCESS,,0
TXN_0001412,CUST_00140,MEDIUM_RELIABILITY,0.8,8060.03,4653.68,CARD,5,SUCCESS,,0
TXN_0001413,CUST_00140,MEDIUM_RELIABILITY,0.8,8060.03,12003.26,UPI,15,SUCCESS,,0
TXN_0001414,CUST_00140,MEDIUM_RELIABILITY,0.8,8060.03,7225.48,UPI,21,SUCCESS,,0
TXN_0001415,CUST_00140,MEDIUM_RELIABILITY,0.8,8060.03,9196.51,WALLET,10,FAILED,INSUFFICIENT_FUNDS,0
TXN_0001416,CUST_00140,MEDIUM_RELIABILITY,0.8,8060.03,6221.21,UPI,23,SUCCESS,,0
TXN_0001417,CUST_00141,MEDIUM_RELIABILITY,0.85,3710.95,1008.48,UPI,3,SUCCESS,,0
TXN_0001418,CUST_00141,MEDIUM_RELIABILITY,0.85,3710.95,4111.82,WALLET,13,SUCCESS,,0
TXN_0001419,CUST_00141,MEDIUM_RELIABILITY,0.85,3710.95,872.44,CARD,7,SUCCESS,,0
TXN_0001420,CUST_00141,MEDIUM_RELIABILITY,0.85,3710.95,3609.07,UPI,2,SUCCESS,,0
TXN_0001421,CUST_00141,MEDIUM_RELIABILITY,0.85,3710.95,1679.85,UPI,9,FAILED,TEMPORARY_BANK_ERROR,0
TXN_0001422,CUST_00141,MEDIUM_RELIABILITY,0.85,3710.95,6660.82,UPI,21,SUCCESS,,0
TXN_0001423,CUST_00141,MEDIUM_RELIABILITY,0.85,3710.95,5063.76,CARD,13,SUCCESS,,0
TXN_0001424,CUST_00141,MEDIUM_RELIABILITY,0.85,3710.95,3867.93,CARD,18,FAILED,NETWORK_TIMEOUT,0
TXN_0001425,CUST_00141,MEDIUM_RELIABILITY,0.85,3710.95,5586.77,UPI,3,SUCCESS,,0
TXN_0001426,CUST_00141,MEDIUM_RELIABILITY,0.85,3710.95,2454.7,UPI,21,SUCCESS,,0
TXN_0001427,CUST_00141,MEDIUM_RELIABILITY,0.85,3710.95,4517.68,CARD,21,SUCCESS,,0
TXN_0001428,CUST_00141,MEDIUM_RELIABILITY,0.85,3710.95,4007.54,CARD,11,SUCCESS,,0
TXN_0001429,CUST_00141,MEDIUM_RELIABILITY,0.85,3710.95,4102.86,UPI,20,SUCCESS,,0
TXN_0001430,CUST_00141,MEDIUM_RELIABILITY,0.85,3710.95,5599.61,NET_BANKING,17,SUCCESS,,0
TXN_0001431,CUST_00141,MEDIUM_RELIABILITY,0.85,3710.95,4798.25,UPI,9,SUCCESS,,0
TXN_0001432,CUST_00142,HIGH_RELIABILITY,0.92,2315.75,2583.19,NET_BANKING,19,SUCCESS,,0
TXN_0001433,CUST_00142,HIGH_RELIABILITY,0.92,2315.75,782.83,UPI,18,SUCCESS,,0
TXN_0001434,CUST_00142,HIGH_RELIABILITY,0.92,2315.75,1426.46,UPI,2,SUCCESS,,0
TXN_0001435,CUST_00142,HIGH_RELIABILITY,0.92,2315.75,2202.08,CARD,13,SUCCESS,,0
TXN_0001436,CUST_00142,HIGH_RELIABILITY,0.92,2315.75,2402.24,NET_BANKING,20,SUCCESS,,0
TXN_0001437,CUST_00142,HIGH_RELIABILITY,0.92,2315.75,1268.84,CARD,9,SUCCESS,,0
TXN_0001438,CUST_00142,HIGH_RELIABILITY,0.92,2315.75,4549.69,CARD,6,SUCCESS,,0
TXN_0001439,CUST_00142,HIGH_RELIABILITY,0.92,2315.75,3720.39,UPI,16,SUCCESS,,0
TXN_0001440,CUST_00142,HIGH_RELIABILITY,0.92,2315.75,2873.49,NET_BANKING,5,SUCCESS,,0
TXN_0001441,CUST_00142,HIGH_RELIABILITY,0.92,2315.75,2382.48,CARD,16,SUCCESS,,0
TXN_0001442,CUST_00142,HIGH_RELIABILITY,0.92,2315.75,2119.18,CARD,6,SUCCESS,,0
TXN_0001443,CUST_00143,HIGH_RELIABILITY,0.94,1503.19,930.82,UPI,20,SUCCESS,,0
TXN_0001444,CUST_00143,HIGH_RELIABILITY,0.94,1503.19,1549.78,CARD,13,SUCCESS,,0
TXN_0001445,CUST_00143,HIGH_RELIABILITY,0.94,1503.19,1658.17,CARD,1,SUCCESS,,0
TXN_0001446,CUST_00143,HIGH_RELIABILITY,0.94,1503.19,756.55,UPI,4,SUCCESS,,0
TXN_0001447,CUST_00143,HIGH_RELIABILITY,0.94,1503.19,1704.12,CARD,9,SUCCESS,,0
TXN_0001448,CUST_00143,HIGH_RELIABILITY,0.94,1503.19,1409.84,UPI,2,SUCCESS,,0
TXN_0001449,CUST_00143,HIGH_RELIABILITY,0.94,1503.19,356.07,NET_BANKING,8,SUCCESS,,0
TXN_0001450,CUST_00143,HIGH_RELIABILITY,0.94,1503.19,985.86,CARD,8,SUCCESS,,0
TXN_0001451,CUST_00143,HIGH_RELIABILITY,0.94,1503.19,1254.5,UPI,7,SUCCESS,,0
TXN_0001452,CUST_00143,HIGH_RELIABILITY,0.94,1503.19,2638.21,UPI,7,SUCCESS,,0
TXN_0001453,CUST_00143,HIGH_RELIABILITY,0.94,1503.19,1837.83,UPI,15,SUCCESS,,0
TXN_0001454,CUST_00143,HIGH_RELIABILITY,0.94,1503.19,700.2,UPI,20,SUCCESS,,0
TXN_0001455,CUST_00144,MEDIUM_RELIABILITY,0.75,5655.12,6754.56,UPI,4,FAILED,USER_ABANDONMENT,0
TXN_0001456,CUST_00144,MEDIUM_RELIABILITY,0.75,5655.12,2155.04,CARD,20,SUCCESS,,0
TXN_0001457,CUST_00144,MEDIUM_RELIABILITY,0.75,5655.12,8104.22,WALLET,15,SUCCESS,,0
TXN_0001458,CUST_00144,MEDIUM_RELIABILITY,0.75,5655.12,4589.41,UPI,2,SUCCESS,,0
TXN_0001459,CUST_00144,MEDIUM_RELIABILITY,0.75,5655.12,5443.31,UPI,2,SUCCESS,,0
TXN_0001460,CUST_00144,MEDIUM_RELIABILITY,0.75,5655.12,8654.14,UPI,11,SUCCESS,,0
TXN_0001461,CUST_00144,MEDIUM_RELIABILITY,0.75,5655.12,2743.49,NET_BANKING,12,SUCCESS,,0
TXN_0001462,CUST_00144,MEDIUM_RELIABILITY,0.75,5655.12,2494.77,CARD,4,FAILED,INSUFFICIENT_FUNDS,0
TXN_0001463,CUST_00145,MEDIUM_RELIABILITY,0.71,6112.92,4685.92,CARD,18,SUCCESS,,0
TXN_0001464,CUST_00145,MEDIUM_RELIABILITY,0.71,6112.92,8651.93,WALLET,8,SUCCESS,,0
TXN_0001465,CUST_00145,MEDIUM_RELIABILITY,0.71,6112.92,2397.86,UPI,19,FAILED,USER_ABANDONMENT,0
TXN_0001466,CUST_00145,MEDIUM_RELIABILITY,0.71,6112.92,100.0,CARD,12,SUCCESS,,0
TXN_0001467,CUST_00145,MEDIUM_RELIABILITY,0.71,6112.92,5009.76,CARD,13,FAILED,TEMPORARY_BANK_ERROR,0
TXN_0001468,CUST_00145,MEDIUM_RELIABILITY,0.71,6112.92,7462.02,UPI,13,FAILED,INSUFFICIENT_FUNDS,0
TXN_0001469,CUST_00146,LOW_RELIABILITY,0.36,453.97,671.92,CARD,3,FAILED,NETWORK_TIMEOUT,1
TXN_0001470,CUST_00146,LOW_RELIABILITY,0.36,453.97,369.87,WALLET,4,FAILED,AUTHENTICATION_FAILURE,1
TXN_0001471,CUST_00146,LOW_RELIABILITY,0.36,453.97,379.26,UPI,19,FAILED,AUTHENTICATION_FAILURE,1
TXN_0001472,CUST_00146,LOW_RELIABILITY,0.36,453.97,663.5,UPI,21,FAILED,INSUFFICIENT_FUNDS,0
TXN_0001473,CUST_00146,LOW_RELIABILITY,0.36,453.97,114.45,WALLET,11,SUCCESS,,0
TXN_0001474,CUST_00146,LOW_RELIABILITY,0.36,453.97,383.42,CARD,17,SUCCESS,,0
TXN_0001475,CUST_00146,LOW_RELIABILITY,0.36,453.97,488.55,NET_BANKING,12,FAILED,TECHNICAL_ERROR,2
TXN_0001476,CUST_00146,LOW_RELIABILITY,0.36,453.97,535.54,WALLET,9,FAILED,USER_ABANDONMENT,0
TXN_0001477,CUST_00146,LOW_RELIABILITY,0.36,453.97,361.4,UPI,5,SUCCESS,,0
TXN_0001478,CUST_00146,LOW_RELIABILITY,0.36,453.97,460.22,CARD,20,FAILED,TEMPORARY_BANK_ERROR,2
TXN_0001479,CUST_00147,MEDIUM_RELIABILITY,0.83,3921.81,100.0,CARD,13,SUCCESS,,0
TXN_0001480,CUST_00147,MEDIUM_RELIABILITY,0.83,3921.81,2889.2,UPI,13,SUCCESS,,0
TXN_0001481,CUST_00147,MEDIUM_RELIABILITY,0.83,3921.81,4633.24,NET_BANKING,5,SUCCESS,,0
TXN_0001482,CUST_00147,MEDIUM_RELIABILITY,0.83,3921.81,2380.86,CARD,11,SUCCESS,,0
TXN_0001483,CUST_00147,MEDIUM_RELIABILITY,0.83,3921.81,4014.34,CARD,17,SUCCESS,,0
TXN_0001484,CUST_00147,MEDIUM_RELIABILITY,0.83,3921.81,4622.83,CARD,0,SUCCESS,,0
TXN_0001485,CUST_00147,MEDIUM_RELIABILITY,0.83,3921.81,3384.44,CARD,5,SUCCESS,,0
TXN_0001486,CUST_00147,MEDIUM_RELIABILITY,0.83,3921.81,4189.22,NET_BANKING,4,FAILED,TEMPORARY_BANK_ERROR,0
TXN_0001487,CUST_00147,MEDIUM_RELIABILITY,0.83,3921.81,2411.55,CARD,3,FAILED,INSUFFICIENT_FUNDS,3
TXN_0001488,CUST_00147,MEDIUM_RELIABILITY,0.83,3921.81,3597.69,NET_BANKING,4,SUCCESS,,0
TXN_0001489,CUST_00147,MEDIUM_RELIABILITY,0.83,3921.81,4879.07,CARD,10,SUCCESS,,0
TXN_0001490,CUST_00147,MEDIUM_RELIABILITY,0.83,3921.81,4168.06,NET_BANKING,4,SUCCESS,,0
TXN_0001491,CUST_00148,HIGH_RELIABILITY,0.89,8311.41,6361.45,CARD,10,SUCCESS,,0
TXN_0001492,CUST_00148,HIGH_RELIABILITY,0.89,8311.41,9056.83,UPI,13,SUCCESS,,0
TXN_0001493,CUST_00148,HIGH_RELIABILITY,0.89,8311.41,10687.18,UPI,12,SUCCESS,,0
TXN_0001494,CUST_00148,HIGH_RELIABILITY,0.89,8311.41,1496.25,NET_BANKING,7,FAILED,TEMPORARY_BANK_ERROR,0
TXN_0001495,CUST_00148,HIGH_RELIABILITY,0.89,8311.41,12164.83,CARD,7,SUCCESS,,0
TXN_0001496,CUST_00148,HIGH_RELIABILITY,0.89,8311.41,7193.51,WALLET,6,SUCCESS,,0
TXN_0001497,CUST_00148,HIGH_RELIABILITY,0.89,8311.41,9725.98,NET_BANKING,1,SUCCESS,,0
TXN_0001498,CUST_00148,HIGH_RELIABILITY,0.89,8311.41,12291.73,UPI,8,SUCCESS,,0
TXN_0001499,CUST_00148,HIGH_RELIABILITY,0.89,8311.41,3751.19,WALLET,5,SUCCESS,,0
TXN_0001500,CUST_00148,HIGH_RELIABILITY,0.89,8311.41,5952.83,UPI,22,SUCCESS,,0
TXN_0001501,CUST_00148,HIGH_RELIABILITY,0.89,8311.41,7352.11,NET_BANKING,14,SUCCESS,,0
TXN_0001502,CUST_00148,HIGH_RELIABILITY,0.89,8311.41,5705.77,CARD,7,SUCCESS,,0
TXN_0001503,CUST_00148,HIGH_RELIABILITY,0.89,8311.41,14079.32,UPI,8,SUCCESS,,0
TXN_0001504,CUST_00148,HIGH_RELIABILITY,0.89,8311.41,5463.02,CARD,4,SUCCESS,,0
TXN_0001505,CUST_00148,HIGH_RELIABILITY,0.89,8311.41,6464.46,UPI,6,SUCCESS,,0
TXN_0001506,CUST_00149,HIGH_RELIABILITY,0.96,4021.49,4350.27,CARD,6,SUCCESS,,0
TXN_0001507,CUST_00149,HIGH_RELIABILITY,0.96,4021.49,2087.72,UPI,4,FAILED,TECHNICAL_ERROR,0
TXN_0001508,CUST_00149,HIGH_RELIABILITY,0.96,4021.49,3385.0,CARD,7,SUCCESS,,0
TXN_0001509,CUST_00149,HIGH_RELIABILITY,0.96,4021.49,4532.14,CARD,14,SUCCESS,,0
TXN_0001510,CUST_00149,HIGH_RELIABILITY,0.96,4021.49,3486.05,CARD,10,SUCCESS,,0
TXN_0001511,CUST_00149,HIGH_RELIABILITY,0.96,4021.49,3871.27,UPI,6,SUCCESS,,0
TXN_0001512,CUST_00149,HIGH_RELIABILITY,0.96,4021.49,3170.01,CARD,23,SUCCESS,,0
TXN_0001513,CUST_00149,HIGH_RELIABILITY,0.96,4021.49,1585.32,UPI,17,SUCCESS,,0
TXN_0001514,CUST_00149,HIGH_RELIABILITY,0.96,4021.49,4538.8,UPI,7,SUCCESS,,0
TXN_0001515,CUST_00150,HIGH_RELIABILITY,0.95,2194.86,3735.59,WALLET,21,SUCCESS,,0
TXN_0001516,CUST_00150,HIGH_RELIABILITY,0.95,2194.86,2211.02,CARD,23,SUCCESS,,0
TXN_0001517,CUST_00150,HIGH_RELIABILITY,0.95,2194.86,2392.63,UPI,16,SUCCESS,,0
TXN_0001518,CUST_00150,HIGH_RELIABILITY,0.95,2194.86,2803.03,UPI,12,SUCCESS,,0
TXN_0001519,CUST_00150,HIGH_RELIABILITY,0.95,2194.86,1080.46,UPI,17,FAILED,TEMPORARY_BANK_ERROR,0
TXN_0001520,CUST_00150,HIGH_RELIABILITY,0.95,2194.86,3689.57,CARD,10,SUCCESS,,0
TXN_0001521,CUST_00150,HIGH_RELIABILITY,0.95,2194.86,2372.49,UPI,10,SUCCESS,,0
TXN_0001522,CUST_00150,HIGH_RELIABILITY,0.95,2194.86,3627.54,UPI,8,SUCCESS,,0
TXN_0001523,CUST_00150,HIGH_RELIABILITY,0.95,2194.86,1551.3,UPI,4,SUCCESS,,0
TXN_0001524,CUST_00150,HIGH_RELIABILITY,0.95,2194.86,3791.02,WALLET,8,SUCCESS,,0
TXN_0001525,CUST_00151,LOW_RELIABILITY,0.36,3813.21,4995.54,UPI,8,SUCCESS,,0
TXN_0001526,CUST_00151,LOW_RELIABILITY,0.36,3813.21,4656.75,NET_BANKING,8,FAILED,NETWORK_TIMEOUT,0
TXN_0001527,CUST_00151,LOW_RELIABILITY,0.36,3813.21,4170.16,CARD,15,SUCCESS,,0
TXN_0001528,CUST_00151,LOW_RELIABILITY,0.36,3813.21,3434.13,UPI,21,SUCCESS,,0
TXN_0001529,CUST_00151,LOW_RELIABILITY,0.36,3813.21,5644.36,UPI,6,FAILED,TEMPORARY_BANK_ERROR,0
TXN_0001530,CUST_00151,LOW_RELIABILITY,0.36,3813.21,4027.3,UPI,22,FAILED,TEMPORARY_BANK_ERROR,2
TXN_0001531,CUST_00151,LOW_RELIABILITY,0.36,3813.21,812.87,CARD,14,FAILED,AUTHENTICATION_FAILURE,0
TXN_0001532,CUST_00151,LOW_RELIABILITY,0.36,3813.21,2109.18,CARD,23,SUCCESS,,0
TXN_0001533,CUST_00151,LOW_RELIABILITY,0.36,3813.21,3529.74,UPI,2,FAILED,NETWORK_TIMEOUT,1
TXN_0001534,CUST_00151,LOW_RELIABILITY,0.36,3813.21,4286.05,CARD,8,FAILED,AUTHENTICATION_FAILURE,0
TXN_0001535,CUST_00151,LOW_RELIABILITY,0.36,3813.21,3726.9,WALLET,0,FAILED,INSUFFICIENT_FUNDS,0
TXN_0001536,CUST_00152,HIGH_RELIABILITY,0.94,9924.02,14762.86,UPI,15,SUCCESS,,0
TXN_0001537,CUST_00152,HIGH_RELIABILITY,0.94,9924.02,2178.91,NET_BANKING,0,SUCCESS,,0
TXN_0001538,CUST_00152,HIGH_RELIABILITY,0.94,9924.02,10494.01,WALLET,3,SUCCESS,,0
TXN_0001539,CUST_00152,HIGH_RELIABILITY,0.94,9924.02,2707.36,CARD,3,SUCCESS,,0
TXN_0001540,CUST_00152,HIGH_RELIABILITY,0.94,9924.02,12939.78,UPI,2,SUCCESS,,0
TXN_0001541,CUST_00152,HIGH_RELIABILITY,0.94,9924.02,9549.06,CARD,15,SUCCESS,,0
TXN_0001542,CUST_00153,LOW_RELIABILITY,0.56,6835.79,7983.14,CARD,0,FAILED,TEMPORARY_BANK_ERROR,1
TXN_0001543,CUST_00153,LOW_RELIABILITY,0.56,6835.79,4473.66,CARD,23,SUCCESS,,0
TXN_0001544,CUST_00153,LOW_RELIABILITY,0.56,6835.79,10334.25,WALLET,18,FAILED,USER_ABANDONMENT,1
TXN_0001545,CUST_00153,LOW_RELIABILITY,0.56,6835.79,9684.19,UPI,1,SUCCESS,,0
TXN_0001546,CUST_00153,LOW_RELIABILITY,0.56,6835.79,8431.38,CARD,19,FAILED,NETWORK_TIMEOUT,0
TXN_0001547,CUST_00153,LOW_RELIABILITY,0.56,6835.79,6481.65,WALLET,12,FAILED,USER_ABANDONMENT,0
TXN_0001548,CUST_00153,LOW_RELIABILITY,0.56,6835.79,8421.3,NET_BANKING,9,SUCCESS,,0
TXN_0001549,CUST_00153,LOW_RELIABILITY,0.56,6835.79,4902.92,WALLET,4,FAILED,INSUFFICIENT_FUNDS,0
TXN_0001550,CUST_00153,LOW_RELIABILITY,0.56,6835.79,9175.15,NET_BANKING,9,SUCCESS,,0
TXN_0001551,CUST_00154,HIGH_RELIABILITY,0.94,5521.39,9164.36,UPI,21,SUCCESS,,0
TXN_0001552,CUST_00154,HIGH_RELIABILITY,0.94,5521.39,7885.89,UPI,6,SUCCESS,,0
TXN_0001553,CUST_00154,HIGH_RELIABILITY,0.94,5521.39,3910.02,NET_BANKING,15,SUCCESS,,0
TXN_0001554,CUST_00154,HIGH_RELIABILITY,0.94,5521.39,6319.6,CARD,2,SUCCESS,,0
TXN_0001555,CUST_00154,HIGH_RELIABILITY,0.94,5521.39,2665.41,NET_BANKING,19,SUCCESS,,0
TXN_0001556,CUST_00154,HIGH_RELIABILITY,0.94,5521.39,6785.55,CARD,2,FAILED,NETWORK_TIMEOUT,0
TXN_0001557,CUST_00154,HIGH_RELIABILITY,0.94,5521.39,6516.57,UPI,21,SUCCESS,,0
TXN_0001558,CUST_00154,HIGH_RELIABILITY,0.94,5521.39,1391.8,WALLET,16,SUCCESS,,0
TXN_0001559,CUST_00154,HIGH_RELIABILITY,0.94,5521.39,2955.53,CARD,9,SUCCESS,,0
TXN_0001560,CUST_00154,HIGH_RELIABILITY,0.94,5521.39,4896.06,UPI,15,SUCCESS,,0
TXN_0001561,CUST_00154,HIGH_RELIABILITY,0.94,5521.39,4856.92,WALLET,21,SUCCESS,,0
TXN_0001562,CUST_00154,HIGH_RELIABILITY,0.94,5521.39,2850.19,NET_BANKING,16,SUCCESS,,0
TXN_0001563,CUST_00154,HIGH_RELIABILITY,0.94,5521.39,6380.47,CARD,17,FAILED,TEMPORARY_BANK_ERROR,0
TXN_0001564,CUST_00154,HIGH_RELIABILITY,0.94,5521.39,6076.78,UPI,3,SUCCESS,,0
TXN_0001565,CUST_00155,MEDIUM_RELIABILITY,0.82,3072.91,2834.12,NET_BANKING,11,SUCCESS,,0
TXN_0001566,CUST_00155,MEDIUM_RELIABILITY,0.82,3072.91,2143.92,UPI,16,FAILED,AUTHENTICATION_FAILURE,0
TXN_0001567,CUST_00155,MEDIUM_RELIABILITY,0.82,3072.91,4361.94,NET_BANKING,12,FAILED,NETWORK_TIMEOUT,1
TXN_0001568,CUST_00155,MEDIUM_RELIABILITY,0.82,3072.91,5107.68,UPI,23,SUCCESS,,0
TXN_0001569,CUST_00155,MEDIUM_RELIABILITY,0.82,3072.91,2478.53,CARD,19,SUCCESS,,0
TXN_0001570,CUST_00155,MEDIUM_RELIABILITY,0.82,3072.91,2320.46,UPI,5,SUCCESS,,0
TXN_0001571,CUST_00155,MEDIUM_RELIABILITY,0.82,3072.91,3676.68,UPI,19,SUCCESS,,0
TXN_0001572,CUST_00155,MEDIUM_RELIABILITY,0.82,3072.91,2632.83,CARD,13,SUCCESS,,0
TXN_0001573,CUST_00155,MEDIUM_RELIABILITY,0.82,3072.91,2901.57,UPI,3,FAILED,AUTHENTICATION_FAILURE,0
TXN_0001574,CUST_00155,MEDIUM_RELIABILITY,0.82,3072.91,3982.07,UPI,21,SUCCESS,,0
TXN_0001575,CUST_00155,MEDIUM_RELIABILITY,0.82,3072.91,726.0,CARD,15,SUCCESS,,0
TXN_0001576,CUST_00155,MEDIUM_RELIABILITY,0.82,3072.91,4693.32,NET_BANKING,19,SUCCESS,,0
TXN_0001577,CUST_00155,MEDIUM_RELIABILITY,0.82,3072.91,3162.25,CARD,22,SUCCESS,,0
TXN_0001578,CUST_00155,MEDIUM_RELIABILITY,0.82,3072.91,2567.12,NET_BANKING,2,FAILED,TEMPORARY_BANK_ERROR,0
TXN_0001579,CUST_00156,LOW_RELIABILITY,0.48,733.5,707.32,CARD,6,SUCCESS,,0
TXN_0001580,CUST_00156,LOW_RELIABILITY,0.48,733.5,722.48,UPI,20,FAILED,TEMPORARY_BANK_ERROR,1
TXN_0001581,CUST_00156,LOW_RELIABILITY,0.48,733.5,225.57,NET_BANKING,17,FAILED,NETWORK_TIMEOUT,0
TXN_0001582,CUST_00156,LOW_RELIABILITY,0.48,733.5,1172.11,CARD,0,FAILED,TECHNICAL_ERROR,1
TXN_0001583,CUST_00156,LOW_RELIABILITY,0.48,733.5,745.62,UPI,15,FAILED,USER_ABANDONMENT,0
TXN_0001584,CUST_00157,LOW_RELIABILITY,0.36,6746.01,7941.41,UPI,12,FAILED,TEMPORARY_BANK_ERROR,1
TXN_0001585,CUST_00157,LOW_RELIABILITY,0.36,6746.01,9313.68,CARD,13,SUCCESS,,0
TXN_0001586,CUST_00157,LOW_RELIABILITY,0.36,6746.01,3990.5,CARD,19,SUCCESS,,0
TXN_0001587,CUST_00157,LOW_RELIABILITY,0.36,6746.01,8023.63,WALLET,1,FAILED,INSUFFICIENT_FUNDS,0
TXN_0001588,CUST_00157,LOW_RELIABILITY,0.36,6746.01,6023.81,CARD,21,SUCCESS,,0
TXN_0001589,CUST_00157,LOW_RELIABILITY,0.36,6746.01,9030.94,NET_BANKING,7,SUCCESS,,0
TXN_0001590,CUST_00157,LOW_RELIABILITY,0.36,6746.01,1005.89,CARD,13,FAILED,INSUFFICIENT_FUNDS,0
TXN_0001591,CUST_00157,LOW_RELIABILITY,0.36,6746.01,6478.61,CARD,15,FAILED,INSUFFICIENT_FUNDS,1
TXN_0001592,CUST_00158,HIGH_RELIABILITY,0.97,10743.64,8153.04,CARD,0,SUCCESS,,0
TXN_0001593,CUST_00158,HIGH_RELIABILITY,0.97,10743.64,12601.27,CARD,15,SUCCESS,,0
TXN_0001594,CUST_00158,HIGH_RELIABILITY,0.97,10743.64,12763.63,UPI,7,SUCCESS,,0
TXN_0001595,CUST_00158,HIGH_RELIABILITY,0.97,10743.64,7702.65,CARD,19,SUCCESS,,0
TXN_0001596,CUST_00158,HIGH_RELIABILITY,0.97,10743.64,7683.1,CARD,14,SUCCESS,,0
TXN_0001597,CUST_00158,HIGH_RELIABILITY,0.97,10743.64,10268.06,UPI,22,SUCCESS,,0
TXN_0001598,CUST_00158,HIGH_RELIABILITY,0.97,10743.64,6890.36,UPI,21,SUCCESS,,0
TXN_0001599,CUST_00158,HIGH_RELIABILITY,0.97,10743.64,14362.03,UPI,15,SUCCESS,,0
TXN_0001600,CUST_00158,HIGH_RELIABILITY,0.97,10743.64,9156.99,NET_BANKING,19,SUCCESS,,0
TXN_0001601,CUST_00158,HIGH_RELIABILITY,0.97,10743.64,100.0,CARD,2,SUCCESS,,0
TXN_0001602,CUST_00158,HIGH_RELIABILITY,0.97,10743.64,9132.86,UPI,6,SUCCESS,,0
TXN_0001603,CUST_00158,HIGH_RELIABILITY,0.97,10743.64,6280.54,CARD,13,SUCCESS,,0
TXN_0001604,CUST_00159,LOW_RELIABILITY,0.47,1378.4,478.98,UPI,6,SUCCESS,,0
TXN_0001605,CUST_00159,LOW_RELIABILITY,0.47,1378.4,696.13,WALLET,11,SUCCESS,,0
TXN_0001606,CUST_00159,LOW_RELIABILITY,0.47,1378.4,1438.72,UPI,5,FAILED,USER_ABANDONMENT,0
TXN_0001607,CUST_00159,LOW_RELIABILITY,0.47,1378.4,2110.96,NET_BANKING,10,FAILED,INSUFFICIENT_FUNDS,0
TXN_0001608,CUST_00159,LOW_RELIABILITY,0.47,1378.4,1551.08,UPI,8,SUCCESS,,0
TXN_0001609,CUST_00159,LOW_RELIABILITY,0.47,1378.4,1044.0,NET_BANKING,1,SUCCESS,,0
TXN_0001610,CUST_00159,LOW_RELIABILITY,0.47,1378.4,1629.77,CARD,4,SUCCESS,,0
TXN_0001611,CUST_00159,LOW_RELIABILITY,0.47,1378.4,1125.28,NET_BANKING,19,SUCCESS,,0
TXN_0001612,CUST_00159,LOW_RELIABILITY,0.47,1378.4,995.43,CARD,14,SUCCESS,,0
TXN_0001613,CUST_00159,LOW_RELIABILITY,0.47,1378.4,741.93,WALLET,3,SUCCESS,,0
TXN_0001614,CUST_00159,LOW_RELIABILITY,0.47,1378.4,412.51,NET_BANKING,19,SUCCESS,,0
TXN_0001615,CUST_00159,LOW_RELIABILITY,0.47,1378.4,1163.41,WALLET,17,FAILED,TEMPORARY_BANK_ERROR,1
TXN_0001616,CUST_00160,HIGH_RELIABILITY,0.9,4503.4,4788.11,WALLET,5,SUCCESS,,0
TXN_0001617,CUST_00160,HIGH_RELIABILITY,0.9,4503.4,4329.35,CARD,16,SUCCESS,,0
TXN_0001618,CUST_00160,HIGH_RELIABILITY,0.9,4503.4,3754.09,NET_BANKING,4,SUCCESS,,0
TXN_0001619,CUST_00160,HIGH_RELIABILITY,0.9,4503.4,2799.77,UPI,4,SUCCESS,,0
TXN_0001620,CUST_00160,HIGH_RELIABILITY,0.9,4503.4,5599.07,UPI,13,SUCCESS,,0
TXN_0001621,CUST_00160,HIGH_RELIABILITY,0.9,4503.4,2130.77,UPI,15,SUCCESS,,0
TXN_0001622,CUST_00160,HIGH_RELIABILITY,0.9,4503.4,5901.31,CARD,2,SUCCESS,,0
TXN_0001623,CUST_00160,HIGH_RELIABILITY,0.9,4503.4,2698.05,CARD,13,SUCCESS,,0
TXN_0001624,CUST_00161,MEDIUM_RELIABILITY,0.77,7288.66,5094.96,UPI,16,SUCCESS,,0
TXN_0001625,CUST_00161,MEDIUM_RELIABILITY,0.77,7288.66,3012.3,UPI,13,SUCCESS,,0
TXN_0001626,CUST_00161,MEDIUM_RELIABILITY,0.77,7288.66,5826.84,UPI,14,SUCCESS,,0
TXN_0001627,CUST_00161,MEDIUM_RELIABILITY,0.77,7288.66,10132.15,CARD,21,SUCCESS,,0
TXN_0001628,CUST_00161,MEDIUM_RELIABILITY,0.77,7288.66,8791.96,UPI,4,SUCCESS,,0
TXN_0001629,CUST_00161,MEDIUM_RELIABILITY,0.77,7288.66,10141.21,CARD,16,SUCCESS,,0
TXN_0001630,CUST_00161,MEDIUM_RELIABILITY,0.77,7288.66,8810.95,UPI,10,SUCCESS,,0
TXN_0001631,CUST_00161,MEDIUM_RELIABILITY,0.77,7288.66,4070.95,NET_BANKING,13,FAILED,AUTHENTICATION_FAILURE,1
TXN_0001632,CUST_00161,MEDIUM_RELIABILITY,0.77,7288.66,6324.26,CARD,18,FAILED,INSUFFICIENT_FUNDS,1
TXN_0001633,CUST_00161,MEDIUM_RELIABILITY,0.77,7288.66,5014.02,CARD,16,SUCCESS,,0
TXN_0001634,CUST_00161,MEDIUM_RELIABILITY,0.77,7288.66,11167.9,UPI,21,SUCCESS,,0
TXN_0001635,CUST_00161,MEDIUM_RELIABILITY,0.77,7288.66,3799.47,NET_BANKING,23,SUCCESS,,0
TXN_0001636,CUST_00161,MEDIUM_RELIABILITY,0.77,7288.66,9894.2,WALLET,0,SUCCESS,,0
TXN_0001637,CUST_00161,MEDIUM_RELIABILITY,0.77,7288.66,9892.03,WALLET,19,SUCCESS,,0
TXN_0001638,CUST_00161,MEDIUM_RELIABILITY,0.77,7288.66,12622.85,CARD,14,SUCCESS,,0
TXN_0001639,CUST_00162,LOW_RELIABILITY,0.54,2103.55,1758.83,CARD,19,SUCCESS,,0
TXN_0001640,CUST_00162,LOW_RELIABILITY,0.54,2103.55,2702.91,CARD,20,FAILED,TEMPORARY_BANK_ERROR,0
TXN_0001641,CUST_00162,LOW_RELIABILITY,0.54,2103.55,4023.38,UPI,10,FAILED,AUTHENTICATION_FAILURE,2
TXN_0001642,CUST_00162,LOW_RELIABILITY,0.54,2103.55,1583.85,CARD,17,FAILED,TEMPORARY_BANK_ERROR,0
TXN_0001643,CUST_00162,LOW_RELIABILITY,0.54,2103.55,811.94,CARD,20,FAILED,TEMPORARY_BANK_ERROR,1
TXN_0001644,CUST_00162,LOW_RELIABILITY,0.54,2103.55,521.67,CARD,7,SUCCESS,,0
TXN_0001645,CUST_00162,LOW_RELIABILITY,0.54,2103.55,2703.24,UPI,13,SUCCESS,,0
TXN_0001646,CUST_00162,LOW_RELIABILITY,0.54,2103.55,519.03,UPI,1,SUCCESS,,0
TXN_0001647,CUST_00162,LOW_RELIABILITY,0.54,2103.55,1790.27,UPI,16,FAILED,TEMPORARY_BANK_ERROR,1
TXN_0001648,CUST_00162,LOW_RELIABILITY,0.54,2103.55,2471.51,UPI,9,SUCCESS,,0
TXN_0001649,CUST_00162,LOW_RELIABILITY,0.54,2103.55,2259.36,UPI,10,SUCCESS,,0
TXN_0001650,CUST_00162,LOW_RELIABILITY,0.54,2103.55,2461.53,NET_BANKING,18,SUCCESS,,0
TXN_0001651,CUST_00162,LOW_RELIABILITY,0.54,2103.55,2290.59,NET_BANKING,20,SUCCESS,,0
TXN_0001652,CUST_00163,LOW_RELIABILITY,0.63,5217.7,7886.8,UPI,9,FAILED,USER_ABANDONMENT,1
TXN_0001653,CUST_00163,LOW_RELIABILITY,0.63,5217.7,3230.14,CARD,22,FAILED,AUTHENTICATION_FAILURE,0
TXN_0001654,CUST_00163,LOW_RELIABILITY,0.63,5217.7,3804.76,CARD,6,SUCCESS,,0
TXN_0001655,CUST_00163,LOW_RELIABILITY,0.63,5217.7,3605.1,UPI,3,FAILED,NETWORK_TIMEOUT,0
TXN_0001656,CUST_00163,LOW_RELIABILITY,0.63,5217.7,6950.38,UPI,13,SUCCESS,,0
TXN_0001657,CUST_00163,LOW_RELIABILITY,0.63,5217.7,7096.9,CARD,14,FAILED,AUTHENTICATION_FAILURE,0
TXN_0001658,CUST_00163,LOW_RELIABILITY,0.63,5217.7,6159.44,CARD,12,SUCCESS,,0
TXN_0001659,CUST_00163,LOW_RELIABILITY,0.63,5217.7,7687.75,CARD,20,SUCCESS,,0
TXN_0001660,CUST_00163,LOW_RELIABILITY,0.63,5217.7,2759.03,UPI,15,SUCCESS,,0
TXN_0001661,CUST_00163,LOW_RELIABILITY,0.63,5217.7,8697.33,UPI,5,FAILED,TEMPORARY_BANK_ERROR,1
TXN_0001662,CUST_00163,LOW_RELIABILITY,0.63,5217.7,8396.82,UPI,22,SUCCESS,,0
TXN_0001663,CUST_00163,LOW_RELIABILITY,0.63,5217.7,6753.0,CARD,22,FAILED,INSUFFICIENT_FUNDS,1
TXN_0001664,CUST_00163,LOW_RELIABILITY,0.63,5217.7,8936.46,WALLET,11,SUCCESS,,0
TXN_0001665,CUST_00163,LOW_RELIABILITY,0.63,5217.7,1760.19,UPI,13,FAILED,NETWORK_TIMEOUT,0
TXN_0001666,CUST_00164,LOW_RELIABILITY,0.51,4359.7,3445.13,UPI,11,FAILED,NETWORK_TIMEOUT,0
TXN_0001667,CUST_00164,LOW_RELIABILITY,0.51,4359.7,3077.42,UPI,4,FAILED,INSUFFICIENT_FUNDS,0
TXN_0001668,CUST_00164,LOW_RELIABILITY,0.51,4359.7,5617.87,NET_BANKING,9,FAILED,USER_ABANDONMENT,0
TXN_0001669,CUST_00164,LOW_RELIABILITY,0.51,4359.7,2528.38,UPI,11,FAILED,TEMPORARY_BANK_ERROR,0
TXN_0001670,CUST_00164,LOW_RELIABILITY,0.51,4359.7,5680.68,UPI,14,SUCCESS,,0
TXN_0001671,CUST_00164,LOW_RELIABILITY,0.51,4359.7,6749.75,NET_BANKING,15,SUCCESS,,0
TXN_0001672,CUST_00164,LOW_RELIABILITY,0.51,4359.7,5572.05,NET_BANKING,4,SUCCESS,,0
TXN_0001673,CUST_00164,LOW_RELIABILITY,0.51,4359.7,4854.53,CARD,14,SUCCESS,,0
TXN_0001674,CUST_00164,LOW_RELIABILITY,0.51,4359.7,2636.97,CARD,4,SUCCESS,,0
TXN_0001675,CUST_00164,LOW_RELIABILITY,0.51,4359.7,2882.89,UPI,19,SUCCESS,,0
TXN_0001676,CUST_00164,LOW_RELIABILITY,0.51,4359.7,6538.89,UPI,7,SUCCESS,,0
TXN_0001677,CUST_00164,LOW_RELIABILITY,0.51,4359.7,5718.79,UPI,1,SUCCESS,,0
TXN_0001678,CUST_00164,LOW_RELIABILITY,0.51,4359.7,4291.65,NET_BANKING,23,FAILED,TEMPORARY_BANK_ERROR,0
TXN_0001679,CUST_00165,HIGH_RELIABILITY,0.93,4468.23,3721.3,CARD,22,SUCCESS,,0
TXN_0001680,CUST_00165,HIGH_RELIABILITY,0.93,4468.23,847.52,CARD,20,SUCCESS,,0
TXN_0001681,CUST_00165,HIGH_RELIABILITY,0.93,4468.23,2554.3,UPI,19,SUCCESS,,0
TXN_0001682,CUST_00165,HIGH_RELIABILITY,0.93,4468.23,7884.49,NET_BANKING,18,SUCCESS,,0
TXN_0001683,CUST_00165,HIGH_RELIABILITY,0.93,4468.23,2179.68,NET_BANKING,16,SUCCESS,,0
TXN_0001684,CUST_00166,MEDIUM_RELIABILITY,0.73,7699.54,8283.1,CARD,17,FAILED,TEMPORARY_BANK_ERROR,1
TXN_0001685,CUST_00166,MEDIUM_RELIABILITY,0.73,7699.54,10802.28,UPI,22,SUCCESS,,0
TXN_0001686,CUST_00166,MEDIUM_RELIABILITY,0.73,7699.54,3834.61,CARD,2,SUCCESS,,0
TXN_0001687,CUST_00166,MEDIUM_RELIABILITY,0.73,7699.54,8268.41,CARD,12,SUCCESS,,0
TXN_0001688,CUST_00166,MEDIUM_RELIABILITY,0.73,7699.54,10588.15,CARD,0,SUCCESS,,0
TXN_0001689,CUST_00166,MEDIUM_RELIABILITY,0.73,7699.54,7738.04,UPI,0,SUCCESS,,0
TXN_0001690,CUST_00167,HIGH_RELIABILITY,0.88,2625.02,5636.87,UPI,2,FAILED,TEMPORARY_BANK_ERROR,0
TXN_0001691,CUST_00167,HIGH_RELIABILITY,0.88,2625.02,872.98,UPI,8,SUCCESS,,0
TXN_0001692,CUST_00167,HIGH_RELIABILITY,0.88,2625.02,3736.69,UPI,13,SUCCESS,,0
TXN_0001693,CUST_00167,HIGH_RELIABILITY,0.88,2625.02,2443.58,UPI,10,SUCCESS,,0
TXN_0001694,CUST_00167,HIGH_RELIABILITY,0.88,2625.02,3435.54,CARD,9,SUCCESS,,0
TXN_0001695,CUST_00167,HIGH_RELIABILITY,0.88,2625.02,3088.4,UPI,13,SUCCESS,,0
TXN_0001696,CUST_00167,HIGH_RELIABILITY,0.88,2625.02,1855.2,UPI,3,FAILED,TEMPORARY_BANK_ERROR,0
TXN_0001697,CUST_00167,HIGH_RELIABILITY,0.88,2625.02,2865.47,UPI,16,SUCCESS,,0
TXN_0001698,CUST_00167,HIGH_RELIABILITY,0.88,2625.02,674.21,UPI,3,SUCCESS,,0
TXN_0001699,CUST_00167,HIGH_RELIABILITY,0.88,2625.02,3258.43,UPI,17,SUCCESS,,0
TXN_0001700,CUST_00168,HIGH_RELIABILITY,0.89,1570.2,1757.47,UPI,20,SUCCESS,,0
TXN_0001701,CUST_00168,HIGH_RELIABILITY,0.89,1570.2,1971.33,NET_BANKING,8,SUCCESS,,0
TXN_0001702,CUST_00168,HIGH_RELIABILITY,0.89,1570.2,2234.78,CARD,3,SUCCESS,,0
TXN_0001703,CUST_00168,HIGH_RELIABILITY,0.89,1570.2,1801.09,CARD,4,SUCCESS,,0
TXN_0001704,CUST_00168,HIGH_RELIABILITY,0.89,1570.2,1663.21,UPI,2,SUCCESS,,0
TXN_0001705,CUST_00168,HIGH_RELIABILITY,0.89,1570.2,1016.82,CARD,4,SUCCESS,,0
TXN_0001706,CUST_00168,HIGH_RELIABILITY,0.89,1570.2,1122.87,WALLET,7,SUCCESS,,0
TXN_0001707,CUST_00168,HIGH_RELIABILITY,0.89,1570.2,2315.56,UPI,17,SUCCESS,,0
TXN_0001708,CUST_00168,HIGH_RELIABILITY,0.89,1570.2,2472.33,UPI,14,SUCCESS,,0
TXN_0001709,CUST_00168,HIGH_RELIABILITY,0.89,1570.2,1420.65,CARD,20,SUCCESS,,0
TXN_0001710,CUST_00168,HIGH_RELIABILITY,0.89,1570.2,1599.09,UPI,15,SUCCESS,,0
TXN_0001711,CUST_00168,HIGH_RELIABILITY,0.89,1570.2,1002.03,UPI,21,SUCCESS,,0
TXN_0001712,CUST_00169,HIGH_RELIABILITY,0.97,10851.21,15941.54,NET_BANKING,6,SUCCESS,,0
TXN_0001713,CUST_00169,HIGH_RELIABILITY,0.97,10851.21,13739.44,CARD,1,SUCCESS,,0
TXN_0001714,CUST_00169,HIGH_RELIABILITY,0.97,10851.21,19277.03,CARD,2,SUCCESS,,0
TXN_0001715,CUST_00169,HIGH_RELIABILITY,0.97,10851.21,7038.86,UPI,3,SUCCESS,,0
TXN_0001716,CUST_00169,HIGH_RELIABILITY,0.97,10851.21,9210.47,CARD,8,SUCCESS,,0
TXN_0001717,CUST_00169,HIGH_RELIABILITY,0.97,10851.21,11855.8,UPI,16,SUCCESS,,0
TXN_0001718,CUST_00169,HIGH_RELIABILITY,0.97,10851.21,13657.29,UPI,21,SUCCESS,,0
TXN_0001719,CUST_00169,HIGH_RELIABILITY,0.97,10851.21,9915.11,CARD,22,SUCCESS,,0
TXN_0001720,CUST_00169,HIGH_RELIABILITY,0.97,10851.21,7062.14,UPI,10,SUCCESS,,0
TXN_0001721,CUST_00169,HIGH_RELIABILITY,0.97,10851.21,14676.95,CARD,19,SUCCESS,,0
TXN_0001722,CUST_00170,LOW_RELIABILITY,0.49,865.27,1114.86,CARD,0,SUCCESS,,0
TXN_0001723,CUST_00170,LOW_RELIABILITY,0.49,865.27,548.14,UPI,0,SUCCESS,,0
TXN_0001724,CUST_00170,LOW_RELIABILITY,0.49,865.27,1334.4,UPI,22,SUCCESS,,0
TXN_0001725,CUST_00170,LOW_RELIABILITY,0.49,865.27,1270.29,NET_BANKING,17,FAILED,USER_ABANDONMENT,1
TXN_0001726,CUST_00170,LOW_RELIABILITY,0.49,865.27,911.75,CARD,21,FAILED,TEMPORARY_BANK_ERROR,3
TXN_0001727,CUST_00170,LOW_RELIABILITY,0.49,865.27,892.82,UPI,19,FAILED,TEMPORARY_BANK_ERROR,1
TXN_0001728,CUST_00170,LOW_RELIABILITY,0.49,865.27,1057.03,CARD,0,FAILED,NETWORK_TIMEOUT,0
TXN_0001729,CUST_00171,MEDIUM_RELIABILITY,0.76,4997.98,3275.27,UPI,0,SUCCESS,,0
TXN_0001730,CUST_00171,MEDIUM_RELIABILITY,0.76,4997.98,5058.02,CARD,22,SUCCESS,,0
TXN_0001731,CUST_00171,MEDIUM_RELIABILITY,0.76,4997.98,694.95,UPI,19,SUCCESS,,0
TXN_0001732,CUST_00171,MEDIUM_RELIABILITY,0.76,4997.98,6750.18,NET_BANKING,7,FAILED,INSUFFICIENT_FUNDS,0
TXN_0001733,CUST_00171,MEDIUM_RELIABILITY,0.76,4997.98,1876.26,UPI,22,SUCCESS,,0
TXN_0001734,CUST_00172,HIGH_RELIABILITY,0.9,7073.92,11327.95,UPI,20,SUCCESS,,0
TXN_0001735,CUST_00172,HIGH_RELIABILITY,0.9,7073.92,6139.82,NET_BANKING,18,SUCCESS,,0
TXN_0001736,CUST_00172,HIGH_RELIABILITY,0.9,7073.92,6474.99,UPI,6,SUCCESS,,0
TXN_0001737,CUST_00172,HIGH_RELIABILITY,0.9,7073.92,5297.7,CARD,21,SUCCESS,,0
TXN_0001738,CUST_00172,HIGH_RELIABILITY,0.9,7073.92,6258.89,UPI,18,SUCCESS,,0
TXN_0001739,CUST_00172,HIGH_RELIABILITY,0.9,7073.92,11087.75,UPI,8,SUCCESS,,0
TXN_0001740,CUST_00172,HIGH_RELIABILITY,0.9,7073.92,100.0,NET_BANKING,16,SUCCESS,,0
TXN_0001741,CUST_00172,HIGH_RELIABILITY,0.9,7073.92,10687.18,UPI,21,FAILED,TECHNICAL_ERROR,1
TXN_0001742,CUST_00173,LOW_RELIABILITY,0.47,4387.78,4981.05,UPI,17,SUCCESS,,0
TXN_0001743,CUST_00173,LOW_RELIABILITY,0.47,4387.78,2269.32,UPI,13,SUCCESS,,0
TXN_0001744,CUST_00173,LOW_RELIABILITY,0.47,4387.78,2500.49,WALLET,1,SUCCESS,,0
TXN_0001745,CUST_00173,LOW_RELIABILITY,0.47,4387.78,7330.04,UPI,13,FAILED,AUTHENTICATION_FAILURE,0
TXN_0001746,CUST_00173,LOW_RELIABILITY,0.47,4387.78,2728.31,UPI,1,SUCCESS,,0
TXN_0001747,CUST_00173,LOW_RELIABILITY,0.47,4387.78,2363.52,UPI,8,SUCCESS,,0
TXN_0001748,CUST_00173,LOW_RELIABILITY,0.47,4387.78,6383.89,CARD,10,FAILED,TEMPORARY_BANK_ERROR,0
TXN_0001749,CUST_00173,LOW_RELIABILITY,0.47,4387.78,4981.98,CARD,0,SUCCESS,,0
TXN_0001750,CUST_00173,LOW_RELIABILITY,0.47,4387.78,2741.62,UPI,22,FAILED,TEMPORARY_BANK_ERROR,0
TXN_0001751,CUST_00173,LOW_RELIABILITY,0.47,4387.78,4767.98,UPI,9,FAILED,INSUFFICIENT_FUNDS,0
TXN_0001752,CUST_00173,LOW_RELIABILITY,0.47,4387.78,2587.47,UPI,0,SUCCESS,,0
TXN_0001753,CUST_00173,LOW_RELIABILITY,0.47,4387.78,6319.84,CARD,10,SUCCESS,,0
TXN_0001754,CUST_00173,LOW_RELIABILITY,0.47,4387.78,6250.6,UPI,15,FAILED,NETWORK_TIMEOUT,0
TXN_0001755,CUST_00173,LOW_RELIABILITY,0.47,4387.78,5321.51,UPI,7,SUCCESS,,0
TXN_0001756,CUST_00174,HIGH_RELIABILITY,0.95,1634.26,1870.68,CARD,3,SUCCESS,,0
TXN_0001757,CUST_00174,HIGH_RELIABILITY,0.95,1634.26,2785.56,CARD,2,SUCCESS,,0
TXN_0001758,CUST_00174,HIGH_RELIABILITY,0.95,1634.26,1634.05,WALLET,12,SUCCESS,,0
TXN_0001759,CUST_00174,HIGH_RELIABILITY,0.95,1634.26,861.66,NET_BANKING,2,SUCCESS,,0
TXN_0001760,CUST_00174,HIGH_RELIABILITY,0.95,1634.26,1928.08,UPI,14,SUCCESS,,0
TXN_0001761,CUST_00174,HIGH_RELIABILITY,0.95,1634.26,2997.92,CARD,13,FAILED,AUTHENTICATION_FAILURE,0
TXN_0001762,CUST_00174,HIGH_RELIABILITY,0.95,1634.26,970.91,UPI,12,SUCCESS,,0
TXN_0001763,CUST_00174,HIGH_RELIABILITY,0.95,1634.26,1397.97,CARD,13,SUCCESS,,0
TXN_0001764,CUST_00174,HIGH_RELIABILITY,0.95,1634.26,1906.49,CARD,21,SUCCESS,,0
TXN_0001765,CUST_00174,HIGH_RELIABILITY,0.95,1634.26,1599.02,CARD,14,SUCCESS,,0
TXN_0001766,CUST_00174,HIGH_RELIABILITY,0.95,1634.26,992.12,NET_BANKING,19,SUCCESS,,0
TXN_0001767,CUST_00174,HIGH_RELIABILITY,0.95,1634.26,2367.62,CARD,21,SUCCESS,,0
TXN_0001768,CUST_00174,HIGH_RELIABILITY,0.95,1634.26,3150.88,CARD,10,SUCCESS,,0
TXN_0001769,CUST_00174,HIGH_RELIABILITY,0.95,1634.26,1762.47,UPI,0,SUCCESS,,0
TXN_0001770,CUST_00175,MEDIUM_RELIABILITY,0.73,6445.67,4114.74,CARD,6,SUCCESS,,0
TXN_0001771,CUST_00175,MEDIUM_RELIABILITY,0.73,6445.67,2452.03,UPI,16,FAILED,NETWORK_TIMEOUT,1
TXN_0001772,CUST_00175,MEDIUM_RELIABILITY,0.73,6445.67,7110.8,UPI,7,FAILED,TEMPORARY_BANK_ERROR,0
TXN_0001773,CUST_00175,MEDIUM_RELIABILITY,0.73,6445.67,9291.76,CARD,16,SUCCESS,,0
TXN_0001774,CUST_00175,MEDIUM_RELIABILITY,0.73,6445.67,7670.78,NET_BANKING,9,SUCCESS,,0
TXN_0001775,CUST_00175,MEDIUM_RELIABILITY,0.73,6445.67,6439.47,CARD,4,FAILED,NETWORK_TIMEOUT,0
TXN_0001776,CUST_00176,HIGH_RELIABILITY,0.94,12990.86,9928.8,WALLET,16,SUCCESS,,0
TXN_0001777,CUST_00176,HIGH_RELIABILITY,0.94,12990.86,7315.6,CARD,1,SUCCESS,,0
TXN_0001778,CUST_00176,HIGH_RELIABILITY,0.94,12990.86,17328.52,NET_BANKING,17,SUCCESS,,0
TXN_0001779,CUST_00176,HIGH_RELIABILITY,0.94,12990.86,17739.13,UPI,6,SUCCESS,,0
TXN_0001780,CUST_00176,HIGH_RELIABILITY,0.94,12990.86,4958.72,CARD,6,SUCCESS,,0
TXN_0001781,CUST_00176,HIGH_RELIABILITY,0.94,12990.86,21252.21,UPI,21,SUCCESS,,0
TXN_0001782,CUST_00176,HIGH_RELIABILITY,0.94,12990.86,15973.93,CARD,14,SUCCESS,,0
TXN_0001783,CUST_00176,HIGH_RELIABILITY,0.94,12990.86,20263.64,UPI,18,SUCCESS,,0
TXN_0001784,CUST_00176,HIGH_RELIABILITY,0.94,12990.86,6016.7,UPI,9,SUCCESS,,0
TXN_0001785,CUST_00176,HIGH_RELIABILITY,0.94,12990.86,5893.57,UPI,14,SUCCESS,,0
TXN_0001786,CUST_00177,MEDIUM_RELIABILITY,0.79,2047.88,1925.85,CARD,0,SUCCESS,,0
TXN_0001787,CUST_00177,MEDIUM_RELIABILITY,0.79,2047.88,2459.74,CARD,14,SUCCESS,,0
TXN_0001788,CUST_00177,MEDIUM_RELIABILITY,0.79,2047.88,3519.37,UPI,23,SUCCESS,,0
TXN_0001789,CUST_00177,MEDIUM_RELIABILITY,0.79,2047.88,2626.27,NET_BANKING,23,SUCCESS,,0
TXN_0001790,CUST_00177,MEDIUM_RELIABILITY,0.79,2047.88,1849.09,UPI,0,SUCCESS,,0
TXN_0001791,CUST_00178,MEDIUM_RELIABILITY,0.67,6602.98,3892.14,UPI,17,FAILED,NETWORK_TIMEOUT,0
TXN_0001792,CUST_00178,MEDIUM_RELIABILITY,0.67,6602.98,9851.65,CARD,11,FAILED,TEMPORARY_BANK_ERROR,0
TXN_0001793,CUST_00178,MEDIUM_RELIABILITY,0.67,6602.98,4055.01,UPI,8,SUCCESS,,0
TXN_0001794,CUST_00178,MEDIUM_RELIABILITY,0.67,6602.98,10904.08,UPI,17,FAILED,TEMPORARY_BANK_ERROR,0
TXN_0001795,CUST_00178,MEDIUM_RELIABILITY,0.67,6602.98,5851.87,UPI,3,FAILED,AUTHENTICATION_FAILURE,0
TXN_0001796,CUST_00178,MEDIUM_RELIABILITY,0.67,6602.98,10804.01,NET_BANKING,3,FAILED,TEMPORARY_BANK_ERROR,0
TXN_0001797,CUST_00179,HIGH_RELIABILITY,0.88,9200.86,11699.56,NET_BANKING,21,SUCCESS,,0
TXN_0001798,CUST_00179,HIGH_RELIABILITY,0.88,9200.86,8696.67,CARD,19,SUCCESS,,0
TXN_0001799,CUST_00179,HIGH_RELIABILITY,0.88,9200.86,7289.3,NET_BANKING,2,FAILED,USER_ABANDONMENT,0
TXN_0001800,CUST_00179,HIGH_RELIABILITY,0.88,9200.86,7946.2,UPI,17,SUCCESS,,0
TXN_0001801,CUST_00179,HIGH_RELIABILITY,0.88,9200.86,10777.21,UPI,19,SUCCESS,,0
TXN_0001802,CUST_00179,HIGH_RELIABILITY,0.88,9200.86,9484.82,CARD,1,SUCCESS,,0
TXN_0001803,CUST_00179,HIGH_RELIABILITY,0.88,9200.86,7015.43,CARD,17,SUCCESS,,0
TXN_0001804,CUST_00179,HIGH_RELIABILITY,0.88,9200.86,8591.28,UPI,7,FAILED,USER_ABANDONMENT,2
TXN_0001805,CUST_00179,HIGH_RELIABILITY,0.88,9200.86,9490.05,NET_BANKING,18,SUCCESS,,0
TXN_0001806,CUST_00179,HIGH_RELIABILITY,0.88,9200.86,1366.39,UPI,2,SUCCESS,,0
TXN_0001807,CUST_00180,LOW_RELIABILITY,0.62,4113.22,4867.04,CARD,5,SUCCESS,,0
TXN_0001808,CUST_00180,LOW_RELIABILITY,0.62,4113.22,2501.3,NET_BANKING,20,SUCCESS,,0
TXN_0001809,CUST_00180,LOW_RELIABILITY,0.62,4113.22,2215.66,UPI,16,SUCCESS,,0
TXN_0001810,CUST_00180,LOW_RELIABILITY,0.62,4113.22,1337.05,UPI,11,SUCCESS,,0
TXN_0001811,CUST_00180,LOW_RELIABILITY,0.62,4113.22,1161.75,CARD,15,SUCCESS,,0
TXN_0001812,CUST_00180,LOW_RELIABILITY,0.62,4113.22,1883.12,CARD,20,SUCCESS,,0
TXN_0001813,CUST_00180,LOW_RELIABILITY,0.62,4113.22,2946.68,CARD,1,FAILED,USER_ABANDONMENT,0
TXN_0001814,CUST_00180,LOW_RELIABILITY,0.62,4113.22,7326.89,UPI,6,FAILED,USER_ABANDONMENT,0
TXN_0001815,CUST_00180,LOW_RELIABILITY,0.62,4113.22,3248.0,WALLET,11,FAILED,TEMPORARY_BANK_ERROR,1
TXN_0001816,CUST_00180,LOW_RELIABILITY,0.62,4113.22,4405.67,UPI,16,FAILED,INSUFFICIENT_FUNDS,0
TXN_0001817,CUST_00180,LOW_RELIABILITY,0.62,4113.22,4772.13,CARD,13,SUCCESS,,0
TXN_0001818,CUST_00180,LOW_RELIABILITY,0.62,4113.22,4328.86,UPI,11,SUCCESS,,0
TXN_0001819,CUST_00180,LOW_RELIABILITY,0.62,4113.22,3985.8,UPI,12,FAILED,NETWORK_TIMEOUT,0
TXN_0001820,CUST_00180,LOW_RELIABILITY,0.62,4113.22,2146.62,UPI,2,FAILED,INSUFFICIENT_FUNDS,0
TXN_0001821,CUST_00180,LOW_RELIABILITY,0.62,4113.22,6500.41,UPI,8,SUCCESS,,0
TXN_0001822,CUST_00181,HIGH_RELIABILITY,0.92,10006.04,17239.19,UPI,11,FAILED,TEMPORARY_BANK_ERROR,0
TXN_0001823,CUST_00181,HIGH_RELIABILITY,0.92,10006.04,3271.34,UPI,9,SUCCESS,,0
TXN_0001824,CUST_00181,HIGH_RELIABILITY,0.92,10006.04,5907.45,NET_BANKING,8,SUCCESS,,0
TXN_0001825,CUST_00181,HIGH_RELIABILITY,0.92,10006.04,8886.12,CARD,4,SUCCESS,,0
TXN_0001826,CUST_00181,HIGH_RELIABILITY,0.92,10006.04,6145.56,NET_BANKING,23,SUCCESS,,0
TXN_0001827,CUST_00181,HIGH_RELIABILITY,0.92,10006.04,12031.12,UPI,9,SUCCESS,,0
TXN_0001828,CUST_00182,MEDIUM_RELIABILITY,0.75,5683.36,4027.75,NET_BANKING,12,SUCCESS,,0
TXN_0001829,CUST_00182,MEDIUM_RELIABILITY,0.75,5683.36,10605.28,NET_BANKING,20,FAILED,AUTHENTICATION_FAILURE,3
TXN_0001830,CUST_00182,MEDIUM_RELIABILITY,0.75,5683.36,8389.89,WALLET,12,FAILED,AUTHENTICATION_FAILURE,0
TXN_0001831,CUST_00182,MEDIUM_RELIABILITY,0.75,5683.36,6166.61,UPI,18,SUCCESS,,0
TXN_0001832,CUST_00182,MEDIUM_RELIABILITY,0.75,5683.36,8018.05,NET_BANKING,23,SUCCESS,,0
TXN_0001833,CUST_00182,MEDIUM_RELIABILITY,0.75,5683.36,8197.45,UPI,2,SUCCESS,,0
TXN_0001834,CUST_00182,MEDIUM_RELIABILITY,0.75,5683.36,4401.31,UPI,22,SUCCESS,,0
TXN_0001835,CUST_00182,MEDIUM_RELIABILITY,0.75,5683.36,3827.82,UPI,17,FAILED,TEMPORARY_BANK_ERROR,2
TXN_0001836,CUST_00182,MEDIUM_RELIABILITY,0.75,5683.36,5861.01,UPI,23,FAILED,USER_ABANDONMENT,1
TXN_0001837,CUST_00182,MEDIUM_RELIABILITY,0.75,5683.36,7642.16,UPI,13,SUCCESS,,0
TXN_0001838,CUST_00183,MEDIUM_RELIABILITY,0.86,4167.98,4399.82,NET_BANKING,22,SUCCESS,,0
TXN_0001839,CUST_00183,MEDIUM_RELIABILITY,0.86,4167.98,1538.82,UPI,0,SUCCESS,,0
TXN_0001840,CUST_00183,MEDIUM_RELIABILITY,0.86,4167.98,2829.52,UPI,4,SUCCESS,,0
TXN_0001841,CUST_00183,MEDIUM_RELIABILITY,0.86,4167.98,4044.65,WALLET,10,SUCCESS,,0
TXN_0001842,CUST_00183,MEDIUM_RELIABILITY,0.86,4167.98,4041.83,NET_BANKING,19,SUCCESS,,0
TXN_0001843,CUST_00183,MEDIUM_RELIABILITY,0.86,4167.98,7456.59,UPI,12,SUCCESS,,0
TXN_0001844,CUST_00183,MEDIUM_RELIABILITY,0.86,4167.98,1857.27,UPI,17,SUCCESS,,0
TXN_0001845,CUST_00183,MEDIUM_RELIABILITY,0.86,4167.98,5010.89,CARD,10,SUCCESS,,0
TXN_0001846,CUST_00183,MEDIUM_RELIABILITY,0.86,4167.98,6650.62,CARD,9,FAILED,TEMPORARY_BANK_ERROR,0
TXN_0001847,CUST_00183,MEDIUM_RELIABILITY,0.86,4167.98,7954.92,UPI,22,SUCCESS,,0
TXN_0001848,CUST_00183,MEDIUM_RELIABILITY,0.86,4167.98,3493.77,UPI,6,FAILED,TECHNICAL_ERROR,0
TXN_0001849,CUST_00184,HIGH_RELIABILITY,0.99,13674.91,16363.01,UPI,16,SUCCESS,,0
TXN_0001850,CUST_00184,HIGH_RELIABILITY,0.99,13674.91,16791.48,UPI,16,FAILED,NETWORK_TIMEOUT,2
TXN_0001851,CUST_00184,HIGH_RELIABILITY,0.99,13674.91,14744.19,UPI,3,SUCCESS,,0
TXN_0001852,CUST_00184,HIGH_RELIABILITY,0.99,13674.91,13134.23,UPI,23,SUCCESS,,0
TXN_0001853,CUST_00184,HIGH_RELIABILITY,0.99,13674.91,16059.68,WALLET,6,SUCCESS,,0
TXN_0001854,CUST_00184,HIGH_RELIABILITY,0.99,13674.91,100.0,UPI,13,SUCCESS,,0
TXN_0001855,CUST_00184,HIGH_RELIABILITY,0.99,13674.91,17405.81,CARD,5,SUCCESS,,0
TXN_0001856,CUST_00184,HIGH_RELIABILITY,0.99,13674.91,14365.1,WALLET,18,SUCCESS,,0
TXN_0001857,CUST_00185,LOW_RELIABILITY,0.41,671.66,611.89,CARD,6,FAILED,TEMPORARY_BANK_ERROR,0
TXN_0001858,CUST_00185,LOW_RELIABILITY,0.41,671.66,1221.58,UPI,7,FAILED,TECHNICAL_ERROR,2
TXN_0001859,CUST_00185,LOW_RELIABILITY,0.41,671.66,490.33,CARD,18,FAILED,TEMPORARY_BANK_ERROR,1
TXN_0001860,CUST_00185,LOW_RELIABILITY,0.41,671.66,563.37,WALLET,11,SUCCESS,,0
TXN_0001861,CUST_00185,LOW_RELIABILITY,0.41,671.66,1206.72,CARD,9,FAILED,USER_ABANDONMENT,1
TXN_0001862,CUST_00185,LOW_RELIABILITY,0.41,671.66,448.12,UPI,5,SUCCESS,,0
TXN_0001863,CUST_00185,LOW_RELIABILITY,0.41,671.66,523.86,CARD,14,FAILED,AUTHENTICATION_FAILURE,1
TXN_0001864,CUST_00185,LOW_RELIABILITY,0.41,671.66,632.16,UPI,22,SUCCESS,,0
TXN_0001865,CUST_00185,LOW_RELIABILITY,0.41,671.66,897.54,UPI,5,FAILED,INSUFFICIENT_FUNDS,0
TXN_0001866,CUST_00185,LOW_RELIABILITY,0.41,671.66,727.49,WALLET,22,SUCCESS,,0
TXN_0001867,CUST_00185,LOW_RELIABILITY,0.41,671.66,324.38,WALLET,15,FAILED,AUTHENTICATION_FAILURE,0
TXN_0001868,CUST_00185,LOW_RELIABILITY,0.41,671.66,528.69,UPI,3,FAILED,USER_ABANDONMENT,0
TXN_0001869,CUST_00185,LOW_RELIABILITY,0.41,671.66,508.49,UPI,6,FAILED,NETWORK_TIMEOUT,0
TXN_0001870,CUST_00185,LOW_RELIABILITY,0.41,671.66,650.91,CARD,23,FAILED,NETWORK_TIMEOUT,0
TXN_0001871,CUST_00185,LOW_RELIABILITY,0.41,671.66,786.07,UPI,1,FAILED,TEMPORARY_BANK_ERROR,2
TXN_0001872,CUST_00186,MEDIUM_RELIABILITY,0.67,673.11,785.71,CARD,14,SUCCESS,,0
TXN_0001873,CUST_00186,MEDIUM_RELIABILITY,0.67,673.11,194.93,UPI,17,SUCCESS,,0
TXN_0001874,CUST_00186,MEDIUM_RELIABILITY,0.67,673.11,959.57,CARD,14,FAILED,USER_ABANDONMENT,1
TXN_0001875,CUST_00186,MEDIUM_RELIABILITY,0.67,673.11,741.11,UPI,0,SUCCESS,,0
TXN_0001876,CUST_00186,MEDIUM_RELIABILITY,0.67,673.11,1045.89,UPI,3,SUCCESS,,0
TXN_0001877,CUST_00186,MEDIUM_RELIABILITY,0.67,673.11,792.71,UPI,2,SUCCESS,,0
TXN_0001878,CUST_00186,MEDIUM_RELIABILITY,0.67,673.11,969.63,UPI,8,FAILED,NETWORK_TIMEOUT,0
TXN_0001879,CUST_00186,MEDIUM_RELIABILITY,0.67,673.11,798.72,UPI,21,SUCCESS,,0
TXN_0001880,CUST_00186,MEDIUM_RELIABILITY,0.67,673.11,1035.57,UPI,1,SUCCESS,,0
TXN_0001881,CUST_00186,MEDIUM_RELIABILITY,0.67,673.11,813.72,NET_BANKING,20,SUCCESS,,0
TXN_0001882,CUST_00187,HIGH_RELIABILITY,0.89,10562.09,10148.41,NET_BANKING,12,SUCCESS,,0
TXN_0001883,CUST_00187,HIGH_RELIABILITY,0.89,10562.09,20162.75,UPI,19,FAILED,USER_ABANDONMENT,1
TXN_0001884,CUST_00187,HIGH_RELIABILITY,0.89,10562.09,14318.13,WALLET,11,SUCCESS,,0
TXN_0001885,CUST_00187,HIGH_RELIABILITY,0.89,10562.09,12986.07,UPI,0,SUCCESS,,0
TXN_0001886,CUST_00187,HIGH_RELIABILITY,0.89,10562.09,5169.91,WALLET,10,SUCCESS,,0
TXN_0001887,CUST_00187,HIGH_RELIABILITY,0.89,10562.09,5119.2,CARD,2,SUCCESS,,0
TXN_0001888,CUST_00187,HIGH_RELIABILITY,0.89,10562.09,11798.76,NET_BANKING,21,SUCCESS,,0
TXN_0001889,CUST_00187,HIGH_RELIABILITY,0.89,10562.09,11176.89,UPI,13,SUCCESS,,0
TXN_0001890,CUST_00187,HIGH_RELIABILITY,0.89,10562.09,7967.52,NET_BANKING,10,SUCCESS,,0
TXN_0001891,CUST_00187,HIGH_RELIABILITY,0.89,10562.09,11157.72,UPI,6,SUCCESS,,0
TXN_0001892,CUST_00187,HIGH_RELIABILITY,0.89,10562.09,17273.78,UPI,13,SUCCESS,,0
TXN_0001893,CUST_00187,HIGH_RELIABILITY,0.89,10562.09,13500.05,UPI,11,SUCCESS,,0
TXN_0001894,CUST_00187,HIGH_RELIABILITY,0.89,10562.09,5741.52,UPI,20,SUCCESS,,0
TXN_0001895,CUST_00187,HIGH_RELIABILITY,0.89,10562.09,10090.98,UPI,14,SUCCESS,,0
TXN_0001896,CUST_00187,HIGH_RELIABILITY,0.89,10562.09,7161.24,CARD,8,SUCCESS,,0
TXN_0001897,CUST_00188,LOW_RELIABILITY,0.37,2369.03,2001.64,UPI,6,FAILED,USER_ABANDONMENT,0
TXN_0001898,CUST_00188,LOW_RELIABILITY,0.37,2369.03,1977.08,WALLET,22,FAILED,TECHNICAL_ERROR,2
TXN_0001899,CUST_00188,LOW_RELIABILITY,0.37,2369.03,1916.41,UPI,3,FAILED,TECHNICAL_ERROR,1
TXN_0001900,CUST_00188,LOW_RELIABILITY,0.37,2369.03,1179.65,CARD,22,FAILED,TEMPORARY_BANK_ERROR,1
TXN_0001901,CUST_00188,LOW_RELIABILITY,0.37,2369.03,2248.06,CARD,21,FAILED,NETWORK_TIMEOUT,1
TXN_0001902,CUST_00188,LOW_RELIABILITY,0.37,2369.03,1837.79,CARD,12,FAILED,AUTHENTICATION_FAILURE,0
TXN_0001903,CUST_00188,LOW_RELIABILITY,0.37,2369.03,100.0,CARD,0,FAILED,INSUFFICIENT_FUNDS,2
TXN_0001904,CUST_00188,LOW_RELIABILITY,0.37,2369.03,4314.45,UPI,23,FAILED,TEMPORARY_BANK_ERROR,0
TXN_0001905,CUST_00188,LOW_RELIABILITY,0.37,2369.03,3400.76,UPI,15,FAILED,TEMPORARY_BANK_ERROR,0
TXN_0001906,CUST_00188,LOW_RELIABILITY,0.37,2369.03,2012.44,UPI,23,FAILED,TECHNICAL_ERROR,1
TXN_0001907,CUST_00189,LOW_RELIABILITY,0.6,358.25,360.95,UPI,10,SUCCESS,,0
TXN_0001908,CUST_00189,LOW_RELIABILITY,0.6,358.25,190.35,NET_BANKING,16,SUCCESS,,0
TXN_0001909,CUST_00189,LOW_RELIABILITY,0.6,358.25,601.25,UPI,9,SUCCESS,,0
TXN_0001910,CUST_00189,LOW_RELIABILITY,0.6,358.25,630.13,UPI,23,FAILED,TEMPORARY_BANK_ERROR,0
TXN_0001911,CUST_00189,LOW_RELIABILITY,0.6,358.25,380.7,WALLET,21,SUCCESS,,0
TXN_0001912,CUST_00189,LOW_RELIABILITY,0.6,358.25,504.92,NET_BANKING,22,SUCCESS,,0
TXN_0001913,CUST_00189,LOW_RELIABILITY,0.6,358.25,383.37,CARD,12,SUCCESS,,0
TXN_0001914,CUST_00189,LOW_RELIABILITY,0.6,358.25,166.7,UPI,20,FAILED,USER_ABANDONMENT,0
TXN_0001915,CUST_00189,LOW_RELIABILITY,0.6,358.25,299.24,UPI,20,SUCCESS,,0
TXN_0001916,CUST_00189,LOW_RELIABILITY,0.6,358.25,377.16,WALLET,4,FAILED,INSUFFICIENT_FUNDS,1
TXN_0001917,CUST_00190,HIGH_RELIABILITY,0.97,4945.97,4046.7,UPI,2,SUCCESS,,0
TXN_0001918,CUST_00190,HIGH_RELIABILITY,0.97,4945.97,4513.39,CARD,5,SUCCESS,,0
TXN_0001919,CUST_00190,HIGH_RELIABILITY,0.97,4945.97,4765.15,UPI,5,SUCCESS,,0
TXN_0001920,CUST_00190,HIGH_RELIABILITY,0.97,4945.97,4785.96,UPI,18,SUCCESS,,0
TXN_0001921,CUST_00190,HIGH_RELIABILITY,0.97,4945.97,5049.36,CARD,8,SUCCESS,,0
TXN_0001922,CUST_00190,HIGH_RELIABILITY,0.97,4945.97,2847.68,CARD,11,SUCCESS,,0
TXN_0001923,CUST_00190,HIGH_RELIABILITY,0.97,4945.97,3527.43,UPI,14,SUCCESS,,0
TXN_0001924,CUST_00190,HIGH_RELIABILITY,0.97,4945.97,2404.56,CARD,13,SUCCESS,,0
TXN_0001925,CUST_00191,LOW_RELIABILITY,0.38,4937.81,6869.12,UPI,12,FAILED,TEMPORARY_BANK_ERROR,2
TXN_0001926,CUST_00191,LOW_RELIABILITY,0.38,4937.81,778.9,UPI,17,FAILED,AUTHENTICATION_FAILURE,0
TXN_0001927,CUST_00191,LOW_RELIABILITY,0.38,4937.81,7216.29,CARD,14,FAILED,INSUFFICIENT_FUNDS,0
TXN_0001928,CUST_00191,LOW_RELIABILITY,0.38,4937.81,7676.02,UPI,22,FAILED,TEMPORARY_BANK_ERROR,0
TXN_0001929,CUST_00191,LOW_RELIABILITY,0.38,4937.81,4340.97,UPI,16,SUCCESS,,0
TXN_0001930,CUST_00191,LOW_RELIABILITY,0.38,4937.81,100.0,UPI,12,SUCCESS,,0
TXN_0001931,CUST_00191,LOW_RELIABILITY,0.38,4937.81,4224.18,WALLET,23,FAILED,INSUFFICIENT_FUNDS,1
TXN_0001932,CUST_00191,LOW_RELIABILITY,0.38,4937.81,4811.04,CARD,13,SUCCESS,,0
TXN_0001933,CUST_00191,LOW_RELIABILITY,0.38,4937.81,2941.75,WALLET,3,FAILED,INSUFFICIENT_FUNDS,0
TXN_0001934,CUST_00191,LOW_RELIABILITY,0.38,4937.81,3920.19,UPI,8,SUCCESS,,0
TXN_0001935,CUST_00191,LOW_RELIABILITY,0.38,4937.81,7960.14,NET_BANKING,11,FAILED,INSUFFICIENT_FUNDS,1
TXN_0001936,CUST_00191,LOW_RELIABILITY,0.38,4937.81,6251.12,CARD,20,FAILED,NETWORK_TIMEOUT,0
TXN_0001937,CUST_00192,LOW_RELIABILITY,0.53,6166.81,3886.17,UPI,11,SUCCESS,,0
TXN_0001938,CUST_00192,LOW_RELIABILITY,0.53,6166.81,2225.97,CARD,22,SUCCESS,,0
TXN_0001939,CUST_00192,LOW_RELIABILITY,0.53,6166.81,5360.15,UPI,19,FAILED,AUTHENTICATION_FAILURE,0
TXN_0001940,CUST_00192,LOW_RELIABILITY,0.53,6166.81,5640.27,CARD,21,SUCCESS,,0
TXN_0001941,CUST_00192,LOW_RELIABILITY,0.53,6166.81,7390.8,UPI,2,SUCCESS,,0
TXN_0001942,CUST_00192,LOW_RELIABILITY,0.53,6166.81,4846.33,WALLET,12,SUCCESS,,0
TXN_0001943,CUST_00192,LOW_RELIABILITY,0.53,6166.81,7428.54,WALLET,2,SUCCESS,,0
TXN_0001944,CUST_00192,LOW_RELIABILITY,0.53,6166.81,10940.3,UPI,13,FAILED,NETWORK_TIMEOUT,1
TXN_0001945,CUST_00192,LOW_RELIABILITY,0.53,6166.81,8178.43,CARD,17,SUCCESS,,0
TXN_0001946,CUST_00192,LOW_RELIABILITY,0.53,6166.81,6048.19,UPI,9,SUCCESS,,0
TXN_0001947,CUST_00192,LOW_RELIABILITY,0.53,6166.81,5715.03,NET_BANKING,23,SUCCESS,,0
TXN_0001948,CUST_00192,LOW_RELIABILITY,0.53,6166.81,5287.0,UPI,18,SUCCESS,,0
TXN_0001949,CUST_00193,HIGH_RELIABILITY,0.96,12248.73,18033.27,NET_BANKING,8,SUCCESS,,0
TXN_0001950,CUST_00193,HIGH_RELIABILITY,0.96,12248.73,9175.21,WALLET,12,SUCCESS,,0
TXN_0001951,CUST_00193,HIGH_RELIABILITY,0.96,12248.73,12470.3,UPI,5,SUCCESS,,0
TXN_0001952,CUST_00193,HIGH_RELIABILITY,0.96,12248.73,12499.57,UPI,2,SUCCESS,,0
TXN_0001953,CUST_00193,HIGH_RELIABILITY,0.96,12248.73,9790.24,UPI,13,SUCCESS,,0
TXN_0001954,CUST_00193,HIGH_RELIABILITY,0.96,12248.73,5524.35,CARD,5,SUCCESS,,0
TXN_0001955,CUST_00193,HIGH_RELIABILITY,0.96,12248.73,13831.14,UPI,4,SUCCESS,,0
TXN_0001956,CUST_00193,HIGH_RELIABILITY,0.96,12248.73,11949.84,UPI,3,SUCCESS,,0
TXN_0001957,CUST_00193,HIGH_RELIABILITY,0.96,12248.73,14699.65,NET_BANKING,5,SUCCESS,,0
TXN_0001958,CUST_00193,HIGH_RELIABILITY,0.96,12248.73,9634.36,CARD,6,SUCCESS,,0
TXN_0001959,CUST_00194,MEDIUM_RELIABILITY,0.71,2185.68,3253.01,UPI,19,FAILED,INSUFFICIENT_FUNDS,0
TXN_0001960,CUST_00194,MEDIUM_RELIABILITY,0.71,2185.68,1419.14,UPI,3,FAILED,NETWORK_TIMEOUT,0
TXN_0001961,CUST_00194,MEDIUM_RELIABILITY,0.71,2185.68,3682.47,CARD,21,SUCCESS,,0
TXN_0001962,CUST_00194,MEDIUM_RELIABILITY,0.71,2185.68,657.77,UPI,8,SUCCESS,,0
TXN_0001963,CUST_00194,MEDIUM_RELIABILITY,0.71,2185.68,2565.79,UPI,18,SUCCESS,,0
TXN_0001964,CUST_00194,MEDIUM_RELIABILITY,0.71,2185.68,2601.34,UPI,6,SUCCESS,,0
TXN_0001965,CUST_00194,MEDIUM_RELIABILITY,0.71,2185.68,1490.15,UPI,19,SUCCESS,,0
TXN_0001966,CUST_00194,MEDIUM_RELIABILITY,0.71,2185.68,2556.72,WALLET,8,SUCCESS,,0
TXN_0001967,CUST_00194,MEDIUM_RELIABILITY,0.71,2185.68,3304.33,CARD,10,SUCCESS,,0
TXN_0001968,CUST_00194,MEDIUM_RELIABILITY,0.71,2185.68,247.58,UPI,21,SUCCESS,,0
TXN_0001969,CUST_00194,MEDIUM_RELIABILITY,0.71,2185.68,2625.22,WALLET,7,SUCCESS,,0
TXN_0001970,CUST_00195,LOW_RELIABILITY,0.57,5686.48,100.0,UPI,19,FAILED,NETWORK_TIMEOUT,0
TXN_0001971,CUST_00195,LOW_RELIABILITY,0.57,5686.48,3489.99,UPI,14,SUCCESS,,0
TXN_0001972,CUST_00195,LOW_RELIABILITY,0.57,5686.48,9392.17,UPI,4,FAILED,TEMPORARY_BANK_ERROR,0
TXN_0001973,CUST_00195,LOW_RELIABILITY,0.57,5686.48,4363.16,WALLET,7,FAILED,INSUFFICIENT_FUNDS,1
TXN_0001974,CUST_00195,LOW_RELIABILITY,0.57,5686.48,3016.38,CARD,13,SUCCESS,,0
TXN_0001975,CUST_00195,LOW_RELIABILITY,0.57,5686.48,5236.25,UPI,20,SUCCESS,,0
TXN_0001976,CUST_00195,LOW_RELIABILITY,0.57,5686.48,10390.12,NET_BANKING,0,SUCCESS,,0
TXN_0001977,CUST_00195,LOW_RELIABILITY,0.57,5686.48,1520.15,NET_BANKING,23,FAILED,NETWORK_TIMEOUT,1
TXN_0001978,CUST_00195,LOW_RELIABILITY,0.57,5686.48,3295.18,UPI,19,SUCCESS,,0
TXN_0001979,CUST_00195,LOW_RELIABILITY,0.57,5686.48,9092.53,UPI,15,SUCCESS,,0
TXN_0001980,CUST_00195,LOW_RELIABILITY,0.57,5686.48,9911.99,NET_BANKING,3,SUCCESS,,0
TXN_0001981,CUST_00195,LOW_RELIABILITY,0.57,5686.48,5451.22,UPI,6,SUCCESS,,0
TXN_0001982,CUST_00195,LOW_RELIABILITY,0.57,5686.48,2868.14,NET_BANKING,18,SUCCESS,,0
TXN_0001983,CUST_00195,LOW_RELIABILITY,0.57,5686.48,10453.67,CARD,1,FAILED,AUTHENTICATION_FAILURE,0
TXN_0001984,CUST_00195,LOW_RELIABILITY,0.57,5686.48,9313.19,CARD,17,SUCCESS,,0
TXN_0001985,CUST_00196,LOW_RELIABILITY,0.64,3005.8,3822.11,UPI,14,SUCCESS,,0
TXN_0001986,CUST_00196,LOW_RELIABILITY,0.64,3005.8,2029.03,CARD,17,FAILED,TEMPORARY_BANK_ERROR,1
TXN_0001987,CUST_00196,LOW_RELIABILITY,0.64,3005.8,2946.85,CARD,2,FAILED,TECHNICAL_ERROR,0
TXN_0001988,CUST_00196,LOW_RELIABILITY,0.64,3005.8,2813.0,WALLET,10,SUCCESS,,0
TXN_0001989,CUST_00196,LOW_RELIABILITY,0.64,3005.8,3403.59,NET_BANKING,7,SUCCESS,,0
TXN_0001990,CUST_00196,LOW_RELIABILITY,0.64,3005.8,4750.37,CARD,21,FAILED,TEMPORARY_BANK_ERROR,0
TXN_0001991,CUST_00196,LOW_RELIABILITY,0.64,3005.8,4063.14,CARD,2,SUCCESS,,0
TXN_0001992,CUST_00196,LOW_RELIABILITY,0.64,3005.8,1710.45,UPI,7,SUCCESS,,0
TXN_0001993,CUST_00196,LOW_RELIABILITY,0.64,3005.8,4660.79,NET_BANKING,19,FAILED,NETWORK_TIMEOUT,2
TXN_0001994,CUST_00196,LOW_RELIABILITY,0.64,3005.8,3382.29,CARD,23,FAILED,INSUFFICIENT_FUNDS,0
TXN_0001995,CUST_00196,LOW_RELIABILITY,0.64,3005.8,3831.87,NET_BANKING,7,FAILED,TEMPORARY_BANK_ERROR,0
TXN_0001996,CUST_00196,LOW_RELIABILITY,0.64,3005.8,4769.05,UPI,23,SUCCESS,,0
TXN_0001997,CUST_00197,HIGH_RELIABILITY,0.92,11869.78,6592.09,CARD,3,SUCCESS,,0
TXN_0001998,CUST_00197,HIGH_RELIABILITY,0.92,11869.78,11699.68,UPI,10,SUCCESS,,0
TXN_0001999,CUST_00197,HIGH_RELIABILITY,0.92,11869.78,9346.48,CARD,0,SUCCESS,,0
TXN_0002000,CUST_00197,HIGH_RELIABILITY,0.92,11869.78,4425.72,CARD,6,SUCCESS,,0
TXN_0002001,CUST_00197,HIGH_RELIABILITY,0.92,11869.78,13515.93,WALLET,10,SUCCESS,,0
TXN_0002002,CUST_00197,HIGH_RELIABILITY,0.92,11869.78,23794.43,NET_BANKING,4,SUCCESS,,0
TXN_0002003,CUST_00197,HIGH_RELIABILITY,0.92,11869.78,3133.25,CARD,7,FAILED,TEMPORARY_BANK_ERROR,2
TXN_0002004,CUST_00197,HIGH_RELIABILITY,0.92,11869.78,11716.51,UPI,9,SUCCESS,,0
TXN_0002005,CUST_00198,HIGH_RELIABILITY,0.92,14030.6,17625.48,CARD,4,SUCCESS,,0
TXN_0002006,CUST_00198,HIGH_RELIABILITY,0.92,14030.6,14721.34,UPI,21,SUCCESS,,0
TXN_0002007,CUST_00198,HIGH_RELIABILITY,0.92,14030.6,13395.7,NET_BANKING,1,SUCCESS,,0
TXN_0002008,CUST_00198,HIGH_RELIABILITY,0.92,14030.6,6739.09,UPI,22,SUCCESS,,0
TXN_0002009,CUST_00198,HIGH_RELIABILITY,0.92,14030.6,15337.06,WALLET,22,SUCCESS,,0
TXN_0002010,CUST_00198,HIGH_RELIABILITY,0.92,14030.6,9783.46,CARD,6,SUCCESS,,0
TXN_0002011,CUST_00198,HIGH_RELIABILITY,0.92,14030.6,1740.23,CARD,12,FAILED,USER_ABANDONMENT,0
TXN_0002012,CUST_00198,HIGH_RELIABILITY,0.92,14030.6,20734.94,CARD,23,SUCCESS,,0
TXN_0002013,CUST_00198,HIGH_RELIABILITY,0.92,14030.6,19409.29,UPI,23,FAILED,USER_ABANDONMENT,0
TXN_0002014,CUST_00198,HIGH_RELIABILITY,0.92,14030.6,14320.53,CARD,12,SUCCESS,,0
TXN_0002015,CUST_00198,HIGH_RELIABILITY,0.92,14030.6,15316.22,NET_BANKING,5,SUCCESS,,0
TXN_0002016,CUST_00198,HIGH_RELIABILITY,0.92,14030.6,20059.93,CARD,10,SUCCESS,,0
TXN_0002017,CUST_00199,LOW_RELIABILITY,0.6,3117.16,3396.88,WALLET,12,FAILED,INSUFFICIENT_FUNDS,0
TXN_0002018,CUST_00199,LOW_RELIABILITY,0.6,3117.16,4244.35,CARD,6,SUCCESS,,0
TXN_0002019,CUST_00199,LOW_RELIABILITY,0.6,3117.16,2746.24,CARD,3,FAILED,AUTHENTICATION_FAILURE,0
TXN_0002020,CUST_00199,LOW_RELIABILITY,0.6,3117.16,4753.03,NET_BANKING,22,FAILED,AUTHENTICATION_FAILURE,0
TXN_0002021,CUST_00199,LOW_RELIABILITY,0.6,3117.16,3517.14,UPI,15,FAILED,TEMPORARY_BANK_ERROR,0
TXN_0002022,CUST_00199,LOW_RELIABILITY,0.6,3117.16,3359.12,CARD,23,SUCCESS,,0
TXN_0002023,CUST_00199,LOW_RELIABILITY,0.6,3117.16,1533.57,UPI,18,FAILED,USER_ABANDONMENT,2
TXN_0002024,CUST_00199,LOW_RELIABILITY,0.6,3117.16,3474.95,UPI,13,SUCCESS,,0
TXN_0002025,CUST_00199,LOW_RELIABILITY,0.6,3117.16,2079.83,UPI,1,FAILED,TECHNICAL_ERROR,0
TXN_0002026,CUST_00199,LOW_RELIABILITY,0.6,3117.16,2321.31,UPI,16,SUCCESS,,0
TXN_0002027,CUST_00199,LOW_RELIABILITY,0.6,3117.16,2100.5,CARD,4,SUCCESS,,0
TXN_0002028,CUST_00199,LOW_RELIABILITY,0.6,3117.16,1787.71,UPI,1,FAILED,NETWORK_TIMEOUT,0
TXN_0002029,CUST_00200,HIGH_RELIABILITY,0.96,11563.6,21391.6,WALLET,20,SUCCESS,,0
TXN_0002030,CUST_00200,HIGH_RELIABILITY,0.96,11563.6,17721.63,NET_BANKING,21,SUCCESS,,0
TXN_0002031,CUST_00200,HIGH_RELIABILITY,0.96,11563.6,20446.14,NET_BANKING,20,SUCCESS,,0
TXN_0002032,CUST_00200,HIGH_RELIABILITY,0.96,11563.6,5907.17,CARD,14,SUCCESS,,0
TXN_0002033,CUST_00200,HIGH_RELIABILITY,0.96,11563.6,11893.18,UPI,2,SUCCESS,,0
TXN_0002034,CUST_00200,HIGH_RELIABILITY,0.96,11563.6,5580.56,CARD,16,SUCCESS,,0
TXN_0002035,CUST_00200,HIGH_RELIABILITY,0.96,11563.6,8345.71,CARD,18,SUCCESS,,0
TXN_0002036,CUST_00200,HIGH_RELIABILITY,0.96,11563.6,7316.86,CARD,3,SUCCESS,,0
TXN_0002037,CUST_00200,HIGH_RELIABILITY,0.96,11563.6,17297.22,UPI,15,SUCCESS,,0
TXN_0002038,CUST_00200,HIGH_RELIABILITY,0.96,11563.6,9730.86,CARD,9,SUCCESS,,0
TXN_0002039,CUST_00200,HIGH_RELIABILITY,0.96,11563.6,16505.32,UPI,2,SUCCESS,,0
TXN_0002040,CUST_00200,HIGH_RELIABILITY,0.96,11563.6,14357.92,NET_BANKING,17,SUCCESS,,0
TXN_0002041,CUST_00200,HIGH_RELIABILITY,0.96,11563.6,22218.94,NET_BANKING,0,SUCCESS,,0
TXN_0002042,CUST_00200,HIGH_RELIABILITY,0.96,11563.6,4720.52,NET_BANKING,16,SUCCESS,,0
TXN_0002043,CUST_00201,HIGH_RELIABILITY,0.89,13635.74,20503.97,NET_BANKING,17,SUCCESS,,0
TXN_0002044,CUST_00201,HIGH_RELIABILITY,0.89,13635.74,19888.77,NET_BANKING,3,SUCCESS,,0
TXN_0002045,CUST_00201,HIGH_RELIABILITY,0.89,13635.74,8326.64,UPI,21,SUCCESS,,0
TXN_0002046,CUST_00201,HIGH_RELIABILITY,0.89,13635.74,19128.94,UPI,19,SUCCESS,,0
TXN_0002047,CUST_00201,HIGH_RELIABILITY,0.89,13635.74,15469.17,UPI,14,SUCCESS,,0
TXN_0002048,CUST_00201,HIGH_RELIABILITY,0.89,13635.74,12395.02,UPI,4,SUCCESS,,0
TXN_0002049,CUST_00201,HIGH_RELIABILITY,0.89,13635.74,9141.75,CARD,2,SUCCESS,,0
TXN_0002050,CUST_00201,HIGH_RELIABILITY,0.89,13635.74,9713.5,NET_BANKING,1,FAILED,TEMPORARY_BANK_ERROR,0
TXN_0002051,CUST_00201,HIGH_RELIABILITY,0.89,13635.74,24816.02,WALLET,5,SUCCESS,,0
TXN_0002052,CUST_00201,HIGH_RELIABILITY,0.89,13635.74,13639.46,WALLET,0,SUCCESS,,0
TXN_0002053,CUST_00201,HIGH_RELIABILITY,0.89,13635.74,17901.71,UPI,16,SUCCESS,,0
TXN_0002054,CUST_00201,HIGH_RELIABILITY,0.89,13635.74,9321.94,UPI,17,SUCCESS,,0
TXN_0002055,CUST_00201,HIGH_RELIABILITY,0.89,13635.74,9382.19,CARD,22,SUCCESS,,0
TXN_0002056,CUST_00202,HIGH_RELIABILITY,0.94,12570.4,18010.79,CARD,16,SUCCESS,,0
TXN_0002057,CUST_00202,HIGH_RELIABILITY,0.94,12570.4,5784.51,UPI,1,SUCCESS,,0
TXN_0002058,CUST_00202,HIGH_RELIABILITY,0.94,12570.4,10482.64,UPI,9,SUCCESS,,0
TXN_0002059,CUST_00202,HIGH_RELIABILITY,0.94,12570.4,12741.5,UPI,4,SUCCESS,,0
TXN_0002060,CUST_00202,HIGH_RELIABILITY,0.94,12570.4,13130.4,UPI,11,SUCCESS,,0
TXN_0002061,CUST_00202,HIGH_RELIABILITY,0.94,12570.4,11669.89,CARD,13,FAILED,NETWORK_TIMEOUT,0
TXN_0002062,CUST_00202,HIGH_RELIABILITY,0.94,12570.4,14560.65,WALLET,12,SUCCESS,,0
TXN_0002063,CUST_00202,HIGH_RELIABILITY,0.94,12570.4,16054.19,WALLET,21,SUCCESS,,0
TXN_0002064,CUST_00202,HIGH_RELIABILITY,0.94,12570.4,16264.28,CARD,17,SUCCESS,,0
TXN_0002065,CUST_00202,HIGH_RELIABILITY,0.94,12570.4,7613.62,CARD,8,SUCCESS,,0
TXN_0002066,CUST_00203,HIGH_RELIABILITY,0.92,13537.33,11998.65,UPI,11,SUCCESS,,0
TXN_0002067,CUST_00203,HIGH_RELIABILITY,0.92,13537.33,20006.89,CARD,16,SUCCESS,,0
TXN_0002068,CUST_00203,HIGH_RELIABILITY,0.92,13537.33,18381.78,UPI,4,SUCCESS,,0
TXN_0002069,CUST_00203,HIGH_RELIABILITY,0.92,13537.33,6103.39,NET_BANKING,12,FAILED,INSUFFICIENT_FUNDS,0
TXN_0002070,CUST_00203,HIGH_RELIABILITY,0.92,13537.33,15440.57,UPI,3,SUCCESS,,0
TXN_0002071,CUST_00203,HIGH_RELIABILITY,0.92,13537.33,2825.37,UPI,10,SUCCESS,,0
TXN_0002072,CUST_00203,HIGH_RELIABILITY,0.92,13537.33,13791.48,UPI,10,SUCCESS,,0
TXN_0002073,CUST_00203,HIGH_RELIABILITY,0.92,13537.33,23813.61,UPI,7,SUCCESS,,0
TXN_0002074,CUST_00203,HIGH_RELIABILITY,0.92,13537.33,8404.56,UPI,7,SUCCESS,,0
TXN_0002075,CUST_00203,HIGH_RELIABILITY,0.92,13537.33,9019.53,UPI,3,SUCCESS,,0
TXN_0002076,CUST_00203,HIGH_RELIABILITY,0.92,13537.33,17674.5,CARD,9,SUCCESS,,0
TXN_0002077,CUST_00203,HIGH_RELIABILITY,0.92,13537.33,5183.16,NET_BANKING,3,SUCCESS,,0
TXN_0002078,CUST_00203,HIGH_RELIABILITY,0.92,13537.33,10111.0,CARD,9,SUCCESS,,0
TXN_0002079,CUST_00203,HIGH_RELIABILITY,0.92,13537.33,16767.02,CARD,1,SUCCESS,,0
TXN_0002080,CUST_00203,HIGH_RELIABILITY,0.92,13537.33,10102.72,WALLET,12,SUCCESS,,0
TXN_0002081,CUST_00204,HIGH_RELIABILITY,0.92,1151.73,1043.02,WALLET,17,SUCCESS,,0
TXN_0002082,CUST_00204,HIGH_RELIABILITY,0.92,1151.73,1494.57,NET_BANKING,12,SUCCESS,,0
TXN_0002083,CUST_00204,HIGH_RELIABILITY,0.92,1151.73,1345.93,UPI,0,SUCCESS,,0
TXN_0002084,CUST_00204,HIGH_RELIABILITY,0.92,1151.73,1274.65,CARD,21,SUCCESS,,0
TXN_0002085,CUST_00204,HIGH_RELIABILITY,0.92,1151.73,995.5,UPI,23,SUCCESS,,0
TXN_0002086,CUST_00204,HIGH_RELIABILITY,0.92,1151.73,1322.21,WALLET,20,SUCCESS,,0
TXN_0002087,CUST_00204,HIGH_RELIABILITY,0.92,1151.73,1094.73,CARD,7,SUCCESS,,0
TXN_0002088,CUST_00204,HIGH_RELIABILITY,0.92,1151.73,1362.64,UPI,14,SUCCESS,,0
TXN_0002089,CUST_00204,HIGH_RELIABILITY,0.92,1151.73,922.8,WALLET,14,SUCCESS,,0
TXN_0002090,CUST_00204,HIGH_RELIABILITY,0.92,1151.73,1067.62,UPI,13,SUCCESS,,0
TXN_0002091,CUST_00204,HIGH_RELIABILITY,0.92,1151.73,695.66,CARD,7,SUCCESS,,0
TXN_0002092,CUST_00204,HIGH_RELIABILITY,0.92,1151.73,1135.6,NET_BANKING,9,SUCCESS,,0
TXN_0002093,CUST_00204,HIGH_RELIABILITY,0.92,1151.73,778.11,UPI,2,SUCCESS,,0
TXN_0002094,CUST_00204,HIGH_RELIABILITY,0.92,1151.73,638.5,UPI,7,SUCCESS,,0
TXN_0002095,CUST_00204,HIGH_RELIABILITY,0.92,1151.73,1270.89,UPI,1,SUCCESS,,0
TXN_0002096,CUST_00205,LOW_RELIABILITY,0.61,820.75,890.59,CARD,15,SUCCESS,,0
TXN_0002097,CUST_00205,LOW_RELIABILITY,0.61,820.75,1077.77,UPI,13,SUCCESS,,0
TXN_0002098,CUST_00205,LOW_RELIABILITY,0.61,820.75,679.21,WALLET,4,SUCCESS,,0
TXN_0002099,CUST_00205,LOW_RELIABILITY,0.61,820.75,954.71,CARD,21,SUCCESS,,0
TXN_0002100,CUST_00205,LOW_RELIABILITY,0.61,820.75,1001.58,CARD,12,FAILED,TEMPORARY_BANK_ERROR,1
TXN_0002101,CUST_00205,LOW_RELIABILITY,0.61,820.75,966.77,UPI,13,SUCCESS,,0
TXN_0002102,CUST_00205,LOW_RELIABILITY,0.61,820.75,549.69,CARD,7,SUCCESS,,0
TXN_0002103,CUST_00205,LOW_RELIABILITY,0.61,820.75,869.79,CARD,16,SUCCESS,,0
TXN_0002104,CUST_00205,LOW_RELIABILITY,0.61,820.75,940.3,UPI,14,SUCCESS,,0
TXN_0002105,CUST_00206,MEDIUM_RELIABILITY,0.72,9525.59,9552.94,WALLET,16,SUCCESS,,0
TXN_0002106,CUST_00206,MEDIUM_RELIABILITY,0.72,9525.59,1575.62,UPI,11,SUCCESS,,0
TXN_0002107,CUST_00206,MEDIUM_RELIABILITY,0.72,9525.59,10137.09,CARD,1,SUCCESS,,0
TXN_0002108,CUST_00206,MEDIUM_RELIABILITY,0.72,9525.59,17955.86,UPI,11,SUCCESS,,0
TXN_0002109,CUST_00206,MEDIUM_RELIABILITY,0.72,9525.59,8153.76,UPI,21,FAILED,INSUFFICIENT_FUNDS,1
TXN_0002110,CUST_00206,MEDIUM_RELIABILITY,0.72,9525.59,6751.44,UPI,9,SUCCESS,,0
TXN_0002111,CUST_00206,MEDIUM_RELIABILITY,0.72,9525.59,10948.14,UPI,0,SUCCESS,,0
TXN_0002112,CUST_00206,MEDIUM_RELIABILITY,0.72,9525.59,10715.82,CARD,6,SUCCESS,,0
TXN_0002113,CUST_00206,MEDIUM_RELIABILITY,0.72,9525.59,14070.19,WALLET,20,SUCCESS,,0
TXN_0002114,CUST_00206,MEDIUM_RELIABILITY,0.72,9525.59,4732.82,NET_BANKING,14,SUCCESS,,0
TXN_0002115,CUST_00206,MEDIUM_RELIABILITY,0.72,9525.59,12312.32,NET_BANKING,1,SUCCESS,,0
TXN_0002116,CUST_00206,MEDIUM_RELIABILITY,0.72,9525.59,11775.24,CARD,10,FAILED,TEMPORARY_BANK_ERROR,0
TXN_0002117,CUST_00206,MEDIUM_RELIABILITY,0.72,9525.59,8983.98,CARD,12,SUCCESS,,0
TXN_0002118,CUST_00206,MEDIUM_RELIABILITY,0.72,9525.59,10816.07,UPI,15,FAILED,INSUFFICIENT_FUNDS,2
TXN_0002119,CUST_00206,MEDIUM_RELIABILITY,0.72,9525.59,13448.07,UPI,15,FAILED,USER_ABANDONMENT,0
TXN_0002120,CUST_00207,MEDIUM_RELIABILITY,0.86,5947.66,8022.95,UPI,9,SUCCESS,,0
TXN_0002121,CUST_00207,MEDIUM_RELIABILITY,0.86,5947.66,3228.34,NET_BANKING,17,SUCCESS,,0
TXN_0002122,CUST_00207,MEDIUM_RELIABILITY,0.86,5947.66,7898.87,UPI,14,SUCCESS,,0
TXN_0002123,CUST_00207,MEDIUM_RELIABILITY,0.86,5947.66,5793.76,UPI,4,SUCCESS,,0
TXN_0002124,CUST_00207,MEDIUM_RELIABILITY,0.86,5947.66,6121.03,UPI,11,SUCCESS,,0
TXN_0002125,CUST_00207,MEDIUM_RELIABILITY,0.86,5947.66,6121.8,CARD,3,SUCCESS,,0
TXN_0002126,CUST_00207,MEDIUM_RELIABILITY,0.86,5947.66,5590.22,UPI,12,SUCCESS,,0
TXN_0002127,CUST_00207,MEDIUM_RELIABILITY,0.86,5947.66,8782.81,UPI,1,SUCCESS,,0
TXN_0002128,CUST_00207,MEDIUM_RELIABILITY,0.86,5947.66,5748.49,UPI,15,SUCCESS,,0
TXN_0002129,CUST_00207,MEDIUM_RELIABILITY,0.86,5947.66,3284.19,WALLET,3,SUCCESS,,0
TXN_0002130,CUST_00207,MEDIUM_RELIABILITY,0.86,5947.66,5011.43,CARD,21,SUCCESS,,0
TXN_0002131,CUST_00207,MEDIUM_RELIABILITY,0.86,5947.66,6372.79,UPI,12,SUCCESS,,0
TXN_0002132,CUST_00208,HIGH_RELIABILITY,0.95,7278.24,10856.85,UPI,3,SUCCESS,,0
TXN_0002133,CUST_00208,HIGH_RELIABILITY,0.95,7278.24,9034.03,UPI,11,SUCCESS,,0
TXN_0002134,CUST_00208,HIGH_RELIABILITY,0.95,7278.24,4802.08,NET_BANKING,7,FAILED,USER_ABANDONMENT,0
TXN_0002135,CUST_00208,HIGH_RELIABILITY,0.95,7278.24,14513.36,CARD,0,SUCCESS,,0
TXN_0002136,CUST_00208,HIGH_RELIABILITY,0.95,7278.24,8049.08,UPI,15,SUCCESS,,0
TXN_0002137,CUST_00208,HIGH_RELIABILITY,0.95,7278.24,10991.28,UPI,19,SUCCESS,,0
TXN_0002138,CUST_00208,HIGH_RELIABILITY,0.95,7278.24,6836.55,CARD,7,SUCCESS,,0
TXN_0002139,CUST_00208,HIGH_RELIABILITY,0.95,7278.24,8831.01,UPI,8,SUCCESS,,0
TXN_0002140,CUST_00208,HIGH_RELIABILITY,0.95,7278.24,9722.18,UPI,13,SUCCESS,,0
TXN_0002141,CUST_00208,HIGH_RELIABILITY,0.95,7278.24,10824.77,CARD,3,SUCCESS,,0
TXN_0002142,CUST_00208,HIGH_RELIABILITY,0.95,7278.24,10356.55,CARD,5,SUCCESS,,0
TXN_0002143,CUST_00209,HIGH_RELIABILITY,0.91,5601.3,7555.47,CARD,4,SUCCESS,,0
TXN_0002144,CUST_00209,HIGH_RELIABILITY,0.91,5601.3,4895.34,UPI,1,SUCCESS,,0
TXN_0002145,CUST_00209,HIGH_RELIABILITY,0.91,5601.3,4320.29,UPI,4,SUCCESS,,0
TXN_0002146,CUST_00209,HIGH_RELIABILITY,0.91,5601.3,6346.51,CARD,2,SUCCESS,,0
TXN_0002147,CUST_00209,HIGH_RELIABILITY,0.91,5601.3,7691.99,UPI,16,SUCCESS,,0
TXN_0002148,CUST_00209,HIGH_RELIABILITY,0.91,5601.3,5102.29,CARD,7,SUCCESS,,0
TXN_0002149,CUST_00209,HIGH_RELIABILITY,0.91,5601.3,7987.84,UPI,1,SUCCESS,,0
TXN_0002150,CUST_00209,HIGH_RELIABILITY,0.91,5601.3,8855.92,CARD,9,FAILED,NETWORK_TIMEOUT,2
TXN_0002151,CUST_00209,HIGH_RELIABILITY,0.91,5601.3,3548.26,CARD,7,SUCCESS,,0
TXN_0002152,CUST_00209,HIGH_RELIABILITY,0.91,5601.3,3726.16,UPI,1,FAILED,AUTHENTICATION_FAILURE,0
TXN_0002153,CUST_00209,HIGH_RELIABILITY,0.91,5601.3,5286.79,UPI,8,SUCCESS,,0
TXN_0002154,CUST_00209,HIGH_RELIABILITY,0.91,5601.3,6290.51,UPI,5,SUCCESS,,0
TXN_0002155,CUST_00209,HIGH_RELIABILITY,0.91,5601.3,4426.0,CARD,10,SUCCESS,,0
TXN_0002156,CUST_00209,HIGH_RELIABILITY,0.91,5601.3,8630.94,UPI,0,SUCCESS,,0
TXN_0002157,CUST_00210,HIGH_RELIABILITY,0.95,11533.24,13489.59,UPI,23,SUCCESS,,0
TXN_0002158,CUST_00210,HIGH_RELIABILITY,0.95,11533.24,11715.22,CARD,18,SUCCESS,,0
TXN_0002159,CUST_00210,HIGH_RELIABILITY,0.95,11533.24,4908.96,UPI,20,SUCCESS,,0
TXN_0002160,CUST_00210,HIGH_RELIABILITY,0.95,11533.24,5462.99,CARD,2,SUCCESS,,0
TXN_0002161,CUST_00210,HIGH_RELIABILITY,0.95,11533.24,12829.62,UPI,23,SUCCESS,,0
TXN_0002162,CUST_00210,HIGH_RELIABILITY,0.95,11533.24,1694.95,UPI,20,SUCCESS,,0
TXN_0002163,CUST_00210,HIGH_RELIABILITY,0.95,11533.24,16204.84,UPI,14,SUCCESS,,0
TXN_0002164,CUST_00211,HIGH_RELIABILITY,0.97,12054.65,11292.05,WALLET,19,SUCCESS,,0
TXN_0002165,CUST_00211,HIGH_RELIABILITY,0.97,12054.65,27692.39,CARD,6,SUCCESS,,0
TXN_0002166,CUST_00211,HIGH_RELIABILITY,0.97,12054.65,23183.1,UPI,4,SUCCESS,,0
TXN_0002167,CUST_00211,HIGH_RELIABILITY,0.97,12054.65,11179.73,CARD,8,SUCCESS,,0
TXN_0002168,CUST_00211,HIGH_RELIABILITY,0.97,12054.65,11541.91,NET_BANKING,17,SUCCESS,,0
TXN_0002169,CUST_00211,HIGH_RELIABILITY,0.97,12054.65,16855.2,NET_BANKING,14,SUCCESS,,0
TXN_0002170,CUST_00212,MEDIUM_RELIABILITY,0.67,5196.99,8737.54,WALLET,2,SUCCESS,,0
TXN_0002171,CUST_00212,MEDIUM_RELIABILITY,0.67,5196.99,1791.86,CARD,16,SUCCESS,,0
TXN_0002172,CUST_00212,MEDIUM_RELIABILITY,0.67,5196.99,1483.48,UPI,8,SUCCESS,,0
TXN_0002173,CUST_00212,MEDIUM_RELIABILITY,0.67,5196.99,3903.91,UPI,1,SUCCESS,,0
TXN_0002174,CUST_00212,MEDIUM_RELIABILITY,0.67,5196.99,6408.38,UPI,22,FAILED,USER_ABANDONMENT,0
TXN_0002175,CUST_00212,MEDIUM_RELIABILITY,0.67,5196.99,6229.89,CARD,16,SUCCESS,,0
TXN_0002176,CUST_00213,MEDIUM_RELIABILITY,0.66,5720.52,8168.38,UPI,16,SUCCESS,,0
TXN_0002177,CUST_00213,MEDIUM_RELIABILITY,0.66,5720.52,2975.36,NET_BANKING,12,SUCCESS,,0
TXN_0002178,CUST_00213,MEDIUM_RELIABILITY,0.66,5720.52,420.7,UPI,0,FAILED,TEMPORARY_BANK_ERROR,1
TXN_0002179,CUST_00213,MEDIUM_RELIABILITY,0.66,5720.52,7683.83,NET_BANKING,16,SUCCESS,,0
TXN_0002180,CUST_00213,MEDIUM_RELIABILITY,0.66,5720.52,3825.43,CARD,16,FAILED,USER_ABANDONMENT,0
TXN_0002181,CUST_00213,MEDIUM_RELIABILITY,0.66,5720.52,1101.8,UPI,3,FAILED,TEMPORARY_BANK_ERROR,0
TXN_0002182,CUST_00213,MEDIUM_RELIABILITY,0.66,5720.52,6052.46,UPI,4,SUCCESS,,0
TXN_0002183,CUST_00214,MEDIUM_RELIABILITY,0.75,8933.19,11767.43,WALLET,8,SUCCESS,,0
TXN_0002184,CUST_00214,MEDIUM_RELIABILITY,0.75,8933.19,8497.05,UPI,7,SUCCESS,,0
TXN_0002185,CUST_00214,MEDIUM_RELIABILITY,0.75,8933.19,7297.17,UPI,3,FAILED,NETWORK_TIMEOUT,1
TXN_0002186,CUST_00214,MEDIUM_RELIABILITY,0.75,8933.19,8363.74,UPI,2,SUCCESS,,0
TXN_0002187,CUST_00214,MEDIUM_RELIABILITY,0.75,8933.19,7609.0,NET_BANKING,8,SUCCESS,,0
TXN_0002188,CUST_00214,MEDIUM_RELIABILITY,0.75,8933.19,4116.25,UPI,19,SUCCESS,,0
TXN_0002189,CUST_00214,MEDIUM_RELIABILITY,0.75,8933.19,6379.44,WALLET,20,SUCCESS,,0
TXN_0002190,CUST_00214,MEDIUM_RELIABILITY,0.75,8933.19,10795.87,NET_BANKING,7,SUCCESS,,0
TXN_0002191,CUST_00214,MEDIUM_RELIABILITY,0.75,8933.19,10082.64,UPI,8,SUCCESS,,0
TXN_0002192,CUST_00215,HIGH_RELIABILITY,0.92,2638.94,2816.34,CARD,18,FAILED,AUTHENTICATION_FAILURE,0
TXN_0002193,CUST_00215,HIGH_RELIABILITY,0.92,2638.94,1588.49,CARD,20,SUCCESS,,0
TXN_0002194,CUST_00215,HIGH_RELIABILITY,0.92,2638.94,2447.35,CARD,14,SUCCESS,,0
TXN_0002195,CUST_00215,HIGH_RELIABILITY,0.92,2638.94,340.88,UPI,18,SUCCESS,,0
TXN_0002196,CUST_00215,HIGH_RELIABILITY,0.92,2638.94,2827.34,NET_BANKING,12,SUCCESS,,0
TXN_0002197,CUST_00215,HIGH_RELIABILITY,0.92,2638.94,4147.21,UPI,23,SUCCESS,,0
TXN_0002198,CUST_00215,HIGH_RELIABILITY,0.92,2638.94,1082.88,UPI,15,SUCCESS,,0
TXN_0002199,CUST_00215,HIGH_RELIABILITY,0.92,2638.94,2020.45,UPI,5,SUCCESS,,0
TXN_0002200,CUST_00215,HIGH_RELIABILITY,0.92,2638.94,2986.34,UPI,18,SUCCESS,,0
TXN_0002201,CUST_00215,HIGH_RELIABILITY,0.92,2638.94,3961.41,CARD,20,SUCCESS,,0
TXN_0002202,CUST_00215,HIGH_RELIABILITY,0.92,2638.94,2165.8,UPI,5,SUCCESS,,0
TXN_0002203,CUST_00215,HIGH_RELIABILITY,0.92,2638.94,1908.22,CARD,6,FAILED,TEMPORARY_BANK_ERROR,0
TXN_0002204,CUST_00215,HIGH_RELIABILITY,0.92,2638.94,560.59,WALLET,12,SUCCESS,,0
TXN_0002205,CUST_00216,HIGH_RELIABILITY,0.9,11661.15,12143.63,UPI,0,SUCCESS,,0
TXN_0002206,CUST_00216,HIGH_RELIABILITY,0.9,11661.15,21186.33,UPI,0,SUCCESS,,0
TXN_0002207,CUST_00216,HIGH_RELIABILITY,0.9,11661.15,12954.88,UPI,20,SUCCESS,,0
TXN_0002208,CUST_00216,HIGH_RELIABILITY,0.9,11661.15,11557.23,UPI,2,SUCCESS,,0
TXN_0002209,CUST_00216,HIGH_RELIABILITY,0.9,11661.15,13163.49,WALLET,19,FAILED,TECHNICAL_ERROR,3
TXN_0002210,CUST_00216,HIGH_RELIABILITY,0.9,11661.15,11609.41,UPI,23,SUCCESS,,0
TXN_0002211,CUST_00216,HIGH_RELIABILITY,0.9,11661.15,7868.88,NET_BANKING,2,SUCCESS,,0
TXN_0002212,CUST_00216,HIGH_RELIABILITY,0.9,11661.15,15501.31,CARD,18,SUCCESS,,0
TXN_0002213,CUST_00216,HIGH_RELIABILITY,0.9,11661.15,12714.21,NET_BANKING,9,SUCCESS,,0
TXN_0002214,CUST_00216,HIGH_RELIABILITY,0.9,11661.15,11743.31,UPI,1,SUCCESS,,0
TXN_0002215,CUST_00216,HIGH_RELIABILITY,0.9,11661.15,7111.59,UPI,17,SUCCESS,,0
TXN_0002216,CUST_00216,HIGH_RELIABILITY,0.9,11661.15,17741.31,NET_BANKING,3,SUCCESS,,0
TXN_0002217,CUST_00216,HIGH_RELIABILITY,0.9,11661.15,14761.63,UPI,13,SUCCESS,,0
TXN_0002218,CUST_00217,MEDIUM_RELIABILITY,0.79,1460.67,1137.62,UPI,13,SUCCESS,,0
TXN_0002219,CUST_00217,MEDIUM_RELIABILITY,0.79,1460.67,2046.0,UPI,9,SUCCESS,,0
TXN_0002220,CUST_00217,MEDIUM_RELIABILITY,0.79,1460.67,1169.96,NET_BANKING,12,SUCCESS,,0
TXN_0002221,CUST_00217,MEDIUM_RELIABILITY,0.79,1460.67,1003.77,CARD,3,SUCCESS,,0
TXN_0002222,CUST_00217,MEDIUM_RELIABILITY,0.79,1460.67,1016.8,WALLET,7,FAILED,TECHNICAL_ERROR,0
TXN_0002223,CUST_00217,MEDIUM_RELIABILITY,0.79,1460.67,425.89,CARD,3,SUCCESS,,0
TXN_0002224,CUST_00217,MEDIUM_RELIABILITY,0.79,1460.67,1736.18,WALLET,2,SUCCESS,,0
TXN_0002225,CUST_00217,MEDIUM_RELIABILITY,0.79,1460.67,390.79,CARD,5,SUCCESS,,0
TXN_0002226,CUST_00218,MEDIUM_RELIABILITY,0.67,7159.21,3641.34,CARD,21,SUCCESS,,0
TXN_0002227,CUST_00218,MEDIUM_RELIABILITY,0.67,7159.21,1215.38,NET_BANKING,21,FAILED,USER_ABANDONMENT,0
TXN_0002228,CUST_00218,MEDIUM_RELIABILITY,0.67,7159.21,6912.73,UPI,15,SUCCESS,,0
TXN_0002229,CUST_00218,MEDIUM_RELIABILITY,0.67,7159.21,6728.74,WALLET,22,SUCCESS,,0
TXN_0002230,CUST_00218,MEDIUM_RELIABILITY,0.67,7159.21,6223.66,NET_BANKING,4,SUCCESS,,0
TXN_0002231,CUST_00218,MEDIUM_RELIABILITY,0.67,7159.21,4173.6,UPI,4,SUCCESS,,0
TXN_0002232,CUST_00218,MEDIUM_RELIABILITY,0.67,7159.21,3802.3,CARD,15,SUCCESS,,0
TXN_0002233,CUST_00218,MEDIUM_RELIABILITY,0.67,7159.21,8489.02,UPI,13,SUCCESS,,0
TXN_0002234,CUST_00218,MEDIUM_RELIABILITY,0.67,7159.21,5582.6,UPI,2,FAILED,TEMPORARY_BANK_ERROR,1
TXN_0002235,CUST_00218,MEDIUM_RELIABILITY,0.67,7159.21,8065.16,UPI,15,SUCCESS,,0
TXN_0002236,CUST_00219,MEDIUM_RELIABILITY,0.67,8307.67,5365.93,CARD,20,FAILED,USER_ABANDONMENT,1
TXN_0002237,CUST_00219,MEDIUM_RELIABILITY,0.67,8307.67,8909.35,UPI,13,SUCCESS,,0
TXN_0002238,CUST_00219,MEDIUM_RELIABILITY,0.67,8307.67,12638.55,CARD,15,SUCCESS,,0
TXN_0002239,CUST_00219,MEDIUM_RELIABILITY,0.67,8307.67,10255.54,NET_BANKING,12,FAILED,AUTHENTICATION_FAILURE,0
TXN_0002240,CUST_00219,MEDIUM_RELIABILITY,0.67,8307.67,6937.19,NET_BANKING,23,FAILED,TEMPORARY_BANK_ERROR,0
TXN_0002241,CUST_00219,MEDIUM_RELIABILITY,0.67,8307.67,9162.36,UPI,0,SUCCESS,,0
TXN_0002242,CUST_00219,MEDIUM_RELIABILITY,0.67,8307.67,7507.92,CARD,4,SUCCESS,,0
TXN_0002243,CUST_00219,MEDIUM_RELIABILITY,0.67,8307.67,8333.86,UPI,11,SUCCESS,,0
TXN_0002244,CUST_00219,MEDIUM_RELIABILITY,0.67,8307.67,7225.64,NET_BANKING,4,FAILED,TEMPORARY_BANK_ERROR,2
TXN_0002245,CUST_00219,MEDIUM_RELIABILITY,0.67,8307.67,7761.57,WALLET,13,FAILED,USER_ABANDONMENT,0
TXN_0002246,CUST_00219,MEDIUM_RELIABILITY,0.67,8307.67,9012.47,UPI,22,SUCCESS,,0
TXN_0002247,CUST_00220,MEDIUM_RELIABILITY,0.81,1272.81,767.07,CARD,22,SUCCESS,,0
TXN_0002248,CUST_00220,MEDIUM_RELIABILITY,0.81,1272.81,755.6,UPI,22,FAILED,INSUFFICIENT_FUNDS,0
TXN_0002249,CUST_00220,MEDIUM_RELIABILITY,0.81,1272.81,565.87,CARD,5,FAILED,NETWORK_TIMEOUT,0
TXN_0002250,CUST_00220,MEDIUM_RELIABILITY,0.81,1272.81,458.07,UPI,18,SUCCESS,,0
TXN_0002251,CUST_00220,MEDIUM_RELIABILITY,0.81,1272.81,653.06,UPI,5,SUCCESS,,0
TXN_0002252,CUST_00220,MEDIUM_RELIABILITY,0.81,1272.81,1354.0,UPI,16,SUCCESS,,0
TXN_0002253,CUST_00220,MEDIUM_RELIABILITY,0.81,1272.81,818.27,UPI,13,SUCCESS,,0
TXN_0002254,CUST_00220,MEDIUM_RELIABILITY,0.81,1272.81,1534.3,UPI,20,SUCCESS,,0
TXN_0002255,CUST_00220,MEDIUM_RELIABILITY,0.81,1272.81,1290.48,UPI,4,FAILED,INSUFFICIENT_FUNDS,1
TXN_0002256,CUST_00220,MEDIUM_RELIABILITY,0.81,1272.81,270.6,UPI,5,FAILED,USER_ABANDONMENT,1
TXN_0002257,CUST_00220,MEDIUM_RELIABILITY,0.81,1272.81,1606.27,NET_BANKING,17,SUCCESS,,0
TXN_0002258,CUST_00221,MEDIUM_RELIABILITY,0.67,9873.08,13075.11,WALLET,16,FAILED,TEMPORARY_BANK_ERROR,2
TXN_0002259,CUST_00221,MEDIUM_RELIABILITY,0.67,9873.08,5948.09,UPI,2,SUCCESS,,0
TXN_0002260,CUST_00221,MEDIUM_RELIABILITY,0.67,9873.08,11532.51,WALLET,4,SUCCESS,,0
TXN_0002261,CUST_00221,MEDIUM_RELIABILITY,0.67,9873.08,6490.57,UPI,1,FAILED,TEMPORARY_BANK_ERROR,1
TXN_0002262,CUST_00221,MEDIUM_RELIABILITY,0.67,9873.08,10258.8,CARD,2,SUCCESS,,0
TXN_0002263,CUST_00221,MEDIUM_RELIABILITY,0.67,9873.08,4879.28,CARD,10,SUCCESS,,0
TXN_0002264,CUST_00221,MEDIUM_RELIABILITY,0.67,9873.08,2791.69,UPI,12,FAILED,USER_ABANDONMENT,1
TXN_0002265,CUST_00221,MEDIUM_RELIABILITY,0.67,9873.08,8361.25,UPI,3,FAILED,NETWORK_TIMEOUT,1
TXN_0002266,CUST_00221,MEDIUM_RELIABILITY,0.67,9873.08,9384.45,UPI,7,FAILED,INSUFFICIENT_FUNDS,0
TXN_0002267,CUST_00222,LOW_RELIABILITY,0.46,2720.37,2287.64,UPI,9,FAILED,TEMPORARY_BANK_ERROR,2
TXN_0002268,CUST_00222,LOW_RELIABILITY,0.46,2720.37,1431.97,UPI,2,SUCCESS,,0
TXN_0002269,CUST_00222,LOW_RELIABILITY,0.46,2720.37,2285.22,CARD,18,SUCCESS,,0
TXN_0002270,CUST_00222,LOW_RELIABILITY,0.46,2720.37,3013.4,CARD,1,FAILED,TECHNICAL_ERROR,0
TXN_0002271,CUST_00222,LOW_RELIABILITY,0.46,2720.37,2671.52,UPI,9,SUCCESS,,0
TXN_0002272,CUST_00222,LOW_RELIABILITY,0.46,2720.37,2918.96,CARD,10,SUCCESS,,0
TXN_0002273,CUST_00222,LOW_RELIABILITY,0.46,2720.37,1991.19,CARD,4,SUCCESS,,0
TXN_0002274,CUST_00222,LOW_RELIABILITY,0.46,2720.37,3995.37,UPI,13,SUCCESS,,0
TXN_0002275,CUST_00222,LOW_RELIABILITY,0.46,2720.37,1440.52,CARD,16,SUCCESS,,0
TXN_0002276,CUST_00222,LOW_RELIABILITY,0.46,2720.37,3250.91,UPI,18,SUCCESS,,0
TXN_0002277,CUST_00222,LOW_RELIABILITY,0.46,2720.37,4006.44,CARD,1,FAILED,TEMPORARY_BANK_ERROR,0
TXN_0002278,CUST_00222,LOW_RELIABILITY,0.46,2720.37,3243.67,NET_BANKING,2,SUCCESS,,0
TXN_0002279,CUST_00222,LOW_RELIABILITY,0.46,2720.37,2499.99,UPI,6,SUCCESS,,0
TXN_0002280,CUST_00222,LOW_RELIABILITY,0.46,2720.37,2145.5,CARD,22,FAILED,TECHNICAL_ERROR,0
TXN_0002281,CUST_00223,MEDIUM_RELIABILITY,0.83,9498.86,13435.52,CARD,10,SUCCESS,,0
TXN_0002282,CUST_00223,MEDIUM_RELIABILITY,0.83,9498.86,4092.2,UPI,9,SUCCESS,,0
TXN_0002283,CUST_00223,MEDIUM_RELIABILITY,0.83,9498.86,5812.83,NET_BANKING,13,FAILED,AUTHENTICATION_FAILURE,1
TXN_0002284,CUST_00223,MEDIUM_RELIABILITY,0.83,9498.86,7988.32,UPI,19,SUCCESS,,0
TXN_0002285,CUST_00223,MEDIUM_RELIABILITY,0.83,9498.86,14201.38,WALLET,18,SUCCESS,,0
TXN_0002286,CUST_00223,MEDIUM_RELIABILITY,0.83,9498.86,10941.8,CARD,0,FAILED,USER_ABANDONMENT,0
TXN_0002287,CUST_00223,MEDIUM_RELIABILITY,0.83,9498.86,5820.73,WALLET,2,SUCCESS,,0
TXN_0002288,CUST_00223,MEDIUM_RELIABILITY,0.83,9498.86,8319.83,CARD,5,SUCCESS,,0
TXN_0002289,CUST_00223,MEDIUM_RELIABILITY,0.83,9498.86,7164.71,UPI,8,SUCCESS,,0
TXN_0002290,CUST_00223,MEDIUM_RELIABILITY,0.83,9498.86,6801.99,UPI,2,SUCCESS,,0
TXN_0002291,CUST_00223,MEDIUM_RELIABILITY,0.83,9498.86,13218.19,NET_BANKING,8,SUCCESS,,0
TXN_0002292,CUST_00223,MEDIUM_RELIABILITY,0.83,9498.86,4286.86,WALLET,14,SUCCESS,,0
TXN_0002293,CUST_00223,MEDIUM_RELIABILITY,0.83,9498.86,15611.49,UPI,3,SUCCESS,,0
TXN_0002294,CUST_00223,MEDIUM_RELIABILITY,0.83,9498.86,12645.76,CARD,11,SUCCESS,,0
TXN_0002295,CUST_00224,LOW_RELIABILITY,0.64,5322.97,7645.62,UPI,19,SUCCESS,,0
TXN_0002296,CUST_00224,LOW_RELIABILITY,0.64,5322.97,4337.28,UPI,11,SUCCESS,,0
TXN_0002297,CUST_00224,LOW_RELIABILITY,0.64,5322.97,5003.72,CARD,10,FAILED,AUTHENTICATION_FAILURE,0
TXN_0002298,CUST_00224,LOW_RELIABILITY,0.64,5322.97,2271.52,UPI,21,FAILED,TECHNICAL_ERROR,0
TXN_0002299,CUST_00224,LOW_RELIABILITY,0.64,5322.97,4205.87,NET_BANKING,22,SUCCESS,,0
TXN_0002300,CUST_00224,LOW_RELIABILITY,0.64,5322.97,6374.05,UPI,3,FAILED,TEMPORARY_BANK_ERROR,0
TXN_0002301,CUST_00224,LOW_RELIABILITY,0.64,5322.97,8082.53,UPI,12,SUCCESS,,0
TXN_0002302,CUST_00224,LOW_RELIABILITY,0.64,5322.97,2965.62,CARD,11,SUCCESS,,0
TXN_0002303,CUST_00224,LOW_RELIABILITY,0.64,5322.97,4544.74,CARD,14,FAILED,TEMPORARY_BANK_ERROR,0
TXN_0002304,CUST_00224,LOW_RELIABILITY,0.64,5322.97,5000.83,WALLET,12,SUCCESS,,0
TXN_0002305,CUST_00224,LOW_RELIABILITY,0.64,5322.97,2351.07,UPI,10,FAILED,NETWORK_TIMEOUT,1
TXN_0002306,CUST_00225,LOW_RELIABILITY,0.46,767.8,949.42,CARD,15,FAILED,INSUFFICIENT_FUNDS,0
TXN_0002307,CUST_00225,LOW_RELIABILITY,0.46,767.8,545.45,WALLET,4,SUCCESS,,0
TXN_0002308,CUST_00225,LOW_RELIABILITY,0.46,767.8,707.79,UPI,1,SUCCESS,,0
TXN_0002309,CUST_00225,LOW_RELIABILITY,0.46,767.8,629.0,NET_BANKING,1,SUCCESS,,0
TXN_0002310,CUST_00225,LOW_RELIABILITY,0.46,767.8,525.38,UPI,13,SUCCESS,,0
TXN_0002311,CUST_00225,LOW_RELIABILITY,0.46,767.8,765.64,UPI,6,SUCCESS,,0
TXN_0002312,CUST_00225,LOW_RELIABILITY,0.46,767.8,701.58,WALLET,21,FAILED,NETWORK_TIMEOUT,0
TXN_0002313,CUST_00225,LOW_RELIABILITY,0.46,767.8,653.6,UPI,8,FAILED,NETWORK_TIMEOUT,1
TXN_0002314,CUST_00226,HIGH_RELIABILITY,0.97,8817.66,6248.33,CARD,21,SUCCESS,,0
TXN_0002315,CUST_00226,HIGH_RELIABILITY,0.97,8817.66,9944.64,UPI,1,SUCCESS,,0
TXN_0002316,CUST_00226,HIGH_RELIABILITY,0.97,8817.66,14650.07,WALLET,10,SUCCESS,,0
TXN_0002317,CUST_00226,HIGH_RELIABILITY,0.97,8817.66,9311.05,UPI,6,SUCCESS,,0
TXN_0002318,CUST_00226,HIGH_RELIABILITY,0.97,8817.66,12331.03,UPI,15,SUCCESS,,0
TXN_0002319,CUST_00226,HIGH_RELIABILITY,0.97,8817.66,3914.26,NET_BANKING,22,SUCCESS,,0
TXN_0002320,CUST_00226,HIGH_RELIABILITY,0.97,8817.66,9374.09,WALLET,18,SUCCESS,,0
TXN_0002321,CUST_00226,HIGH_RELIABILITY,0.97,8817.66,4947.17,UPI,19,SUCCESS,,0
TXN_0002322,CUST_00226,HIGH_RELIABILITY,0.97,8817.66,3608.45,CARD,18,SUCCESS,,0
TXN_0002323,CUST_00226,HIGH_RELIABILITY,0.97,8817.66,6209.85,UPI,23,SUCCESS,,0
TXN_0002324,CUST_00226,HIGH_RELIABILITY,0.97,8817.66,13021.57,CARD,10,FAILED,USER_ABANDONMENT,2
TXN_0002325,CUST_00227,HIGH_RELIABILITY,0.93,13688.96,18890.85,NET_BANKING,3,SUCCESS,,0
TXN_0002326,CUST_00227,HIGH_RELIABILITY,0.93,13688.96,15019.55,CARD,8,SUCCESS,,0
TXN_0002327,CUST_00227,HIGH_RELIABILITY,0.93,13688.96,5296.53,UPI,14,SUCCESS,,0
TXN_0002328,CUST_00227,HIGH_RELIABILITY,0.93,13688.96,12614.21,NET_BANKING,20,SUCCESS,,0
TXN_0002329,CUST_00227,HIGH_RELIABILITY,0.93,13688.96,15340.94,WALLET,3,FAILED,AUTHENTICATION_FAILURE,0
TXN_0002330,CUST_00227,HIGH_RELIABILITY,0.93,13688.96,14650.12,CARD,5,SUCCESS,,0
TXN_0002331,CUST_00227,HIGH_RELIABILITY,0.93,13688.96,3593.11,UPI,6,SUCCESS,,0
TXN_0002332,CUST_00227,HIGH_RELIABILITY,0.93,13688.96,8813.95,WALLET,18,SUCCESS,,0
TXN_0002333,CUST_00227,HIGH_RELIABILITY,0.93,13688.96,13338.1,UPI,11,FAILED,USER_ABANDONMENT,0
TXN_0002334,CUST_00227,HIGH_RELIABILITY,0.93,13688.96,16625.47,NET_BANKING,22,SUCCESS,,0
TXN_0002335,CUST_00227,HIGH_RELIABILITY,0.93,13688.96,1663.88,WALLET,13,SUCCESS,,0
TXN_0002336,CUST_00227,HIGH_RELIABILITY,0.93,13688.96,12801.24,UPI,17,SUCCESS,,0
TXN_0002337,CUST_00228,HIGH_RELIABILITY,0.89,7896.75,8348.6,UPI,5,SUCCESS,,0
TXN_0002338,CUST_00228,HIGH_RELIABILITY,0.89,7896.75,10580.42,UPI,17,SUCCESS,,0
TXN_0002339,CUST_00228,HIGH_RELIABILITY,0.89,7896.75,10085.28,CARD,12,SUCCESS,,0
TXN_0002340,CUST_00228,HIGH_RELIABILITY,0.89,7896.75,9736.92,CARD,21,SUCCESS,,0
TXN_0002341,CUST_00228,HIGH_RELIABILITY,0.89,7896.75,5369.98,UPI,19,SUCCESS,,0
TXN_0002342,CUST_00228,HIGH_RELIABILITY,0.89,7896.75,1869.94,WALLET,3,SUCCESS,,0
TXN_0002343,CUST_00228,HIGH_RELIABILITY,0.89,7896.75,6655.21,NET_BANKING,3,FAILED,TEMPORARY_BANK_ERROR,2
TXN_0002344,CUST_00228,HIGH_RELIABILITY,0.89,7896.75,11060.6,UPI,23,SUCCESS,,0
TXN_0002345,CUST_00228,HIGH_RELIABILITY,0.89,7896.75,12298.25,WALLET,3,SUCCESS,,0
TXN_0002346,CUST_00228,HIGH_RELIABILITY,0.89,7896.75,10141.16,CARD,1,SUCCESS,,0
TXN_0002347,CUST_00229,HIGH_RELIABILITY,0.88,7561.25,8859.79,UPI,14,SUCCESS,,0
TXN_0002348,CUST_00229,HIGH_RELIABILITY,0.88,7561.25,8709.47,UPI,15,SUCCESS,,0
TXN_0002349,CUST_00229,HIGH_RELIABILITY,0.88,7561.25,5879.27,UPI,14,SUCCESS,,0
TXN_0002350,CUST_00229,HIGH_RELIABILITY,0.88,7561.25,7167.88,NET_BANKING,22,SUCCESS,,0
TXN_0002351,CUST_00229,HIGH_RELIABILITY,0.88,7561.25,12609.35,UPI,11,SUCCESS,,0
TXN_0002352,CUST_00229,HIGH_RELIABILITY,0.88,7561.25,4710.48,CARD,8,SUCCESS,,0
TXN_0002353,CUST_00229,HIGH_RELIABILITY,0.88,7561.25,12445.15,UPI,13,SUCCESS,,0
TXN_0002354,CUST_00229,HIGH_RELIABILITY,0.88,7561.25,6587.28,UPI,13,FAILED,TEMPORARY_BANK_ERROR,1
TXN_0002355,CUST_00229,HIGH_RELIABILITY,0.88,7561.25,11570.02,NET_BANKING,16,SUCCESS,,0
TXN_0002356,CUST_00229,HIGH_RELIABILITY,0.88,7561.25,3306.34,CARD,10,SUCCESS,,0
TXN_0002357,CUST_00229,HIGH_RELIABILITY,0.88,7561.25,9333.32,CARD,13,SUCCESS,,0
TXN_0002358,CUST_00230,LOW_RELIABILITY,0.37,1007.96,710.91,UPI,20,FAILED,TEMPORARY_BANK_ERROR,2
TXN_0002359,CUST_00230,LOW_RELIABILITY,0.37,1007.96,437.35,UPI,20,FAILED,AUTHENTICATION_FAILURE,0
TXN_0002360,CUST_00230,LOW_RELIABILITY,0.37,1007.96,1096.07,UPI,5,FAILED,TEMPORARY_BANK_ERROR,1
TXN_0002361,CUST_00230,LOW_RELIABILITY,0.37,1007.96,1414.96,CARD,20,FAILED,NETWORK_TIMEOUT,1
TXN_0002362,CUST_00230,LOW_RELIABILITY,0.37,1007.96,667.29,WALLET,17,FAILED,NETWORK_TIMEOUT,0
TXN_0002363,CUST_00230,LOW_RELIABILITY,0.37,1007.96,403.58,UPI,0,SUCCESS,,0
TXN_0002364,CUST_00230,LOW_RELIABILITY,0.37,1007.96,970.93,CARD,0,SUCCESS,,0
TXN_0002365,CUST_00230,LOW_RELIABILITY,0.37,1007.96,972.71,CARD,2,FAILED,TEMPORARY_BANK_ERROR,1
TXN_0002366,CUST_00230,LOW_RELIABILITY,0.37,1007.96,1229.03,WALLET,20,SUCCESS,,0
TXN_0002367,CUST_00230,LOW_RELIABILITY,0.37,1007.96,1390.82,UPI,7,SUCCESS,,0
TXN_0002368,CUST_00230,LOW_RELIABILITY,0.37,1007.96,984.0,UPI,6,FAILED,TEMPORARY_BANK_ERROR,1
TXN_0002369,CUST_00231,MEDIUM_RELIABILITY,0.68,6667.5,11616.13,NET_BANKING,21,FAILED,TEMPORARY_BANK_ERROR,0
TXN_0002370,CUST_00231,MEDIUM_RELIABILITY,0.68,6667.5,7265.53,UPI,18,SUCCESS,,0
TXN_0002371,CUST_00231,MEDIUM_RELIABILITY,0.68,6667.5,5743.58,UPI,19,FAILED,TEMPORARY_BANK_ERROR,0
TXN_0002372,CUST_00231,MEDIUM_RELIABILITY,0.68,6667.5,2369.45,UPI,2,SUCCESS,,0
TXN_0002373,CUST_00231,MEDIUM_RELIABILITY,0.68,6667.5,5966.99,UPI,6,SUCCESS,,0
TXN_0002374,CUST_00231,MEDIUM_RELIABILITY,0.68,6667.5,5770.36,CARD,0,SUCCESS,,0
TXN_0002375,CUST_00231,MEDIUM_RELIABILITY,0.68,6667.5,9228.63,CARD,20,FAILED,AUTHENTICATION_FAILURE,0
TXN_0002376,CUST_00231,MEDIUM_RELIABILITY,0.68,6667.5,7900.94,UPI,14,SUCCESS,,0
TXN_0002377,CUST_00231,MEDIUM_RELIABILITY,0.68,6667.5,3522.12,UPI,0,SUCCESS,,0
TXN_0002378,CUST_00231,MEDIUM_RELIABILITY,0.68,6667.5,7126.9,CARD,20,SUCCESS,,0
TXN_0002379,CUST_00231,MEDIUM_RELIABILITY,0.68,6667.5,8458.47,UPI,10,SUCCESS,,0
TXN_0002380,CUST_00232,MEDIUM_RELIABILITY,0.81,6042.0,9734.95,WALLET,19,SUCCESS,,0
TXN_0002381,CUST_00232,MEDIUM_RELIABILITY,0.81,6042.0,8186.92,UPI,23,SUCCESS,,0
TXN_0002382,CUST_00232,MEDIUM_RELIABILITY,0.81,6042.0,7880.81,UPI,19,FAILED,TEMPORARY_BANK_ERROR,0
TXN_0002383,CUST_00232,MEDIUM_RELIABILITY,0.81,6042.0,6187.22,UPI,11,FAILED,TEMPORARY_BANK_ERROR,0
TXN_0002384,CUST_00232,MEDIUM_RELIABILITY,0.81,6042.0,6980.47,UPI,23,SUCCESS,,0
TXN_0002385,CUST_00232,MEDIUM_RELIABILITY,0.81,6042.0,9061.8,UPI,8,SUCCESS,,0
TXN_0002386,CUST_00232,MEDIUM_RELIABILITY,0.81,6042.0,2820.94,WALLET,11,SUCCESS,,0
TXN_0002387,CUST_00232,MEDIUM_RELIABILITY,0.81,6042.0,5197.48,CARD,14,SUCCESS,,0
TXN_0002388,CUST_00232,MEDIUM_RELIABILITY,0.81,6042.0,4174.86,CARD,16,SUCCESS,,0
TXN_0002389,CUST_00232,MEDIUM_RELIABILITY,0.81,6042.0,6958.34,WALLET,8,FAILED,AUTHENTICATION_FAILURE,2
TXN_0002390,CUST_00232,MEDIUM_RELIABILITY,0.81,6042.0,9015.2,UPI,12,FAILED,USER_ABANDONMENT,0
TXN_0002391,CUST_00232,MEDIUM_RELIABILITY,0.81,6042.0,4599.23,UPI,6,SUCCESS,,0
TXN_0002392,CUST_00233,MEDIUM_RELIABILITY,0.86,4061.27,178.2,UPI,14,SUCCESS,,0
TXN_0002393,CUST_00233,MEDIUM_RELIABILITY,0.86,4061.27,3391.61,CARD,10,SUCCESS,,0
TXN_0002394,CUST_00233,MEDIUM_RELIABILITY,0.86,4061.27,5545.22,CARD,13,SUCCESS,,0
TXN_0002395,CUST_00233,MEDIUM_RELIABILITY,0.86,4061.27,4934.65,UPI,20,SUCCESS,,0
TXN_0002396,CUST_00233,MEDIUM_RELIABILITY,0.86,4061.27,4756.86,UPI,1,SUCCESS,,0
TXN_0002397,CUST_00233,MEDIUM_RELIABILITY,0.86,4061.27,3606.42,UPI,13,SUCCESS,,0
TXN_0002398,CUST_00233,MEDIUM_RELIABILITY,0.86,4061.27,1983.47,NET_BANKING,20,SUCCESS,,0
TXN_0002399,CUST_00233,MEDIUM_RELIABILITY,0.86,4061.27,4898.37,CARD,12,FAILED,TEMPORARY_BANK_ERROR,0
TXN_0002400,CUST_00233,MEDIUM_RELIABILITY,0.86,4061.27,2705.97,NET_BANKING,11,SUCCESS,,0
TXN_0002401,CUST_00233,MEDIUM_RELIABILITY,0.86,4061.27,7609.35,UPI,11,SUCCESS,,0
TXN_0002402,CUST_00233,MEDIUM_RELIABILITY,0.86,4061.27,4988.06,NET_BANKING,3,FAILED,AUTHENTICATION_FAILURE,1
TXN_0002403,CUST_00233,MEDIUM_RELIABILITY,0.86,4061.27,3118.0,UPI,18,SUCCESS,,0
TXN_0002404,CUST_00234,HIGH_RELIABILITY,0.91,13160.39,9941.96,CARD,12,SUCCESS,,0
TXN_0002405,CUST_00234,HIGH_RELIABILITY,0.91,13160.39,12671.12,UPI,6,SUCCESS,,0
TXN_0002406,CUST_00234,HIGH_RELIABILITY,0.91,13160.39,11899.61,UPI,19,SUCCESS,,0
TXN_0002407,CUST_00234,HIGH_RELIABILITY,0.91,13160.39,19039.58,NET_BANKING,21,FAILED,USER_ABANDONMENT,0
TXN_0002408,CUST_00234,HIGH_RELIABILITY,0.91,13160.39,14141.71,NET_BANKING,10,SUCCESS,,0
TXN_0002409,CUST_00234,HIGH_RELIABILITY,0.91,13160.39,9308.97,UPI,1,SUCCESS,,0
TXN_0002410,CUST_00234,HIGH_RELIABILITY,0.91,13160.39,23111.96,CARD,8,SUCCESS,,0
TXN_0002411,CUST_00234,HIGH_RELIABILITY,0.91,13160.39,13419.96,UPI,5,SUCCESS,,0
TXN_0002412,CUST_00235,MEDIUM_RELIABILITY,0.7,9650.61,12618.52,UPI,18,FAILED,TEMPORARY_BANK_ERROR,1
TXN_0002413,CUST_00235,MEDIUM_RELIABILITY,0.7,9650.61,7302.71,CARD,0,SUCCESS,,0
TXN_0002414,CUST_00235,MEDIUM_RELIABILITY,0.7,9650.61,11052.32,UPI,12,FAILED,INSUFFICIENT_FUNDS,0
TXN_0002415,CUST_00235,MEDIUM_RELIABILITY,0.7,9650.61,10851.57,UPI,0,FAILED,TEMPORARY_BANK_ERROR,1
TXN_0002416,CUST_00235,MEDIUM_RELIABILITY,0.7,9650.61,2356.1,CARD,8,FAILED,NETWORK_TIMEOUT,0
TXN_0002417,CUST_00235,MEDIUM_RELIABILITY,0.7,9650.61,17430.06,NET_BANKING,15,SUCCESS,,0
TXN_0002418,CUST_00235,MEDIUM_RELIABILITY,0.7,9650.61,14632.81,UPI,22,SUCCESS,,0
TXN_0002419,CUST_00235,MEDIUM_RELIABILITY,0.7,9650.61,8117.34,CARD,20,SUCCESS,,0
TXN_0002420,CUST_00235,MEDIUM_RELIABILITY,0.7,9650.61,5395.58,UPI,11,SUCCESS,,0
TXN_0002421,CUST_00235,MEDIUM_RELIABILITY,0.7,9650.61,10992.28,UPI,7,FAILED,TEMPORARY_BANK_ERROR,0
TXN_0002422,CUST_00235,MEDIUM_RELIABILITY,0.7,9650.61,9985.28,UPI,22,SUCCESS,,0
TXN_0002423,CUST_00235,MEDIUM_RELIABILITY,0.7,9650.61,11023.58,UPI,2,FAILED,TECHNICAL_ERROR,0
TXN_0002424,CUST_00235,MEDIUM_RELIABILITY,0.7,9650.61,10390.15,WALLET,0,SUCCESS,,0
TXN_0002425,CUST_00235,MEDIUM_RELIABILITY,0.7,9650.61,11604.82,NET_BANKING,8,SUCCESS,,0
TXN_0002426,CUST_00236,MEDIUM_RELIABILITY,0.65,9713.85,15337.41,UPI,9,FAILED,NETWORK_TIMEOUT,1
TXN_0002427,CUST_00236,MEDIUM_RELIABILITY,0.65,9713.85,11921.24,NET_BANKING,8,SUCCESS,,0
TXN_0002428,CUST_00236,MEDIUM_RELIABILITY,0.65,9713.85,5635.37,WALLET,18,SUCCESS,,0
TXN_0002429,CUST_00236,MEDIUM_RELIABILITY,0.65,9713.85,15008.14,UPI,4,SUCCESS,,0
TXN_0002430,CUST_00236,MEDIUM_RELIABILITY,0.65,9713.85,16088.52,NET_BANKING,13,SUCCESS,,0
TXN_0002431,CUST_00237,MEDIUM_RELIABILITY,0.66,8965.86,20270.22,UPI,16,FAILED,NETWORK_TIMEOUT,0
TXN_0002432,CUST_00237,MEDIUM_RELIABILITY,0.66,8965.86,4936.62,UPI,23,SUCCESS,,0
TXN_0002433,CUST_00237,MEDIUM_RELIABILITY,0.66,8965.86,9836.92,UPI,9,SUCCESS,,0
TXN_0002434,CUST_00237,MEDIUM_RELIABILITY,0.66,8965.86,1498.74,UPI,7,SUCCESS,,0
TXN_0002435,CUST_00237,MEDIUM_RELIABILITY,0.66,8965.86,10949.64,CARD,6,SUCCESS,,0
TXN_0002436,CUST_00237,MEDIUM_RELIABILITY,0.66,8965.86,6999.83,UPI,15,FAILED,TEMPORARY_BANK_ERROR,0
TXN_0002437,CUST_00237,MEDIUM_RELIABILITY,0.66,8965.86,15864.0,NET_BANKING,6,SUCCESS,,0
TXN_0002438,CUST_00237,MEDIUM_RELIABILITY,0.66,8965.86,6187.82,UPI,18,SUCCESS,,0
TXN_0002439,CUST_00237,MEDIUM_RELIABILITY,0.66,8965.86,2907.87,CARD,10,SUCCESS,,0
TXN_0002440,CUST_00237,MEDIUM_RELIABILITY,0.66,8965.86,7275.75,UPI,14,SUCCESS,,0
TXN_0002441,CUST_00237,MEDIUM_RELIABILITY,0.66,8965.86,1881.08,NET_BANKING,3,SUCCESS,,0
TXN_0002442,CUST_00237,MEDIUM_RELIABILITY,0.66,8965.86,11659.56,UPI,11,SUCCESS,,0
TXN_0002443,CUST_00237,MEDIUM_RELIABILITY,0.66,8965.86,1559.76,CARD,19,SUCCESS,,0
TXN_0002444,CUST_00237,MEDIUM_RELIABILITY,0.66,8965.86,9067.92,NET_BANKING,6,FAILED,NETWORK_TIMEOUT,1
TXN_0002445,CUST_00237,MEDIUM_RELIABILITY,0.66,8965.86,1514.11,WALLET,18,SUCCESS,,0
TXN_0002446,CUST_00238,MEDIUM_RELIABILITY,0.77,9933.17,8660.54,CARD,3,SUCCESS,,0
TXN_0002447,CUST_00238,MEDIUM_RELIABILITY,0.77,9933.17,16462.75,UPI,14,FAILED,TEMPORARY_BANK_ERROR,1
TXN_0002448,CUST_00238,MEDIUM_RELIABILITY,0.77,9933.17,11366.12,CARD,8,FAILED,INSUFFICIENT_FUNDS,0
TXN_0002449,CUST_00238,MEDIUM_RELIABILITY,0.77,9933.17,6502.28,UPI,12,SUCCESS,,0
TXN_0002450,CUST_00238,MEDIUM_RELIABILITY,0.77,9933.17,9809.19,CARD,1,SUCCESS,,0
TXN_0002451,CUST_00238,MEDIUM_RELIABILITY,0.77,9933.17,10004.76,UPI,1,SUCCESS,,0
TXN_0002452,CUST_00238,MEDIUM_RELIABILITY,0.77,9933.17,11811.06,CARD,13,FAILED,TEMPORARY_BANK_ERROR,0
TXN_0002453,CUST_00239,MEDIUM_RELIABILITY,0.67,5761.62,2611.49,CARD,15,SUCCESS,,0
TXN_0002454,CUST_00239,MEDIUM_RELIABILITY,0.67,5761.62,7127.28,UPI,1,SUCCESS,,0
TXN_0002455,CUST_00239,MEDIUM_RELIABILITY,0.67,5761.62,100.0,WALLET,7,FAILED,USER_ABANDONMENT,0
TXN_0002456,CUST_00239,MEDIUM_RELIABILITY,0.67,5761.62,4309.96,UPI,17,FAILED,TEMPORARY_BANK_ERROR,1
TXN_0002457,CUST_00239,MEDIUM_RELIABILITY,0.67,5761.62,4636.32,CARD,12,SUCCESS,,0
TXN_0002458,CUST_00239,MEDIUM_RELIABILITY,0.67,5761.62,7221.22,UPI,22,FAILED,TEMPORARY_BANK_ERROR,1
TXN_0002459,CUST_00239,MEDIUM_RELIABILITY,0.67,5761.62,5813.78,UPI,9,SUCCESS,,0
TXN_0002460,CUST_00239,MEDIUM_RELIABILITY,0.67,5761.62,2522.29,UPI,0,FAILED,INSUFFICIENT_FUNDS,1
TXN_0002461,CUST_00239,MEDIUM_RELIABILITY,0.67,5761.62,3491.56,CARD,9,SUCCESS,,0
TXN_0002462,CUST_00240,HIGH_RELIABILITY,0.99,8323.37,8984.84,UPI,21,SUCCESS,,0
TXN_0002463,CUST_00240,HIGH_RELIABILITY,0.99,8323.37,8060.13,UPI,14,SUCCESS,,0
TXN_0002464,CUST_00240,HIGH_RELIABILITY,0.99,8323.37,6395.26,UPI,15,SUCCESS,,0
TXN_0002465,CUST_00240,HIGH_RELIABILITY,0.99,8323.37,6722.51,UPI,8,SUCCESS,,0
TXN_0002466,CUST_00240,HIGH_RELIABILITY,0.99,8323.37,10641.16,UPI,0,SUCCESS,,0
TXN_0002467,CUST_00240,HIGH_RELIABILITY,0.99,8323.37,6599.79,WALLET,18,FAILED,USER_ABANDONMENT,0
TXN_0002468,CUST_00240,HIGH_RELIABILITY,0.99,8323.37,8030.08,UPI,0,SUCCESS,,0
TXN_0002469,CUST_00240,HIGH_RELIABILITY,0.99,8323.37,15547.84,WALLET,7,SUCCESS,,0
TXN_0002470,CUST_00241,HIGH_RELIABILITY,0.95,10740.48,4624.07,NET_BANKING,3,SUCCESS,,0
TXN_0002471,CUST_00241,HIGH_RELIABILITY,0.95,10740.48,2784.61,NET_BANKING,10,SUCCESS,,0
TXN_0002472,CUST_00241,HIGH_RELIABILITY,0.95,10740.48,14106.93,CARD,17,SUCCESS,,0
TXN_0002473,CUST_00241,HIGH_RELIABILITY,0.95,10740.48,7824.9,CARD,11,SUCCESS,,0
TXN_0002474,CUST_00241,HIGH_RELIABILITY,0.95,10740.48,9373.27,NET_BANKING,9,SUCCESS,,0
TXN_0002475,CUST_00241,HIGH_RELIABILITY,0.95,10740.48,7384.48,NET_BANKING,21,SUCCESS,,0
TXN_0002476,CUST_00241,HIGH_RELIABILITY,0.95,10740.48,9624.33,WALLET,19,SUCCESS,,0
TXN_0002477,CUST_00242,MEDIUM_RELIABILITY,0.75,6461.8,10593.57,CARD,23,SUCCESS,,0
TXN_0002478,CUST_00242,MEDIUM_RELIABILITY,0.75,6461.8,8535.08,UPI,13,SUCCESS,,0
TXN_0002479,CUST_00242,MEDIUM_RELIABILITY,0.75,6461.8,8690.41,CARD,4,SUCCESS,,0
TXN_0002480,CUST_00242,MEDIUM_RELIABILITY,0.75,6461.8,2801.25,UPI,18,SUCCESS,,0
TXN_0002481,CUST_00242,MEDIUM_RELIABILITY,0.75,6461.8,3486.39,WALLET,11,FAILED,TEMPORARY_BANK_ERROR,2
TXN_0002482,CUST_00242,MEDIUM_RELIABILITY,0.75,6461.8,100.0,UPI,3,SUCCESS,,0
TXN_0002483,CUST_00242,MEDIUM_RELIABILITY,0.75,6461.8,4369.78,NET_BANKING,21,SUCCESS,,0
TXN_0002484,CUST_00242,MEDIUM_RELIABILITY,0.75,6461.8,8934.61,WALLET,16,FAILED,TECHNICAL_ERROR,0
TXN_0002485,CUST_00242,MEDIUM_RELIABILITY,0.75,6461.8,7797.96,UPI,18,SUCCESS,,0
TXN_0002486,CUST_00243,HIGH_RELIABILITY,0.94,13616.21,12409.74,UPI,1,SUCCESS,,0
TXN_0002487,CUST_00243,HIGH_RELIABILITY,0.94,13616.21,13494.75,CARD,19,SUCCESS,,0
TXN_0002488,CUST_00243,HIGH_RELIABILITY,0.94,13616.21,9864.21,NET_BANKING,18,SUCCESS,,0
TXN_0002489,CUST_00243,HIGH_RELIABILITY,0.94,13616.21,14731.43,NET_BANKING,9,SUCCESS,,0
TXN_0002490,CUST_00243,HIGH_RELIABILITY,0.94,13616.21,17787.55,UPI,21,SUCCESS,,0
TXN_0002491,CUST_00243,HIGH_RELIABILITY,0.94,13616.21,4815.31,CARD,16,SUCCESS,,0
TXN_0002492,CUST_00243,HIGH_RELIABILITY,0.94,13616.21,15248.24,CARD,21,SUCCESS,,0
TXN_0002493,CUST_00243,HIGH_RELIABILITY,0.94,13616.21,18694.7,CARD,2,SUCCESS,,0
TXN_0002494,CUST_00243,HIGH_RELIABILITY,0.94,13616.21,11355.37,UPI,1,SUCCESS,,0
TXN_0002495,CUST_00244,MEDIUM_RELIABILITY,0.66,3169.15,4057.4,UPI,15,FAILED,NETWORK_TIMEOUT,1
TXN_0002496,CUST_00244,MEDIUM_RELIABILITY,0.66,3169.15,6737.17,UPI,8,FAILED,USER_ABANDONMENT,1
TXN_0002497,CUST_00244,MEDIUM_RELIABILITY,0.66,3169.15,3036.88,CARD,17,FAILED,TEMPORARY_BANK_ERROR,0
TXN_0002498,CUST_00244,MEDIUM_RELIABILITY,0.66,3169.15,3667.73,WALLET,6,SUCCESS,,0
TXN_0002499,CUST_00244,MEDIUM_RELIABILITY,0.66,3169.15,2233.54,WALLET,9,FAILED,INSUFFICIENT_FUNDS,0
TXN_0002500,CUST_00244,MEDIUM_RELIABILITY,0.66,3169.15,3398.91,NET_BANKING,20,SUCCESS,,0
TXN_0002501,CUST_00244,MEDIUM_RELIABILITY,0.66,3169.15,3752.62,UPI,3,SUCCESS,,0
TXN_0002502,CUST_00244,MEDIUM_RELIABILITY,0.66,3169.15,3416.14,WALLET,19,FAILED,INSUFFICIENT_FUNDS,1
TXN_0002503,CUST_00244,MEDIUM_RELIABILITY,0.66,3169.15,1876.52,UPI,18,FAILED,USER_ABANDONMENT,0
TXN_0002504,CUST_00244,MEDIUM_RELIABILITY,0.66,3169.15,3430.75,UPI,6,FAILED,TEMPORARY_BANK_ERROR,0
TXN_0002505,CUST_00244,MEDIUM_RELIABILITY,0.66,3169.15,5022.72,CARD,17,FAILED,AUTHENTICATION_FAILURE,1
TXN_0002506,CUST_00244,MEDIUM_RELIABILITY,0.66,3169.15,3737.87,UPI,16,SUCCESS,,0
TXN_0002507,CUST_00244,MEDIUM_RELIABILITY,0.66,3169.15,4388.62,UPI,21,SUCCESS,,0
TXN_0002508,CUST_00244,MEDIUM_RELIABILITY,0.66,3169.15,2868.7,CARD,13,SUCCESS,,0
TXN_0002509,CUST_00245,LOW_RELIABILITY,0.63,6253.79,8129.68,CARD,17,FAILED,AUTHENTICATION_FAILURE,0
TXN_0002510,CUST_00245,LOW_RELIABILITY,0.63,6253.79,6952.38,UPI,9,SUCCESS,,0
TXN_0002511,CUST_00245,LOW_RELIABILITY,0.63,6253.79,3875.07,CARD,11,FAILED,INSUFFICIENT_FUNDS,0
TXN_0002512,CUST_00245,LOW_RELIABILITY,0.63,6253.79,7050.58,UPI,12,FAILED,AUTHENTICATION_FAILURE,0
TXN_0002513,CUST_00245,LOW_RELIABILITY,0.63,6253.79,3773.04,NET_BANKING,16,SUCCESS,,0
TXN_0002514,CUST_00245,LOW_RELIABILITY,0.63,6253.79,4670.63,UPI,1,FAILED,TECHNICAL_ERROR,0
TXN_0002515,CUST_00245,LOW_RELIABILITY,0.63,6253.79,6727.4,CARD,9,SUCCESS,,0
TXN_0002516,CUST_00245,LOW_RELIABILITY,0.63,6253.79,6997.35,CARD,1,FAILED,INSUFFICIENT_FUNDS,0
TXN_0002517,CUST_00245,LOW_RELIABILITY,0.63,6253.79,3278.91,CARD,22,FAILED,TEMPORARY_BANK_ERROR,1
TXN_0002518,CUST_00245,LOW_RELIABILITY,0.63,6253.79,8890.35,CARD,7,SUCCESS,,0
TXN_0002519,CUST_00245,LOW_RELIABILITY,0.63,6253.79,7684.67,CARD,4,FAILED,NETWORK_TIMEOUT,3
TXN_0002520,CUST_00246,HIGH_RELIABILITY,0.93,9681.86,6952.63,NET_BANKING,19,SUCCESS,,0
TXN_0002521,CUST_00246,HIGH_RELIABILITY,0.93,9681.86,3727.19,UPI,0,SUCCESS,,0
TXN_0002522,CUST_00246,HIGH_RELIABILITY,0.93,9681.86,9120.68,NET_BANKING,16,SUCCESS,,0
TXN_0002523,CUST_00246,HIGH_RELIABILITY,0.93,9681.86,7954.83,UPI,15,FAILED,INSUFFICIENT_FUNDS,0
TXN_0002524,CUST_00246,HIGH_RELIABILITY,0.93,9681.86,10120.02,WALLET,9,SUCCESS,,0
TXN_0002525,CUST_00247,LOW_RELIABILITY,0.43,1479.22,1264.37,NET_BANKING,17,FAILED,INSUFFICIENT_FUNDS,0
TXN_0002526,CUST_00247,LOW_RELIABILITY,0.43,1479.22,291.43,CARD,3,FAILED,INSUFFICIENT_FUNDS,0
TXN_0002527,CUST_00247,LOW_RELIABILITY,0.43,1479.22,1249.44,NET_BANKING,21,FAILED,INSUFFICIENT_FUNDS,1
TXN_0002528,CUST_00247,LOW_RELIABILITY,0.43,1479.22,1298.39,UPI,15,FAILED,AUTHENTICATION_FAILURE,3
TXN_0002529,CUST_00247,LOW_RELIABILITY,0.43,1479.22,1854.15,CARD,21,FAILED,NETWORK_TIMEOUT,1
TXN_0002530,CUST_00247,LOW_RELIABILITY,0.43,1479.22,1066.1,CARD,13,FAILED,NETWORK_TIMEOUT,0
TXN_0002531,CUST_00247,LOW_RELIABILITY,0.43,1479.22,2472.47,UPI,18,FAILED,INSUFFICIENT_FUNDS,2
TXN_0002532,CUST_00248,LOW_RELIABILITY,0.48,2602.8,612.55,UPI,11,SUCCESS,,0
TXN_0002533,CUST_00248,LOW_RELIABILITY,0.48,2602.8,3967.88,CARD,23,FAILED,TEMPORARY_BANK_ERROR,0
TXN_0002534,CUST_00248,LOW_RELIABILITY,0.48,2602.8,2369.26,CARD,16,FAILED,TECHNICAL_ERROR,0
TXN_0002535,CUST_00248,LOW_RELIABILITY,0.48,2602.8,3497.73,CARD,5,SUCCESS,,0
TXN_0002536,CUST_00248,LOW_RELIABILITY,0.48,2602.8,2685.88,UPI,23,SUCCESS,,0
TXN_0002537,CUST_00248,LOW_RELIABILITY,0.48,2602.8,3789.21,CARD,4,FAILED,AUTHENTICATION_FAILURE,0
TXN_0002538,CUST_00248,LOW_RELIABILITY,0.48,2602.8,2199.51,UPI,20,FAILED,TECHNICAL_ERROR,1
TXN_0002539,CUST_00248,LOW_RELIABILITY,0.48,2602.8,1459.0,UPI,22,SUCCESS,,0
TXN_0002540,CUST_00248,LOW_RELIABILITY,0.48,2602.8,4081.72,NET_BANKING,16,FAILED,AUTHENTICATION_FAILURE,0
TXN_0002541,CUST_00248,LOW_RELIABILITY,0.48,2602.8,2484.65,CARD,18,SUCCESS,,0
TXN_0002542,CUST_00248,LOW_RELIABILITY,0.48,2602.8,2833.47,UPI,1,FAILED,AUTHENTICATION_FAILURE,0
TXN_0002543,CUST_00248,LOW_RELIABILITY,0.48,2602.8,3888.32,CARD,15,SUCCESS,,0
TXN_0002544,CUST_00248,LOW_RELIABILITY,0.48,2602.8,1528.41,CARD,7,SUCCESS,,0
TXN_0002545,CUST_00248,LOW_RELIABILITY,0.48,2602.8,3222.78,NET_BANKING,23,SUCCESS,,0
TXN_0002546,CUST_00249,MEDIUM_RELIABILITY,0.78,1238.48,946.25,NET_BANKING,5,SUCCESS,,0
TXN_0002547,CUST_00249,MEDIUM_RELIABILITY,0.78,1238.48,1173.0,UPI,13,SUCCESS,,0
TXN_0002548,CUST_00249,MEDIUM_RELIABILITY,0.78,1238.48,1274.29,UPI,8,FAILED,USER_ABANDONMENT,0
TXN_0002549,CUST_00249,MEDIUM_RELIABILITY,0.78,1238.48,495.28,NET_BANKING,19,SUCCESS,,0
TXN_0002550,CUST_00249,MEDIUM_RELIABILITY,0.78,1238.48,852.65,UPI,5,SUCCESS,,0
TXN_0002551,CUST_00249,MEDIUM_RELIABILITY,0.78,1238.48,1907.79,CARD,12,FAILED,INSUFFICIENT_FUNDS,0
TXN_0002552,CUST_00250,MEDIUM_RELIABILITY,0.86,9869.0,13367.33,UPI,14,SUCCESS,,0
TXN_0002553,CUST_00250,MEDIUM_RELIABILITY,0.86,9869.0,9621.72,UPI,23,SUCCESS,,0
TXN_0002554,CUST_00250,MEDIUM_RELIABILITY,0.86,9869.0,10828.75,NET_BANKING,6,FAILED,TEMPORARY_BANK_ERROR,3
TXN_0002555,CUST_00250,MEDIUM_RELIABILITY,0.86,9869.0,8707.45,UPI,1,SUCCESS,,0
TXN_0002556,CUST_00250,MEDIUM_RELIABILITY,0.86,9869.0,15224.25,NET_BANKING,11,SUCCESS,,0
TXN_0002557,CUST_00250,MEDIUM_RELIABILITY,0.86,9869.0,9078.09,CARD,2,SUCCESS,,0
TXN_0002558,CUST_00250,MEDIUM_RELIABILITY,0.86,9869.0,10784.22,CARD,23,SUCCESS,,0
TXN_0002559,CUST_00250,MEDIUM_RELIABILITY,0.86,9869.0,14393.07,CARD,6,SUCCESS,,0
TXN_0002560,CUST_00251,MEDIUM_RELIABILITY,0.8,5592.92,3853.81,CARD,11,SUCCESS,,0
TXN_0002561,CUST_00251,MEDIUM_RELIABILITY,0.8,5592.92,9080.19,CARD,4,SUCCESS,,0
TXN_0002562,CUST_00251,MEDIUM_RELIABILITY,0.8,5592.92,2169.02,UPI,20,SUCCESS,,0
TXN_0002563,CUST_00251,MEDIUM_RELIABILITY,0.8,5592.92,9238.7,UPI,2,FAILED,INSUFFICIENT_FUNDS,0
TXN_0002564,CUST_00251,MEDIUM_RELIABILITY,0.8,5592.92,4759.18,CARD,1,SUCCESS,,0
TXN_0002565,CUST_00251,MEDIUM_RELIABILITY,0.8,5592.92,5049.96,UPI,7,SUCCESS,,0
TXN_0002566,CUST_00251,MEDIUM_RELIABILITY,0.8,5592.92,1364.65,UPI,8,SUCCESS,,0
TXN_0002567,CUST_00251,MEDIUM_RELIABILITY,0.8,5592.92,4575.47,UPI,5,SUCCESS,,0
TXN_0002568,CUST_00251,MEDIUM_RELIABILITY,0.8,5592.92,3266.7,UPI,18,SUCCESS,,0
TXN_0002569,CUST_00251,MEDIUM_RELIABILITY,0.8,5592.92,4233.51,CARD,19,SUCCESS,,0
TXN_0002570,CUST_00251,MEDIUM_RELIABILITY,0.8,5592.92,5285.73,UPI,1,SUCCESS,,0
TXN_0002571,CUST_00251,MEDIUM_RELIABILITY,0.8,5592.92,7735.66,NET_BANKING,18,SUCCESS,,0
TXN_0002572,CUST_00252,MEDIUM_RELIABILITY,0.72,8231.05,8914.57,CARD,1,SUCCESS,,0
TXN_0002573,CUST_00252,MEDIUM_RELIABILITY,0.72,8231.05,9244.05,UPI,10,SUCCESS,,0
TXN_0002574,CUST_00252,MEDIUM_RELIABILITY,0.72,8231.05,4624.14,UPI,6,SUCCESS,,0
TXN_0002575,CUST_00252,MEDIUM_RELIABILITY,0.72,8231.05,5331.24,CARD,21,SUCCESS,,0
TXN_0002576,CUST_00252,MEDIUM_RELIABILITY,0.72,8231.05,14153.21,UPI,15,FAILED,TECHNICAL_ERROR,2
TXN_0002577,CUST_00252,MEDIUM_RELIABILITY,0.72,8231.05,5810.46,CARD,1,SUCCESS,,0
TXN_0002578,CUST_00252,MEDIUM_RELIABILITY,0.72,8231.05,13683.98,UPI,13,SUCCESS,,0
TXN_0002579,CUST_00252,MEDIUM_RELIABILITY,0.72,8231.05,7430.79,CARD,2,SUCCESS,,0
TXN_0002580,CUST_00252,MEDIUM_RELIABILITY,0.72,8231.05,8238.58,CARD,4,FAILED,TEMPORARY_BANK_ERROR,0
TXN_0002581,CUST_00253,MEDIUM_RELIABILITY,0.8,2044.86,2920.36,UPI,11,SUCCESS,,0
TXN_0002582,CUST_00253,MEDIUM_RELIABILITY,0.8,2044.86,3085.2,UPI,7,FAILED,TEMPORARY_BANK_ERROR,1
TXN_0002583,CUST_00253,MEDIUM_RELIABILITY,0.8,2044.86,1954.22,NET_BANKING,17,SUCCESS,,0
TXN_0002584,CUST_00253,MEDIUM_RELIABILITY,0.8,2044.86,1727.3,UPI,21,SUCCESS,,0
TXN_0002585,CUST_00253,MEDIUM_RELIABILITY,0.8,2044.86,1999.12,CARD,1,SUCCESS,,0
TXN_0002586,CUST_00253,MEDIUM_RELIABILITY,0.8,2044.86,2321.29,UPI,4,SUCCESS,,0
TXN_0002587,CUST_00253,MEDIUM_RELIABILITY,0.8,2044.86,2773.9,UPI,4,FAILED,TEMPORARY_BANK_ERROR,1
TXN_0002588,CUST_00253,MEDIUM_RELIABILITY,0.8,2044.86,2048.32,WALLET,11,FAILED,NETWORK_TIMEOUT,0
TXN_0002589,CUST_00253,MEDIUM_RELIABILITY,0.8,2044.86,2551.07,UPI,18,FAILED,NETWORK_TIMEOUT,1
TXN_0002590,CUST_00253,MEDIUM_RELIABILITY,0.8,2044.86,3384.95,NET_BANKING,17,SUCCESS,,0
TXN_0002591,CUST_00253,MEDIUM_RELIABILITY,0.8,2044.86,2356.75,WALLET,0,SUCCESS,,0
TXN_0002592,CUST_00253,MEDIUM_RELIABILITY,0.8,2044.86,2299.77,UPI,1,FAILED,TEMPORARY_BANK_ERROR,0
TXN_0002593,CUST_00253,MEDIUM_RELIABILITY,0.8,2044.86,802.48,UPI,11,SUCCESS,,0
TXN_0002594,CUST_00254,LOW_RELIABILITY,0.61,5793.25,100.0,WALLET,4,SUCCESS,,0
TXN_0002595,CUST_00254,LOW_RELIABILITY,0.61,5793.25,6693.23,CARD,3,SUCCESS,,0
TXN_0002596,CUST_00254,LOW_RELIABILITY,0.61,5793.25,5573.51,UPI,17,FAILED,AUTHENTICATION_FAILURE,1
TXN_0002597,CUST_00254,LOW_RELIABILITY,0.61,5793.25,4600.34,NET_BANKING,7,SUCCESS,,0
TXN_0002598,CUST_00254,LOW_RELIABILITY,0.61,5793.25,6357.58,UPI,11,SUCCESS,,0
TXN_0002599,CUST_00254,LOW_RELIABILITY,0.61,5793.25,5653.28,UPI,20,FAILED,USER_ABANDONMENT,0
TXN_0002600,CUST_00254,LOW_RELIABILITY,0.61,5793.25,8406.66,CARD,3,FAILED,TECHNICAL_ERROR,1
TXN_0002601,CUST_00254,LOW_RELIABILITY,0.61,5793.25,5992.79,CARD,8,FAILED,TECHNICAL_ERROR,1
TXN_0002602,CUST_00255,MEDIUM_RELIABILITY,0.86,7394.34,5185.14,UPI,23,SUCCESS,,0
TXN_0002603,CUST_00255,MEDIUM_RELIABILITY,0.86,7394.34,10322.99,UPI,23,SUCCESS,,0
TXN_0002604,CUST_00255,MEDIUM_RELIABILITY,0.86,7394.34,6752.12,UPI,7,SUCCESS,,0
TXN_0002605,CUST_00255,MEDIUM_RELIABILITY,0.86,7394.34,8951.7,CARD,14,SUCCESS,,0
TXN_0002606,CUST_00255,MEDIUM_RELIABILITY,0.86,7394.34,5982.29,UPI,1,SUCCESS,,0
TXN_0002607,CUST_00255,MEDIUM_RELIABILITY,0.86,7394.34,5472.32,CARD,9,SUCCESS,,0
TXN_0002608,CUST_00255,MEDIUM_RELIABILITY,0.86,7394.34,7643.29,UPI,8,SUCCESS,,0
TXN_0002609,CUST_00255,MEDIUM_RELIABILITY,0.86,7394.34,7432.28,UPI,0,SUCCESS,,0
TXN_0002610,CUST_00255,MEDIUM_RELIABILITY,0.86,7394.34,8813.54,UPI,1,SUCCESS,,0
TXN_0002611,CUST_00255,MEDIUM_RELIABILITY,0.86,7394.34,6599.76,UPI,21,SUCCESS,,0
TXN_0002612,CUST_00255,MEDIUM_RELIABILITY,0.86,7394.34,1962.87,UPI,9,FAILED,USER_ABANDONMENT,2
TXN_0002613,CUST_00255,MEDIUM_RELIABILITY,0.86,7394.34,6114.31,WALLET,10,SUCCESS,,0
TXN_0002614,CUST_00255,MEDIUM_RELIABILITY,0.86,7394.34,9742.25,WALLET,18,SUCCESS,,0
TXN_0002615,CUST_00256,HIGH_RELIABILITY,0.95,6855.4,6039.95,UPI,19,SUCCESS,,0
TXN_0002616,CUST_00256,HIGH_RELIABILITY,0.95,6855.4,6179.78,UPI,23,SUCCESS,,0
TXN_0002617,CUST_00256,HIGH_RELIABILITY,0.95,6855.4,9560.2,NET_BANKING,3,SUCCESS,,0
TXN_0002618,CUST_00256,HIGH_RELIABILITY,0.95,6855.4,4903.06,WALLET,21,SUCCESS,,0
TXN_0002619,CUST_00256,HIGH_RELIABILITY,0.95,6855.4,2624.79,WALLET,17,SUCCESS,,0
TXN_0002620,CUST_00257,MEDIUM_RELIABILITY,0.86,8727.61,8166.84,CARD,16,SUCCESS,,0
TXN_0002621,CUST_00257,MEDIUM_RELIABILITY,0.86,8727.61,7037.34,WALLET,14,SUCCESS,,0
TXN_0002622,CUST_00257,MEDIUM_RELIABILITY,0.86,8727.61,5354.4,WALLET,4,SUCCESS,,0
TXN_0002623,CUST_00257,MEDIUM_RELIABILITY,0.86,8727.61,8115.36,UPI,21,SUCCESS,,0
TXN_0002624,CUST_00257,MEDIUM_RELIABILITY,0.86,8727.61,10443.48,UPI,7,SUCCESS,,0
TXN_0002625,CUST_00257,MEDIUM_RELIABILITY,0.86,8727.61,8695.18,UPI,18,SUCCESS,,0
TXN_0002626,CUST_00257,MEDIUM_RELIABILITY,0.86,8727.61,9799.29,CARD,11,SUCCESS,,0
TXN_0002627,CUST_00257,MEDIUM_RELIABILITY,0.86,8727.61,15058.3,UPI,20,SUCCESS,,0
TXN_0002628,CUST_00257,MEDIUM_RELIABILITY,0.86,8727.61,7530.6,CARD,3,SUCCESS,,0
TXN_0002629,CUST_00257,MEDIUM_RELIABILITY,0.86,8727.61,9699.34,CARD,8,SUCCESS,,0
TXN_0002630,CUST_00257,MEDIUM_RELIABILITY,0.86,8727.61,6949.92,UPI,0,SUCCESS,,0
TXN_0002631,CUST_00257,MEDIUM_RELIABILITY,0.86,8727.61,5772.93,CARD,11,SUCCESS,,0
TXN_0002632,CUST_00257,MEDIUM_RELIABILITY,0.86,8727.61,6685.67,NET_BANKING,6,SUCCESS,,0
TXN_0002633,CUST_00257,MEDIUM_RELIABILITY,0.86,8727.61,7056.24,CARD,2,SUCCESS,,0
TXN_0002634,CUST_00258,MEDIUM_RELIABILITY,0.66,750.49,858.4,CARD,2,SUCCESS,,0
TXN_0002635,CUST_00258,MEDIUM_RELIABILITY,0.66,750.49,1455.67,UPI,8,FAILED,NETWORK_TIMEOUT,0
TXN_0002636,CUST_00258,MEDIUM_RELIABILITY,0.66,750.49,535.54,UPI,19,SUCCESS,,0
TXN_0002637,CUST_00258,MEDIUM_RELIABILITY,0.66,750.49,625.42,UPI,20,FAILED,AUTHENTICATION_FAILURE,2
TXN_0002638,CUST_00258,MEDIUM_RELIABILITY,0.66,750.49,731.54,CARD,1,SUCCESS,,0
TXN_0002639,CUST_00258,MEDIUM_RELIABILITY,0.66,750.49,869.31,UPI,22,SUCCESS,,0
TXN_0002640,CUST_00258,MEDIUM_RELIABILITY,0.66,750.49,829.61,WALLET,0,SUCCESS,,0
TXN_0002641,CUST_00258,MEDIUM_RELIABILITY,0.66,750.49,1135.97,NET_BANKING,11,SUCCESS,,0
TXN_0002642,CUST_00258,MEDIUM_RELIABILITY,0.66,750.49,100.0,UPI,7,SUCCESS,,0
TXN_0002643,CUST_00258,MEDIUM_RELIABILITY,0.66,750.49,100.0,UPI,14,FAILED,TEMPORARY_BANK_ERROR,0
TXN_0002644,CUST_00258,MEDIUM_RELIABILITY,0.66,750.49,601.63,CARD,21,SUCCESS,,0
TXN_0002645,CUST_00258,MEDIUM_RELIABILITY,0.66,750.49,1079.9,CARD,9,FAILED,NETWORK_TIMEOUT,1
TXN_0002646,CUST_00258,MEDIUM_RELIABILITY,0.66,750.49,280.49,UPI,13,SUCCESS,,0
TXN_0002647,CUST_00258,MEDIUM_RELIABILITY,0.66,750.49,100.0,UPI,9,SUCCESS,,0
TXN_0002648,CUST_00259,MEDIUM_RELIABILITY,0.73,8200.26,10073.79,UPI,9,SUCCESS,,0
TXN_0002649,CUST_00259,MEDIUM_RELIABILITY,0.73,8200.26,8999.48,WALLET,0,FAILED,TEMPORARY_BANK_ERROR,0
TXN_0002650,CUST_00259,MEDIUM_RELIABILITY,0.73,8200.26,4624.26,CARD,23,SUCCESS,,0
TXN_0002651,CUST_00259,MEDIUM_RELIABILITY,0.73,8200.26,4967.59,CARD,11,SUCCESS,,0
TXN_0002652,CUST_00259,MEDIUM_RELIABILITY,0.73,8200.26,5019.4,UPI,18,FAILED,AUTHENTICATION_FAILURE,0
TXN_0002653,CUST_00259,MEDIUM_RELIABILITY,0.73,8200.26,8562.83,WALLET,2,SUCCESS,,0
TXN_0002654,CUST_00259,MEDIUM_RELIABILITY,0.73,8200.26,6145.88,WALLET,7,SUCCESS,,0
TXN_0002655,CUST_00260,MEDIUM_RELIABILITY,0.87,1928.96,2310.17,CARD,23,SUCCESS,,0
TXN_0002656,CUST_00260,MEDIUM_RELIABILITY,0.87,1928.96,100.0,CARD,16,SUCCESS,,0
TXN_0002657,CUST_00260,MEDIUM_RELIABILITY,0.87,1928.96,1267.83,CARD,21,SUCCESS,,0
TXN_0002658,CUST_00260,MEDIUM_RELIABILITY,0.87,1928.96,1060.11,UPI,8,SUCCESS,,0
TXN_0002659,CUST_00260,MEDIUM_RELIABILITY,0.87,1928.96,1731.17,CARD,7,SUCCESS,,0
TXN_0002660,CUST_00260,MEDIUM_RELIABILITY,0.87,1928.96,1513.81,NET_BANKING,11,SUCCESS,,0
TXN_0002661,CUST_00260,MEDIUM_RELIABILITY,0.87,1928.96,2544.56,UPI,3,SUCCESS,,0
TXN_0002662,CUST_00260,MEDIUM_RELIABILITY,0.87,1928.96,494.33,UPI,13,SUCCESS,,0
TXN_0002663,CUST_00260,MEDIUM_RELIABILITY,0.87,1928.96,1964.06,UPI,16,FAILED,NETWORK_TIMEOUT,0
TXN_0002664,CUST_00260,MEDIUM_RELIABILITY,0.87,1928.96,2359.76,UPI,13,SUCCESS,,0
TXN_0002665,CUST_00260,MEDIUM_RELIABILITY,0.87,1928.96,3361.52,NET_BANKING,4,SUCCESS,,0
TXN_0002666,CUST_00260,MEDIUM_RELIABILITY,0.87,1928.96,1557.24,UPI,13,SUCCESS,,0
TXN_0002667,CUST_00260,MEDIUM_RELIABILITY,0.87,1928.96,2179.31,CARD,19,SUCCESS,,0
TXN_0002668,CUST_00260,MEDIUM_RELIABILITY,0.87,1928.96,537.13,UPI,10,FAILED,NETWORK_TIMEOUT,0
TXN_0002669,CUST_00261,MEDIUM_RELIABILITY,0.78,4118.46,177.99,CARD,20,SUCCESS,,0
TXN_0002670,CUST_00261,MEDIUM_RELIABILITY,0.78,4118.46,5510.13,UPI,5,SUCCESS,,0
TXN_0002671,CUST_00261,MEDIUM_RELIABILITY,0.78,4118.46,4109.3,UPI,3,SUCCESS,,0
TXN_0002672,CUST_00261,MEDIUM_RELIABILITY,0.78,4118.46,6059.92,NET_BANKING,22,SUCCESS,,0
TXN_0002673,CUST_00261,MEDIUM_RELIABILITY,0.78,4118.46,1855.94,CARD,4,SUCCESS,,0
TXN_0002674,CUST_00261,MEDIUM_RELIABILITY,0.78,4118.46,4974.94,NET_BANKING,0,SUCCESS,,0
TXN_0002675,CUST_00261,MEDIUM_RELIABILITY,0.78,4118.46,7197.12,WALLET,4,SUCCESS,,0
TXN_0002676,CUST_00262,MEDIUM_RELIABILITY,0.86,8500.13,9927.15,WALLET,13,SUCCESS,,0
TXN_0002677,CUST_00262,MEDIUM_RELIABILITY,0.86,8500.13,9440.52,UPI,17,SUCCESS,,0
TXN_0002678,CUST_00262,MEDIUM_RELIABILITY,0.86,8500.13,8529.22,UPI,10,SUCCESS,,0
TXN_0002679,CUST_00262,MEDIUM_RELIABILITY,0.86,8500.13,3159.05,NET_BANKING,18,SUCCESS,,0
TXN_0002680,CUST_00262,MEDIUM_RELIABILITY,0.86,8500.13,13109.15,UPI,23,FAILED,AUTHENTICATION_FAILURE,0
TXN_0002681,CUST_00262,MEDIUM_RELIABILITY,0.86,8500.13,6423.18,UPI,13,SUCCESS,,0
TXN_0002682,CUST_00262,MEDIUM_RELIABILITY,0.86,8500.13,10215.4,CARD,13,SUCCESS,,0
TXN_0002683,CUST_00262,MEDIUM_RELIABILITY,0.86,8500.13,3185.73,CARD,4,SUCCESS,,0
TXN_0002684,CUST_00262,MEDIUM_RELIABILITY,0.86,8500.13,4489.91,CARD,18,SUCCESS,,0
TXN_0002685,CUST_00262,MEDIUM_RELIABILITY,0.86,8500.13,13379.5,WALLET,2,SUCCESS,,0
TXN_0002686,CUST_00262,MEDIUM_RELIABILITY,0.86,8500.13,7319.28,UPI,18,SUCCESS,,0
TXN_0002687,CUST_00262,MEDIUM_RELIABILITY,0.86,8500.13,13441.34,CARD,12,SUCCESS,,0
TXN_0002688,CUST_00262,MEDIUM_RELIABILITY,0.86,8500.13,8234.14,UPI,23,SUCCESS,,0
TXN_0002689,CUST_00263,LOW_RELIABILITY,0.59,3387.11,891.63,UPI,15,FAILED,INSUFFICIENT_FUNDS,2
TXN_0002690,CUST_00263,LOW_RELIABILITY,0.59,3387.11,4595.72,CARD,13,FAILED,NETWORK_TIMEOUT,1
TXN_0002691,CUST_00263,LOW_RELIABILITY,0.59,3387.11,2587.9,WALLET,1,SUCCESS,,0
TXN_0002692,CUST_00263,LOW_RELIABILITY,0.59,3387.11,4333.72,CARD,23,FAILED,INSUFFICIENT_FUNDS,0
TXN_0002693,CUST_00263,LOW_RELIABILITY,0.59,3387.11,3421.27,CARD,3,FAILED,TEMPORARY_BANK_ERROR,0
TXN_0002694,CUST_00263,LOW_RELIABILITY,0.59,3387.11,1296.43,CARD,7,SUCCESS,,0
TXN_0002695,CUST_00264,LOW_RELIABILITY,0.47,2059.17,2194.49,WALLET,8,SUCCESS,,0
TXN_0002696,CUST_00264,LOW_RELIABILITY,0.47,2059.17,3868.13,NET_BANKING,7,SUCCESS,,0
TXN_0002697,CUST_00264,LOW_RELIABILITY,0.47,2059.17,2465.23,UPI,6,SUCCESS,,0
TXN_0002698,CUST_00264,LOW_RELIABILITY,0.47,2059.17,2011.79,CARD,5,FAILED,TECHNICAL_ERROR,3
TXN_0002699,CUST_00264,LOW_RELIABILITY,0.47,2059.17,2944.9,CARD,6,FAILED,USER_ABANDONMENT,0
TXN_0002700,CUST_00264,LOW_RELIABILITY,0.47,2059.17,2232.69,UPI,18,FAILED,NETWORK_TIMEOUT,0
TXN_0002701,CUST_00264,LOW_RELIABILITY,0.47,2059.17,2231.76,CARD,3,SUCCESS,,0
TXN_0002702,CUST_00264,LOW_RELIABILITY,0.47,2059.17,1160.03,WALLET,3,FAILED,NETWORK_TIMEOUT,0
TXN_0002703,CUST_00264,LOW_RELIABILITY,0.47,2059.17,2251.78,NET_BANKING,8,SUCCESS,,0
TXN_0002704,CUST_00265,MEDIUM_RELIABILITY,0.66,8714.86,12324.36,WALLET,2,SUCCESS,,0
TXN_0002705,CUST_00265,MEDIUM_RELIABILITY,0.66,8714.86,5800.39,UPI,2,FAILED,INSUFFICIENT_FUNDS,0
TXN_0002706,CUST_00265,MEDIUM_RELIABILITY,0.66,8714.86,13680.57,CARD,16,SUCCESS,,0
TXN_0002707,CUST_00265,MEDIUM_RELIABILITY,0.66,8714.86,8395.18,UPI,22,FAILED,TECHNICAL_ERROR,0
TXN_0002708,CUST_00265,MEDIUM_RELIABILITY,0.66,8714.86,5620.15,WALLET,16,FAILED,USER_ABANDONMENT,1
TXN_0002709,CUST_00265,MEDIUM_RELIABILITY,0.66,8714.86,12192.55,NET_BANKING,1,SUCCESS,,0
TXN_0002710,CUST_00266,MEDIUM_RELIABILITY,0.83,9997.32,8850.45,UPI,4,SUCCESS,,0
TXN_0002711,CUST_00266,MEDIUM_RELIABILITY,0.83,9997.32,13034.57,NET_BANKING,7,SUCCESS,,0
TXN_0002712,CUST_00266,MEDIUM_RELIABILITY,0.83,9997.32,8830.6,UPI,4,SUCCESS,,0
TXN_0002713,CUST_00266,MEDIUM_RELIABILITY,0.83,9997.32,9758.08,UPI,15,SUCCESS,,0
TXN_0002714,CUST_00266,MEDIUM_RELIABILITY,0.83,9997.32,11971.03,UPI,2,SUCCESS,,0
TXN_0002715,CUST_00266,MEDIUM_RELIABILITY,0.83,9997.32,11160.6,NET_BANKING,23,SUCCESS,,0
TXN_0002716,CUST_00266,MEDIUM_RELIABILITY,0.83,9997.32,2017.33,UPI,15,SUCCESS,,0
TXN_0002717,CUST_00266,MEDIUM_RELIABILITY,0.83,9997.32,5513.55,UPI,5,FAILED,AUTHENTICATION_FAILURE,1
TXN_0002718,CUST_00266,MEDIUM_RELIABILITY,0.83,9997.32,13713.96,CARD,7,SUCCESS,,0
TXN_0002719,CUST_00266,MEDIUM_RELIABILITY,0.83,9997.32,9468.92,CARD,21,SUCCESS,,0
TXN_0002720,CUST_00266,MEDIUM_RELIABILITY,0.83,9997.32,7902.96,NET_BANKING,7,SUCCESS,,0
TXN_0002721,CUST_00266,MEDIUM_RELIABILITY,0.83,9997.32,4564.48,CARD,15,SUCCESS,,0
TXN_0002722,CUST_00266,MEDIUM_RELIABILITY,0.83,9997.32,5679.53,UPI,11,SUCCESS,,0
TXN_0002723,CUST_00266,MEDIUM_RELIABILITY,0.83,9997.32,1912.29,UPI,7,FAILED,USER_ABANDONMENT,1
TXN_0002724,CUST_00266,MEDIUM_RELIABILITY,0.83,9997.32,9592.31,UPI,14,SUCCESS,,0
TXN_0002725,CUST_00267,MEDIUM_RELIABILITY,0.87,5776.6,4393.83,UPI,5,SUCCESS,,0
TXN_0002726,CUST_00267,MEDIUM_RELIABILITY,0.87,5776.6,3543.16,UPI,3,SUCCESS,,0
TXN_0002727,CUST_00267,MEDIUM_RELIABILITY,0.87,5776.6,5619.19,UPI,4,SUCCESS,,0
TXN_0002728,CUST_00267,MEDIUM_RELIABILITY,0.87,5776.6,6617.61,CARD,15,SUCCESS,,0
TXN_0002729,CUST_00267,MEDIUM_RELIABILITY,0.87,5776.6,10613.23,CARD,0,SUCCESS,,0
TXN_0002730,CUST_00267,MEDIUM_RELIABILITY,0.87,5776.6,2283.18,CARD,13,FAILED,AUTHENTICATION_FAILURE,0
TXN_0002731,CUST_00267,MEDIUM_RELIABILITY,0.87,5776.6,8455.51,UPI,12,SUCCESS,,0
TXN_0002732,CUST_00267,MEDIUM_RELIABILITY,0.87,5776.6,8025.09,UPI,8,SUCCESS,,0
TXN_0002733,CUST_00267,MEDIUM_RELIABILITY,0.87,5776.6,3976.4,UPI,23,SUCCESS,,0
TXN_0002734,CUST_00267,MEDIUM_RELIABILITY,0.87,5776.6,6246.21,CARD,1,SUCCESS,,0
TXN_0002735,CUST_00267,MEDIUM_RELIABILITY,0.87,5776.6,4719.17,UPI,18,SUCCESS,,0
TXN_0002736,CUST_00267,MEDIUM_RELIABILITY,0.87,5776.6,6205.66,CARD,20,FAILED,TECHNICAL_ERROR,1
TXN_0002737,CUST_00267,MEDIUM_RELIABILITY,0.87,5776.6,9263.66,UPI,17,FAILED,AUTHENTICATION_FAILURE,1
TXN_0002738,CUST_00267,MEDIUM_RELIABILITY,0.87,5776.6,7175.94,UPI,22,SUCCESS,,0
TXN_0002739,CUST_00267,MEDIUM_RELIABILITY,0.87,5776.6,6951.81,UPI,17,FAILED,TEMPORARY_BANK_ERROR,0
TXN_0002740,CUST_00268,LOW_RELIABILITY,0.57,6624.41,5484.19,UPI,5,SUCCESS,,0
TXN_0002741,CUST_00268,LOW_RELIABILITY,0.57,6624.41,2692.01,UPI,22,FAILED,USER_ABANDONMENT,2
TXN_0002742,CUST_00268,LOW_RELIABILITY,0.57,6624.41,6072.02,UPI,6,SUCCESS,,0
TXN_0002743,CUST_00268,LOW_RELIABILITY,0.57,6624.41,9821.64,UPI,0,FAILED,TEMPORARY_BANK_ERROR,2
TXN_0002744,CUST_00268,LOW_RELIABILITY,0.57,6624.41,2577.78,UPI,12,SUCCESS,,0
TXN_0002745,CUST_00268,LOW_RELIABILITY,0.57,6624.41,3828.67,UPI,9,FAILED,TEMPORARY_BANK_ERROR,1
TXN_0002746,CUST_00268,LOW_RELIABILITY,0.57,6624.41,6958.99,UPI,8,SUCCESS,,0
TXN_0002747,CUST_00268,LOW_RELIABILITY,0.57,6624.41,4015.31,NET_BANKING,12,SUCCESS,,0
TXN_0002748,CUST_00268,LOW_RELIABILITY,0.57,6624.41,4524.41,UPI,23,SUCCESS,,0
TXN_0002749,CUST_00268,LOW_RELIABILITY,0.57,6624.41,5501.97,NET_BANKING,2,FAILED,AUTHENTICATION_FAILURE,1
TXN_0002750,CUST_00268,LOW_RELIABILITY,0.57,6624.41,3005.85,UPI,0,SUCCESS,,0
TXN_0002751,CUST_00268,LOW_RELIABILITY,0.57,6624.41,4043.22,CARD,4,FAILED,INSUFFICIENT_FUNDS,0
TXN_0002752,CUST_00268,LOW_RELIABILITY,0.57,6624.41,8488.33,NET_BANKING,9,SUCCESS,,0
TXN_0002753,CUST_00269,MEDIUM_RELIABILITY,0.84,2849.81,1359.51,CARD,0,SUCCESS,,0
TXN_0002754,CUST_00269,MEDIUM_RELIABILITY,0.84,2849.81,1028.36,CARD,3,SUCCESS,,0
TXN_0002755,CUST_00269,MEDIUM_RELIABILITY,0.84,2849.81,2131.63,CARD,15,SUCCESS,,0
TXN_0002756,CUST_00269,MEDIUM_RELIABILITY,0.84,2849.81,3684.18,UPI,7,SUCCESS,,0
TXN_0002757,CUST_00269,MEDIUM_RELIABILITY,0.84,2849.81,2625.33,CARD,15,SUCCESS,,0
TXN_0002758,CUST_00269,MEDIUM_RELIABILITY,0.84,2849.81,2320.22,CARD,16,SUCCESS,,0
TXN_0002759,CUST_00269,MEDIUM_RELIABILITY,0.84,2849.81,2900.38,UPI,15,SUCCESS,,0
TXN_0002760,CUST_00269,MEDIUM_RELIABILITY,0.84,2849.81,859.84,WALLET,17,SUCCESS,,0
TXN_0002761,CUST_00269,MEDIUM_RELIABILITY,0.84,2849.81,3413.74,CARD,18,SUCCESS,,0
TXN_0002762,CUST_00269,MEDIUM_RELIABILITY,0.84,2849.81,3286.9,UPI,7,SUCCESS,,0
TXN_0002763,CUST_00269,MEDIUM_RELIABILITY,0.84,2849.81,2383.23,CARD,3,SUCCESS,,0
TXN_0002764,CUST_00270,MEDIUM_RELIABILITY,0.75,1727.01,2421.91,UPI,20,SUCCESS,,0
TXN_0002765,CUST_00270,MEDIUM_RELIABILITY,0.75,1727.01,948.13,UPI,5,FAILED,TECHNICAL_ERROR,0
TXN_0002766,CUST_00270,MEDIUM_RELIABILITY,0.75,1727.01,2506.17,UPI,12,SUCCESS,,0
TXN_0002767,CUST_00270,MEDIUM_RELIABILITY,0.75,1727.01,1833.73,CARD,23,SUCCESS,,0
TXN_0002768,CUST_00270,MEDIUM_RELIABILITY,0.75,1727.01,1494.52,NET_BANKING,1,SUCCESS,,0
TXN_0002769,CUST_00270,MEDIUM_RELIABILITY,0.75,1727.01,1713.28,UPI,9,SUCCESS,,0
TXN_0002770,CUST_00270,MEDIUM_RELIABILITY,0.75,1727.01,1652.91,NET_BANKING,1,SUCCESS,,0
TXN_0002771,CUST_00270,MEDIUM_RELIABILITY,0.75,1727.01,2569.99,CARD,13,SUCCESS,,0
TXN_0002772,CUST_00270,MEDIUM_RELIABILITY,0.75,1727.01,983.24,UPI,6,SUCCESS,,0
TXN_0002773,CUST_00270,MEDIUM_RELIABILITY,0.75,1727.01,1200.26,NET_BANKING,17,SUCCESS,,0
TXN_0002774,CUST_00271,HIGH_RELIABILITY,0.98,9486.44,13418.77,UPI,14,SUCCESS,,0
TXN_0002775,CUST_00271,HIGH_RELIABILITY,0.98,9486.44,7226.64,CARD,23,SUCCESS,,0
TXN_0002776,CUST_00271,HIGH_RELIABILITY,0.98,9486.44,12903.58,UPI,3,SUCCESS,,0
TXN_0002777,CUST_00271,HIGH_RELIABILITY,0.98,9486.44,15935.08,UPI,4,SUCCESS,,0
TXN_0002778,CUST_00271,HIGH_RELIABILITY,0.98,9486.44,7961.8,UPI,23,SUCCESS,,0
TXN_0002779,CUST_00271,HIGH_RELIABILITY,0.98,9486.44,12071.92,UPI,3,SUCCESS,,0
TXN_0002780,CUST_00271,HIGH_RELIABILITY,0.98,9486.44,5108.67,UPI,5,SUCCESS,,0
TXN_0002781,CUST_00271,HIGH_RELIABILITY,0.98,9486.44,12350.33,CARD,4,SUCCESS,,0
TXN_0002782,CUST_00271,HIGH_RELIABILITY,0.98,9486.44,10243.17,CARD,12,FAILED,TEMPORARY_BANK_ERROR,3
TXN_0002783,CUST_00271,HIGH_RELIABILITY,0.98,9486.44,11281.42,CARD,21,SUCCESS,,0
TXN_0002784,CUST_00271,HIGH_RELIABILITY,0.98,9486.44,7036.77,UPI,11,SUCCESS,,0
TXN_0002785,CUST_00271,HIGH_RELIABILITY,0.98,9486.44,3183.33,UPI,9,SUCCESS,,0
TXN_0002786,CUST_00271,HIGH_RELIABILITY,0.98,9486.44,11396.07,UPI,19,SUCCESS,,0
TXN_0002787,CUST_00271,HIGH_RELIABILITY,0.98,9486.44,1656.7,UPI,19,SUCCESS,,0
TXN_0002788,CUST_00271,HIGH_RELIABILITY,0.98,9486.44,8282.23,CARD,10,SUCCESS,,0
TXN_0002789,CUST_00272,MEDIUM_RELIABILITY,0.7,6881.16,9471.73,UPI,22,SUCCESS,,0
TXN_0002790,CUST_00272,MEDIUM_RELIABILITY,0.7,6881.16,7409.35,UPI,13,FAILED,NETWORK_TIMEOUT,3
TXN_0002791,CUST_00272,MEDIUM_RELIABILITY,0.7,6881.16,12243.9,UPI,22,FAILED,AUTHENTICATION_FAILURE,0
TXN_0002792,CUST_00272,MEDIUM_RELIABILITY,0.7,6881.16,9702.74,UPI,1,SUCCESS,,0
TXN_0002793,CUST_00272,MEDIUM_RELIABILITY,0.7,6881.16,5081.33,CARD,2,SUCCESS,,0
TXN_0002794,CUST_00272,MEDIUM_RELIABILITY,0.7,6881.16,6956.34,CARD,7,SUCCESS,,0
TXN_0002795,CUST_00272,MEDIUM_RELIABILITY,0.7,6881.16,6750.77,UPI,6,FAILED,USER_ABANDONMENT,2
TXN_0002796,CUST_00273,HIGH_RELIABILITY,0.95,6014.28,2208.02,CARD,11,SUCCESS,,0
TXN_0002797,CUST_00273,HIGH_RELIABILITY,0.95,6014.28,3751.95,UPI,8,SUCCESS,,0
TXN_0002798,CUST_00273,HIGH_RELIABILITY,0.95,6014.28,4665.25,CARD,6,FAILED,TEMPORARY_BANK_ERROR,1
TXN_0002799,CUST_00273,HIGH_RELIABILITY,0.95,6014.28,1115.72,UPI,8,SUCCESS,,0
TXN_0002800,CUST_00273,HIGH_RELIABILITY,0.95,6014.28,6128.54,UPI,16,SUCCESS,,0
TXN_0002801,CUST_00273,HIGH_RELIABILITY,0.95,6014.28,5415.08,NET_BANKING,10,SUCCESS,,0
TXN_0002802,CUST_00273,HIGH_RELIABILITY,0.95,6014.28,1989.78,NET_BANKING,19,SUCCESS,,0
TXN_0002803,CUST_00273,HIGH_RELIABILITY,0.95,6014.28,6986.7,NET_BANKING,19,SUCCESS,,0
TXN_0002804,CUST_00273,HIGH_RELIABILITY,0.95,6014.28,7736.46,CARD,5,FAILED,TEMPORARY_BANK_ERROR,0
TXN_0002805,CUST_00273,HIGH_RELIABILITY,0.95,6014.28,6560.46,WALLET,19,SUCCESS,,0
TXN_0002806,CUST_00273,HIGH_RELIABILITY,0.95,6014.28,5234.67,UPI,0,SUCCESS,,0
TXN_0002807,CUST_00273,HIGH_RELIABILITY,0.95,6014.28,7437.12,NET_BANKING,1,SUCCESS,,0
TXN_0002808,CUST_00273,HIGH_RELIABILITY,0.95,6014.28,7650.69,NET_BANKING,13,SUCCESS,,0
TXN_0002809,CUST_00273,HIGH_RELIABILITY,0.95,6014.28,6753.8,UPI,16,SUCCESS,,0
TXN_0002810,CUST_00274,LOW_RELIABILITY,0.38,4766.7,3194.43,CARD,12,SUCCESS,,0
TXN_0002811,CUST_00274,LOW_RELIABILITY,0.38,4766.7,5294.09,CARD,11,FAILED,INSUFFICIENT_FUNDS,0
TXN_0002812,CUST_00274,LOW_RELIABILITY,0.38,4766.7,7046.1,NET_BANKING,6,SUCCESS,,0
TXN_0002813,CUST_00274,LOW_RELIABILITY,0.38,4766.7,3629.12,WALLET,8,SUCCESS,,0
TXN_0002814,CUST_00274,LOW_RELIABILITY,0.38,4766.7,8766.8,NET_BANKING,17,FAILED,AUTHENTICATION_FAILURE,0
TXN_0002815,CUST_00274,LOW_RELIABILITY,0.38,4766.7,3764.49,UPI,13,SUCCESS,,0
TXN_0002816,CUST_00274,LOW_RELIABILITY,0.38,4766.7,4828.49,UPI,11,SUCCESS,,0
TXN_0002817,CUST_00274,LOW_RELIABILITY,0.38,4766.7,3484.49,NET_BANKING,11,SUCCESS,,0
TXN_0002818,CUST_00275,HIGH_RELIABILITY,0.94,11812.46,12867.41,CARD,6,SUCCESS,,0
TXN_0002819,CUST_00275,HIGH_RELIABILITY,0.94,11812.46,3580.49,UPI,23,SUCCESS,,0
TXN_0002820,CUST_00275,HIGH_RELIABILITY,0.94,11812.46,9232.42,UPI,11,SUCCESS,,0
TXN_0002821,CUST_00275,HIGH_RELIABILITY,0.94,11812.46,6652.2,UPI,9,SUCCESS,,0
TXN_0002822,CUST_00275,HIGH_RELIABILITY,0.94,11812.46,12451.93,WALLET,8,SUCCESS,,0
TXN_0002823,CUST_00275,HIGH_RELIABILITY,0.94,11812.46,16511.21,UPI,8,FAILED,NETWORK_TIMEOUT,0
TXN_0002824,CUST_00275,HIGH_RELIABILITY,0.94,11812.46,14864.83,UPI,22,SUCCESS,,0
TXN_0002825,CUST_00275,HIGH_RELIABILITY,0.94,11812.46,606.41,UPI,1,SUCCESS,,0
TXN_0002826,CUST_00276,MEDIUM_RELIABILITY,0.76,8595.72,15616.94,NET_BANKING,15,SUCCESS,,0
TXN_0002827,CUST_00276,MEDIUM_RELIABILITY,0.76,8595.72,9610.98,CARD,15,FAILED,AUTHENTICATION_FAILURE,1
TXN_0002828,CUST_00276,MEDIUM_RELIABILITY,0.76,8595.72,5925.89,CARD,3,FAILED,TEMPORARY_BANK_ERROR,2
TXN_0002829,CUST_00276,MEDIUM_RELIABILITY,0.76,8595.72,9135.97,UPI,23,FAILED,USER_ABANDONMENT,0
TXN_0002830,CUST_00276,MEDIUM_RELIABILITY,0.76,8595.72,9201.51,NET_BANKING,3,FAILED,INSUFFICIENT_FUNDS,0
TXN_0002831,CUST_00277,MEDIUM_RELIABILITY,0.77,5828.91,4274.11,NET_BANKING,8,SUCCESS,,0
TXN_0002832,CUST_00277,MEDIUM_RELIABILITY,0.77,5828.91,6290.37,UPI,19,SUCCESS,,0
TXN_0002833,CUST_00277,MEDIUM_RELIABILITY,0.77,5828.91,4412.55,UPI,21,SUCCESS,,0
TXN_0002834,CUST_00277,MEDIUM_RELIABILITY,0.77,5828.91,4886.11,UPI,22,FAILED,TECHNICAL_ERROR,1
TXN_0002835,CUST_00277,MEDIUM_RELIABILITY,0.77,5828.91,4228.81,UPI,0,SUCCESS,,0
TXN_0002836,CUST_00277,MEDIUM_RELIABILITY,0.77,5828.91,2488.55,UPI,21,SUCCESS,,0
TXN_0002837,CUST_00278,MEDIUM_RELIABILITY,0.84,4333.09,4585.86,UPI,16,FAILED,NETWORK_TIMEOUT,0
TXN_0002838,CUST_00278,MEDIUM_RELIABILITY,0.84,4333.09,5347.55,UPI,19,SUCCESS,,0
TXN_0002839,CUST_00278,MEDIUM_RELIABILITY,0.84,4333.09,5225.5,CARD,5,SUCCESS,,0
TXN_0002840,CUST_00278,MEDIUM_RELIABILITY,0.84,4333.09,5754.21,NET_BANKING,0,SUCCESS,,0
TXN_0002841,CUST_00278,MEDIUM_RELIABILITY,0.84,4333.09,4895.25,CARD,3,SUCCESS,,0
TXN_0002842,CUST_00278,MEDIUM_RELIABILITY,0.84,4333.09,3409.75,CARD,22,FAILED,TECHNICAL_ERROR,0
TXN_0002843,CUST_00279,MEDIUM_RELIABILITY,0.68,773.44,1033.21,UPI,2,FAILED,INSUFFICIENT_FUNDS,3
TXN_0002844,CUST_00279,MEDIUM_RELIABILITY,0.68,773.44,353.46,NET_BANKING,0,FAILED,NETWORK_TIMEOUT,0
TXN_0002845,CUST_00279,MEDIUM_RELIABILITY,0.68,773.44,494.79,CARD,7,FAILED,AUTHENTICATION_FAILURE,2
TXN_0002846,CUST_00279,MEDIUM_RELIABILITY,0.68,773.44,475.14,NET_BANKING,23,SUCCESS,,0
TXN_0002847,CUST_00279,MEDIUM_RELIABILITY,0.68,773.44,1107.58,UPI,1,SUCCESS,,0
TXN_0002848,CUST_00279,MEDIUM_RELIABILITY,0.68,773.44,1065.12,UPI,8,FAILED,NETWORK_TIMEOUT,0
TXN_0002849,CUST_00280,HIGH_RELIABILITY,0.96,9684.33,11572.02,UPI,6,SUCCESS,,0
TXN_0002850,CUST_00280,HIGH_RELIABILITY,0.96,9684.33,13836.7,UPI,22,SUCCESS,,0
TXN_0002851,CUST_00280,HIGH_RELIABILITY,0.96,9684.33,6278.22,UPI,11,SUCCESS,,0
TXN_0002852,CUST_00280,HIGH_RELIABILITY,0.96,9684.33,11034.69,UPI,20,SUCCESS,,0
TXN_0002853,CUST_00280,HIGH_RELIABILITY,0.96,9684.33,9199.44,NET_BANKING,21,SUCCESS,,0
TXN_0002854,CUST_00280,HIGH_RELIABILITY,0.96,9684.33,12964.92,UPI,18,SUCCESS,,0
TXN_0002855,CUST_00280,HIGH_RELIABILITY,0.96,9684.33,9237.98,CARD,6,SUCCESS,,0
TXN_0002856,CUST_00280,HIGH_RELIABILITY,0.96,9684.33,8193.16,UPI,20,SUCCESS,,0
TXN_0002857,CUST_00281,MEDIUM_RELIABILITY,0.8,2523.16,3069.08,UPI,22,SUCCESS,,0
TXN_0002858,CUST_00281,MEDIUM_RELIABILITY,0.8,2523.16,3407.45,CARD,23,SUCCESS,,0
TXN_0002859,CUST_00281,MEDIUM_RELIABILITY,0.8,2523.16,1848.62,UPI,6,SUCCESS,,0
TXN_0002860,CUST_00281,MEDIUM_RELIABILITY,0.8,2523.16,2461.52,CARD,1,SUCCESS,,0
TXN_0002861,CUST_00281,MEDIUM_RELIABILITY,0.8,2523.16,1454.91,CARD,20,FAILED,TEMPORARY_BANK_ERROR,0
TXN_0002862,CUST_00281,MEDIUM_RELIABILITY,0.8,2523.16,100.0,UPI,12,SUCCESS,,0
TXN_0002863,CUST_00281,MEDIUM_RELIABILITY,0.8,2523.16,2725.48,WALLET,10,SUCCESS,,0
TXN_0002864,CUST_00281,MEDIUM_RELIABILITY,0.8,2523.16,3137.71,CARD,0,FAILED,INSUFFICIENT_FUNDS,0
TXN_0002865,CUST_00281,MEDIUM_RELIABILITY,0.8,2523.16,2787.65,WALLET,5,SUCCESS,,0
TXN_0002866,CUST_00282,LOW_RELIABILITY,0.39,298.9,100.0,UPI,17,FAILED,TEMPORARY_BANK_ERROR,1
TXN_0002867,CUST_00282,LOW_RELIABILITY,0.39,298.9,256.95,CARD,18,SUCCESS,,0
TXN_0002868,CUST_00282,LOW_RELIABILITY,0.39,298.9,100.0,CARD,15,SUCCESS,,0
TXN_0002869,CUST_00282,LOW_RELIABILITY,0.39,298.9,462.66,UPI,11,SUCCESS,,0
TXN_0002870,CUST_00282,LOW_RELIABILITY,0.39,298.9,169.05,CARD,12,FAILED,TECHNICAL_ERROR,2
TXN_0002871,CUST_00282,LOW_RELIABILITY,0.39,298.9,449.0,NET_BANKING,16,FAILED,NETWORK_TIMEOUT,0
TXN_0002872,CUST_00282,LOW_RELIABILITY,0.39,298.9,411.99,CARD,18,FAILED,INSUFFICIENT_FUNDS,2
TXN_0002873,CUST_00282,LOW_RELIABILITY,0.39,298.9,191.23,NET_BANKING,22,SUCCESS,,0
TXN_0002874,CUST_00282,LOW_RELIABILITY,0.39,298.9,163.46,UPI,18,SUCCESS,,0
TXN_0002875,CUST_00283,LOW_RELIABILITY,0.45,4211.44,4801.67,CARD,1,SUCCESS,,0
TXN_0002876,CUST_00283,LOW_RELIABILITY,0.45,4211.44,2789.11,UPI,4,SUCCESS,,0
TXN_0002877,CUST_00283,LOW_RELIABILITY,0.45,4211.44,4384.08,CARD,5,FAILED,AUTHENTICATION_FAILURE,0
TXN_0002878,CUST_00283,LOW_RELIABILITY,0.45,4211.44,3398.08,UPI,9,FAILED,TEMPORARY_BANK_ERROR,0
TXN_0002879,CUST_00283,LOW_RELIABILITY,0.45,4211.44,1210.94,UPI,7,FAILED,INSUFFICIENT_FUNDS,1
TXN_0002880,CUST_00283,LOW_RELIABILITY,0.45,4211.44,454.05,UPI,5,FAILED,NETWORK_TIMEOUT,1
TXN_0002881,CUST_00283,LOW_RELIABILITY,0.45,4211.44,4593.31,CARD,15,SUCCESS,,0
TXN_0002882,CUST_00284,MEDIUM_RELIABILITY,0.74,4656.01,3610.16,CARD,3,SUCCESS,,0
TXN_0002883,CUST_00284,MEDIUM_RELIABILITY,0.74,4656.01,3625.93,UPI,4,SUCCESS,,0
TXN_0002884,CUST_00284,MEDIUM_RELIABILITY,0.74,4656.01,5951.99,UPI,9,SUCCESS,,0
TXN_0002885,CUST_00284,MEDIUM_RELIABILITY,0.74,4656.01,6841.43,CARD,13,SUCCESS,,0
TXN_0002886,CUST_00284,MEDIUM_RELIABILITY,0.74,4656.01,4148.42,CARD,11,SUCCESS,,0
TXN_0002887,CUST_00284,MEDIUM_RELIABILITY,0.74,4656.01,4021.68,CARD,18,FAILED,USER_ABANDONMENT,0
TXN_0002888,CUST_00284,MEDIUM_RELIABILITY,0.74,4656.01,5587.48,UPI,11,SUCCESS,,0
TXN_0002889,CUST_00284,MEDIUM_RELIABILITY,0.74,4656.01,2128.85,NET_BANKING,19,SUCCESS,,0
TXN_0002890,CUST_00284,MEDIUM_RELIABILITY,0.74,4656.01,5071.61,UPI,2,SUCCESS,,0
TXN_0002891,CUST_00284,MEDIUM_RELIABILITY,0.74,4656.01,5683.84,UPI,6,FAILED,NETWORK_TIMEOUT,0
TXN_0002892,CUST_00284,MEDIUM_RELIABILITY,0.74,4656.01,5922.87,UPI,5,SUCCESS,,0
TXN_0002893,CUST_00284,MEDIUM_RELIABILITY,0.74,4656.01,1048.99,UPI,12,SUCCESS,,0
TXN_0002894,CUST_00285,LOW_RELIABILITY,0.61,2568.14,1786.03,UPI,13,FAILED,NETWORK_TIMEOUT,0
TXN_0002895,CUST_00285,LOW_RELIABILITY,0.61,2568.14,1665.94,UPI,2,FAILED,AUTHENTICATION_FAILURE,1
TXN_0002896,CUST_00285,LOW_RELIABILITY,0.61,2568.14,2670.75,UPI,0,FAILED,TEMPORARY_BANK_ERROR,0
TXN_0002897,CUST_00285,LOW_RELIABILITY,0.61,2568.14,3061.99,CARD,0,SUCCESS,,0
TXN_0002898,CUST_00285,LOW_RELIABILITY,0.61,2568.14,4105.64,WALLET,12,SUCCESS,,0
TXN_0002899,CUST_00285,LOW_RELIABILITY,0.61,2568.14,2059.68,UPI,13,FAILED,INSUFFICIENT_FUNDS,1
TXN_0002900,CUST_00285,LOW_RELIABILITY,0.61,2568.14,2057.01,NET_BANKING,14,SUCCESS,,0
TXN_0002901,CUST_00285,LOW_RELIABILITY,0.61,2568.14,3749.15,NET_BANKING,22,FAILED,INSUFFICIENT_FUNDS,0
TXN_0002902,CUST_00285,LOW_RELIABILITY,0.61,2568.14,2872.8,NET_BANKING,13,SUCCESS,,0
TXN_0002903,CUST_00285,LOW_RELIABILITY,0.61,2568.14,3870.34,UPI,21,FAILED,TEMPORARY_BANK_ERROR,2
TXN_0002904,CUST_00285,LOW_RELIABILITY,0.61,2568.14,2864.74,CARD,8,FAILED,USER_ABANDONMENT,1
TXN_0002905,CUST_00285,LOW_RELIABILITY,0.61,2568.14,1379.49,CARD,1,SUCCESS,,0
TXN_0002906,CUST_00286,MEDIUM_RELIABILITY,0.76,7944.7,3708.18,UPI,15,SUCCESS,,0
TXN_0002907,CUST_00286,MEDIUM_RELIABILITY,0.76,7944.7,3014.18,UPI,19,SUCCESS,,0
TXN_0002908,CUST_00286,MEDIUM_RELIABILITY,0.76,7944.7,10048.62,UPI,10,SUCCESS,,0
TXN_0002909,CUST_00286,MEDIUM_RELIABILITY,0.76,7944.7,11721.92,NET_BANKING,0,SUCCESS,,0
TXN_0002910,CUST_00286,MEDIUM_RELIABILITY,0.76,7944.7,13821.75,UPI,11,SUCCESS,,0
TXN_0002911,CUST_00287,MEDIUM_RELIABILITY,0.74,6409.82,8571.48,UPI,20,FAILED,TEMPORARY_BANK_ERROR,1
TXN_0002912,CUST_00287,MEDIUM_RELIABILITY,0.74,6409.82,9391.25,CARD,12,FAILED,TEMPORARY_BANK_ERROR,0
TXN_0002913,CUST_00287,MEDIUM_RELIABILITY,0.74,6409.82,4922.7,CARD,20,SUCCESS,,0
TXN_0002914,CUST_00287,MEDIUM_RELIABILITY,0.74,6409.82,3444.85,NET_BANKING,11,SUCCESS,,0
TXN_0002915,CUST_00287,MEDIUM_RELIABILITY,0.74,6409.82,8589.36,CARD,7,SUCCESS,,0
TXN_0002916,CUST_00287,MEDIUM_RELIABILITY,0.74,6409.82,7480.72,WALLET,23,SUCCESS,,0
TXN_0002917,CUST_00287,MEDIUM_RELIABILITY,0.74,6409.82,6685.3,CARD,1,FAILED,NETWORK_TIMEOUT,0
TXN_0002918,CUST_00287,MEDIUM_RELIABILITY,0.74,6409.82,7403.01,WALLET,20,SUCCESS,,0
TXN_0002919,CUST_00287,MEDIUM_RELIABILITY,0.74,6409.82,7238.44,UPI,16,SUCCESS,,0
TXN_0002920,CUST_00287,MEDIUM_RELIABILITY,0.74,6409.82,9701.43,UPI,20,SUCCESS,,0
TXN_0002921,CUST_00287,MEDIUM_RELIABILITY,0.74,6409.82,9730.07,UPI,0,FAILED,AUTHENTICATION_FAILURE,1
TXN_0002922,CUST_00287,MEDIUM_RELIABILITY,0.74,6409.82,7805.16,CARD,2,SUCCESS,,0
TXN_0002923,CUST_00288,MEDIUM_RELIABILITY,0.84,9520.45,12741.42,WALLET,6,SUCCESS,,0
TXN_0002924,CUST_00288,MEDIUM_RELIABILITY,0.84,9520.45,11478.09,WALLET,19,SUCCESS,,0
TXN_0002925,CUST_00288,MEDIUM_RELIABILITY,0.84,9520.45,7764.23,NET_BANKING,7,SUCCESS,,0
TXN_0002926,CUST_00288,MEDIUM_RELIABILITY,0.84,9520.45,12401.58,UPI,18,SUCCESS,,0
TXN_0002927,CUST_00288,MEDIUM_RELIABILITY,0.84,9520.45,4209.96,NET_BANKING,13,SUCCESS,,0
TXN_0002928,CUST_00288,MEDIUM_RELIABILITY,0.84,9520.45,13533.86,CARD,5,SUCCESS,,0
TXN_0002929,CUST_00288,MEDIUM_RELIABILITY,0.84,9520.45,4971.49,CARD,19,SUCCESS,,0
TXN_0002930,CUST_00288,MEDIUM_RELIABILITY,0.84,9520.45,10608.84,UPI,9,SUCCESS,,0
TXN_0002931,CUST_00288,MEDIUM_RELIABILITY,0.84,9520.45,6301.95,UPI,0,SUCCESS,,0
TXN_0002932,CUST_00288,MEDIUM_RELIABILITY,0.84,9520.45,11627.85,CARD,8,SUCCESS,,0
TXN_0002933,CUST_00288,MEDIUM_RELIABILITY,0.84,9520.45,9391.26,CARD,20,SUCCESS,,0
TXN_0002934,CUST_00289,LOW_RELIABILITY,0.39,6500.8,2353.92,UPI,22,FAILED,TEMPORARY_BANK_ERROR,0
TXN_0002935,CUST_00289,LOW_RELIABILITY,0.39,6500.8,7594.75,CARD,14,FAILED,INSUFFICIENT_FUNDS,0
TXN_0002936,CUST_00289,LOW_RELIABILITY,0.39,6500.8,4998.02,UPI,17,FAILED,NETWORK_TIMEOUT,0
TXN_0002937,CUST_00289,LOW_RELIABILITY,0.39,6500.8,8792.06,UPI,14,SUCCESS,,0
TXN_0002938,CUST_00289,LOW_RELIABILITY,0.39,6500.8,6504.25,CARD,17,SUCCESS,,0
TXN_0002939,CUST_00289,LOW_RELIABILITY,0.39,6500.8,7529.02,CARD,8,FAILED,AUTHENTICATION_FAILURE,0
TXN_0002940,CUST_00289,LOW_RELIABILITY,0.39,6500.8,4010.81,UPI,15,FAILED,NETWORK_TIMEOUT,0
TXN_0002941,CUST_00289,LOW_RELIABILITY,0.39,6500.8,4968.35,WALLET,11,FAILED,AUTHENTICATION_FAILURE,0
TXN_0002942,CUST_00290,HIGH_RELIABILITY,0.93,4615.42,3768.7,UPI,19,SUCCESS,,0
TXN_0002943,CUST_00290,HIGH_RELIABILITY,0.93,4615.42,6197.04,CARD,18,SUCCESS,,0
TXN_0002944,CUST_00290,HIGH_RELIABILITY,0.93,4615.42,7712.14,WALLET,0,SUCCESS,,0
TXN_0002945,CUST_00290,HIGH_RELIABILITY,0.93,4615.42,3128.94,UPI,23,SUCCESS,,0
TXN_0002946,CUST_00290,HIGH_RELIABILITY,0.93,4615.42,6603.46,UPI,17,SUCCESS,,0
TXN_0002947,CUST_00290,HIGH_RELIABILITY,0.93,4615.42,609.83,CARD,3,FAILED,TEMPORARY_BANK_ERROR,3
TXN_0002948,CUST_00290,HIGH_RELIABILITY,0.93,4615.42,2410.75,CARD,5,SUCCESS,,0
TXN_0002949,CUST_00290,HIGH_RELIABILITY,0.93,4615.42,2845.35,NET_BANKING,23,SUCCESS,,0
TXN_0002950,CUST_00290,HIGH_RELIABILITY,0.93,4615.42,2118.46,CARD,11,SUCCESS,,0
TXN_0002951,CUST_00290,HIGH_RELIABILITY,0.93,4615.42,1691.85,UPI,19,SUCCESS,,0
TXN_0002952,CUST_00290,HIGH_RELIABILITY,0.93,4615.42,5377.89,NET_BANKING,20,SUCCESS,,0
TXN_0002953,CUST_00290,HIGH_RELIABILITY,0.93,4615.42,4220.22,NET_BANKING,20,SUCCESS,,0
TXN_0002954,CUST_00291,MEDIUM_RELIABILITY,0.75,9810.31,11299.14,CARD,17,SUCCESS,,0
TXN_0002955,CUST_00291,MEDIUM_RELIABILITY,0.75,9810.31,12519.81,NET_BANKING,15,SUCCESS,,0
TXN_0002956,CUST_00291,MEDIUM_RELIABILITY,0.75,9810.31,10852.62,UPI,14,FAILED,USER_ABANDONMENT,0
TXN_0002957,CUST_00291,MEDIUM_RELIABILITY,0.75,9810.31,12391.45,UPI,10,SUCCESS,,0
TXN_0002958,CUST_00291,MEDIUM_RELIABILITY,0.75,9810.31,9537.46,CARD,21,SUCCESS,,0
TXN_0002959,CUST_00291,MEDIUM_RELIABILITY,0.75,9810.31,5152.4,UPI,20,SUCCESS,,0
TXN_0002960,CUST_00291,MEDIUM_RELIABILITY,0.75,9810.31,13961.3,UPI,6,SUCCESS,,0
TXN_0002961,CUST_00291,MEDIUM_RELIABILITY,0.75,9810.31,7498.56,CARD,4,SUCCESS,,0
TXN_0002962,CUST_00291,MEDIUM_RELIABILITY,0.75,9810.31,6138.91,CARD,2,SUCCESS,,0
TXN_0002963,CUST_00291,MEDIUM_RELIABILITY,0.75,9810.31,9112.14,CARD,0,SUCCESS,,0
TXN_0002964,CUST_00292,HIGH_RELIABILITY,0.93,5602.52,3556.9,UPI,20,SUCCESS,,0
TXN_0002965,CUST_00292,HIGH_RELIABILITY,0.93,5602.52,4667.06,UPI,11,FAILED,INSUFFICIENT_FUNDS,1
TXN_0002966,CUST_00292,HIGH_RELIABILITY,0.93,5602.52,6373.55,UPI,16,SUCCESS,,0
TXN_0002967,CUST_00292,HIGH_RELIABILITY,0.93,5602.52,6383.16,NET_BANKING,5,SUCCESS,,0
TXN_0002968,CUST_00292,HIGH_RELIABILITY,0.93,5602.52,3590.48,CARD,7,SUCCESS,,0
TXN_0002969,CUST_00292,HIGH_RELIABILITY,0.93,5602.52,4509.57,WALLET,6,SUCCESS,,0
TXN_0002970,CUST_00292,HIGH_RELIABILITY,0.93,5602.52,8010.11,UPI,0,SUCCESS,,0
TXN_0002971,CUST_00292,HIGH_RELIABILITY,0.93,5602.52,6714.96,CARD,7,SUCCESS,,0
TXN_0002972,CUST_00293,MEDIUM_RELIABILITY,0.79,2781.38,5090.0,WALLET,5,SUCCESS,,0
TXN_0002973,CUST_00293,MEDIUM_RELIABILITY,0.79,2781.38,4094.33,CARD,3,SUCCESS,,0
TXN_0002974,CUST_00293,MEDIUM_RELIABILITY,0.79,2781.38,4054.47,NET_BANKING,5,SUCCESS,,0
TXN_0002975,CUST_00293,MEDIUM_RELIABILITY,0.79,2781.38,1237.3,CARD,2,FAILED,TEMPORARY_BANK_ERROR,1
TXN_0002976,CUST_00293,MEDIUM_RELIABILITY,0.79,2781.38,3631.21,NET_BANKING,15,SUCCESS,,0
TXN_0002977,CUST_00293,MEDIUM_RELIABILITY,0.79,2781.38,2722.3,UPI,13,SUCCESS,,0
TXN_0002978,CUST_00293,MEDIUM_RELIABILITY,0.79,2781.38,2168.38,NET_BANKING,17,FAILED,AUTHENTICATION_FAILURE,1
TXN_0002979,CUST_00293,MEDIUM_RELIABILITY,0.79,2781.38,2968.31,CARD,0,SUCCESS,,0
TXN_0002980,CUST_00293,MEDIUM_RELIABILITY,0.79,2781.38,3832.98,NET_BANKING,1,SUCCESS,,0
TXN_0002981,CUST_00293,MEDIUM_RELIABILITY,0.79,2781.38,3338.58,UPI,23,SUCCESS,,0
TXN_0002982,CUST_00293,MEDIUM_RELIABILITY,0.79,2781.38,1804.03,UPI,22,SUCCESS,,0
TXN_0002983,CUST_00293,MEDIUM_RELIABILITY,0.79,2781.38,3607.4,CARD,14,SUCCESS,,0
TXN_0002984,CUST_00294,HIGH_RELIABILITY,0.89,2804.32,2089.12,UPI,8,SUCCESS,,0
TXN_0002985,CUST_00294,HIGH_RELIABILITY,0.89,2804.32,3047.38,CARD,3,SUCCESS,,0
TXN_0002986,CUST_00294,HIGH_RELIABILITY,0.89,2804.32,2464.04,UPI,21,SUCCESS,,0
TXN_0002987,CUST_00294,HIGH_RELIABILITY,0.89,2804.32,2558.81,WALLET,15,SUCCESS,,0
TXN_0002988,CUST_00294,HIGH_RELIABILITY,0.89,2804.32,3663.84,UPI,20,SUCCESS,,0
TXN_0002989,CUST_00294,HIGH_RELIABILITY,0.89,2804.32,1637.51,CARD,22,SUCCESS,,0
TXN_0002990,CUST_00295,LOW_RELIABILITY,0.39,1232.94,2192.26,NET_BANKING,10,FAILED,NETWORK_TIMEOUT,1
TXN_0002991,CUST_00295,LOW_RELIABILITY,0.39,1232.94,334.82,CARD,18,FAILED,TEMPORARY_BANK_ERROR,0
TXN_0002992,CUST_00295,LOW_RELIABILITY,0.39,1232.94,938.18,CARD,0,FAILED,NETWORK_TIMEOUT,0
TXN_0002993,CUST_00295,LOW_RELIABILITY,0.39,1232.94,1415.52,UPI,22,FAILED,INSUFFICIENT_FUNDS,0
TXN_0002994,CUST_00295,LOW_RELIABILITY,0.39,1232.94,1521.11,UPI,9,FAILED,USER_ABANDONMENT,0
TXN_0002995,CUST_00295,LOW_RELIABILITY,0.39,1232.94,1183.39,CARD,12,FAILED,TEMPORARY_BANK_ERROR,2
TXN_0002996,CUST_00295,LOW_RELIABILITY,0.39,1232.94,1204.64,CARD,4,FAILED,NETWORK_TIMEOUT,1
TXN_0002997,CUST_00295,LOW_RELIABILITY,0.39,1232.94,1435.41,CARD,16,FAILED,INSUFFICIENT_FUNDS,0
TXN_0002998,CUST_00296,MEDIUM_RELIABILITY,0.68,6588.31,5979.37,CARD,18,SUCCESS,,0
TXN_0002999,CUST_00296,MEDIUM_RELIABILITY,0.68,6588.31,10259.79,UPI,11,SUCCESS,,0
TXN_0003000,CUST_00296,MEDIUM_RELIABILITY,0.68,6588.31,8800.27,WALLET,20,FAILED,INSUFFICIENT_FUNDS,0
TXN_0003001,CUST_00296,MEDIUM_RELIABILITY,0.68,6588.31,8888.48,NET_BANKING,0,SUCCESS,,0
TXN_0003002,CUST_00296,MEDIUM_RELIABILITY,0.68,6588.31,4042.17,UPI,7,FAILED,TEMPORARY_BANK_ERROR,0
TXN_0003003,CUST_00296,MEDIUM_RELIABILITY,0.68,6588.31,6379.1,NET_BANKING,3,SUCCESS,,0
TXN_0003004,CUST_00296,MEDIUM_RELIABILITY,0.68,6588.31,5796.48,UPI,14,SUCCESS,,0
TXN_0003005,CUST_00296,MEDIUM_RELIABILITY,0.68,6588.31,3938.22,CARD,0,SUCCESS,,0
TXN_0003006,CUST_00296,MEDIUM_RELIABILITY,0.68,6588.31,7537.46,NET_BANKING,16,SUCCESS,,0
TXN_0003007,CUST_00296,MEDIUM_RELIABILITY,0.68,6588.31,5171.44,CARD,11,SUCCESS,,0
TXN_0003008,CUST_00297,MEDIUM_RELIABILITY,0.69,3783.84,4775.82,CARD,10,SUCCESS,,0
TXN_0003009,CUST_00297,MEDIUM_RELIABILITY,0.69,3783.84,2164.07,UPI,17,SUCCESS,,0
TXN_0003010,CUST_00297,MEDIUM_RELIABILITY,0.69,3783.84,6385.67,CARD,2,SUCCESS,,0
TXN_0003011,CUST_00297,MEDIUM_RELIABILITY,0.69,3783.84,2427.21,UPI,18,SUCCESS,,0
TXN_0003012,CUST_00297,MEDIUM_RELIABILITY,0.69,3783.84,4115.76,UPI,23,FAILED,TECHNICAL_ERROR,2
TXN_0003013,CUST_00297,MEDIUM_RELIABILITY,0.69,3783.84,4982.35,UPI,22,SUCCESS,,0
TXN_0003014,CUST_00297,MEDIUM_RELIABILITY,0.69,3783.84,2920.16,UPI,19,FAILED,NETWORK_TIMEOUT,1
TXN_0003015,CUST_00297,MEDIUM_RELIABILITY,0.69,3783.84,5074.08,CARD,2,SUCCESS,,0
TXN_0003016,CUST_00297,MEDIUM_RELIABILITY,0.69,3783.84,1923.43,UPI,9,FAILED,TEMPORARY_BANK_ERROR,0
TXN_0003017,CUST_00297,MEDIUM_RELIABILITY,0.69,3783.84,5981.67,CARD,14,FAILED,USER_ABANDONMENT,0
TXN_0003018,CUST_00297,MEDIUM_RELIABILITY,0.69,3783.84,3805.26,NET_BANKING,2,FAILED,TEMPORARY_BANK_ERROR,0
TXN_0003019,CUST_00298,HIGH_RELIABILITY,0.98,7635.46,5813.91,UPI,18,SUCCESS,,0
TXN_0003020,CUST_00298,HIGH_RELIABILITY,0.98,7635.46,6721.7,CARD,18,FAILED,NETWORK_TIMEOUT,2
TXN_0003021,CUST_00298,HIGH_RELIABILITY,0.98,7635.46,10106.05,CARD,14,SUCCESS,,0
TXN_0003022,CUST_00298,HIGH_RELIABILITY,0.98,7635.46,5850.43,UPI,20,SUCCESS,,0
TXN_0003023,CUST_00298,HIGH_RELIABILITY,0.98,7635.46,5346.78,CARD,0,SUCCESS,,0
TXN_0003024,CUST_00298,HIGH_RELIABILITY,0.98,7635.46,6958.85,UPI,8,SUCCESS,,0
TXN_0003025,CUST_00298,HIGH_RELIABILITY,0.98,7635.46,4040.8,UPI,16,SUCCESS,,0
TXN_0003026,CUST_00298,HIGH_RELIABILITY,0.98,7635.46,13195.74,UPI,20,SUCCESS,,0
TXN_0003027,CUST_00299,MEDIUM_RELIABILITY,0.8,2137.04,1652.88,UPI,8,SUCCESS,,0
TXN_0003028,CUST_00299,MEDIUM_RELIABILITY,0.8,2137.04,2847.92,CARD,20,SUCCESS,,0
TXN_0003029,CUST_00299,MEDIUM_RELIABILITY,0.8,2137.04,2316.1,WALLET,5,SUCCESS,,0
TXN_0003030,CUST_00299,MEDIUM_RELIABILITY,0.8,2137.04,1295.44,UPI,16,SUCCESS,,0
TXN_0003031,CUST_00299,MEDIUM_RELIABILITY,0.8,2137.04,2131.95,UPI,2,SUCCESS,,0
TXN_0003032,CUST_00299,MEDIUM_RELIABILITY,0.8,2137.04,2807.22,CARD,3,SUCCESS,,0
TXN_0003033,CUST_00299,MEDIUM_RELIABILITY,0.8,2137.04,1976.11,UPI,20,SUCCESS,,0
TXN_0003034,CUST_00299,MEDIUM_RELIABILITY,0.8,2137.04,3156.93,NET_BANKING,6,SUCCESS,,0
TXN_0003035,CUST_00299,MEDIUM_RELIABILITY,0.8,2137.04,3010.25,NET_BANKING,6,SUCCESS,,0
TXN_0003036,CUST_00299,MEDIUM_RELIABILITY,0.8,2137.04,2922.54,UPI,16,SUCCESS,,0
TXN_0003037,CUST_00299,MEDIUM_RELIABILITY,0.8,2137.04,1744.12,CARD,19,FAILED,AUTHENTICATION_FAILURE,0
TXN_0003038,CUST_00299,MEDIUM_RELIABILITY,0.8,2137.04,1213.97,UPI,12,SUCCESS,,0
TXN_0003039,CUST_00299,MEDIUM_RELIABILITY,0.8,2137.04,1612.54,NET_BANKING,19,SUCCESS,,0
TXN_0003040,CUST_00300,HIGH_RELIABILITY,0.9,1572.16,1695.57,WALLET,15,SUCCESS,,0
TXN_0003041,CUST_00300,HIGH_RELIABILITY,0.9,1572.16,1915.39,NET_BANKING,23,SUCCESS,,0
TXN_0003042,CUST_00300,HIGH_RELIABILITY,0.9,1572.16,206.54,WALLET,15,SUCCESS,,0
TXN_0003043,CUST_00300,HIGH_RELIABILITY,0.9,1572.16,1567.06,NET_BANKING,11,SUCCESS,,0
TXN_0003044,CUST_00300,HIGH_RELIABILITY,0.9,1572.16,1671.58,UPI,11,SUCCESS,,0
TXN_0003045,CUST_00300,HIGH_RELIABILITY,0.9,1572.16,1397.62,UPI,9,SUCCESS,,0
TXN_0003046,CUST_00300,HIGH_RELIABILITY,0.9,1572.16,2384.2,UPI,13,FAILED,TECHNICAL_ERROR,0
TXN_0003047,CUST_00300,HIGH_RELIABILITY,0.9,1572.16,1837.4,UPI,20,SUCCESS,,0
TXN_0003048,CUST_00300,HIGH_RELIABILITY,0.9,1572.16,2396.09,WALLET,8,FAILED,AUTHENTICATION_FAILURE,0
TXN_0003049,CUST_00300,HIGH_RELIABILITY,0.9,1572.16,1436.35,CARD,9,SUCCESS,,0
TXN_0003050,CUST_00301,MEDIUM_RELIABILITY,0.69,3146.61,4326.56,UPI,12,SUCCESS,,0
TXN_0003051,CUST_00301,MEDIUM_RELIABILITY,0.69,3146.61,5204.58,CARD,6,SUCCESS,,0
TXN_0003052,CUST_00301,MEDIUM_RELIABILITY,0.69,3146.61,4797.57,CARD,14,SUCCESS,,0
TXN_0003053,CUST_00301,MEDIUM_RELIABILITY,0.69,3146.61,1771.99,UPI,7,FAILED,AUTHENTICATION_FAILURE,2
TXN_0003054,CUST_00301,MEDIUM_RELIABILITY,0.69,3146.61,2827.32,CARD,1,SUCCESS,,0
TXN_0003055,CUST_00302,MEDIUM_RELIABILITY,0.69,1342.67,1157.29,CARD,22,SUCCESS,,0
TXN_0003056,CUST_00302,MEDIUM_RELIABILITY,0.69,1342.67,1605.43,UPI,19,SUCCESS,,0
TXN_0003057,CUST_00302,MEDIUM_RELIABILITY,0.69,1342.67,1711.29,UPI,1,SUCCESS,,0
TXN_0003058,CUST_00302,MEDIUM_RELIABILITY,0.69,1342.67,892.13,UPI,11,SUCCESS,,0
TXN_0003059,CUST_00302,MEDIUM_RELIABILITY,0.69,1342.67,1379.1,UPI,15,FAILED,AUTHENTICATION_FAILURE,0
TXN_0003060,CUST_00302,MEDIUM_RELIABILITY,0.69,1342.67,257.83,NET_BANKING,13,SUCCESS,,0
TXN_0003061,CUST_00302,MEDIUM_RELIABILITY,0.69,1342.67,2117.09,NET_BANKING,18,FAILED,TEMPORARY_BANK_ERROR,0
TXN_0003062,CUST_00302,MEDIUM_RELIABILITY,0.69,1342.67,1067.49,UPI,18,SUCCESS,,0
TXN_0003063,CUST_00302,MEDIUM_RELIABILITY,0.69,1342.67,1372.67,CARD,17,SUCCESS,,0
TXN_0003064,CUST_00302,MEDIUM_RELIABILITY,0.69,1342.67,1176.37,UPI,0,FAILED,USER_ABANDONMENT,2
TXN_0003065,CUST_00302,MEDIUM_RELIABILITY,0.69,1342.67,1958.16,CARD,23,FAILED,USER_ABANDONMENT,2
TXN_0003066,CUST_00303,MEDIUM_RELIABILITY,0.68,4877.4,100.0,CARD,6,FAILED,INSUFFICIENT_FUNDS,0
TXN_0003067,CUST_00303,MEDIUM_RELIABILITY,0.68,4877.4,4844.99,UPI,21,SUCCESS,,0
TXN_0003068,CUST_00303,MEDIUM_RELIABILITY,0.68,4877.4,4670.95,UPI,19,SUCCESS,,0
TXN_0003069,CUST_00303,MEDIUM_RELIABILITY,0.68,4877.4,3992.37,UPI,3,SUCCESS,,0
TXN_0003070,CUST_00303,MEDIUM_RELIABILITY,0.68,4877.4,8245.2,UPI,15,SUCCESS,,0
TXN_0003071,CUST_00303,MEDIUM_RELIABILITY,0.68,4877.4,3146.26,NET_BANKING,1,SUCCESS,,0
TXN_0003072,CUST_00303,MEDIUM_RELIABILITY,0.68,4877.4,6383.14,CARD,0,SUCCESS,,0
TXN_0003073,CUST_00303,MEDIUM_RELIABILITY,0.68,4877.4,5572.43,WALLET,16,SUCCESS,,0
TXN_0003074,CUST_00303,MEDIUM_RELIABILITY,0.68,4877.4,7338.57,UPI,17,SUCCESS,,0
TXN_0003075,CUST_00303,MEDIUM_RELIABILITY,0.68,4877.4,3575.74,CARD,20,FAILED,TEMPORARY_BANK_ERROR,0
TXN_0003076,CUST_00303,MEDIUM_RELIABILITY,0.68,4877.4,3447.41,CARD,3,SUCCESS,,0
TXN_0003077,CUST_00303,MEDIUM_RELIABILITY,0.68,4877.4,7015.79,NET_BANKING,2,SUCCESS,,0
TXN_0003078,CUST_00304,HIGH_RELIABILITY,0.9,6099.78,7137.53,CARD,6,SUCCESS,,0
TXN_0003079,CUST_00304,HIGH_RELIABILITY,0.9,6099.78,2330.27,NET_BANKING,13,SUCCESS,,0
TXN_0003080,CUST_00304,HIGH_RELIABILITY,0.9,6099.78,4783.92,CARD,23,SUCCESS,,0
TXN_0003081,CUST_00304,HIGH_RELIABILITY,0.9,6099.78,7042.52,UPI,5,SUCCESS,,0
TXN_0003082,CUST_00304,HIGH_RELIABILITY,0.9,6099.78,8143.85,UPI,16,SUCCESS,,0
TXN_0003083,CUST_00304,HIGH_RELIABILITY,0.9,6099.78,4442.52,CARD,13,SUCCESS,,0
TXN_0003084,CUST_00304,HIGH_RELIABILITY,0.9,6099.78,100.0,UPI,9,FAILED,USER_ABANDONMENT,0
TXN_0003085,CUST_00304,HIGH_RELIABILITY,0.9,6099.78,7376.4,UPI,13,SUCCESS,,0
TXN_0003086,CUST_00304,HIGH_RELIABILITY,0.9,6099.78,3122.3,NET_BANKING,18,SUCCESS,,0
TXN_0003087,CUST_00304,HIGH_RELIABILITY,0.9,6099.78,1177.65,UPI,14,SUCCESS,,0
TXN_0003088,CUST_00304,HIGH_RELIABILITY,0.9,6099.78,100.0,UPI,18,SUCCESS,,0
TXN_0003089,CUST_00304,HIGH_RELIABILITY,0.9,6099.78,8085.82,NET_BANKING,22,SUCCESS,,0
TXN_0003090,CUST_00305,HIGH_RELIABILITY,0.94,10665.53,11214.24,UPI,4,SUCCESS,,0
TXN_0003091,CUST_00305,HIGH_RELIABILITY,0.94,10665.53,9702.83,UPI,0,SUCCESS,,0
TXN_0003092,CUST_00305,HIGH_RELIABILITY,0.94,10665.53,16591.4,WALLET,1,SUCCESS,,0
TXN_0003093,CUST_00305,HIGH_RELIABILITY,0.94,10665.53,13384.49,CARD,2,SUCCESS,,0
TXN_0003094,CUST_00305,HIGH_RELIABILITY,0.94,10665.53,17561.01,UPI,7,SUCCESS,,0
TXN_0003095,CUST_00305,HIGH_RELIABILITY,0.94,10665.53,4723.83,UPI,5,SUCCESS,,0
TXN_0003096,CUST_00305,HIGH_RELIABILITY,0.94,10665.53,10518.13,UPI,6,SUCCESS,,0
TXN_0003097,CUST_00306,MEDIUM_RELIABILITY,0.66,8094.4,2859.87,UPI,14,FAILED,TECHNICAL_ERROR,0
TXN_0003098,CUST_00306,MEDIUM_RELIABILITY,0.66,8094.4,7351.72,NET_BANKING,23,FAILED,TEMPORARY_BANK_ERROR,0
TXN_0003099,CUST_00306,MEDIUM_RELIABILITY,0.66,8094.4,7289.44,UPI,12,SUCCESS,,0
TXN_0003100,CUST_00306,MEDIUM_RELIABILITY,0.66,8094.4,10123.22,UPI,5,SUCCESS,,0
TXN_0003101,CUST_00306,MEDIUM_RELIABILITY,0.66,8094.4,8241.92,CARD,16,FAILED,AUTHENTICATION_FAILURE,0
TXN_0003102,CUST_00307,MEDIUM_RELIABILITY,0.79,1276.71,1595.07,CARD,11,SUCCESS,,0
TXN_0003103,CUST_00307,MEDIUM_RELIABILITY,0.79,1276.71,1635.95,UPI,6,SUCCESS,,0
TXN_0003104,CUST_00307,MEDIUM_RELIABILITY,0.79,1276.71,2377.2,UPI,16,SUCCESS,,0
TXN_0003105,CUST_00307,MEDIUM_RELIABILITY,0.79,1276.71,1115.69,UPI,3,SUCCESS,,0
TXN_0003106,CUST_00307,MEDIUM_RELIABILITY,0.79,1276.71,796.14,UPI,12,SUCCESS,,0
TXN_0003107,CUST_00307,MEDIUM_RELIABILITY,0.79,1276.71,1402.38,UPI,3,SUCCESS,,0
TXN_0003108,CUST_00307,MEDIUM_RELIABILITY,0.79,1276.71,867.0,WALLET,2,SUCCESS,,0
TXN_0003109,CUST_00307,MEDIUM_RELIABILITY,0.79,1276.71,2033.52,NET_BANKING,9,FAILED,AUTHENTICATION_FAILURE,1
TXN_0003110,CUST_00307,MEDIUM_RELIABILITY,0.79,1276.71,1132.08,NET_BANKING,15,FAILED,TECHNICAL_ERROR,1
TXN_0003111,CUST_00307,MEDIUM_RELIABILITY,0.79,1276.71,987.88,NET_BANKING,1,FAILED,TEMPORARY_BANK_ERROR,0
TXN_0003112,CUST_00307,MEDIUM_RELIABILITY,0.79,1276.71,1036.02,UPI,4,FAILED,NETWORK_TIMEOUT,0
TXN_0003113,CUST_00307,MEDIUM_RELIABILITY,0.79,1276.71,1643.59,CARD,6,SUCCESS,,0
TXN_0003114,CUST_00308,HIGH_RELIABILITY,0.98,13892.21,13015.63,UPI,19,SUCCESS,,0
TXN_0003115,CUST_00308,HIGH_RELIABILITY,0.98,13892.21,10326.54,UPI,5,SUCCESS,,0
TXN_0003116,CUST_00308,HIGH_RELIABILITY,0.98,13892.21,23146.38,CARD,4,SUCCESS,,0
TXN_0003117,CUST_00308,HIGH_RELIABILITY,0.98,13892.21,9134.57,NET_BANKING,5,SUCCESS,,0
TXN_0003118,CUST_00308,HIGH_RELIABILITY,0.98,13892.21,14089.85,WALLET,5,SUCCESS,,0
TXN_0003119,CUST_00308,HIGH_RELIABILITY,0.98,13892.21,17517.0,UPI,12,SUCCESS,,0
TXN_0003120,CUST_00308,HIGH_RELIABILITY,0.98,13892.21,4827.07,WALLET,8,SUCCESS,,0
TXN_0003121,CUST_00308,HIGH_RELIABILITY,0.98,13892.21,16560.96,UPI,0,SUCCESS,,0
TXN_0003122,CUST_00308,HIGH_RELIABILITY,0.98,13892.21,8029.1,NET_BANKING,1,SUCCESS,,0
TXN_0003123,CUST_00308,HIGH_RELIABILITY,0.98,13892.21,18464.32,UPI,13,SUCCESS,,0
TXN_0003124,CUST_00308,HIGH_RELIABILITY,0.98,13892.21,8542.87,UPI,19,SUCCESS,,0
TXN_0003125,CUST_00308,HIGH_RELIABILITY,0.98,13892.21,17741.85,UPI,3,FAILED,USER_ABANDONMENT,0
TXN_0003126,CUST_00308,HIGH_RELIABILITY,0.98,13892.21,20037.2,WALLET,3,SUCCESS,,0
TXN_0003127,CUST_00308,HIGH_RELIABILITY,0.98,13892.21,18679.11,CARD,13,SUCCESS,,0
TXN_0003128,CUST_00308,HIGH_RELIABILITY,0.98,13892.21,15288.75,CARD,4,SUCCESS,,0
TXN_0003129,CUST_00309,MEDIUM_RELIABILITY,0.66,3130.34,2840.72,UPI,15,SUCCESS,,0
TXN_0003130,CUST_00309,MEDIUM_RELIABILITY,0.66,3130.34,2408.58,WALLET,4,FAILED,INSUFFICIENT_FUNDS,3
TXN_0003131,CUST_00309,MEDIUM_RELIABILITY,0.66,3130.34,4972.28,CARD,3,SUCCESS,,0
TXN_0003132,CUST_00309,MEDIUM_RELIABILITY,0.66,3130.34,2254.48,CARD,18,FAILED,TEMPORARY_BANK_ERROR,0
TXN_0003133,CUST_00309,MEDIUM_RELIABILITY,0.66,3130.34,1831.79,WALLET,7,SUCCESS,,0
TXN_0003134,CUST_00309,MEDIUM_RELIABILITY,0.66,3130.34,3963.47,CARD,22,SUCCESS,,0
TXN_0003135,CUST_00309,MEDIUM_RELIABILITY,0.66,3130.34,2133.47,NET_BANKING,3,FAILED,NETWORK_TIMEOUT,1
TXN_0003136,CUST_00309,MEDIUM_RELIABILITY,0.66,3130.34,1940.73,UPI,22,SUCCESS,,0
TXN_0003137,CUST_00309,MEDIUM_RELIABILITY,0.66,3130.34,1322.75,CARD,16,SUCCESS,,0
TXN_0003138,CUST_00309,MEDIUM_RELIABILITY,0.66,3130.34,2525.67,WALLET,8,SUCCESS,,0
TXN_0003139,CUST_00309,MEDIUM_RELIABILITY,0.66,3130.34,3026.77,UPI,13,SUCCESS,,0
TXN_0003140,CUST_00309,MEDIUM_RELIABILITY,0.66,3130.34,3434.72,UPI,23,SUCCESS,,0
TXN_0003141,CUST_00309,MEDIUM_RELIABILITY,0.66,3130.34,4321.5,UPI,12,SUCCESS,,0
TXN_0003142,CUST_00309,MEDIUM_RELIABILITY,0.66,3130.34,3790.09,NET_BANKING,5,FAILED,INSUFFICIENT_FUNDS,1
TXN_0003143,CUST_00309,MEDIUM_RELIABILITY,0.66,3130.34,2891.34,UPI,12,FAILED,INSUFFICIENT_FUNDS,0
TXN_0003144,CUST_00310,HIGH_RELIABILITY,0.97,11475.64,10565.87,UPI,18,SUCCESS,,0
TXN_0003145,CUST_00310,HIGH_RELIABILITY,0.97,11475.64,13817.39,WALLET,14,SUCCESS,,0
TXN_0003146,CUST_00310,HIGH_RELIABILITY,0.97,11475.64,17317.06,CARD,3,SUCCESS,,0
TXN_0003147,CUST_00310,HIGH_RELIABILITY,0.97,11475.64,12055.45,CARD,16,SUCCESS,,0
TXN_0003148,CUST_00310,HIGH_RELIABILITY,0.97,11475.64,9322.21,UPI,5,SUCCESS,,0
TXN_0003149,CUST_00310,HIGH_RELIABILITY,0.97,11475.64,6918.13,NET_BANKING,15,SUCCESS,,0
TXN_0003150,CUST_00310,HIGH_RELIABILITY,0.97,11475.64,4841.78,CARD,3,SUCCESS,,0
TXN_0003151,CUST_00310,HIGH_RELIABILITY,0.97,11475.64,14533.99,UPI,16,SUCCESS,,0
TXN_0003152,CUST_00310,HIGH_RELIABILITY,0.97,11475.64,14128.71,NET_BANKING,13,SUCCESS,,0
TXN_0003153,CUST_00310,HIGH_RELIABILITY,0.97,11475.64,14125.89,WALLET,4,SUCCESS,,0
TXN_0003154,CUST_00311,LOW_RELIABILITY,0.4,1623.58,1540.02,NET_BANKING,3,FAILED,NETWORK_TIMEOUT,2
TXN_0003155,CUST_00311,LOW_RELIABILITY,0.4,1623.58,2537.29,UPI,13,FAILED,TECHNICAL_ERROR,3
TXN_0003156,CUST_00311,LOW_RELIABILITY,0.4,1623.58,1309.18,WALLET,5,FAILED,TECHNICAL_ERROR,3
TXN_0003157,CUST_00311,LOW_RELIABILITY,0.4,1623.58,2243.96,UPI,21,FAILED,TEMPORARY_BANK_ERROR,1
TXN_0003158,CUST_00311,LOW_RELIABILITY,0.4,1623.58,1598.42,UPI,19,SUCCESS,,0
TXN_0003159,CUST_00311,LOW_RELIABILITY,0.4,1623.58,1228.5,CARD,16,FAILED,USER_ABANDONMENT,0
TXN_0003160,CUST_00311,LOW_RELIABILITY,0.4,1623.58,2008.39,UPI,16,FAILED,TEMPORARY_BANK_ERROR,1
TXN_0003161,CUST_00311,LOW_RELIABILITY,0.4,1623.58,1889.61,CARD,19,FAILED,TECHNICAL_ERROR,1
TXN_0003162,CUST_00311,LOW_RELIABILITY,0.4,1623.58,1855.41,CARD,19,FAILED,TEMPORARY_BANK_ERROR,0
TXN_0003163,CUST_00311,LOW_RELIABILITY,0.4,1623.58,1676.36,WALLET,12,FAILED,TECHNICAL_ERROR,3
TXN_0003164,CUST_00311,LOW_RELIABILITY,0.4,1623.58,1598.97,NET_BANKING,14,FAILED,AUTHENTICATION_FAILURE,0
TXN_0003165,CUST_00311,LOW_RELIABILITY,0.4,1623.58,3174.67,UPI,22,FAILED,NETWORK_TIMEOUT,2
TXN_0003166,CUST_00312,LOW_RELIABILITY,0.46,3494.76,5150.24,CARD,2,FAILED,NETWORK_TIMEOUT,0
TXN_0003167,CUST_00312,LOW_RELIABILITY,0.46,3494.76,4505.2,NET_BANKING,7,FAILED,TEMPORARY_BANK_ERROR,0
TXN_0003168,CUST_00312,LOW_RELIABILITY,0.46,3494.76,3651.04,CARD,7,SUCCESS,,0
TXN_0003169,CUST_00312,LOW_RELIABILITY,0.46,3494.76,4902.67,UPI,8,FAILED,NETWORK_TIMEOUT,1
TXN_0003170,CUST_00312,LOW_RELIABILITY,0.46,3494.76,4218.87,CARD,21,FAILED,NETWORK_TIMEOUT,1
TXN_0003171,CUST_00312,LOW_RELIABILITY,0.46,3494.76,3531.39,NET_BANKING,0,SUCCESS,,0
TXN_0003172,CUST_00312,LOW_RELIABILITY,0.46,3494.76,3070.41,CARD,16,FAILED,INSUFFICIENT_FUNDS,0
TXN_0003173,CUST_00312,LOW_RELIABILITY,0.46,3494.76,3381.65,CARD,9,SUCCESS,,0
TXN_0003174,CUST_00312,LOW_RELIABILITY,0.46,3494.76,100.0,CARD,19,FAILED,TEMPORARY_BANK_ERROR,3
TXN_0003175,CUST_00312,LOW_RELIABILITY,0.46,3494.76,3789.16,WALLET,10,SUCCESS,,0
TXN_0003176,CUST_00312,LOW_RELIABILITY,0.46,3494.76,2811.92,WALLET,1,FAILED,USER_ABANDONMENT,0
TXN_0003177,CUST_00312,LOW_RELIABILITY,0.46,3494.76,5721.16,CARD,18,FAILED,AUTHENTICATION_FAILURE,2
TXN_0003178,CUST_00312,LOW_RELIABILITY,0.46,3494.76,3521.8,CARD,9,FAILED,TEMPORARY_BANK_ERROR,3
TXN_0003179,CUST_00312,LOW_RELIABILITY,0.46,3494.76,1832.7,CARD,19,SUCCESS,,0
TXN_0003180,CUST_00313,HIGH_RELIABILITY,0.95,6164.79,6041.79,NET_BANKING,21,SUCCESS,,0
TXN_0003181,CUST_00313,HIGH_RELIABILITY,0.95,6164.79,3585.14,CARD,13,SUCCESS,,0
TXN_0003182,CUST_00313,HIGH_RELIABILITY,0.95,6164.79,7332.17,CARD,8,SUCCESS,,0
TXN_0003183,CUST_00313,HIGH_RELIABILITY,0.95,6164.79,6882.24,CARD,8,SUCCESS,,0
TXN_0003184,CUST_00313,HIGH_RELIABILITY,0.95,6164.79,8526.74,UPI,21,SUCCESS,,0
TXN_0003185,CUST_00313,HIGH_RELIABILITY,0.95,6164.79,4214.54,WALLET,2,FAILED,AUTHENTICATION_FAILURE,0
TXN_0003186,CUST_00313,HIGH_RELIABILITY,0.95,6164.79,6248.65,CARD,7,SUCCESS,,0
TXN_0003187,CUST_00313,HIGH_RELIABILITY,0.95,6164.79,2798.76,CARD,3,SUCCESS,,0
TXN_0003188,CUST_00314,MEDIUM_RELIABILITY,0.75,7600.97,9733.79,CARD,18,SUCCESS,,0
TXN_0003189,CUST_00314,MEDIUM_RELIABILITY,0.75,7600.97,9178.54,CARD,21,SUCCESS,,0
TXN_0003190,CUST_00314,MEDIUM_RELIABILITY,0.75,7600.97,9108.41,CARD,18,SUCCESS,,0
TXN_0003191,CUST_00314,MEDIUM_RELIABILITY,0.75,7600.97,7605.89,CARD,3,SUCCESS,,0
TXN_0003192,CUST_00314,MEDIUM_RELIABILITY,0.75,7600.97,8862.04,UPI,7,SUCCESS,,0
TXN_0003193,CUST_00314,MEDIUM_RELIABILITY,0.75,7600.97,12478.78,CARD,19,SUCCESS,,0
TXN_0003194,CUST_00314,MEDIUM_RELIABILITY,0.75,7600.97,6734.17,UPI,23,FAILED,INSUFFICIENT_FUNDS,0
TXN_0003195,CUST_00314,MEDIUM_RELIABILITY,0.75,7600.97,8022.51,CARD,16,FAILED,NETWORK_TIMEOUT,1
TXN_0003196,CUST_00314,MEDIUM_RELIABILITY,0.75,7600.97,4298.72,CARD,13,SUCCESS,,0
TXN_0003197,CUST_00314,MEDIUM_RELIABILITY,0.75,7600.97,4961.12,UPI,18,FAILED,INSUFFICIENT_FUNDS,0
TXN_0003198,CUST_00314,MEDIUM_RELIABILITY,0.75,7600.97,7898.36,UPI,13,SUCCESS,,0
TXN_0003199,CUST_00314,MEDIUM_RELIABILITY,0.75,7600.97,10957.36,CARD,8,SUCCESS,,0
TXN_0003200,CUST_00315,MEDIUM_RELIABILITY,0.66,2898.15,2601.05,UPI,7,FAILED,USER_ABANDONMENT,0
TXN_0003201,CUST_00315,MEDIUM_RELIABILITY,0.66,2898.15,2624.66,CARD,20,FAILED,AUTHENTICATION_FAILURE,0
TXN_0003202,CUST_00315,MEDIUM_RELIABILITY,0.66,2898.15,2426.46,NET_BANKING,17,SUCCESS,,0
TXN_0003203,CUST_00315,MEDIUM_RELIABILITY,0.66,2898.15,2278.23,CARD,11,SUCCESS,,0
TXN_0003204,CUST_00315,MEDIUM_RELIABILITY,0.66,2898.15,3240.1,UPI,15,SUCCESS,,0
TXN_0003205,CUST_00315,MEDIUM_RELIABILITY,0.66,2898.15,1162.44,UPI,19,SUCCESS,,0
TXN_0003206,CUST_00315,MEDIUM_RELIABILITY,0.66,2898.15,4383.09,NET_BANKING,7,FAILED,NETWORK_TIMEOUT,2
TXN_0003207,CUST_00315,MEDIUM_RELIABILITY,0.66,2898.15,2126.75,UPI,12,FAILED,NETWORK_TIMEOUT,0
TXN_0003208,CUST_00315,MEDIUM_RELIABILITY,0.66,2898.15,3735.02,UPI,8,SUCCESS,,0
TXN_0003209,CUST_00315,MEDIUM_RELIABILITY,0.66,2898.15,1425.89,CARD,10,SUCCESS,,0
TXN_0003210,CUST_00315,MEDIUM_RELIABILITY,0.66,2898.15,3673.51,NET_BANKING,5,SUCCESS,,0
TXN_0003211,CUST_00315,MEDIUM_RELIABILITY,0.66,2898.15,3677.11,UPI,3,FAILED,NETWORK_TIMEOUT,0
TXN_0003212,CUST_00315,MEDIUM_RELIABILITY,0.66,2898.15,3343.54,CARD,9,SUCCESS,,0
TXN_0003213,CUST_00315,MEDIUM_RELIABILITY,0.66,2898.15,1745.35,CARD,12,SUCCESS,,0
TXN_0003214,CUST_00315,MEDIUM_RELIABILITY,0.66,2898.15,3187.44,UPI,2,FAILED,INSUFFICIENT_FUNDS,2
TXN_0003215,CUST_00316,MEDIUM_RELIABILITY,0.81,9004.46,4743.35,NET_BANKING,4,SUCCESS,,0
TXN_0003216,CUST_00316,MEDIUM_RELIABILITY,0.81,9004.46,8094.06,CARD,12,FAILED,NETWORK_TIMEOUT,1
TXN_0003217,CUST_00316,MEDIUM_RELIABILITY,0.81,9004.46,12712.18,CARD,9,SUCCESS,,0
TXN_0003218,CUST_00316,MEDIUM_RELIABILITY,0.81,9004.46,11874.01,WALLET,10,SUCCESS,,0
TXN_0003219,CUST_00316,MEDIUM_RELIABILITY,0.81,9004.46,9059.15,UPI,1,SUCCESS,,0
TXN_0003220,CUST_00316,MEDIUM_RELIABILITY,0.81,9004.46,5493.42,UPI,8,FAILED,TEMPORARY_BANK_ERROR,1
TXN_0003221,CUST_00316,MEDIUM_RELIABILITY,0.81,9004.46,11329.73,UPI,7,SUCCESS,,0
TXN_0003222,CUST_00316,MEDIUM_RELIABILITY,0.81,9004.46,9074.27,NET_BANKING,4,FAILED,TEMPORARY_BANK_ERROR,0
TXN_0003223,CUST_00316,MEDIUM_RELIABILITY,0.81,9004.46,647.18,CARD,14,SUCCESS,,0
TXN_0003224,CUST_00316,MEDIUM_RELIABILITY,0.81,9004.46,11823.32,CARD,18,FAILED,TEMPORARY_BANK_ERROR,0
TXN_0003225,CUST_00316,MEDIUM_RELIABILITY,0.81,9004.46,8917.18,UPI,18,SUCCESS,,0
TXN_0003226,CUST_00317,MEDIUM_RELIABILITY,0.76,5555.08,8226.97,CARD,22,SUCCESS,,0
TXN_0003227,CUST_00317,MEDIUM_RELIABILITY,0.76,5555.08,3121.35,UPI,8,SUCCESS,,0
TXN_0003228,CUST_00317,MEDIUM_RELIABILITY,0.76,5555.08,100.0,UPI,7,SUCCESS,,0
TXN_0003229,CUST_00317,MEDIUM_RELIABILITY,0.76,5555.08,6175.21,UPI,22,FAILED,USER_ABANDONMENT,3
TXN_0003230,CUST_00317,MEDIUM_RELIABILITY,0.76,5555.08,6202.94,UPI,17,SUCCESS,,0
TXN_0003231,CUST_00317,MEDIUM_RELIABILITY,0.76,5555.08,1798.35,UPI,16,SUCCESS,,0
TXN_0003232,CUST_00317,MEDIUM_RELIABILITY,0.76,5555.08,3380.82,CARD,3,SUCCESS,,0
TXN_0003233,CUST_00317,MEDIUM_RELIABILITY,0.76,5555.08,11677.26,CARD,23,SUCCESS,,0
TXN_0003234,CUST_00317,MEDIUM_RELIABILITY,0.76,5555.08,4876.0,CARD,17,SUCCESS,,0
TXN_0003235,CUST_00317,MEDIUM_RELIABILITY,0.76,5555.08,7179.29,UPI,8,SUCCESS,,0
TXN_0003236,CUST_00317,MEDIUM_RELIABILITY,0.76,5555.08,4109.29,UPI,19,SUCCESS,,0
TXN_0003237,CUST_00318,MEDIUM_RELIABILITY,0.67,4750.42,778.49,UPI,5,FAILED,NETWORK_TIMEOUT,1
TXN_0003238,CUST_00318,MEDIUM_RELIABILITY,0.67,4750.42,4426.9,NET_BANKING,15,SUCCESS,,0
TXN_0003239,CUST_00318,MEDIUM_RELIABILITY,0.67,4750.42,4245.73,UPI,21,SUCCESS,,0
TXN_0003240,CUST_00318,MEDIUM_RELIABILITY,0.67,4750.42,3990.58,WALLET,8,SUCCESS,,0
TXN_0003241,CUST_00318,MEDIUM_RELIABILITY,0.67,4750.42,4532.58,WALLET,23,FAILED,INSUFFICIENT_FUNDS,0
TXN_0003242,CUST_00318,MEDIUM_RELIABILITY,0.67,4750.42,5252.57,NET_BANKING,4,SUCCESS,,0
TXN_0003243,CUST_00318,MEDIUM_RELIABILITY,0.67,4750.42,4465.17,UPI,14,FAILED,AUTHENTICATION_FAILURE,0
TXN_0003244,CUST_00318,MEDIUM_RELIABILITY,0.67,4750.42,2348.6,UPI,16,SUCCESS,,0
TXN_0003245,CUST_00318,MEDIUM_RELIABILITY,0.67,4750.42,5674.25,UPI,17,SUCCESS,,0
TXN_0003246,CUST_00318,MEDIUM_RELIABILITY,0.67,4750.42,1046.29,CARD,0,SUCCESS,,0
TXN_0003247,CUST_00318,MEDIUM_RELIABILITY,0.67,4750.42,854.4,UPI,11,SUCCESS,,0
TXN_0003248,CUST_00318,MEDIUM_RELIABILITY,0.67,4750.42,6154.99,NET_BANKING,2,SUCCESS,,0
TXN_0003249,CUST_00318,MEDIUM_RELIABILITY,0.67,4750.42,5713.84,CARD,23,FAILED,TEMPORARY_BANK_ERROR,3
TXN_0003250,CUST_00318,MEDIUM_RELIABILITY,0.67,4750.42,4641.36,NET_BANKING,5,SUCCESS,,0
TXN_0003251,CUST_00319,MEDIUM_RELIABILITY,0.77,2803.47,1238.63,CARD,15,SUCCESS,,0
TXN_0003252,CUST_00319,MEDIUM_RELIABILITY,0.77,2803.47,2009.63,UPI,3,SUCCESS,,0
TXN_0003253,CUST_00319,MEDIUM_RELIABILITY,0.77,2803.47,2508.83,CARD,21,SUCCESS,,0
TXN_0003254,CUST_00319,MEDIUM_RELIABILITY,0.77,2803.47,1013.85,UPI,22,SUCCESS,,0
TXN_0003255,CUST_00319,MEDIUM_RELIABILITY,0.77,2803.47,1974.73,NET_BANKING,5,FAILED,NETWORK_TIMEOUT,1
TXN_0003256,CUST_00320,LOW_RELIABILITY,0.43,2765.53,3487.15,CARD,5,FAILED,TEMPORARY_BANK_ERROR,0
TXN_0003257,CUST_00320,LOW_RELIABILITY,0.43,2765.53,4344.43,CARD,2,FAILED,AUTHENTICATION_FAILURE,0
TXN_0003258,CUST_00320,LOW_RELIABILITY,0.43,2765.53,2301.55,UPI,19,FAILED,INSUFFICIENT_FUNDS,1
TXN_0003259,CUST_00320,LOW_RELIABILITY,0.43,2765.53,3602.37,UPI,0,SUCCESS,,0
TXN_0003260,CUST_00320,LOW_RELIABILITY,0.43,2765.53,648.17,CARD,0,FAILED,NETWORK_TIMEOUT,1
TXN_0003261,CUST_00320,LOW_RELIABILITY,0.43,2765.53,3495.02,CARD,11,SUCCESS,,0
TXN_0003262,CUST_00320,LOW_RELIABILITY,0.43,2765.53,1876.19,WALLET,6,SUCCESS,,0
TXN_0003263,CUST_00320,LOW_RELIABILITY,0.43,2765.53,3105.52,CARD,17,FAILED,NETWORK_TIMEOUT,2
TXN_0003264,CUST_00320,LOW_RELIABILITY,0.43,2765.53,2491.46,WALLET,19,FAILED,TEMPORARY_BANK_ERROR,0
TXN_0003265,CUST_00321,MEDIUM_RELIABILITY,0.65,3559.75,5439.89,CARD,14,FAILED,TEMPORARY_BANK_ERROR,0
TXN_0003266,CUST_00321,MEDIUM_RELIABILITY,0.65,3559.75,2314.64,WALLET,3,SUCCESS,,0
TXN_0003267,CUST_00321,MEDIUM_RELIABILITY,0.65,3559.75,4453.4,UPI,9,FAILED,AUTHENTICATION_FAILURE,0
TXN_0003268,CUST_00321,MEDIUM_RELIABILITY,0.65,3559.75,3161.76,UPI,3,SUCCESS,,0
TXN_0003269,CUST_00321,MEDIUM_RELIABILITY,0.65,3559.75,3334.34,CARD,19,SUCCESS,,0
TXN_0003270,CUST_00321,MEDIUM_RELIABILITY,0.65,3559.75,3297.96,WALLET,21,SUCCESS,,0
TXN_0003271,CUST_00321,MEDIUM_RELIABILITY,0.65,3559.75,2355.6,UPI,14,SUCCESS,,0
TXN_0003272,CUST_00322,MEDIUM_RELIABILITY,0.7,3611.22,3590.85,CARD,10,FAILED,TEMPORARY_BANK_ERROR,3
TXN_0003273,CUST_00322,MEDIUM_RELIABILITY,0.7,3611.22,3520.73,CARD,12,FAILED,TEMPORARY_BANK_ERROR,3
TXN_0003274,CUST_00322,MEDIUM_RELIABILITY,0.7,3611.22,3959.69,CARD,21,SUCCESS,,0
TXN_0003275,CUST_00322,MEDIUM_RELIABILITY,0.7,3611.22,3733.29,NET_BANKING,3,SUCCESS,,0
TXN_0003276,CUST_00322,MEDIUM_RELIABILITY,0.7,3611.22,4763.91,UPI,20,SUCCESS,,0
TXN_0003277,CUST_00322,MEDIUM_RELIABILITY,0.7,3611.22,4945.22,CARD,18,SUCCESS,,0
TXN_0003278,CUST_00322,MEDIUM_RELIABILITY,0.7,3611.22,2093.61,CARD,17,SUCCESS,,0
TXN_0003279,CUST_00322,MEDIUM_RELIABILITY,0.7,3611.22,4866.15,UPI,4,SUCCESS,,0
TXN_0003280,CUST_00322,MEDIUM_RELIABILITY,0.7,3611.22,1897.57,UPI,20,SUCCESS,,0
TXN_0003281,CUST_00322,MEDIUM_RELIABILITY,0.7,3611.22,4460.37,UPI,2,SUCCESS,,0
TXN_0003282,CUST_00322,MEDIUM_RELIABILITY,0.7,3611.22,4506.43,CARD,10,SUCCESS,,0
TXN_0003283,CUST_00322,MEDIUM_RELIABILITY,0.7,3611.22,850.35,CARD,9,SUCCESS,,0
TXN_0003284,CUST_00322,MEDIUM_RELIABILITY,0.7,3611.22,3745.53,NET_BANKING,9,SUCCESS,,0
TXN_0003285,CUST_00322,MEDIUM_RELIABILITY,0.7,3611.22,2934.48,CARD,16,SUCCESS,,0
TXN_0003286,CUST_00322,MEDIUM_RELIABILITY,0.7,3611.22,2515.19,UPI,2,SUCCESS,,0
TXN_0003287,CUST_00323,MEDIUM_RELIABILITY,0.68,8960.01,13801.47,CARD,18,SUCCESS,,0
TXN_0003288,CUST_00323,MEDIUM_RELIABILITY,0.68,8960.01,6617.22,CARD,23,FAILED,TEMPORARY_BANK_ERROR,3
TXN_0003289,CUST_00323,MEDIUM_RELIABILITY,0.68,8960.01,6069.95,UPI,11,SUCCESS,,0
TXN_0003290,CUST_00323,MEDIUM_RELIABILITY,0.68,8960.01,9231.3,UPI,21,SUCCESS,,0
TXN_0003291,CUST_00323,MEDIUM_RELIABILITY,0.68,8960.01,11417.17,CARD,16,SUCCESS,,0
TXN_0003292,CUST_00323,MEDIUM_RELIABILITY,0.68,8960.01,8452.34,CARD,21,SUCCESS,,0
TXN_0003293,CUST_00323,MEDIUM_RELIABILITY,0.68,8960.01,13140.29,WALLET,3,SUCCESS,,0
TXN_0003294,CUST_00323,MEDIUM_RELIABILITY,0.68,8960.01,10863.03,UPI,7,SUCCESS,,0
TXN_0003295,CUST_00323,MEDIUM_RELIABILITY,0.68,8960.01,1153.29,UPI,6,SUCCESS,,0
TXN_0003296,CUST_00323,MEDIUM_RELIABILITY,0.68,8960.01,7062.4,CARD,19,FAILED,TECHNICAL_ERROR,0
TXN_0003297,CUST_00323,MEDIUM_RELIABILITY,0.68,8960.01,6946.37,CARD,9,FAILED,TEMPORARY_BANK_ERROR,1
TXN_0003298,CUST_00323,MEDIUM_RELIABILITY,0.68,8960.01,10678.04,NET_BANKING,5,SUCCESS,,0
TXN_0003299,CUST_00323,MEDIUM_RELIABILITY,0.68,8960.01,100.0,NET_BANKING,11,SUCCESS,,0
TXN_0003300,CUST_00323,MEDIUM_RELIABILITY,0.68,8960.01,18095.67,UPI,4,FAILED,TEMPORARY_BANK_ERROR,1
TXN_0003301,CUST_00324,HIGH_RELIABILITY,0.95,10507.43,12739.32,CARD,22,SUCCESS,,0
TXN_0003302,CUST_00324,HIGH_RELIABILITY,0.95,10507.43,11133.16,CARD,6,SUCCESS,,0
TXN_0003303,CUST_00324,HIGH_RELIABILITY,0.95,10507.43,15473.53,CARD,8,SUCCESS,,0
TXN_0003304,CUST_00324,HIGH_RELIABILITY,0.95,10507.43,20357.74,UPI,13,SUCCESS,,0
TXN_0003305,CUST_00324,HIGH_RELIABILITY,0.95,10507.43,14167.15,NET_BANKING,6,SUCCESS,,0
TXN_0003306,CUST_00324,HIGH_RELIABILITY,0.95,10507.43,14495.26,CARD,19,FAILED,AUTHENTICATION_FAILURE,0
TXN_0003307,CUST_00324,HIGH_RELIABILITY,0.95,10507.43,11056.72,NET_BANKING,4,SUCCESS,,0
TXN_0003308,CUST_00324,HIGH_RELIABILITY,0.95,10507.43,9912.6,UPI,20,SUCCESS,,0
TXN_0003309,CUST_00324,HIGH_RELIABILITY,0.95,10507.43,8507.68,UPI,15,SUCCESS,,0
TXN_0003310,CUST_00324,HIGH_RELIABILITY,0.95,10507.43,7035.3,CARD,5,SUCCESS,,0
TXN_0003311,CUST_00324,HIGH_RELIABILITY,0.95,10507.43,7619.93,UPI,21,SUCCESS,,0
TXN_0003312,CUST_00325,MEDIUM_RELIABILITY,0.82,5235.2,2407.03,UPI,9,SUCCESS,,0
TXN_0003313,CUST_00325,MEDIUM_RELIABILITY,0.82,5235.2,5076.32,CARD,3,SUCCESS,,0
TXN_0003314,CUST_00325,MEDIUM_RELIABILITY,0.82,5235.2,1707.37,UPI,6,SUCCESS,,0
TXN_0003315,CUST_00325,MEDIUM_RELIABILITY,0.82,5235.2,5634.99,CARD,15,FAILED,INSUFFICIENT_FUNDS,0
TXN_0003316,CUST_00325,MEDIUM_RELIABILITY,0.82,5235.2,5159.12,CARD,3,SUCCESS,,0
TXN_0003317,CUST_00325,MEDIUM_RELIABILITY,0.82,5235.2,5542.89,NET_BANKING,5,FAILED,AUTHENTICATION_FAILURE,0
TXN_0003318,CUST_00325,MEDIUM_RELIABILITY,0.82,5235.2,4141.81,UPI,11,SUCCESS,,0
TXN_0003319,CUST_00325,MEDIUM_RELIABILITY,0.82,5235.2,11678.39,UPI,19,SUCCESS,,0
TXN_0003320,CUST_00325,MEDIUM_RELIABILITY,0.82,5235.2,8083.39,CARD,16,SUCCESS,,0
TXN_0003321,CUST_00325,MEDIUM_RELIABILITY,0.82,5235.2,2629.03,UPI,6,SUCCESS,,0
TXN_0003322,CUST_00325,MEDIUM_RELIABILITY,0.82,5235.2,5722.84,UPI,0,SUCCESS,,0
TXN_0003323,CUST_00326,HIGH_RELIABILITY,0.89,8519.49,6447.53,NET_BANKING,8,SUCCESS,,0
TXN_0003324,CUST_00326,HIGH_RELIABILITY,0.89,8519.49,5062.35,UPI,6,SUCCESS,,0
TXN_0003325,CUST_00326,HIGH_RELIABILITY,0.89,8519.49,3952.8,UPI,12,SUCCESS,,0
TXN_0003326,CUST_00326,HIGH_RELIABILITY,0.89,8519.49,9992.4,UPI,2,SUCCESS,,0
TXN_0003327,CUST_00326,HIGH_RELIABILITY,0.89,8519.49,6197.49,CARD,10,SUCCESS,,0
TXN_0003328,CUST_00326,HIGH_RELIABILITY,0.89,8519.49,11817.64,UPI,14,FAILED,TEMPORARY_BANK_ERROR,0
TXN_0003329,CUST_00326,HIGH_RELIABILITY,0.89,8519.49,11906.1,CARD,4,SUCCESS,,0
TXN_0003330,CUST_00326,HIGH_RELIABILITY,0.89,8519.49,13201.51,UPI,3,SUCCESS,,0
TXN_0003331,CUST_00326,HIGH_RELIABILITY,0.89,8519.49,5614.73,UPI,17,FAILED,AUTHENTICATION_FAILURE,1
TXN_0003332,CUST_00326,HIGH_RELIABILITY,0.89,8519.49,10139.44,UPI,1,SUCCESS,,0
TXN_0003333,CUST_00327,MEDIUM_RELIABILITY,0.78,7581.68,9499.71,CARD,0,SUCCESS,,0
TXN_0003334,CUST_00327,MEDIUM_RELIABILITY,0.78,7581.68,6143.65,CARD,12,SUCCESS,,0
TXN_0003335,CUST_00327,MEDIUM_RELIABILITY,0.78,7581.68,5241.15,UPI,7,SUCCESS,,0
TXN_0003336,CUST_00327,MEDIUM_RELIABILITY,0.78,7581.68,12462.83,UPI,17,FAILED,INSUFFICIENT_FUNDS,2
TXN_0003337,CUST_00327,MEDIUM_RELIABILITY,0.78,7581.68,8271.6,WALLET,20,SUCCESS,,0
TXN_0003338,CUST_00327,MEDIUM_RELIABILITY,0.78,7581.68,9510.36,CARD,12,SUCCESS,,0
TXN_0003339,CUST_00328,MEDIUM_RELIABILITY,0.74,1712.01,1149.05,CARD,19,FAILED,TECHNICAL_ERROR,1
TXN_0003340,CUST_00328,MEDIUM_RELIABILITY,0.74,1712.01,877.04,CARD,4,SUCCESS,,0
TXN_0003341,CUST_00328,MEDIUM_RELIABILITY,0.74,1712.01,1322.05,NET_BANKING,7,FAILED,INSUFFICIENT_FUNDS,0
TXN_0003342,CUST_00328,MEDIUM_RELIABILITY,0.74,1712.01,1627.08,WALLET,8,SUCCESS,,0
TXN_0003343,CUST_00328,MEDIUM_RELIABILITY,0.74,1712.01,983.23,UPI,0,SUCCESS,,0
TXN_0003344,CUST_00328,MEDIUM_RELIABILITY,0.74,1712.01,1705.27,UPI,1,SUCCESS,,0
TXN_0003345,CUST_00328,MEDIUM_RELIABILITY,0.74,1712.01,555.71,CARD,17,SUCCESS,,0
TXN_0003346,CUST_00328,MEDIUM_RELIABILITY,0.74,1712.01,945.0,WALLET,4,SUCCESS,,0
TXN_0003347,CUST_00329,MEDIUM_RELIABILITY,0.71,3949.28,5009.13,UPI,12,SUCCESS,,0
TXN_0003348,CUST_00329,MEDIUM_RELIABILITY,0.71,3949.28,4903.1,UPI,23,SUCCESS,,0
TXN_0003349,CUST_00329,MEDIUM_RELIABILITY,0.71,3949.28,3330.23,WALLET,14,SUCCESS,,0
TXN_0003350,CUST_00329,MEDIUM_RELIABILITY,0.71,3949.28,2341.51,UPI,12,FAILED,INSUFFICIENT_FUNDS,0
TXN_0003351,CUST_00329,MEDIUM_RELIABILITY,0.71,3949.28,2326.28,CARD,18,FAILED,USER_ABANDONMENT,1
TXN_0003352,CUST_00329,MEDIUM_RELIABILITY,0.71,3949.28,3359.62,CARD,14,SUCCESS,,0
TXN_0003353,CUST_00329,MEDIUM_RELIABILITY,0.71,3949.28,4967.43,NET_BANKING,13,SUCCESS,,0
TXN_0003354,CUST_00329,MEDIUM_RELIABILITY,0.71,3949.28,5415.64,UPI,12,FAILED,TEMPORARY_BANK_ERROR,1
TXN_0003355,CUST_00329,MEDIUM_RELIABILITY,0.71,3949.28,3164.9,UPI,19,SUCCESS,,0
TXN_0003356,CUST_00329,MEDIUM_RELIABILITY,0.71,3949.28,2127.09,UPI,10,SUCCESS,,0
TXN_0003357,CUST_00330,MEDIUM_RELIABILITY,0.79,5922.39,6556.9,CARD,16,SUCCESS,,0
TXN_0003358,CUST_00330,MEDIUM_RELIABILITY,0.79,5922.39,3971.47,WALLET,0,SUCCESS,,0
TXN_0003359,CUST_00330,MEDIUM_RELIABILITY,0.79,5922.39,4694.67,UPI,21,FAILED,TECHNICAL_ERROR,1
TXN_0003360,CUST_00330,MEDIUM_RELIABILITY,0.79,5922.39,9061.91,NET_BANKING,20,SUCCESS,,0
TXN_0003361,CUST_00330,MEDIUM_RELIABILITY,0.79,5922.39,7881.79,NET_BANKING,6,FAILED,NETWORK_TIMEOUT,0
TXN_0003362,CUST_00330,MEDIUM_RELIABILITY,0.79,5922.39,6296.62,CARD,15,SUCCESS,,0
TXN_0003363,CUST_00330,MEDIUM_RELIABILITY,0.79,5922.39,2909.27,WALLET,19,SUCCESS,,0
TXN_0003364,CUST_00331,MEDIUM_RELIABILITY,0.73,9871.89,10706.64,NET_BANKING,21,FAILED,TEMPORARY_BANK_ERROR,0
TXN_0003365,CUST_00331,MEDIUM_RELIABILITY,0.73,9871.89,14068.06,WALLET,1,SUCCESS,,0
TXN_0003366,CUST_00331,MEDIUM_RELIABILITY,0.73,9871.89,8388.6,UPI,11,FAILED,TEMPORARY_BANK_ERROR,0
TXN_0003367,CUST_00331,MEDIUM_RELIABILITY,0.73,9871.89,15207.11,NET_BANKING,11,SUCCESS,,0
TXN_0003368,CUST_00331,MEDIUM_RELIABILITY,0.73,9871.89,14976.63,UPI,14,SUCCESS,,0
TXN_0003369,CUST_00331,MEDIUM_RELIABILITY,0.73,9871.89,16441.57,CARD,9,SUCCESS,,0
TXN_0003370,CUST_00331,MEDIUM_RELIABILITY,0.73,9871.89,11077.22,NET_BANKING,5,SUCCESS,,0
TXN_0003371,CUST_00331,MEDIUM_RELIABILITY,0.73,9871.89,12191.36,UPI,13,FAILED,TECHNICAL_ERROR,0
TXN_0003372,CUST_00331,MEDIUM_RELIABILITY,0.73,9871.89,15456.17,CARD,20,SUCCESS,,0
TXN_0003373,CUST_00331,MEDIUM_RELIABILITY,0.73,9871.89,11638.54,WALLET,22,SUCCESS,,0
TXN_0003374,CUST_00331,MEDIUM_RELIABILITY,0.73,9871.89,7892.64,UPI,3,SUCCESS,,0
TXN_0003375,CUST_00331,MEDIUM_RELIABILITY,0.73,9871.89,8100.7,UPI,14,FAILED,TEMPORARY_BANK_ERROR,2
TXN_0003376,CUST_00331,MEDIUM_RELIABILITY,0.73,9871.89,10813.89,CARD,15,FAILED,TEMPORARY_BANK_ERROR,1
TXN_0003377,CUST_00331,MEDIUM_RELIABILITY,0.73,9871.89,4775.78,NET_BANKING,14,SUCCESS,,0
TXN_0003378,CUST_00331,MEDIUM_RELIABILITY,0.73,9871.89,9306.2,UPI,0,SUCCESS,,0
TXN_0003379,CUST_00332,MEDIUM_RELIABILITY,0.78,2753.65,3961.45,CARD,10,SUCCESS,,0
TXN_0003380,CUST_00332,MEDIUM_RELIABILITY,0.78,2753.65,340.07,NET_BANKING,2,FAILED,INSUFFICIENT_FUNDS,1
TXN_0003381,CUST_00332,MEDIUM_RELIABILITY,0.78,2753.65,4443.82,WALLET,3,SUCCESS,,0
TXN_0003382,CUST_00332,MEDIUM_RELIABILITY,0.78,2753.65,3989.9,NET_BANKING,21,FAILED,INSUFFICIENT_FUNDS,0
TXN_0003383,CUST_00332,MEDIUM_RELIABILITY,0.78,2753.65,2247.24,NET_BANKING,2,SUCCESS,,0
TXN_0003384,CUST_00332,MEDIUM_RELIABILITY,0.78,2753.65,3352.17,WALLET,15,FAILED,USER_ABANDONMENT,0
TXN_0003385,CUST_00332,MEDIUM_RELIABILITY,0.78,2753.65,2757.12,UPI,8,FAILED,NETWORK_TIMEOUT,0
TXN_0003386,CUST_00332,MEDIUM_RELIABILITY,0.78,2753.65,4108.44,WALLET,15,SUCCESS,,0
TXN_0003387,CUST_00332,MEDIUM_RELIABILITY,0.78,2753.65,3836.04,UPI,20,SUCCESS,,0
TXN_0003388,CUST_00332,MEDIUM_RELIABILITY,0.78,2753.65,1211.53,UPI,14,SUCCESS,,0
TXN_0003389,CUST_00332,MEDIUM_RELIABILITY,0.78,2753.65,3400.5,UPI,8,SUCCESS,,0
TXN_0003390,CUST_00332,MEDIUM_RELIABILITY,0.78,2753.65,2527.16,NET_BANKING,14,SUCCESS,,0
TXN_0003391,CUST_00332,MEDIUM_RELIABILITY,0.78,2753.65,2844.89,UPI,1,FAILED,TECHNICAL_ERROR,1
TXN_0003392,CUST_00332,MEDIUM_RELIABILITY,0.78,2753.65,1951.6,CARD,0,SUCCESS,,0
TXN_0003393,CUST_00332,MEDIUM_RELIABILITY,0.78,2753.65,4679.15,UPI,15,SUCCESS,,0
TXN_0003394,CUST_00333,MEDIUM_RELIABILITY,0.67,1952.16,2764.31,CARD,8,SUCCESS,,0
TXN_0003395,CUST_00333,MEDIUM_RELIABILITY,0.67,1952.16,1374.5,UPI,16,SUCCESS,,0
TXN_0003396,CUST_00333,MEDIUM_RELIABILITY,0.67,1952.16,910.01,NET_BANKING,13,SUCCESS,,0
TXN_0003397,CUST_00333,MEDIUM_RELIABILITY,0.67,1952.16,1651.0,UPI,11,SUCCESS,,0
TXN_0003398,CUST_00333,MEDIUM_RELIABILITY,0.67,1952.16,2291.45,CARD,15,FAILED,TEMPORARY_BANK_ERROR,0
TXN_0003399,CUST_00334,LOW_RELIABILITY,0.42,1292.63,1416.83,UPI,21,SUCCESS,,0
TXN_0003400,CUST_00334,LOW_RELIABILITY,0.42,1292.63,1940.56,NET_BANKING,3,FAILED,TEMPORARY_BANK_ERROR,1
TXN_0003401,CUST_00334,LOW_RELIABILITY,0.42,1292.63,1701.06,UPI,5,FAILED,TEMPORARY_BANK_ERROR,1
TXN_0003402,CUST_00334,LOW_RELIABILITY,0.42,1292.63,1793.95,NET_BANKING,2,FAILED,TEMPORARY_BANK_ERROR,1
TXN_0003403,CUST_00334,LOW_RELIABILITY,0.42,1292.63,1461.63,NET_BANKING,19,FAILED,INSUFFICIENT_FUNDS,3
TXN_0003404,CUST_00334,LOW_RELIABILITY,0.42,1292.63,574.29,WALLET,20,SUCCESS,,0
TXN_0003405,CUST_00334,LOW_RELIABILITY,0.42,1292.63,1191.44,NET_BANKING,3,SUCCESS,,0
TXN_0003406,CUST_00334,LOW_RELIABILITY,0.42,1292.63,1840.75,UPI,4,FAILED,AUTHENTICATION_FAILURE,0
TXN_0003407,CUST_00334,LOW_RELIABILITY,0.42,1292.63,1265.99,UPI,2,FAILED,USER_ABANDONMENT,0
TXN_0003408,CUST_00334,LOW_RELIABILITY,0.42,1292.63,1552.75,UPI,2,FAILED,INSUFFICIENT_FUNDS,0
TXN_0003409,CUST_00334,LOW_RELIABILITY,0.42,1292.63,1127.82,NET_BANKING,22,SUCCESS,,0
TXN_0003410,CUST_00334,LOW_RELIABILITY,0.42,1292.63,760.16,CARD,5,FAILED,AUTHENTICATION_FAILURE,0
TXN_0003411,CUST_00334,LOW_RELIABILITY,0.42,1292.63,1228.85,NET_BANKING,14,FAILED,TEMPORARY_BANK_ERROR,0
TXN_0003412,CUST_00334,LOW_RELIABILITY,0.42,1292.63,1452.42,UPI,4,SUCCESS,,0
TXN_0003413,CUST_00334,LOW_RELIABILITY,0.42,1292.63,953.61,CARD,6,SUCCESS,,0
TXN_0003414,CUST_00335,HIGH_RELIABILITY,0.9,4991.33,4520.72,UPI,10,SUCCESS,,0
TXN_0003415,CUST_00335,HIGH_RELIABILITY,0.9,4991.33,3115.66,UPI,12,SUCCESS,,0
TXN_0003416,CUST_00335,HIGH_RELIABILITY,0.9,4991.33,7225.94,CARD,19,SUCCESS,,0
TXN_0003417,CUST_00335,HIGH_RELIABILITY,0.9,4991.33,4403.44,CARD,6,SUCCESS,,0
TXN_0003418,CUST_00335,HIGH_RELIABILITY,0.9,4991.33,7891.8,NET_BANKING,23,SUCCESS,,0
TXN_0003419,CUST_00335,HIGH_RELIABILITY,0.9,4991.33,8043.52,UPI,21,SUCCESS,,0
TXN_0003420,CUST_00336,MEDIUM_RELIABILITY,0.69,9019.27,8726.88,UPI,2,SUCCESS,,0
TXN_0003421,CUST_00336,MEDIUM_RELIABILITY,0.69,9019.27,5381.08,WALLET,1,SUCCESS,,0
TXN_0003422,CUST_00336,MEDIUM_RELIABILITY,0.69,9019.27,1493.96,NET_BANKING,2,SUCCESS,,0
TXN_0003423,CUST_00336,MEDIUM_RELIABILITY,0.69,9019.27,3708.59,NET_BANKING,14,FAILED,AUTHENTICATION_FAILURE,0
TXN_0003424,CUST_00336,MEDIUM_RELIABILITY,0.69,9019.27,4062.88,CARD,11,SUCCESS,,0
TXN_0003425,CUST_00336,MEDIUM_RELIABILITY,0.69,9019.27,13992.39,CARD,2,SUCCESS,,0
TXN_0003426,CUST_00336,MEDIUM_RELIABILITY,0.69,9019.27,9437.13,CARD,10,SUCCESS,,0
TXN_0003427,CUST_00337,MEDIUM_RELIABILITY,0.67,5482.86,6337.32,UPI,9,SUCCESS,,0
TXN_0003428,CUST_00337,MEDIUM_RELIABILITY,0.67,5482.86,613.16,UPI,23,FAILED,INSUFFICIENT_FUNDS,0
TXN_0003429,CUST_00337,MEDIUM_RELIABILITY,0.67,5482.86,2855.55,UPI,14,SUCCESS,,0
TXN_0003430,CUST_00337,MEDIUM_RELIABILITY,0.67,5482.86,7428.35,UPI,12,SUCCESS,,0
TXN_0003431,CUST_00337,MEDIUM_RELIABILITY,0.67,5482.86,6111.8,NET_BANKING,14,FAILED,AUTHENTICATION_FAILURE,0
TXN_0003432,CUST_00337,MEDIUM_RELIABILITY,0.67,5482.86,5160.02,WALLET,4,SUCCESS,,0
TXN_0003433,CUST_00337,MEDIUM_RELIABILITY,0.67,5482.86,6721.64,UPI,20,FAILED,NETWORK_TIMEOUT,0
TXN_0003434,CUST_00337,MEDIUM_RELIABILITY,0.67,5482.86,9070.4,NET_BANKING,5,FAILED,TECHNICAL_ERROR,0
TXN_0003435,CUST_00337,MEDIUM_RELIABILITY,0.67,5482.86,4998.08,UPI,15,FAILED,NETWORK_TIMEOUT,0
TXN_0003436,CUST_00337,MEDIUM_RELIABILITY,0.67,5482.86,5635.0,UPI,9,SUCCESS,,0
TXN_0003437,CUST_00337,MEDIUM_RELIABILITY,0.67,5482.86,5905.25,NET_BANKING,8,FAILED,INSUFFICIENT_FUNDS,1
TXN_0003438,CUST_00337,MEDIUM_RELIABILITY,0.67,5482.86,10729.1,UPI,5,SUCCESS,,0
TXN_0003439,CUST_00338,HIGH_RELIABILITY,0.93,14753.3,2364.33,UPI,3,FAILED,NETWORK_TIMEOUT,0
TXN_0003440,CUST_00338,HIGH_RELIABILITY,0.93,14753.3,18785.22,UPI,7,SUCCESS,,0
TXN_0003441,CUST_00338,HIGH_RELIABILITY,0.93,14753.3,14075.82,CARD,6,SUCCESS,,0
TXN_0003442,CUST_00338,HIGH_RELIABILITY,0.93,14753.3,18098.0,UPI,9,SUCCESS,,0
TXN_0003443,CUST_00338,HIGH_RELIABILITY,0.93,14753.3,10873.93,UPI,9,SUCCESS,,0
TXN_0003444,CUST_00338,HIGH_RELIABILITY,0.93,14753.3,14464.34,UPI,3,SUCCESS,,0
TXN_0003445,CUST_00338,HIGH_RELIABILITY,0.93,14753.3,18951.56,CARD,10,SUCCESS,,0
TXN_0003446,CUST_00338,HIGH_RELIABILITY,0.93,14753.3,33123.58,NET_BANKING,4,SUCCESS,,0
TXN_0003447,CUST_00338,HIGH_RELIABILITY,0.93,14753.3,19521.78,WALLET,2,FAILED,NETWORK_TIMEOUT,0
TXN_0003448,CUST_00338,HIGH_RELIABILITY,0.93,14753.3,9748.59,WALLET,22,SUCCESS,,0
TXN_0003449,CUST_00338,HIGH_RELIABILITY,0.93,14753.3,12252.56,NET_BANKING,10,SUCCESS,,0
TXN_0003450,CUST_00338,HIGH_RELIABILITY,0.93,14753.3,12077.56,WALLET,15,SUCCESS,,0
TXN_0003451,CUST_00338,HIGH_RELIABILITY,0.93,14753.3,4156.64,CARD,18,SUCCESS,,0
TXN_0003452,CUST_00338,HIGH_RELIABILITY,0.93,14753.3,12805.33,CARD,4,SUCCESS,,0
TXN_0003453,CUST_00338,HIGH_RELIABILITY,0.93,14753.3,19077.96,NET_BANKING,18,SUCCESS,,0
TXN_0003454,CUST_00339,LOW_RELIABILITY,0.38,2905.42,1424.55,CARD,19,FAILED,USER_ABANDONMENT,0
TXN_0003455,CUST_00339,LOW_RELIABILITY,0.38,2905.42,4123.93,CARD,0,FAILED,USER_ABANDONMENT,0
TXN_0003456,CUST_00339,LOW_RELIABILITY,0.38,2905.42,3472.3,UPI,10,FAILED,NETWORK_TIMEOUT,1
TXN_0003457,CUST_00339,LOW_RELIABILITY,0.38,2905.42,2052.12,NET_BANKING,23,FAILED,NETWORK_TIMEOUT,1
TXN_0003458,CUST_00339,LOW_RELIABILITY,0.38,2905.42,2740.94,NET_BANKING,8,SUCCESS,,0
TXN_0003459,CUST_00339,LOW_RELIABILITY,0.38,2905.42,4762.94,UPI,1,FAILED,TEMPORARY_BANK_ERROR,0
TXN_0003460,CUST_00339,LOW_RELIABILITY,0.38,2905.42,3757.93,UPI,19,FAILED,TEMPORARY_BANK_ERROR,0
TXN_0003461,CUST_00339,LOW_RELIABILITY,0.38,2905.42,2915.63,UPI,10,SUCCESS,,0
TXN_0003462,CUST_00340,MEDIUM_RELIABILITY,0.86,8722.32,7893.06,UPI,20,SUCCESS,,0
TXN_0003463,CUST_00340,MEDIUM_RELIABILITY,0.86,8722.32,8989.6,WALLET,19,FAILED,AUTHENTICATION_FAILURE,1
TXN_0003464,CUST_00340,MEDIUM_RELIABILITY,0.86,8722.32,6936.81,UPI,16,SUCCESS,,0
TXN_0003465,CUST_00340,MEDIUM_RELIABILITY,0.86,8722.32,1379.0,NET_BANKING,13,SUCCESS,,0
TXN_0003466,CUST_00340,MEDIUM_RELIABILITY,0.86,8722.32,15847.33,NET_BANKING,9,SUCCESS,,0
TXN_0003467,CUST_00340,MEDIUM_RELIABILITY,0.86,8722.32,9264.24,UPI,0,FAILED,INSUFFICIENT_FUNDS,0
TXN_0003468,CUST_00340,MEDIUM_RELIABILITY,0.86,8722.32,10111.43,UPI,4,SUCCESS,,0
TXN_0003469,CUST_00340,MEDIUM_RELIABILITY,0.86,8722.32,8520.28,UPI,5,SUCCESS,,0
TXN_0003470,CUST_00340,MEDIUM_RELIABILITY,0.86,8722.32,6157.55,NET_BANKING,3,SUCCESS,,0
TXN_0003471,CUST_00340,MEDIUM_RELIABILITY,0.86,8722.32,8073.64,CARD,6,SUCCESS,,0
TXN_0003472,CUST_00340,MEDIUM_RELIABILITY,0.86,8722.32,3142.15,CARD,5,SUCCESS,,0
TXN_0003473,CUST_00340,MEDIUM_RELIABILITY,0.86,8722.32,16666.91,UPI,0,FAILED,USER_ABANDONMENT,0
TXN_0003474,CUST_00340,MEDIUM_RELIABILITY,0.86,8722.32,4415.2,UPI,10,SUCCESS,,0
TXN_0003475,CUST_00341,MEDIUM_RELIABILITY,0.83,2950.08,1732.33,CARD,20,SUCCESS,,0
TXN_0003476,CUST_00341,MEDIUM_RELIABILITY,0.83,2950.08,2430.56,UPI,5,SUCCESS,,0
TXN_0003477,CUST_00341,MEDIUM_RELIABILITY,0.83,2950.08,4470.05,NET_BANKING,1,SUCCESS,,0
TXN_0003478,CUST_00341,MEDIUM_RELIABILITY,0.83,2950.08,2967.2,UPI,18,FAILED,INSUFFICIENT_FUNDS,1
TXN_0003479,CUST_00341,MEDIUM_RELIABILITY,0.83,2950.08,1491.4,CARD,15,FAILED,TEMPORARY_BANK_ERROR,0
TXN_0003480,CUST_00341,MEDIUM_RELIABILITY,0.83,2950.08,4430.24,CARD,22,SUCCESS,,0
TXN_0003481,CUST_00341,MEDIUM_RELIABILITY,0.83,2950.08,3812.68,NET_BANKING,11,SUCCESS,,0
TXN_0003482,CUST_00341,MEDIUM_RELIABILITY,0.83,2950.08,3585.45,UPI,2,SUCCESS,,0
TXN_0003483,CUST_00341,MEDIUM_RELIABILITY,0.83,2950.08,3794.67,CARD,16,SUCCESS,,0
TXN_0003484,CUST_00341,MEDIUM_RELIABILITY,0.83,2950.08,5775.5,NET_BANKING,22,FAILED,USER_ABANDONMENT,1
TXN_0003485,CUST_00341,MEDIUM_RELIABILITY,0.83,2950.08,5528.56,UPI,3,SUCCESS,,0
TXN_0003486,CUST_00342,MEDIUM_RELIABILITY,0.69,6852.11,4969.93,UPI,1,SUCCESS,,0
TXN_0003487,CUST_00342,MEDIUM_RELIABILITY,0.69,6852.11,11302.93,CARD,1,SUCCESS,,0
TXN_0003488,CUST_00342,MEDIUM_RELIABILITY,0.69,6852.11,7902.31,CARD,15,FAILED,TEMPORARY_BANK_ERROR,0
TXN_0003489,CUST_00342,MEDIUM_RELIABILITY,0.69,6852.11,8220.05,UPI,4,SUCCESS,,0
TXN_0003490,CUST_00342,MEDIUM_RELIABILITY,0.69,6852.11,2213.86,UPI,20,SUCCESS,,0
TXN_0003491,CUST_00342,MEDIUM_RELIABILITY,0.69,6852.11,6385.11,UPI,9,SUCCESS,,0
TXN_0003492,CUST_00342,MEDIUM_RELIABILITY,0.69,6852.11,4624.29,CARD,22,SUCCESS,,0
TXN_0003493,CUST_00342,MEDIUM_RELIABILITY,0.69,6852.11,9121.69,UPI,6,SUCCESS,,0
TXN_0003494,CUST_00342,MEDIUM_RELIABILITY,0.69,6852.11,9787.77,UPI,18,SUCCESS,,0
TXN_0003495,CUST_00343,MEDIUM_RELIABILITY,0.85,5789.25,985.36,CARD,18,SUCCESS,,0
TXN_0003496,CUST_00343,MEDIUM_RELIABILITY,0.85,5789.25,5738.22,CARD,5,SUCCESS,,0
TXN_0003497,CUST_00343,MEDIUM_RELIABILITY,0.85,5789.25,8387.14,UPI,0,SUCCESS,,0
TXN_0003498,CUST_00343,MEDIUM_RELIABILITY,0.85,5789.25,5356.96,CARD,9,SUCCESS,,0
TXN_0003499,CUST_00343,MEDIUM_RELIABILITY,0.85,5789.25,7477.54,UPI,12,SUCCESS,,0
TXN_0003500,CUST_00343,MEDIUM_RELIABILITY,0.85,5789.25,6602.44,UPI,19,SUCCESS,,0
TXN_0003501,CUST_00343,MEDIUM_RELIABILITY,0.85,5789.25,6580.43,UPI,8,SUCCESS,,0
TXN_0003502,CUST_00343,MEDIUM_RELIABILITY,0.85,5789.25,5160.97,CARD,14,FAILED,INSUFFICIENT_FUNDS,1
TXN_0003503,CUST_00343,MEDIUM_RELIABILITY,0.85,5789.25,2972.01,CARD,12,SUCCESS,,0
TXN_0003504,CUST_00343,MEDIUM_RELIABILITY,0.85,5789.25,3192.12,UPI,12,SUCCESS,,0
TXN_0003505,CUST_00344,LOW_RELIABILITY,0.52,2103.86,2700.81,UPI,18,SUCCESS,,0
TXN_0003506,CUST_00344,LOW_RELIABILITY,0.52,2103.86,2120.23,UPI,22,SUCCESS,,0
TXN_0003507,CUST_00344,LOW_RELIABILITY,0.52,2103.86,1987.3,NET_BANKING,9,FAILED,TEMPORARY_BANK_ERROR,1
TXN_0003508,CUST_00344,LOW_RELIABILITY,0.52,2103.86,1747.14,CARD,8,FAILED,TEMPORARY_BANK_ERROR,0
TXN_0003509,CUST_00344,LOW_RELIABILITY,0.52,2103.86,1847.03,NET_BANKING,10,FAILED,TECHNICAL_ERROR,0
TXN_0003510,CUST_00344,LOW_RELIABILITY,0.52,2103.86,2984.88,UPI,12,SUCCESS,,0
TXN_0003511,CUST_00344,LOW_RELIABILITY,0.52,2103.86,1821.74,UPI,15,SUCCESS,,0
TXN_0003512,CUST_00344,LOW_RELIABILITY,0.52,2103.86,975.3,CARD,21,SUCCESS,,0
TXN_0003513,CUST_00345,HIGH_RELIABILITY,0.96,3618.61,4695.0,UPI,3,SUCCESS,,0
TXN_0003514,CUST_00345,HIGH_RELIABILITY,0.96,3618.61,3322.06,NET_BANKING,19,FAILED,TEMPORARY_BANK_ERROR,0
TXN_0003515,CUST_00345,HIGH_RELIABILITY,0.96,3618.61,3664.05,UPI,14,SUCCESS,,0
TXN_0003516,CUST_00345,HIGH_RELIABILITY,0.96,3618.61,5945.49,CARD,5,SUCCESS,,0
TXN_0003517,CUST_00345,HIGH_RELIABILITY,0.96,3618.61,3588.85,UPI,20,SUCCESS,,0
TXN_0003518,CUST_00345,HIGH_RELIABILITY,0.96,3618.61,4037.19,UPI,11,SUCCESS,,0
TXN_0003519,CUST_00345,HIGH_RELIABILITY,0.96,3618.61,1912.18,UPI,0,SUCCESS,,0
TXN_0003520,CUST_00345,HIGH_RELIABILITY,0.96,3618.61,3300.65,UPI,3,SUCCESS,,0
TXN_0003521,CUST_00346,HIGH_RELIABILITY,0.92,6956.11,8652.08,CARD,6,SUCCESS,,0
TXN_0003522,CUST_00346,HIGH_RELIABILITY,0.92,6956.11,2628.37,CARD,21,SUCCESS,,0
TXN_0003523,CUST_00346,HIGH_RELIABILITY,0.92,6956.11,7514.95,NET_BANKING,15,SUCCESS,,0
TXN_0003524,CUST_00346,HIGH_RELIABILITY,0.92,6956.11,7236.56,UPI,23,SUCCESS,,0
TXN_0003525,CUST_00346,HIGH_RELIABILITY,0.92,6956.11,7070.99,NET_BANKING,18,SUCCESS,,0
TXN_0003526,CUST_00346,HIGH_RELIABILITY,0.92,6956.11,9841.95,UPI,0,SUCCESS,,0
TXN_0003527,CUST_00346,HIGH_RELIABILITY,0.92,6956.11,7886.67,CARD,23,SUCCESS,,0
TXN_0003528,CUST_00346,HIGH_RELIABILITY,0.92,6956.11,11068.76,UPI,12,SUCCESS,,0
TXN_0003529,CUST_00346,HIGH_RELIABILITY,0.92,6956.11,4191.5,UPI,15,SUCCESS,,0
TXN_0003530,CUST_00347,MEDIUM_RELIABILITY,0.76,2802.89,2955.28,UPI,0,SUCCESS,,0
TXN_0003531,CUST_00347,MEDIUM_RELIABILITY,0.76,2802.89,2897.59,UPI,2,SUCCESS,,0
TXN_0003532,CUST_00347,MEDIUM_RELIABILITY,0.76,2802.89,1604.09,NET_BANKING,22,SUCCESS,,0
TXN_0003533,CUST_00347,MEDIUM_RELIABILITY,0.76,2802.89,3875.05,CARD,8,FAILED,NETWORK_TIMEOUT,2
TXN_0003534,CUST_00347,MEDIUM_RELIABILITY,0.76,2802.89,5409.21,UPI,14,SUCCESS,,0
TXN_0003535,CUST_00347,MEDIUM_RELIABILITY,0.76,2802.89,2783.82,WALLET,1,SUCCESS,,0
TXN_0003536,CUST_00347,MEDIUM_RELIABILITY,0.76,2802.89,3369.1,NET_BANKING,13,SUCCESS,,0
TXN_0003537,CUST_00347,MEDIUM_RELIABILITY,0.76,2802.89,2897.65,CARD,7,SUCCESS,,0
TXN_0003538,CUST_00347,MEDIUM_RELIABILITY,0.76,2802.89,2002.85,CARD,9,SUCCESS,,0
TXN_0003539,CUST_00347,MEDIUM_RELIABILITY,0.76,2802.89,761.53,CARD,14,SUCCESS,,0
TXN_0003540,CUST_00347,MEDIUM_RELIABILITY,0.76,2802.89,2011.61,CARD,11,SUCCESS,,0
TXN_0003541,CUST_00347,MEDIUM_RELIABILITY,0.76,2802.89,1242.29,UPI,17,SUCCESS,,0
TXN_0003542,CUST_00348,MEDIUM_RELIABILITY,0.68,6300.89,10595.83,CARD,11,SUCCESS,,0
TXN_0003543,CUST_00348,MEDIUM_RELIABILITY,0.68,6300.89,6010.77,CARD,11,SUCCESS,,0
TXN_0003544,CUST_00348,MEDIUM_RELIABILITY,0.68,6300.89,5429.05,UPI,9,FAILED,AUTHENTICATION_FAILURE,2
TXN_0003545,CUST_00348,MEDIUM_RELIABILITY,0.68,6300.89,8541.87,CARD,13,SUCCESS,,0
TXN_0003546,CUST_00348,MEDIUM_RELIABILITY,0.68,6300.89,3473.68,UPI,19,FAILED,TEMPORARY_BANK_ERROR,2
TXN_0003547,CUST_00348,MEDIUM_RELIABILITY,0.68,6300.89,4368.12,CARD,14,SUCCESS,,0
TXN_0003548,CUST_00348,MEDIUM_RELIABILITY,0.68,6300.89,6472.46,NET_BANKING,5,SUCCESS,,0
TXN_0003549,CUST_00348,MEDIUM_RELIABILITY,0.68,6300.89,8893.75,UPI,20,FAILED,NETWORK_TIMEOUT,1
TXN_0003550,CUST_00348,MEDIUM_RELIABILITY,0.68,6300.89,7565.31,CARD,18,FAILED,USER_ABANDONMENT,0
TXN_0003551,CUST_00348,MEDIUM_RELIABILITY,0.68,6300.89,6926.76,CARD,2,SUCCESS,,0
TXN_0003552,CUST_00349,MEDIUM_RELIABILITY,0.71,6021.76,6209.92,WALLET,17,FAILED,TEMPORARY_BANK_ERROR,0
TXN_0003553,CUST_00349,MEDIUM_RELIABILITY,0.71,6021.76,6985.81,WALLET,21,SUCCESS,,0
TXN_0003554,CUST_00349,MEDIUM_RELIABILITY,0.71,6021.76,6507.48,CARD,21,SUCCESS,,0
TXN_0003555,CUST_00349,MEDIUM_RELIABILITY,0.71,6021.76,3540.86,UPI,3,SUCCESS,,0
TXN_0003556,CUST_00349,MEDIUM_RELIABILITY,0.71,6021.76,6132.75,NET_BANKING,11,SUCCESS,,0
TXN_0003557,CUST_00349,MEDIUM_RELIABILITY,0.71,6021.76,3435.56,UPI,21,SUCCESS,,0
TXN_0003558,CUST_00350,HIGH_RELIABILITY,0.9,7735.96,7986.86,CARD,23,SUCCESS,,0
TXN_0003559,CUST_00350,HIGH_RELIABILITY,0.9,7735.96,6248.65,NET_BANKING,3,SUCCESS,,0
TXN_0003560,CUST_00350,HIGH_RELIABILITY,0.9,7735.96,15593.78,CARD,4,SUCCESS,,0
TXN_0003561,CUST_00350,HIGH_RELIABILITY,0.9,7735.96,7612.51,NET_BANKING,6,SUCCESS,,0
TXN_0003562,CUST_00350,HIGH_RELIABILITY,0.9,7735.96,3390.7,NET_BANKING,16,SUCCESS,,0
TXN_0003563,CUST_00350,HIGH_RELIABILITY,0.9,7735.96,7320.75,CARD,2,SUCCESS,,0
TXN_0003564,CUST_00350,HIGH_RELIABILITY,0.9,7735.96,9343.06,UPI,12,SUCCESS,,0
TXN_0003565,CUST_00350,HIGH_RELIABILITY,0.9,7735.96,12913.99,UPI,20,FAILED,USER_ABANDONMENT,0
TXN_0003566,CUST_00351,MEDIUM_RELIABILITY,0.77,992.32,758.35,UPI,6,FAILED,USER_ABANDONMENT,0
TXN_0003567,CUST_00351,MEDIUM_RELIABILITY,0.77,992.32,364.21,UPI,3,SUCCESS,,0
TXN_0003568,CUST_00351,MEDIUM_RELIABILITY,0.77,992.32,1316.55,UPI,12,FAILED,INSUFFICIENT_FUNDS,0
TXN_0003569,CUST_00351,MEDIUM_RELIABILITY,0.77,992.32,444.32,UPI,9,SUCCESS,,0
TXN_0003570,CUST_00351,MEDIUM_RELIABILITY,0.77,992.32,819.2,CARD,15,SUCCESS,,0
TXN_0003571,CUST_00352,HIGH_RELIABILITY,0.92,2881.81,2584.84,UPI,15,SUCCESS,,0
TXN_0003572,CUST_00352,HIGH_RELIABILITY,0.92,2881.81,2801.54,CARD,11,FAILED,AUTHENTICATION_FAILURE,2
TXN_0003573,CUST_00352,HIGH_RELIABILITY,0.92,2881.81,3676.23,UPI,17,SUCCESS,,0
TXN_0003574,CUST_00352,HIGH_RELIABILITY,0.92,2881.81,2093.77,UPI,18,SUCCESS,,0
TXN_0003575,CUST_00352,HIGH_RELIABILITY,0.92,2881.81,2566.28,UPI,21,SUCCESS,,0
TXN_0003576,CUST_00352,HIGH_RELIABILITY,0.92,2881.81,2865.36,UPI,1,SUCCESS,,0
TXN_0003577,CUST_00352,HIGH_RELIABILITY,0.92,2881.81,3054.26,NET_BANKING,2,SUCCESS,,0
TXN_0003578,CUST_00352,HIGH_RELIABILITY,0.92,2881.81,2994.58,CARD,2,SUCCESS,,0
TXN_0003579,CUST_00352,HIGH_RELIABILITY,0.92,2881.81,3384.4,NET_BANKING,20,SUCCESS,,0
TXN_0003580,CUST_00352,HIGH_RELIABILITY,0.92,2881.81,3854.52,CARD,23,SUCCESS,,0
TXN_0003581,CUST_00352,HIGH_RELIABILITY,0.92,2881.81,3334.41,CARD,15,FAILED,NETWORK_TIMEOUT,1
TXN_0003582,CUST_00352,HIGH_RELIABILITY,0.92,2881.81,3404.67,NET_BANKING,6,SUCCESS,,0
TXN_0003583,CUST_00352,HIGH_RELIABILITY,0.92,2881.81,1057.94,UPI,21,SUCCESS,,0
TXN_0003584,CUST_00352,HIGH_RELIABILITY,0.92,2881.81,2939.71,NET_BANKING,0,SUCCESS,,0
TXN_0003585,CUST_00353,MEDIUM_RELIABILITY,0.66,9904.62,11804.36,UPI,5,SUCCESS,,0
TXN_0003586,CUST_00353,MEDIUM_RELIABILITY,0.66,9904.62,12792.57,CARD,12,SUCCESS,,0
TXN_0003587,CUST_00353,MEDIUM_RELIABILITY,0.66,9904.62,7161.63,CARD,23,FAILED,INSUFFICIENT_FUNDS,1
TXN_0003588,CUST_00353,MEDIUM_RELIABILITY,0.66,9904.62,7293.61,CARD,14,FAILED,TEMPORARY_BANK_ERROR,0
TXN_0003589,CUST_00353,MEDIUM_RELIABILITY,0.66,9904.62,7630.12,UPI,3,SUCCESS,,0
TXN_0003590,CUST_00353,MEDIUM_RELIABILITY,0.66,9904.62,12029.81,WALLET,2,FAILED,INSUFFICIENT_FUNDS,0
TXN_0003591,CUST_00353,MEDIUM_RELIABILITY,0.66,9904.62,14000.7,NET_BANKING,20,SUCCESS,,0
TXN_0003592,CUST_00353,MEDIUM_RELIABILITY,0.66,9904.62,8290.32,NET_BANKING,1,FAILED,TEMPORARY_BANK_ERROR,2
TXN_0003593,CUST_00353,MEDIUM_RELIABILITY,0.66,9904.62,13501.83,CARD,15,FAILED,NETWORK_TIMEOUT,1
TXN_0003594,CUST_00353,MEDIUM_RELIABILITY,0.66,9904.62,10393.83,WALLET,3,FAILED,TEMPORARY_BANK_ERROR,3
TXN_0003595,CUST_00353,MEDIUM_RELIABILITY,0.66,9904.62,9412.22,CARD,0,SUCCESS,,0
TXN_0003596,CUST_00353,MEDIUM_RELIABILITY,0.66,9904.62,9067.15,UPI,22,SUCCESS,,0
TXN_0003597,CUST_00354,MEDIUM_RELIABILITY,0.72,8193.81,10640.85,NET_BANKING,11,SUCCESS,,0
TXN_0003598,CUST_00354,MEDIUM_RELIABILITY,0.72,8193.81,9260.9,UPI,15,FAILED,NETWORK_TIMEOUT,1
TXN_0003599,CUST_00354,MEDIUM_RELIABILITY,0.72,8193.81,15652.88,UPI,2,FAILED,TECHNICAL_ERROR,0
TXN_0003600,CUST_00354,MEDIUM_RELIABILITY,0.72,8193.81,5400.62,UPI,7,SUCCESS,,0
TXN_0003601,CUST_00354,MEDIUM_RELIABILITY,0.72,8193.81,9891.9,NET_BANKING,3,FAILED,TEMPORARY_BANK_ERROR,0
TXN_0003602,CUST_00354,MEDIUM_RELIABILITY,0.72,8193.81,6459.34,UPI,21,SUCCESS,,0
TXN_0003603,CUST_00354,MEDIUM_RELIABILITY,0.72,8193.81,5344.7,UPI,8,SUCCESS,,0
TXN_0003604,CUST_00354,MEDIUM_RELIABILITY,0.72,8193.81,8158.19,WALLET,21,FAILED,NETWORK_TIMEOUT,0
TXN_0003605,CUST_00354,MEDIUM_RELIABILITY,0.72,8193.81,8643.99,UPI,4,SUCCESS,,0
TXN_0003606,CUST_00354,MEDIUM_RELIABILITY,0.72,8193.81,17758.19,CARD,12,FAILED,TEMPORARY_BANK_ERROR,1
TXN_0003607,CUST_00354,MEDIUM_RELIABILITY,0.72,8193.81,7590.27,UPI,21,FAILED,INSUFFICIENT_FUNDS,0
TXN_0003608,CUST_00354,MEDIUM_RELIABILITY,0.72,8193.81,4489.62,NET_BANKING,10,SUCCESS,,0
TXN_0003609,CUST_00354,MEDIUM_RELIABILITY,0.72,8193.81,9088.61,NET_BANKING,6,FAILED,INSUFFICIENT_FUNDS,0
TXN_0003610,CUST_00355,LOW_RELIABILITY,0.42,4834.22,822.51,UPI,17,SUCCESS,,0
TXN_0003611,CUST_00355,LOW_RELIABILITY,0.42,4834.22,4656.4,CARD,2,FAILED,TEMPORARY_BANK_ERROR,0
TXN_0003612,CUST_00355,LOW_RELIABILITY,0.42,4834.22,4865.21,NET_BANKING,2,FAILED,TECHNICAL_ERROR,0
TXN_0003613,CUST_00355,LOW_RELIABILITY,0.42,4834.22,6370.73,UPI,20,SUCCESS,,0
TXN_0003614,CUST_00355,LOW_RELIABILITY,0.42,4834.22,6716.9,NET_BANKING,11,SUCCESS,,0
TXN_0003615,CUST_00355,LOW_RELIABILITY,0.42,4834.22,3860.47,NET_BANKING,13,FAILED,NETWORK_TIMEOUT,2
TXN_0003616,CUST_00356,HIGH_RELIABILITY,0.96,9338.94,8776.31,UPI,21,SUCCESS,,0
TXN_0003617,CUST_00356,HIGH_RELIABILITY,0.96,9338.94,6477.04,UPI,14,SUCCESS,,0
TXN_0003618,CUST_00356,HIGH_RELIABILITY,0.96,9338.94,5124.98,NET_BANKING,23,SUCCESS,,0
TXN_0003619,CUST_00356,HIGH_RELIABILITY,0.96,9338.94,10496.58,CARD,16,SUCCESS,,0
TXN_0003620,CUST_00356,HIGH_RELIABILITY,0.96,9338.94,4581.36,CARD,20,SUCCESS,,0
TXN_0003621,CUST_00356,HIGH_RELIABILITY,0.96,9338.94,7790.07,CARD,9,SUCCESS,,0
TXN_0003622,CUST_00356,HIGH_RELIABILITY,0.96,9338.94,5621.39,UPI,19,FAILED,TEMPORARY_BANK_ERROR,0
TXN_0003623,CUST_00356,HIGH_RELIABILITY,0.96,9338.94,11392.32,NET_BANKING,4,SUCCESS,,0
TXN_0003624,CUST_00356,HIGH_RELIABILITY,0.96,9338.94,16068.32,UPI,8,SUCCESS,,0
TXN_0003625,CUST_00356,HIGH_RELIABILITY,0.96,9338.94,4476.76,CARD,10,SUCCESS,,0
TXN_0003626,CUST_00356,HIGH_RELIABILITY,0.96,9338.94,2416.85,CARD,10,SUCCESS,,0
TXN_0003627,CUST_00357,MEDIUM_RELIABILITY,0.75,4412.49,4192.07,CARD,12,SUCCESS,,0
TXN_0003628,CUST_00357,MEDIUM_RELIABILITY,0.75,4412.49,4440.2,NET_BANKING,18,SUCCESS,,0
TXN_0003629,CUST_00357,MEDIUM_RELIABILITY,0.75,4412.49,4798.42,WALLET,19,SUCCESS,,0
TXN_0003630,CUST_00357,MEDIUM_RELIABILITY,0.75,4412.49,3624.74,NET_BANKING,4,SUCCESS,,0
TXN_0003631,CUST_00357,MEDIUM_RELIABILITY,0.75,4412.49,4058.36,UPI,15,SUCCESS,,0
TXN_0003632,CUST_00357,MEDIUM_RELIABILITY,0.75,4412.49,5061.14,CARD,19,SUCCESS,,0
TXN_0003633,CUST_00357,MEDIUM_RELIABILITY,0.75,4412.49,6248.85,UPI,8,SUCCESS,,0
TXN_0003634,CUST_00357,MEDIUM_RELIABILITY,0.75,4412.49,961.84,NET_BANKING,19,SUCCESS,,0
TXN_0003635,CUST_00357,MEDIUM_RELIABILITY,0.75,4412.49,3761.31,UPI,10,SUCCESS,,0
TXN_0003636,CUST_00357,MEDIUM_RELIABILITY,0.75,4412.49,4789.86,CARD,11,SUCCESS,,0
TXN_0003637,CUST_00357,MEDIUM_RELIABILITY,0.75,4412.49,2792.27,UPI,10,SUCCESS,,0
TXN_0003638,CUST_00357,MEDIUM_RELIABILITY,0.75,4412.49,7468.0,UPI,8,SUCCESS,,0
TXN_0003639,CUST_00358,MEDIUM_RELIABILITY,0.73,9330.53,6959.05,CARD,19,SUCCESS,,0
TXN_0003640,CUST_00358,MEDIUM_RELIABILITY,0.73,9330.53,9176.42,UPI,22,SUCCESS,,0
TXN_0003641,CUST_00358,MEDIUM_RELIABILITY,0.73,9330.53,11405.72,CARD,11,SUCCESS,,0
TXN_0003642,CUST_00358,MEDIUM_RELIABILITY,0.73,9330.53,7123.73,CARD,6,SUCCESS,,0
TXN_0003643,CUST_00358,MEDIUM_RELIABILITY,0.73,9330.53,2438.73,CARD,5,FAILED,AUTHENTICATION_FAILURE,0
TXN_0003644,CUST_00358,MEDIUM_RELIABILITY,0.73,9330.53,7730.7,UPI,19,SUCCESS,,0
TXN_0003645,CUST_00358,MEDIUM_RELIABILITY,0.73,9330.53,13172.62,NET_BANKING,5,SUCCESS,,0
TXN_0003646,CUST_00358,MEDIUM_RELIABILITY,0.73,9330.53,8073.17,NET_BANKING,11,FAILED,INSUFFICIENT_FUNDS,0
TXN_0003647,CUST_00358,MEDIUM_RELIABILITY,0.73,9330.53,6171.46,CARD,17,SUCCESS,,0
TXN_0003648,CUST_00358,MEDIUM_RELIABILITY,0.73,9330.53,12785.33,UPI,2,FAILED,TECHNICAL_ERROR,1
TXN_0003649,CUST_00358,MEDIUM_RELIABILITY,0.73,9330.53,8096.01,WALLET,0,FAILED,USER_ABANDONMENT,0
TXN_0003650,CUST_00358,MEDIUM_RELIABILITY,0.73,9330.53,7426.5,CARD,17,SUCCESS,,0
TXN_0003651,CUST_00358,MEDIUM_RELIABILITY,0.73,9330.53,9888.33,UPI,18,SUCCESS,,0
TXN_0003652,CUST_00358,MEDIUM_RELIABILITY,0.73,9330.53,12207.13,UPI,13,SUCCESS,,0
TXN_0003653,CUST_00358,MEDIUM_RELIABILITY,0.73,9330.53,18219.59,CARD,3,SUCCESS,,0
TXN_0003654,CUST_00359,MEDIUM_RELIABILITY,0.83,9667.76,12866.77,UPI,4,SUCCESS,,0
TXN_0003655,CUST_00359,MEDIUM_RELIABILITY,0.83,9667.76,14152.98,UPI,1,FAILED,TEMPORARY_BANK_ERROR,0
TXN_0003656,CUST_00359,MEDIUM_RELIABILITY,0.83,9667.76,7711.14,CARD,4,SUCCESS,,0
TXN_0003657,CUST_00359,MEDIUM_RELIABILITY,0.83,9667.76,5700.62,WALLET,21,SUCCESS,,0
TXN_0003658,CUST_00359,MEDIUM_RELIABILITY,0.83,9667.76,9908.8,UPI,21,SUCCESS,,0
TXN_0003659,CUST_00359,MEDIUM_RELIABILITY,0.83,9667.76,10082.2,UPI,10,SUCCESS,,0
TXN_0003660,CUST_00359,MEDIUM_RELIABILITY,0.83,9667.76,5497.04,CARD,9,SUCCESS,,0
TXN_0003661,CUST_00359,MEDIUM_RELIABILITY,0.83,9667.76,8989.88,UPI,19,SUCCESS,,0
TXN_0003662,CUST_00359,MEDIUM_RELIABILITY,0.83,9667.76,11211.96,NET_BANKING,17,SUCCESS,,0
TXN_0003663,CUST_00359,MEDIUM_RELIABILITY,0.83,9667.76,11061.44,UPI,0,SUCCESS,,0
TXN_0003664,CUST_00359,MEDIUM_RELIABILITY,0.83,9667.76,11617.89,UPI,7,SUCCESS,,0
TXN_0003665,CUST_00360,MEDIUM_RELIABILITY,0.68,7443.24,8309.53,UPI,19,FAILED,TEMPORARY_BANK_ERROR,0
TXN_0003666,CUST_00360,MEDIUM_RELIABILITY,0.68,7443.24,5933.73,CARD,8,SUCCESS,,0
TXN_0003667,CUST_00360,MEDIUM_RELIABILITY,0.68,7443.24,5913.21,UPI,7,SUCCESS,,0
TXN_0003668,CUST_00360,MEDIUM_RELIABILITY,0.68,7443.24,3873.61,UPI,14,SUCCESS,,0
TXN_0003669,CUST_00360,MEDIUM_RELIABILITY,0.68,7443.24,12757.04,NET_BANKING,7,FAILED,TEMPORARY_BANK_ERROR,1
TXN_0003670,CUST_00360,MEDIUM_RELIABILITY,0.68,7443.24,7483.29,UPI,19,SUCCESS,,0
TXN_0003671,CUST_00360,MEDIUM_RELIABILITY,0.68,7443.24,6773.79,UPI,7,FAILED,TEMPORARY_BANK_ERROR,1
TXN_0003672,CUST_00360,MEDIUM_RELIABILITY,0.68,7443.24,4677.95,UPI,23,SUCCESS,,0
TXN_0003673,CUST_00360,MEDIUM_RELIABILITY,0.68,7443.24,16183.56,NET_BANKING,12,FAILED,AUTHENTICATION_FAILURE,0
TXN_0003674,CUST_00360,MEDIUM_RELIABILITY,0.68,7443.24,4247.62,CARD,13,SUCCESS,,0
TXN_0003675,CUST_00360,MEDIUM_RELIABILITY,0.68,7443.24,6166.43,CARD,10,FAILED,INSUFFICIENT_FUNDS,0
TXN_0003676,CUST_00361,HIGH_RELIABILITY,0.98,3537.26,4125.63,CARD,11,SUCCESS,,0
TXN_0003677,CUST_00361,HIGH_RELIABILITY,0.98,3537.26,4386.5,UPI,22,SUCCESS,,0
TXN_0003678,CUST_00361,HIGH_RELIABILITY,0.98,3537.26,4892.64,UPI,12,SUCCESS,,0
TXN_0003679,CUST_00361,HIGH_RELIABILITY,0.98,3537.26,6094.85,UPI,12,SUCCESS,,0
TXN_0003680,CUST_00361,HIGH_RELIABILITY,0.98,3537.26,4253.42,CARD,7,SUCCESS,,0
TXN_0003681,CUST_00361,HIGH_RELIABILITY,0.98,3537.26,2043.08,NET_BANKING,0,SUCCESS,,0
TXN_0003682,CUST_00361,HIGH_RELIABILITY,0.98,3537.26,3173.71,CARD,20,SUCCESS,,0
TXN_0003683,CUST_00361,HIGH_RELIABILITY,0.98,3537.26,3972.81,CARD,0,SUCCESS,,0
TXN_0003684,CUST_00361,HIGH_RELIABILITY,0.98,3537.26,6463.6,UPI,12,SUCCESS,,0
TXN_0003685,CUST_00361,HIGH_RELIABILITY,0.98,3537.26,1559.5,UPI,14,SUCCESS,,0
TXN_0003686,CUST_00361,HIGH_RELIABILITY,0.98,3537.26,5238.79,UPI,8,SUCCESS,,0
TXN_0003687,CUST_00361,HIGH_RELIABILITY,0.98,3537.26,3791.82,UPI,8,SUCCESS,,0
TXN_0003688,CUST_00362,MEDIUM_RELIABILITY,0.66,7540.65,10067.76,UPI,18,SUCCESS,,0
TXN_0003689,CUST_00362,MEDIUM_RELIABILITY,0.66,7540.65,7233.01,CARD,6,SUCCESS,,0
TXN_0003690,CUST_00362,MEDIUM_RELIABILITY,0.66,7540.65,4999.65,WALLET,11,FAILED,TEMPORARY_BANK_ERROR,1
TXN_0003691,CUST_00362,MEDIUM_RELIABILITY,0.66,7540.65,9805.48,UPI,19,SUCCESS,,0
TXN_0003692,CUST_00362,MEDIUM_RELIABILITY,0.66,7540.65,9514.58,UPI,2,SUCCESS,,0
TXN_0003693,CUST_00362,MEDIUM_RELIABILITY,0.66,7540.65,10472.63,UPI,4,FAILED,USER_ABANDONMENT,0
TXN_0003694,CUST_00362,MEDIUM_RELIABILITY,0.66,7540.65,7500.52,WALLET,7,SUCCESS,,0
TXN_0003695,CUST_00363,MEDIUM_RELIABILITY,0.78,8497.37,6458.61,CARD,7,SUCCESS,,0
TXN_0003696,CUST_00363,MEDIUM_RELIABILITY,0.78,8497.37,3199.13,CARD,18,SUCCESS,,0
TXN_0003697,CUST_00363,MEDIUM_RELIABILITY,0.78,8497.37,11282.38,NET_BANKING,23,FAILED,INSUFFICIENT_FUNDS,2
TXN_0003698,CUST_00363,MEDIUM_RELIABILITY,0.78,8497.37,9938.15,NET_BANKING,7,FAILED,TECHNICAL_ERROR,1
TXN_0003699,CUST_00363,MEDIUM_RELIABILITY,0.78,8497.37,5214.73,UPI,3,SUCCESS,,0
TXN_0003700,CUST_00363,MEDIUM_RELIABILITY,0.78,8497.37,6666.79,NET_BANKING,17,FAILED,INSUFFICIENT_FUNDS,1
TXN_0003701,CUST_00363,MEDIUM_RELIABILITY,0.78,8497.37,6910.88,CARD,4,SUCCESS,,0
TXN_0003702,CUST_00364,MEDIUM_RELIABILITY,0.68,8055.04,3276.84,UPI,0,SUCCESS,,0
TXN_0003703,CUST_00364,MEDIUM_RELIABILITY,0.68,8055.04,5420.45,UPI,8,SUCCESS,,0
TXN_0003704,CUST_00364,MEDIUM_RELIABILITY,0.68,8055.04,4401.82,UPI,16,SUCCESS,,0
TXN_0003705,CUST_00364,MEDIUM_RELIABILITY,0.68,8055.04,6726.03,UPI,5,FAILED,TEMPORARY_BANK_ERROR,0
TXN_0003706,CUST_00364,MEDIUM_RELIABILITY,0.68,8055.04,5674.94,NET_BANKING,11,SUCCESS,,0
TXN_0003707,CUST_00364,MEDIUM_RELIABILITY,0.68,8055.04,2812.8,UPI,7,SUCCESS,,0
TXN_0003708,CUST_00364,MEDIUM_RELIABILITY,0.68,8055.04,14571.86,CARD,22,FAILED,INSUFFICIENT_FUNDS,1
TXN_0003709,CUST_00365,HIGH_RELIABILITY,0.9,3291.18,4940.11,WALLET,4,FAILED,INSUFFICIENT_FUNDS,1
TXN_0003710,CUST_00365,HIGH_RELIABILITY,0.9,3291.18,2265.62,CARD,12,SUCCESS,,0
TXN_0003711,CUST_00365,HIGH_RELIABILITY,0.9,3291.18,3649.82,CARD,16,SUCCESS,,0
TXN_0003712,CUST_00365,HIGH_RELIABILITY,0.9,3291.18,3840.76,CARD,16,SUCCESS,,0
TXN_0003713,CUST_00365,HIGH_RELIABILITY,0.9,3291.18,4859.21,CARD,22,SUCCESS,,0
TXN_0003714,CUST_00365,HIGH_RELIABILITY,0.9,3291.18,2213.51,UPI,8,SUCCESS,,0
TXN_0003715,CUST_00366,MEDIUM_RELIABILITY,0.69,8238.46,11837.37,UPI,15,FAILED,TEMPORARY_BANK_ERROR,0
TXN_0003716,CUST_00366,MEDIUM_RELIABILITY,0.69,8238.46,6432.9,WALLET,9,FAILED,TECHNICAL_ERROR,0
TXN_0003717,CUST_00366,MEDIUM_RELIABILITY,0.69,8238.46,3836.28,UPI,0,SUCCESS,,0
TXN_0003718,CUST_00366,MEDIUM_RELIABILITY,0.69,8238.46,10624.77,UPI,0,FAILED,USER_ABANDONMENT,1
TXN_0003719,CUST_00366,MEDIUM_RELIABILITY,0.69,8238.46,12492.0,UPI,18,SUCCESS,,0
TXN_0003720,CUST_00366,MEDIUM_RELIABILITY,0.69,8238.46,16766.61,CARD,20,SUCCESS,,0
TXN_0003721,CUST_00366,MEDIUM_RELIABILITY,0.69,8238.46,4284.9,UPI,4,FAILED,TEMPORARY_BANK_ERROR,0
TXN_0003722,CUST_00366,MEDIUM_RELIABILITY,0.69,8238.46,10541.67,CARD,14,SUCCESS,,0
TXN_0003723,CUST_00366,MEDIUM_RELIABILITY,0.69,8238.46,6888.01,UPI,6,SUCCESS,,0
TXN_0003724,CUST_00366,MEDIUM_RELIABILITY,0.69,8238.46,10819.93,UPI,1,FAILED,TEMPORARY_BANK_ERROR,1
TXN_0003725,CUST_00366,MEDIUM_RELIABILITY,0.69,8238.46,3392.63,UPI,11,FAILED,NETWORK_TIMEOUT,0
TXN_0003726,CUST_00367,MEDIUM_RELIABILITY,0.8,5469.12,2706.62,NET_BANKING,2,SUCCESS,,0
TXN_0003727,CUST_00367,MEDIUM_RELIABILITY,0.8,5469.12,3771.78,UPI,16,SUCCESS,,0
TXN_0003728,CUST_00367,MEDIUM_RELIABILITY,0.8,5469.12,5641.87,UPI,15,FAILED,NETWORK_TIMEOUT,0
TXN_0003729,CUST_00367,MEDIUM_RELIABILITY,0.8,5469.12,4066.66,CARD,0,SUCCESS,,0
TXN_0003730,CUST_00367,MEDIUM_RELIABILITY,0.8,5469.12,6910.9,UPI,22,SUCCESS,,0
TXN_0003731,CUST_00367,MEDIUM_RELIABILITY,0.8,5469.12,7715.6,UPI,16,SUCCESS,,0
TXN_0003732,CUST_00367,MEDIUM_RELIABILITY,0.8,5469.12,6780.78,CARD,0,SUCCESS,,0
TXN_0003733,CUST_00367,MEDIUM_RELIABILITY,0.8,5469.12,9010.46,UPI,19,SUCCESS,,0
TXN_0003734,CUST_00367,MEDIUM_RELIABILITY,0.8,5469.12,6378.8,CARD,9,SUCCESS,,0
TXN_0003735,CUST_00367,MEDIUM_RELIABILITY,0.8,5469.12,2806.98,NET_BANKING,18,FAILED,NETWORK_TIMEOUT,0
TXN_0003736,CUST_00367,MEDIUM_RELIABILITY,0.8,5469.12,8451.71,NET_BANKING,1,SUCCESS,,0
TXN_0003737,CUST_00367,MEDIUM_RELIABILITY,0.8,5469.12,4145.25,CARD,23,SUCCESS,,0
TXN_0003738,CUST_00367,MEDIUM_RELIABILITY,0.8,5469.12,7460.8,UPI,4,SUCCESS,,0
TXN_0003739,CUST_00367,MEDIUM_RELIABILITY,0.8,5469.12,8911.9,UPI,21,SUCCESS,,0
TXN_0003740,CUST_00367,MEDIUM_RELIABILITY,0.8,5469.12,6468.19,CARD,20,SUCCESS,,0
TXN_0003741,CUST_00368,HIGH_RELIABILITY,0.92,13280.81,5332.73,NET_BANKING,6,FAILED,NETWORK_TIMEOUT,0
TXN_0003742,CUST_00368,HIGH_RELIABILITY,0.92,13280.81,8402.97,UPI,9,FAILED,TEMPORARY_BANK_ERROR,0
TXN_0003743,CUST_00368,HIGH_RELIABILITY,0.92,13280.81,20307.66,UPI,4,SUCCESS,,0
TXN_0003744,CUST_00368,HIGH_RELIABILITY,0.92,13280.81,12382.38,CARD,6,FAILED,TEMPORARY_BANK_ERROR,2
TXN_0003745,CUST_00368,HIGH_RELIABILITY,0.92,13280.81,13703.53,UPI,15,SUCCESS,,0
TXN_0003746,CUST_00368,HIGH_RELIABILITY,0.92,13280.81,17311.93,UPI,5,SUCCESS,,0
TXN_0003747,CUST_00368,HIGH_RELIABILITY,0.92,13280.81,16979.9,CARD,2,SUCCESS,,0
TXN_0003748,CUST_00369,HIGH_RELIABILITY,0.92,12432.39,13818.85,CARD,11,SUCCESS,,0
TXN_0003749,CUST_00369,HIGH_RELIABILITY,0.92,12432.39,11394.69,WALLET,8,SUCCESS,,0
TXN_0003750,CUST_00369,HIGH_RELIABILITY,0.92,12432.39,10877.5,CARD,23,SUCCESS,,0
TXN_0003751,CUST_00369,HIGH_RELIABILITY,0.92,12432.39,16698.68,CARD,16,SUCCESS,,0
TXN_0003752,CUST_00369,HIGH_RELIABILITY,0.92,12432.39,15185.27,CARD,22,SUCCESS,,0
TXN_0003753,CUST_00369,HIGH_RELIABILITY,0.92,12432.39,11152.85,CARD,19,SUCCESS,,0
TXN_0003754,CUST_00369,HIGH_RELIABILITY,0.92,12432.39,17813.69,UPI,0,SUCCESS,,0
TXN_0003755,CUST_00369,HIGH_RELIABILITY,0.92,12432.39,11790.71,UPI,16,SUCCESS,,0
TXN_0003756,CUST_00369,HIGH_RELIABILITY,0.92,12432.39,8197.11,WALLET,12,FAILED,INSUFFICIENT_FUNDS,1
TXN_0003757,CUST_00369,HIGH_RELIABILITY,0.92,12432.39,8658.06,UPI,4,SUCCESS,,0
TXN_0003758,CUST_00370,HIGH_RELIABILITY,0.93,6277.22,3819.71,NET_BANKING,7,SUCCESS,,0
TXN_0003759,CUST_00370,HIGH_RELIABILITY,0.93,6277.22,5593.23,UPI,3,SUCCESS,,0
TXN_0003760,CUST_00370,HIGH_RELIABILITY,0.93,6277.22,9374.96,CARD,13,SUCCESS,,0
TXN_0003761,CUST_00370,HIGH_RELIABILITY,0.93,6277.22,4255.72,UPI,10,SUCCESS,,0
TXN_0003762,CUST_00370,HIGH_RELIABILITY,0.93,6277.22,6750.46,UPI,19,SUCCESS,,0
TXN_0003763,CUST_00370,HIGH_RELIABILITY,0.93,6277.22,4628.35,WALLET,2,SUCCESS,,0
TXN_0003764,CUST_00370,HIGH_RELIABILITY,0.93,6277.22,5623.61,WALLET,1,SUCCESS,,0
TXN_0003765,CUST_00370,HIGH_RELIABILITY,0.93,6277.22,2485.68,NET_BANKING,4,SUCCESS,,0
TXN_0003766,CUST_00371,MEDIUM_RELIABILITY,0.75,3363.09,3066.41,UPI,11,FAILED,TEMPORARY_BANK_ERROR,2
TXN_0003767,CUST_00371,MEDIUM_RELIABILITY,0.75,3363.09,3102.51,CARD,12,SUCCESS,,0
TXN_0003768,CUST_00371,MEDIUM_RELIABILITY,0.75,3363.09,4089.9,UPI,7,SUCCESS,,0
TXN_0003769,CUST_00371,MEDIUM_RELIABILITY,0.75,3363.09,3663.46,CARD,5,SUCCESS,,0
TXN_0003770,CUST_00371,MEDIUM_RELIABILITY,0.75,3363.09,1750.97,CARD,18,SUCCESS,,0
TXN_0003771,CUST_00372,HIGH_RELIABILITY,0.96,8038.09,11524.04,UPI,2,SUCCESS,,0
TXN_0003772,CUST_00372,HIGH_RELIABILITY,0.96,8038.09,8714.26,UPI,17,SUCCESS,,0
TXN_0003773,CUST_00372,HIGH_RELIABILITY,0.96,8038.09,8675.97,NET_BANKING,22,SUCCESS,,0
TXN_0003774,CUST_00372,HIGH_RELIABILITY,0.96,8038.09,8008.57,WALLET,0,SUCCESS,,0
TXN_0003775,CUST_00372,HIGH_RELIABILITY,0.96,8038.09,6373.38,UPI,9,SUCCESS,,0
TXN_0003776,CUST_00372,HIGH_RELIABILITY,0.96,8038.09,8738.38,UPI,21,SUCCESS,,0
TXN_0003777,CUST_00373,MEDIUM_RELIABILITY,0.7,9045.96,10766.82,CARD,2,FAILED,USER_ABANDONMENT,0
TXN_0003778,CUST_00373,MEDIUM_RELIABILITY,0.7,9045.96,2725.02,UPI,18,FAILED,TEMPORARY_BANK_ERROR,0
TXN_0003779,CUST_00373,MEDIUM_RELIABILITY,0.7,9045.96,7096.52,WALLET,5,SUCCESS,,0
TXN_0003780,CUST_00373,MEDIUM_RELIABILITY,0.7,9045.96,8123.46,NET_BANKING,15,FAILED,INSUFFICIENT_FUNDS,1
TXN_0003781,CUST_00373,MEDIUM_RELIABILITY,0.7,9045.96,9972.88,CARD,19,FAILED,TEMPORARY_BANK_ERROR,1
TXN_0003782,CUST_00373,MEDIUM_RELIABILITY,0.7,9045.96,13363.82,UPI,20,SUCCESS,,0
TXN_0003783,CUST_00373,MEDIUM_RELIABILITY,0.7,9045.96,6253.51,CARD,15,SUCCESS,,0
TXN_0003784,CUST_00373,MEDIUM_RELIABILITY,0.7,9045.96,7244.14,CARD,1,SUCCESS,,0
TXN_0003785,CUST_00373,MEDIUM_RELIABILITY,0.7,9045.96,7191.41,UPI,5,SUCCESS,,0
TXN_0003786,CUST_00373,MEDIUM_RELIABILITY,0.7,9045.96,6145.73,NET_BANKING,11,SUCCESS,,0
TXN_0003787,CUST_00374,MEDIUM_RELIABILITY,0.73,5663.75,4877.2,UPI,22,SUCCESS,,0
TXN_0003788,CUST_00374,MEDIUM_RELIABILITY,0.73,5663.75,7410.0,UPI,7,SUCCESS,,0
TXN_0003789,CUST_00374,MEDIUM_RELIABILITY,0.73,5663.75,3276.29,NET_BANKING,21,SUCCESS,,0
TXN_0003790,CUST_00374,MEDIUM_RELIABILITY,0.73,5663.75,6632.96,UPI,4,SUCCESS,,0
TXN_0003791,CUST_00374,MEDIUM_RELIABILITY,0.73,5663.75,1808.09,UPI,1,SUCCESS,,0
TXN_0003792,CUST_00374,MEDIUM_RELIABILITY,0.73,5663.75,4392.04,UPI,3,SUCCESS,,0
TXN_0003793,CUST_00374,MEDIUM_RELIABILITY,0.73,5663.75,4917.29,UPI,23,FAILED,USER_ABANDONMENT,1
TXN_0003794,CUST_00374,MEDIUM_RELIABILITY,0.73,5663.75,9458.14,CARD,22,SUCCESS,,0
TXN_0003795,CUST_00374,MEDIUM_RELIABILITY,0.73,5663.75,5041.19,UPI,20,SUCCESS,,0
TXN_0003796,CUST_00375,MEDIUM_RELIABILITY,0.85,6430.26,768.43,CARD,18,SUCCESS,,0
TXN_0003797,CUST_00375,MEDIUM_RELIABILITY,0.85,6430.26,1288.91,CARD,15,SUCCESS,,0
TXN_0003798,CUST_00375,MEDIUM_RELIABILITY,0.85,6430.26,6517.79,UPI,12,SUCCESS,,0
TXN_0003799,CUST_00375,MEDIUM_RELIABILITY,0.85,6430.26,8008.94,UPI,1,SUCCESS,,0
TXN_0003800,CUST_00375,MEDIUM_RELIABILITY,0.85,6430.26,7395.97,NET_BANKING,12,SUCCESS,,0
TXN_0003801,CUST_00375,MEDIUM_RELIABILITY,0.85,6430.26,6861.27,CARD,21,SUCCESS,,0
TXN_0003802,CUST_00375,MEDIUM_RELIABILITY,0.85,6430.26,9419.71,NET_BANKING,10,SUCCESS,,0
TXN_0003803,CUST_00375,MEDIUM_RELIABILITY,0.85,6430.26,5042.38,NET_BANKING,23,SUCCESS,,0
TXN_0003804,CUST_00375,MEDIUM_RELIABILITY,0.85,6430.26,8732.06,UPI,10,SUCCESS,,0
TXN_0003805,CUST_00375,MEDIUM_RELIABILITY,0.85,6430.26,2232.55,NET_BANKING,22,SUCCESS,,0
TXN_0003806,CUST_00375,MEDIUM_RELIABILITY,0.85,6430.26,4102.64,NET_BANKING,5,SUCCESS,,0
TXN_0003807,CUST_00375,MEDIUM_RELIABILITY,0.85,6430.26,1782.36,UPI,15,SUCCESS,,0
TXN_0003808,CUST_00375,MEDIUM_RELIABILITY,0.85,6430.26,5723.33,UPI,1,SUCCESS,,0
TXN_0003809,CUST_00375,MEDIUM_RELIABILITY,0.85,6430.26,6311.27,UPI,19,SUCCESS,,0
TXN_0003810,CUST_00375,MEDIUM_RELIABILITY,0.85,6430.26,6723.74,UPI,6,SUCCESS,,0
TXN_0003811,CUST_00376,LOW_RELIABILITY,0.38,6590.86,6754.01,UPI,0,SUCCESS,,0
TXN_0003812,CUST_00376,LOW_RELIABILITY,0.38,6590.86,4145.51,CARD,19,FAILED,TEMPORARY_BANK_ERROR,0
TXN_0003813,CUST_00376,LOW_RELIABILITY,0.38,6590.86,6089.32,NET_BANKING,16,FAILED,TEMPORARY_BANK_ERROR,1
TXN_0003814,CUST_00376,LOW_RELIABILITY,0.38,6590.86,2643.08,NET_BANKING,23,FAILED,INSUFFICIENT_FUNDS,2
TXN_0003815,CUST_00376,LOW_RELIABILITY,0.38,6590.86,10184.8,WALLET,19,SUCCESS,,0
TXN_0003816,CUST_00376,LOW_RELIABILITY,0.38,6590.86,5790.4,UPI,23,SUCCESS,,0
TXN_0003817,CUST_00376,LOW_RELIABILITY,0.38,6590.86,5301.99,CARD,23,FAILED,NETWORK_TIMEOUT,3
TXN_0003818,CUST_00376,LOW_RELIABILITY,0.38,6590.86,10779.85,CARD,9,FAILED,NETWORK_TIMEOUT,1
TXN_0003819,CUST_00376,LOW_RELIABILITY,0.38,6590.86,3315.87,NET_BANKING,15,SUCCESS,,0
TXN_0003820,CUST_00376,LOW_RELIABILITY,0.38,6590.86,3623.43,UPI,14,SUCCESS,,0
TXN_0003821,CUST_00376,LOW_RELIABILITY,0.38,6590.86,3700.85,CARD,7,SUCCESS,,0
TXN_0003822,CUST_00377,HIGH_RELIABILITY,0.95,5688.68,5534.24,UPI,8,SUCCESS,,0
TXN_0003823,CUST_00377,HIGH_RELIABILITY,0.95,5688.68,6670.85,CARD,1,SUCCESS,,0
TXN_0003824,CUST_00377,HIGH_RELIABILITY,0.95,5688.68,7371.79,CARD,18,SUCCESS,,0
TXN_0003825,CUST_00377,HIGH_RELIABILITY,0.95,5688.68,11541.18,UPI,16,SUCCESS,,0
TXN_0003826,CUST_00377,HIGH_RELIABILITY,0.95,5688.68,570.16,UPI,14,SUCCESS,,0
TXN_0003827,CUST_00377,HIGH_RELIABILITY,0.95,5688.68,7073.84,UPI,1,SUCCESS,,0
TXN_0003828,CUST_00377,HIGH_RELIABILITY,0.95,5688.68,4420.94,NET_BANKING,8,SUCCESS,,0
TXN_0003829,CUST_00377,HIGH_RELIABILITY,0.95,5688.68,4354.31,NET_BANKING,13,FAILED,USER_ABANDONMENT,1
TXN_0003830,CUST_00377,HIGH_RELIABILITY,0.95,5688.68,4278.41,NET_BANKING,9,SUCCESS,,0
TXN_0003831,CUST_00377,HIGH_RELIABILITY,0.95,5688.68,3620.8,CARD,15,SUCCESS,,0
TXN_0003832,CUST_00377,HIGH_RELIABILITY,0.95,5688.68,9521.77,UPI,21,SUCCESS,,0
TXN_0003833,CUST_00377,HIGH_RELIABILITY,0.95,5688.68,7605.3,NET_BANKING,7,SUCCESS,,0
TXN_0003834,CUST_00377,HIGH_RELIABILITY,0.95,5688.68,5741.46,UPI,23,SUCCESS,,0
TXN_0003835,CUST_00377,HIGH_RELIABILITY,0.95,5688.68,8762.88,CARD,6,FAILED,NETWORK_TIMEOUT,0
TXN_0003836,CUST_00378,HIGH_RELIABILITY,0.9,12116.35,4785.82,WALLET,0,FAILED,TECHNICAL_ERROR,1
TXN_0003837,CUST_00378,HIGH_RELIABILITY,0.9,12116.35,5667.03,UPI,9,SUCCESS,,0
TXN_0003838,CUST_00378,HIGH_RELIABILITY,0.9,12116.35,1560.74,UPI,13,SUCCESS,,0
TXN_0003839,CUST_00378,HIGH_RELIABILITY,0.9,12116.35,8726.61,UPI,3,SUCCESS,,0
TXN_0003840,CUST_00378,HIGH_RELIABILITY,0.9,12116.35,12900.03,UPI,17,SUCCESS,,0
TXN_0003841,CUST_00378,HIGH_RELIABILITY,0.9,12116.35,12614.86,CARD,2,SUCCESS,,0
TXN_0003842,CUST_00378,HIGH_RELIABILITY,0.9,12116.35,12840.14,NET_BANKING,0,SUCCESS,,0
TXN_0003843,CUST_00378,HIGH_RELIABILITY,0.9,12116.35,5277.61,UPI,8,SUCCESS,,0
TXN_0003844,CUST_00379,MEDIUM_RELIABILITY,0.79,5567.88,7356.63,NET_BANKING,10,FAILED,AUTHENTICATION_FAILURE,1
TXN_0003845,CUST_00379,MEDIUM_RELIABILITY,0.79,5567.88,6101.57,CARD,3,SUCCESS,,0
TXN_0003846,CUST_00379,MEDIUM_RELIABILITY,0.79,5567.88,7200.5,CARD,2,SUCCESS,,0
TXN_0003847,CUST_00379,MEDIUM_RELIABILITY,0.79,5567.88,1352.41,UPI,5,SUCCESS,,0
TXN_0003848,CUST_00379,MEDIUM_RELIABILITY,0.79,5567.88,6261.62,UPI,8,SUCCESS,,0
TXN_0003849,CUST_00379,MEDIUM_RELIABILITY,0.79,5567.88,2922.55,WALLET,19,SUCCESS,,0
TXN_0003850,CUST_00380,HIGH_RELIABILITY,0.98,12040.36,10126.79,WALLET,5,SUCCESS,,0
TXN_0003851,CUST_00380,HIGH_RELIABILITY,0.98,12040.36,14613.94,UPI,22,SUCCESS,,0
TXN_0003852,CUST_00380,HIGH_RELIABILITY,0.98,12040.36,12479.08,CARD,20,SUCCESS,,0
TXN_0003853,CUST_00380,HIGH_RELIABILITY,0.98,12040.36,7939.22,UPI,12,SUCCESS,,0
TXN_0003854,CUST_00380,HIGH_RELIABILITY,0.98,12040.36,12070.57,UPI,16,SUCCESS,,0
TXN_0003855,CUST_00380,HIGH_RELIABILITY,0.98,12040.36,4664.27,UPI,5,SUCCESS,,0
TXN_0003856,CUST_00381,MEDIUM_RELIABILITY,0.68,3461.36,5053.96,CARD,18,SUCCESS,,0
TXN_0003857,CUST_00381,MEDIUM_RELIABILITY,0.68,3461.36,3177.14,UPI,23,FAILED,AUTHENTICATION_FAILURE,2
TXN_0003858,CUST_00381,MEDIUM_RELIABILITY,0.68,3461.36,5010.04,CARD,14,SUCCESS,,0
TXN_0003859,CUST_00381,MEDIUM_RELIABILITY,0.68,3461.36,2732.35,CARD,6,SUCCESS,,0
TXN_0003860,CUST_00381,MEDIUM_RELIABILITY,0.68,3461.36,2736.45,UPI,6,FAILED,NETWORK_TIMEOUT,3
TXN_0003861,CUST_00381,MEDIUM_RELIABILITY,0.68,3461.36,2403.31,WALLET,20,SUCCESS,,0
TXN_0003862,CUST_00381,MEDIUM_RELIABILITY,0.68,3461.36,4674.46,CARD,0,SUCCESS,,0
TXN_0003863,CUST_00381,MEDIUM_RELIABILITY,0.68,3461.36,2479.12,NET_BANKING,2,FAILED,TEMPORARY_BANK_ERROR,0
TXN_0003864,CUST_00381,MEDIUM_RELIABILITY,0.68,3461.36,4353.83,NET_BANKING,18,FAILED,INSUFFICIENT_FUNDS,3
TXN_0003865,CUST_00381,MEDIUM_RELIABILITY,0.68,3461.36,2931.84,CARD,10,FAILED,USER_ABANDONMENT,1
TXN_0003866,CUST_00381,MEDIUM_RELIABILITY,0.68,3461.36,725.55,CARD,7,FAILED,USER_ABANDONMENT,0
TXN_0003867,CUST_00381,MEDIUM_RELIABILITY,0.68,3461.36,2671.74,NET_BANKING,1,SUCCESS,,0
TXN_0003868,CUST_00381,MEDIUM_RELIABILITY,0.68,3461.36,1828.83,CARD,4,SUCCESS,,0
TXN_0003869,CUST_00381,MEDIUM_RELIABILITY,0.68,3461.36,3508.3,NET_BANKING,4,FAILED,USER_ABANDONMENT,3
TXN_0003870,CUST_00381,MEDIUM_RELIABILITY,0.68,3461.36,1813.19,WALLET,11,FAILED,NETWORK_TIMEOUT,0
TXN_0003871,CUST_00382,LOW_RELIABILITY,0.42,5258.83,7206.65,UPI,9,FAILED,AUTHENTICATION_FAILURE,2
TXN_0003872,CUST_00382,LOW_RELIABILITY,0.42,5258.83,5067.25,WALLET,19,SUCCESS,,0
TXN_0003873,CUST_00382,LOW_RELIABILITY,0.42,5258.83,4885.25,UPI,3,FAILED,NETWORK_TIMEOUT,0
TXN_0003874,CUST_00382,LOW_RELIABILITY,0.42,5258.83,6638.52,NET_BANKING,5,FAILED,INSUFFICIENT_FUNDS,0
TXN_0003875,CUST_00382,LOW_RELIABILITY,0.42,5258.83,7286.44,UPI,9,SUCCESS,,0
TXN_0003876,CUST_00383,LOW_RELIABILITY,0.36,4075.25,4042.49,NET_BANKING,2,SUCCESS,,0
TXN_0003877,CUST_00383,LOW_RELIABILITY,0.36,4075.25,2818.12,CARD,18,SUCCESS,,0
TXN_0003878,CUST_00383,LOW_RELIABILITY,0.36,4075.25,1183.5,CARD,17,SUCCESS,,0
TXN_0003879,CUST_00383,LOW_RELIABILITY,0.36,4075.25,2956.92,UPI,12,SUCCESS,,0
TXN_0003880,CUST_00383,LOW_RELIABILITY,0.36,4075.25,3069.13,UPI,13,FAILED,NETWORK_TIMEOUT,1
TXN_0003881,CUST_00383,LOW_RELIABILITY,0.36,4075.25,4249.76,UPI,3,SUCCESS,,0
TXN_0003882,CUST_00383,LOW_RELIABILITY,0.36,4075.25,3512.63,CARD,3,SUCCESS,,0
TXN_0003883,CUST_00383,LOW_RELIABILITY,0.36,4075.25,5196.65,UPI,11,FAILED,TEMPORARY_BANK_ERROR,0
TXN_0003884,CUST_00383,LOW_RELIABILITY,0.36,4075.25,3076.03,WALLET,7,FAILED,TEMPORARY_BANK_ERROR,1
TXN_0003885,CUST_00383,LOW_RELIABILITY,0.36,4075.25,3982.27,CARD,3,SUCCESS,,0
TXN_0003886,CUST_00383,LOW_RELIABILITY,0.36,4075.25,6005.27,UPI,6,SUCCESS,,0
TXN_0003887,CUST_00383,LOW_RELIABILITY,0.36,4075.25,4632.46,UPI,23,SUCCESS,,0
TXN_0003888,CUST_00383,LOW_RELIABILITY,0.36,4075.25,3977.38,NET_BANKING,16,FAILED,NETWORK_TIMEOUT,1
TXN_0003889,CUST_00384,HIGH_RELIABILITY,0.96,13274.72,10078.46,CARD,23,SUCCESS,,0
TXN_0003890,CUST_00384,HIGH_RELIABILITY,0.96,13274.72,9912.33,UPI,17,SUCCESS,,0
TXN_0003891,CUST_00384,HIGH_RELIABILITY,0.96,13274.72,8758.06,UPI,19,SUCCESS,,0
TXN_0003892,CUST_00384,HIGH_RELIABILITY,0.96,13274.72,10402.03,UPI,16,SUCCESS,,0
TXN_0003893,CUST_00384,HIGH_RELIABILITY,0.96,13274.72,17287.22,UPI,18,SUCCESS,,0
TXN_0003894,CUST_00384,HIGH_RELIABILITY,0.96,13274.72,12096.52,CARD,8,SUCCESS,,0
TXN_0003895,CUST_00384,HIGH_RELIABILITY,0.96,13274.72,6107.58,NET_BANKING,3,SUCCESS,,0
TXN_0003896,CUST_00384,HIGH_RELIABILITY,0.96,13274.72,22663.5,UPI,19,SUCCESS,,0
TXN_0003897,CUST_00384,HIGH_RELIABILITY,0.96,13274.72,14973.7,WALLET,12,SUCCESS,,0
TXN_0003898,CUST_00385,MEDIUM_RELIABILITY,0.73,8301.94,3629.8,CARD,18,FAILED,INSUFFICIENT_FUNDS,0
TXN_0003899,CUST_00385,MEDIUM_RELIABILITY,0.73,8301.94,6834.66,CARD,4,SUCCESS,,0
TXN_0003900,CUST_00385,MEDIUM_RELIABILITY,0.73,8301.94,8670.17,UPI,7,SUCCESS,,0
TXN_0003901,CUST_00385,MEDIUM_RELIABILITY,0.73,8301.94,13962.51,CARD,21,SUCCESS,,0
TXN_0003902,CUST_00385,MEDIUM_RELIABILITY,0.73,8301.94,4622.15,WALLET,8,SUCCESS,,0
TXN_0003903,CUST_00385,MEDIUM_RELIABILITY,0.73,8301.94,11543.15,CARD,20,FAILED,TEMPORARY_BANK_ERROR,1
TXN_0003904,CUST_00385,MEDIUM_RELIABILITY,0.73,8301.94,12949.32,UPI,10,FAILED,TEMPORARY_BANK_ERROR,1
TXN_0003905,CUST_00385,MEDIUM_RELIABILITY,0.73,8301.94,6214.32,NET_BANKING,11,SUCCESS,,0
TXN_0003906,CUST_00385,MEDIUM_RELIABILITY,0.73,8301.94,7380.38,UPI,21,SUCCESS,,0
TXN_0003907,CUST_00386,MEDIUM_RELIABILITY,0.67,8541.3,5000.73,UPI,6,SUCCESS,,0
TXN_0003908,CUST_00386,MEDIUM_RELIABILITY,0.67,8541.3,7846.17,UPI,12,SUCCESS,,0
TXN_0003909,CUST_00386,MEDIUM_RELIABILITY,0.67,8541.3,8416.29,NET_BANKING,21,FAILED,INSUFFICIENT_FUNDS,0
TXN_0003910,CUST_00386,MEDIUM_RELIABILITY,0.67,8541.3,10795.01,UPI,0,SUCCESS,,0
TXN_0003911,CUST_00386,MEDIUM_RELIABILITY,0.67,8541.3,12265.93,UPI,1,SUCCESS,,0
TXN_0003912,CUST_00386,MEDIUM_RELIABILITY,0.67,8541.3,5985.41,CARD,6,SUCCESS,,0
TXN_0003913,CUST_00386,MEDIUM_RELIABILITY,0.67,8541.3,1819.89,NET_BANKING,4,FAILED,TEMPORARY_BANK_ERROR,1
TXN_0003914,CUST_00386,MEDIUM_RELIABILITY,0.67,8541.3,8468.72,CARD,16,FAILED,INSUFFICIENT_FUNDS,0
TXN_0003915,CUST_00386,MEDIUM_RELIABILITY,0.67,8541.3,9544.18,UPI,6,SUCCESS,,0
TXN_0003916,CUST_00387,HIGH_RELIABILITY,0.89,6562.02,7216.69,NET_BANKING,12,SUCCESS,,0
TXN_0003917,CUST_00387,HIGH_RELIABILITY,0.89,6562.02,5704.57,CARD,14,SUCCESS,,0
TXN_0003918,CUST_00387,HIGH_RELIABILITY,0.89,6562.02,6889.47,UPI,7,SUCCESS,,0
TXN_0003919,CUST_00387,HIGH_RELIABILITY,0.89,6562.02,10539.77,UPI,17,SUCCESS,,0
TXN_0003920,CUST_00387,HIGH_RELIABILITY,0.89,6562.02,7564.0,WALLET,3,SUCCESS,,0
TXN_0003921,CUST_00387,HIGH_RELIABILITY,0.89,6562.02,5582.0,UPI,8,SUCCESS,,0
TXN_0003922,CUST_00387,HIGH_RELIABILITY,0.89,6562.02,5249.1,UPI,21,SUCCESS,,0
TXN_0003923,CUST_00387,HIGH_RELIABILITY,0.89,6562.02,6116.19,UPI,12,FAILED,INSUFFICIENT_FUNDS,2
TXN_0003924,CUST_00387,HIGH_RELIABILITY,0.89,6562.02,10858.15,UPI,9,SUCCESS,,0
TXN_0003925,CUST_00388,HIGH_RELIABILITY,0.97,3098.84,2871.63,NET_BANKING,21,SUCCESS,,0
TXN_0003926,CUST_00388,HIGH_RELIABILITY,0.97,3098.84,3074.3,NET_BANKING,18,SUCCESS,,0
TXN_0003927,CUST_00388,HIGH_RELIABILITY,0.97,3098.84,2500.99,CARD,5,SUCCESS,,0
TXN_0003928,CUST_00388,HIGH_RELIABILITY,0.97,3098.84,4461.07,WALLET,0,SUCCESS,,0
TXN_0003929,CUST_00388,HIGH_RELIABILITY,0.97,3098.84,5528.13,UPI,22,SUCCESS,,0
TXN_0003930,CUST_00388,HIGH_RELIABILITY,0.97,3098.84,3657.39,UPI,10,FAILED,TEMPORARY_BANK_ERROR,0
TXN_0003931,CUST_00388,HIGH_RELIABILITY,0.97,3098.84,3201.44,UPI,13,SUCCESS,,0
TXN_0003932,CUST_00388,HIGH_RELIABILITY,0.97,3098.84,3144.43,NET_BANKING,18,SUCCESS,,0
TXN_0003933,CUST_00389,HIGH_RELIABILITY,0.91,11111.54,514.21,CARD,19,SUCCESS,,0
TXN_0003934,CUST_00389,HIGH_RELIABILITY,0.91,11111.54,14423.45,UPI,12,SUCCESS,,0
TXN_0003935,CUST_00389,HIGH_RELIABILITY,0.91,11111.54,11707.86,UPI,7,SUCCESS,,0
TXN_0003936,CUST_00389,HIGH_RELIABILITY,0.91,11111.54,13015.36,NET_BANKING,11,SUCCESS,,0
TXN_0003937,CUST_00389,HIGH_RELIABILITY,0.91,11111.54,7949.36,UPI,10,SUCCESS,,0
TXN_0003938,CUST_00389,HIGH_RELIABILITY,0.91,11111.54,9402.78,UPI,17,FAILED,TEMPORARY_BANK_ERROR,0
TXN_0003939,CUST_00389,HIGH_RELIABILITY,0.91,11111.54,9284.69,UPI,13,SUCCESS,,0
TXN_0003940,CUST_00389,HIGH_RELIABILITY,0.91,11111.54,15652.26,UPI,13,SUCCESS,,0
TXN_0003941,CUST_00389,HIGH_RELIABILITY,0.91,11111.54,9428.1,CARD,3,SUCCESS,,0
TXN_0003942,CUST_00389,HIGH_RELIABILITY,0.91,11111.54,20368.17,WALLET,14,SUCCESS,,0
TXN_0003943,CUST_00389,HIGH_RELIABILITY,0.91,11111.54,13026.56,UPI,6,SUCCESS,,0
TXN_0003944,CUST_00390,MEDIUM_RELIABILITY,0.81,6590.9,3227.74,UPI,0,SUCCESS,,0
TXN_0003945,CUST_00390,MEDIUM_RELIABILITY,0.81,6590.9,6252.01,UPI,8,SUCCESS,,0
TXN_0003946,CUST_00390,MEDIUM_RELIABILITY,0.81,6590.9,4872.85,NET_BANKING,6,FAILED,TECHNICAL_ERROR,1
TXN_0003947,CUST_00390,MEDIUM_RELIABILITY,0.81,6590.9,805.72,UPI,8,SUCCESS,,0
TXN_0003948,CUST_00390,MEDIUM_RELIABILITY,0.81,6590.9,10807.68,CARD,20,SUCCESS,,0
TXN_0003949,CUST_00390,MEDIUM_RELIABILITY,0.81,6590.9,8444.64,UPI,15,SUCCESS,,0
TXN_0003950,CUST_00391,MEDIUM_RELIABILITY,0.8,5655.88,6862.18,UPI,22,SUCCESS,,0
TXN_0003951,CUST_00391,MEDIUM_RELIABILITY,0.8,5655.88,6030.08,WALLET,15,SUCCESS,,0
TXN_0003952,CUST_00391,MEDIUM_RELIABILITY,0.8,5655.88,2529.27,UPI,13,SUCCESS,,0
TXN_0003953,CUST_00391,MEDIUM_RELIABILITY,0.8,5655.88,4561.77,UPI,16,SUCCESS,,0
TXN_0003954,CUST_00391,MEDIUM_RELIABILITY,0.8,5655.88,7560.28,WALLET,8,FAILED,AUTHENTICATION_FAILURE,2
TXN_0003955,CUST_00391,MEDIUM_RELIABILITY,0.8,5655.88,3277.65,NET_BANKING,17,SUCCESS,,0
TXN_0003956,CUST_00391,MEDIUM_RELIABILITY,0.8,5655.88,100.0,UPI,3,SUCCESS,,0
TXN_0003957,CUST_00391,MEDIUM_RELIABILITY,0.8,5655.88,5142.09,CARD,21,SUCCESS,,0
TXN_0003958,CUST_00391,MEDIUM_RELIABILITY,0.8,5655.88,5335.17,UPI,5,SUCCESS,,0
TXN_0003959,CUST_00391,MEDIUM_RELIABILITY,0.8,5655.88,5962.57,UPI,5,FAILED,TEMPORARY_BANK_ERROR,0
TXN_0003960,CUST_00391,MEDIUM_RELIABILITY,0.8,5655.88,7304.05,CARD,21,SUCCESS,,0
TXN_0003961,CUST_00391,MEDIUM_RELIABILITY,0.8,5655.88,7098.37,CARD,1,FAILED,TECHNICAL_ERROR,0
TXN_0003962,CUST_00391,MEDIUM_RELIABILITY,0.8,5655.88,6241.31,CARD,9,SUCCESS,,0
TXN_0003963,CUST_00392,HIGH_RELIABILITY,0.91,5839.74,8632.38,UPI,2,SUCCESS,,0
TXN_0003964,CUST_00392,HIGH_RELIABILITY,0.91,5839.74,2291.58,UPI,12,FAILED,NETWORK_TIMEOUT,0
TXN_0003965,CUST_00392,HIGH_RELIABILITY,0.91,5839.74,7018.39,CARD,13,FAILED,AUTHENTICATION_FAILURE,0
TXN_0003966,CUST_00392,HIGH_RELIABILITY,0.91,5839.74,7303.27,UPI,3,SUCCESS,,0
TXN_0003967,CUST_00392,HIGH_RELIABILITY,0.91,5839.74,2944.25,CARD,5,SUCCESS,,0
TXN_0003968,CUST_00392,HIGH_RELIABILITY,0.91,5839.74,2329.19,CARD,17,SUCCESS,,0
TXN_0003969,CUST_00392,HIGH_RELIABILITY,0.91,5839.74,4097.3,CARD,18,SUCCESS,,0
TXN_0003970,CUST_00392,HIGH_RELIABILITY,0.91,5839.74,4294.45,WALLET,10,SUCCESS,,0
TXN_0003971,CUST_00392,HIGH_RELIABILITY,0.91,5839.74,7599.65,UPI,19,SUCCESS,,0
TXN_0003972,CUST_00392,HIGH_RELIABILITY,0.91,5839.74,4404.24,CARD,14,SUCCESS,,0
TXN_0003973,CUST_00392,HIGH_RELIABILITY,0.91,5839.74,3839.4,CARD,14,SUCCESS,,0
TXN_0003974,CUST_00393,LOW_RELIABILITY,0.4,6377.46,4817.19,CARD,23,SUCCESS,,0
TXN_0003975,CUST_00393,LOW_RELIABILITY,0.4,6377.46,9231.07,NET_BANKING,6,FAILED,NETWORK_TIMEOUT,0
TXN_0003976,CUST_00393,LOW_RELIABILITY,0.4,6377.46,6410.73,WALLET,18,FAILED,AUTHENTICATION_FAILURE,2
TXN_0003977,CUST_00393,LOW_RELIABILITY,0.4,6377.46,5920.19,UPI,22,FAILED,USER_ABANDONMENT,0
TXN_0003978,CUST_00393,LOW_RELIABILITY,0.4,6377.46,6096.84,UPI,20,FAILED,AUTHENTICATION_FAILURE,0
TXN_0003979,CUST_00393,LOW_RELIABILITY,0.4,6377.46,9673.49,CARD,17,SUCCESS,,0
TXN_0003980,CUST_00393,LOW_RELIABILITY,0.4,6377.46,4466.33,NET_BANKING,7,SUCCESS,,0
TXN_0003981,CUST_00393,LOW_RELIABILITY,0.4,6377.46,9733.3,CARD,19,FAILED,TEMPORARY_BANK_ERROR,0
TXN_0003982,CUST_00393,LOW_RELIABILITY,0.4,6377.46,6914.43,UPI,16,FAILED,NETWORK_TIMEOUT,0
TXN_0003983,CUST_00394,HIGH_RELIABILITY,0.94,6611.92,6187.65,NET_BANKING,1,SUCCESS,,0
TXN_0003984,CUST_00394,HIGH_RELIABILITY,0.94,6611.92,13226.22,NET_BANKING,6,SUCCESS,,0
TXN_0003985,CUST_00394,HIGH_RELIABILITY,0.94,6611.92,3820.0,NET_BANKING,22,SUCCESS,,0
TXN_0003986,CUST_00394,HIGH_RELIABILITY,0.94,6611.92,5676.5,CARD,19,SUCCESS,,0
TXN_0003987,CUST_00394,HIGH_RELIABILITY,0.94,6611.92,3352.43,UPI,20,SUCCESS,,0
TXN_0003988,CUST_00394,HIGH_RELIABILITY,0.94,6611.92,9130.96,CARD,10,SUCCESS,,0
TXN_0003989,CUST_00394,HIGH_RELIABILITY,0.94,6611.92,11079.43,CARD,10,FAILED,AUTHENTICATION_FAILURE,1
TXN_0003990,CUST_00395,HIGH_RELIABILITY,0.93,14261.97,23788.53,CARD,23,FAILED,NETWORK_TIMEOUT,1
TXN_0003991,CUST_00395,HIGH_RELIABILITY,0.93,14261.97,21244.34,NET_BANKING,18,FAILED,AUTHENTICATION_FAILURE,0
TXN_0003992,CUST_00395,HIGH_RELIABILITY,0.93,14261.97,13134.59,NET_BANKING,14,SUCCESS,,0
TXN_0003993,CUST_00395,HIGH_RELIABILITY,0.93,14261.97,12178.35,CARD,11,FAILED,INSUFFICIENT_FUNDS,3
TXN_0003994,CUST_00395,HIGH_RELIABILITY,0.93,14261.97,4728.3,UPI,4,SUCCESS,,0
TXN_0003995,CUST_00395,HIGH_RELIABILITY,0.93,14261.97,25876.2,UPI,21,SUCCESS,,0
TXN_0003996,CUST_00395,HIGH_RELIABILITY,0.93,14261.97,16937.39,WALLET,20,SUCCESS,,0
TXN_0003997,CUST_00395,HIGH_RELIABILITY,0.93,14261.97,11455.46,UPI,5,SUCCESS,,0
TXN_0003998,CUST_00395,HIGH_RELIABILITY,0.93,14261.97,21838.25,NET_BANKING,19,SUCCESS,,0
TXN_0003999,CUST_00395,HIGH_RELIABILITY,0.93,14261.97,8712.55,CARD,9,SUCCESS,,0
TXN_0004000,CUST_00395,HIGH_RELIABILITY,0.93,14261.97,16581.66,WALLET,2,SUCCESS,,0
TXN_0004001,CUST_00395,HIGH_RELIABILITY,0.93,14261.97,13277.16,NET_BANKING,9,SUCCESS,,0
TXN_0004002,CUST_00395,HIGH_RELIABILITY,0.93,14261.97,17905.49,NET_BANKING,10,SUCCESS,,0
TXN_0004003,CUST_00395,HIGH_RELIABILITY,0.93,14261.97,13899.3,UPI,13,SUCCESS,,0
TXN_0004004,CUST_00395,HIGH_RELIABILITY,0.93,14261.97,5984.73,UPI,1,FAILED,NETWORK_TIMEOUT,0
TXN_0004005,CUST_00396,MEDIUM_RELIABILITY,0.68,6069.18,6252.65,CARD,2,SUCCESS,,0
TXN_0004006,CUST_00396,MEDIUM_RELIABILITY,0.68,6069.18,8615.48,CARD,16,FAILED,NETWORK_TIMEOUT,0
TXN_0004007,CUST_00396,MEDIUM_RELIABILITY,0.68,6069.18,5998.25,UPI,8,SUCCESS,,0
TXN_0004008,CUST_00396,MEDIUM_RELIABILITY,0.68,6069.18,7950.91,WALLET,11,SUCCESS,,0
TXN_0004009,CUST_00396,MEDIUM_RELIABILITY,0.68,6069.18,3530.98,UPI,5,SUCCESS,,0
TXN_0004010,CUST_00396,MEDIUM_RELIABILITY,0.68,6069.18,6005.43,UPI,1,SUCCESS,,0
TXN_0004011,CUST_00396,MEDIUM_RELIABILITY,0.68,6069.18,4553.07,UPI,15,FAILED,TEMPORARY_BANK_ERROR,0
TXN_0004012,CUST_00396,MEDIUM_RELIABILITY,0.68,6069.18,7882.6,NET_BANKING,17,SUCCESS,,0
TXN_0004013,CUST_00396,MEDIUM_RELIABILITY,0.68,6069.18,6145.63,UPI,0,SUCCESS,,0
TXN_0004014,CUST_00396,MEDIUM_RELIABILITY,0.68,6069.18,7744.45,NET_BANKING,16,FAILED,TEMPORARY_BANK_ERROR,0
TXN_0004015,CUST_00397,HIGH_RELIABILITY,0.94,9560.36,13719.92,WALLET,12,SUCCESS,,0
TXN_0004016,CUST_00397,HIGH_RELIABILITY,0.94,9560.36,12205.21,CARD,17,SUCCESS,,0
TXN_0004017,CUST_00397,HIGH_RELIABILITY,0.94,9560.36,10604.8,CARD,8,SUCCESS,,0
TXN_0004018,CUST_00397,HIGH_RELIABILITY,0.94,9560.36,5743.05,UPI,20,SUCCESS,,0
TXN_0004019,CUST_00397,HIGH_RELIABILITY,0.94,9560.36,9549.71,WALLET,15,SUCCESS,,0
TXN_0004020,CUST_00398,MEDIUM_RELIABILITY,0.65,8785.18,6911.86,CARD,12,SUCCESS,,0
TXN_0004021,CUST_00398,MEDIUM_RELIABILITY,0.65,8785.18,7576.11,UPI,20,FAILED,NETWORK_TIMEOUT,0
TXN_0004022,CUST_00398,MEDIUM_RELIABILITY,0.65,8785.18,7469.04,UPI,22,SUCCESS,,0
TXN_0004023,CUST_00398,MEDIUM_RELIABILITY,0.65,8785.18,5341.65,CARD,23,FAILED,INSUFFICIENT_FUNDS,1
TXN_0004024,CUST_00398,MEDIUM_RELIABILITY,0.65,8785.18,1906.95,CARD,13,FAILED,TEMPORARY_BANK_ERROR,2
TXN_0004025,CUST_00398,MEDIUM_RELIABILITY,0.65,8785.18,6437.28,NET_BANKING,4,FAILED,AUTHENTICATION_FAILURE,0
TXN_0004026,CUST_00398,MEDIUM_RELIABILITY,0.65,8785.18,9464.73,UPI,9,SUCCESS,,0
TXN_0004027,CUST_00398,MEDIUM_RELIABILITY,0.65,8785.18,4047.59,UPI,14,SUCCESS,,0
TXN_0004028,CUST_00399,HIGH_RELIABILITY,0.98,8911.86,8967.76,UPI,20,SUCCESS,,0
TXN_0004029,CUST_00399,HIGH_RELIABILITY,0.98,8911.86,15685.83,UPI,11,SUCCESS,,0
TXN_0004030,CUST_00399,HIGH_RELIABILITY,0.98,8911.86,12558.79,NET_BANKING,1,SUCCESS,,0
TXN_0004031,CUST_00399,HIGH_RELIABILITY,0.98,8911.86,14770.66,NET_BANKING,23,SUCCESS,,0
TXN_0004032,CUST_00399,HIGH_RELIABILITY,0.98,8911.86,10306.13,UPI,21,SUCCESS,,0
TXN_0004033,CUST_00399,HIGH_RELIABILITY,0.98,8911.86,13073.73,UPI,23,SUCCESS,,0
TXN_0004034,CUST_00399,HIGH_RELIABILITY,0.98,8911.86,6331.11,UPI,12,SUCCESS,,0
TXN_0004035,CUST_00399,HIGH_RELIABILITY,0.98,8911.86,6614.95,NET_BANKING,9,SUCCESS,,0
TXN_0004036,CUST_00399,HIGH_RELIABILITY,0.98,8911.86,100.0,WALLET,16,SUCCESS,,0
TXN_0004037,CUST_00399,HIGH_RELIABILITY,0.98,8911.86,13140.16,WALLET,7,SUCCESS,,0
TXN_0004038,CUST_00399,HIGH_RELIABILITY,0.98,8911.86,14402.72,UPI,17,SUCCESS,,0
TXN_0004039,CUST_00400,LOW_RELIABILITY,0.55,6473.0,5040.71,UPI,8,FAILED,TECHNICAL_ERROR,0
TXN_0004040,CUST_00400,LOW_RELIABILITY,0.55,6473.0,5815.47,NET_BANKING,1,SUCCESS,,0
TXN_0004041,CUST_00400,LOW_RELIABILITY,0.55,6473.0,4521.1,UPI,9,SUCCESS,,0
TXN_0004042,CUST_00400,LOW_RELIABILITY,0.55,6473.0,7463.77,UPI,9,FAILED,TECHNICAL_ERROR,0
TXN_0004043,CUST_00400,LOW_RELIABILITY,0.55,6473.0,9385.68,NET_BANKING,11,FAILED,INSUFFICIENT_FUNDS,0
TXN_0004044,CUST_00400,LOW_RELIABILITY,0.55,6473.0,1960.61,NET_BANKING,3,FAILED,TEMPORARY_BANK_ERROR,0
TXN_0004045,CUST_00400,LOW_RELIABILITY,0.55,6473.0,7533.12,UPI,3,SUCCESS,,0
TXN_0004046,CUST_00400,LOW_RELIABILITY,0.55,6473.0,5756.64,CARD,14,SUCCESS,,0
TXN_0004047,CUST_00400,LOW_RELIABILITY,0.55,6473.0,6766.6,NET_BANKING,17,FAILED,TECHNICAL_ERROR,0
TXN_0004048,CUST_00400,LOW_RELIABILITY,0.55,6473.0,7661.43,UPI,21,FAILED,TEMPORARY_BANK_ERROR,0
TXN_0004049,CUST_00400,LOW_RELIABILITY,0.55,6473.0,5985.71,UPI,7,FAILED,NETWORK_TIMEOUT,0
TXN_0004050,CUST_00400,LOW_RELIABILITY,0.55,6473.0,6204.79,UPI,2,SUCCESS,,0
TXN_0004051,CUST_00400,LOW_RELIABILITY,0.55,6473.0,5919.23,CARD,16,SUCCESS,,0
TXN_0004052,CUST_00401,MEDIUM_RELIABILITY,0.81,1949.12,2705.63,WALLET,3,SUCCESS,,0
TXN_0004053,CUST_00401,MEDIUM_RELIABILITY,0.81,1949.12,2275.61,CARD,13,SUCCESS,,0
TXN_0004054,CUST_00401,MEDIUM_RELIABILITY,0.81,1949.12,2121.1,CARD,16,SUCCESS,,0
TXN_0004055,CUST_00401,MEDIUM_RELIABILITY,0.81,1949.12,958.23,UPI,5,SUCCESS,,0
TXN_0004056,CUST_00401,MEDIUM_RELIABILITY,0.81,1949.12,1653.96,UPI,0,SUCCESS,,0
TXN_0004057,CUST_00401,MEDIUM_RELIABILITY,0.81,1949.12,2649.77,UPI,13,FAILED,TEMPORARY_BANK_ERROR,0
TXN_0004058,CUST_00401,MEDIUM_RELIABILITY,0.81,1949.12,1978.51,WALLET,7,SUCCESS,,0
TXN_0004059,CUST_00401,MEDIUM_RELIABILITY,0.81,1949.12,2463.32,UPI,20,SUCCESS,,0
TXN_0004060,CUST_00401,MEDIUM_RELIABILITY,0.81,1949.12,3326.38,UPI,9,SUCCESS,,0
TXN_0004061,CUST_00401,MEDIUM_RELIABILITY,0.81,1949.12,2758.87,CARD,23,SUCCESS,,0
TXN_0004062,CUST_00402,MEDIUM_RELIABILITY,0.78,6263.79,6497.2,NET_BANKING,21,FAILED,NETWORK_TIMEOUT,1
TXN_0004063,CUST_00402,MEDIUM_RELIABILITY,0.78,6263.79,4983.5,UPI,1,FAILED,INSUFFICIENT_FUNDS,1
TXN_0004064,CUST_00402,MEDIUM_RELIABILITY,0.78,6263.79,100.0,NET_BANKING,20,SUCCESS,,0
TXN_0004065,CUST_00402,MEDIUM_RELIABILITY,0.78,6263.79,5841.9,UPI,17,SUCCESS,,0
TXN_0004066,CUST_00402,MEDIUM_RELIABILITY,0.78,6263.79,5446.96,UPI,16,SUCCESS,,0
TXN_0004067,CUST_00403,HIGH_RELIABILITY,0.93,11310.22,13076.27,CARD,13,SUCCESS,,0
TXN_0004068,CUST_00403,HIGH_RELIABILITY,0.93,11310.22,10613.94,NET_BANKING,5,SUCCESS,,0
TXN_0004069,CUST_00403,HIGH_RELIABILITY,0.93,11310.22,9860.77,CARD,16,SUCCESS,,0
TXN_0004070,CUST_00403,HIGH_RELIABILITY,0.93,11310.22,3260.06,UPI,8,SUCCESS,,0
TXN_0004071,CUST_00403,HIGH_RELIABILITY,0.93,11310.22,7057.72,UPI,2,SUCCESS,,0
TXN_0004072,CUST_00404,MEDIUM_RELIABILITY,0.86,9292.9,11064.69,CARD,23,SUCCESS,,0
TXN_0004073,CUST_00404,MEDIUM_RELIABILITY,0.86,9292.9,15671.2,CARD,13,SUCCESS,,0
TXN_0004074,CUST_00404,MEDIUM_RELIABILITY,0.86,9292.9,8930.38,UPI,11,SUCCESS,,0
TXN_0004075,CUST_00404,MEDIUM_RELIABILITY,0.86,9292.9,10511.43,NET_BANKING,10,SUCCESS,,0
TXN_0004076,CUST_00404,MEDIUM_RELIABILITY,0.86,9292.9,12833.41,WALLET,13,SUCCESS,,0
TXN_0004077,CUST_00405,MEDIUM_RELIABILITY,0.75,1575.76,1064.65,CARD,3,FAILED,TEMPORARY_BANK_ERROR,1
TXN_0004078,CUST_00405,MEDIUM_RELIABILITY,0.75,1575.76,1806.96,UPI,1,SUCCESS,,0
TXN_0004079,CUST_00405,MEDIUM_RELIABILITY,0.75,1575.76,1109.03,NET_BANKING,1,SUCCESS,,0
TXN_0004080,CUST_00405,MEDIUM_RELIABILITY,0.75,1575.76,2120.86,UPI,12,SUCCESS,,0
TXN_0004081,CUST_00405,MEDIUM_RELIABILITY,0.75,1575.76,1671.19,CARD,0,SUCCESS,,0
TXN_0004082,CUST_00406,HIGH_RELIABILITY,0.99,12744.57,14266.03,CARD,10,SUCCESS,,0
TXN_0004083,CUST_00406,HIGH_RELIABILITY,0.99,12744.57,8755.02,UPI,5,SUCCESS,,0
TXN_0004084,CUST_00406,HIGH_RELIABILITY,0.99,12744.57,16348.9,UPI,10,SUCCESS,,0
TXN_0004085,CUST_00406,HIGH_RELIABILITY,0.99,12744.57,23372.08,NET_BANKING,16,SUCCESS,,0
TXN_0004086,CUST_00406,HIGH_RELIABILITY,0.99,12744.57,7606.41,UPI,3,SUCCESS,,0
TXN_0004087,CUST_00406,HIGH_RELIABILITY,0.99,12744.57,11012.54,NET_BANKING,13,SUCCESS,,0
TXN_0004088,CUST_00406,HIGH_RELIABILITY,0.99,12744.57,13925.27,CARD,4,SUCCESS,,0
TXN_0004089,CUST_00406,HIGH_RELIABILITY,0.99,12744.57,16753.53,WALLET,8,SUCCESS,,0
TXN_0004090,CUST_00406,HIGH_RELIABILITY,0.99,12744.57,9892.1,WALLET,3,SUCCESS,,0
TXN_0004091,CUST_00406,HIGH_RELIABILITY,0.99,12744.57,100.0,NET_BANKING,0,SUCCESS,,0
TXN_0004092,CUST_00406,HIGH_RELIABILITY,0.99,12744.57,19673.48,WALLET,6,SUCCESS,,0
TXN_0004093,CUST_00406,HIGH_RELIABILITY,0.99,12744.57,16621.5,UPI,21,SUCCESS,,0
TXN_0004094,CUST_00406,HIGH_RELIABILITY,0.99,12744.57,3859.32,CARD,16,SUCCESS,,0
TXN_0004095,CUST_00406,HIGH_RELIABILITY,0.99,12744.57,9647.29,UPI,7,SUCCESS,,0
TXN_0004096,CUST_00406,HIGH_RELIABILITY,0.99,12744.57,20738.89,CARD,3,SUCCESS,,0
TXN_0004097,CUST_00407,HIGH_RELIABILITY,0.89,13891.79,21936.78,UPI,22,SUCCESS,,0
TXN_0004098,CUST_00407,HIGH_RELIABILITY,0.89,13891.79,19107.55,CARD,1,SUCCESS,,0
TXN_0004099,CUST_00407,HIGH_RELIABILITY,0.89,13891.79,12913.18,WALLET,18,SUCCESS,,0
TXN_0004100,CUST_00407,HIGH_RELIABILITY,0.89,13891.79,14352.93,NET_BANKING,9,SUCCESS,,0
TXN_0004101,CUST_00407,HIGH_RELIABILITY,0.89,13891.79,13164.27,WALLET,22,SUCCESS,,0
TXN_0004102,CUST_00407,HIGH_RELIABILITY,0.89,13891.79,20161.1,WALLET,18,SUCCESS,,0
TXN_0004103,CUST_00407,HIGH_RELIABILITY,0.89,13891.79,9024.98,UPI,19,SUCCESS,,0
TXN_0004104,CUST_00407,HIGH_RELIABILITY,0.89,13891.79,9414.19,CARD,20,SUCCESS,,0
TXN_0004105,CUST_00407,HIGH_RELIABILITY,0.89,13891.79,19505.6,CARD,12,SUCCESS,,0
TXN_0004106,CUST_00407,HIGH_RELIABILITY,0.89,13891.79,13645.29,CARD,17,SUCCESS,,0
TXN_0004107,CUST_00407,HIGH_RELIABILITY,0.89,13891.79,21551.54,NET_BANKING,23,SUCCESS,,0
TXN_0004108,CUST_00407,HIGH_RELIABILITY,0.89,13891.79,10160.39,CARD,14,FAILED,INSUFFICIENT_FUNDS,0
TXN_0004109,CUST_00407,HIGH_RELIABILITY,0.89,13891.79,13587.4,NET_BANKING,18,SUCCESS,,0
TXN_0004110,CUST_00407,HIGH_RELIABILITY,0.89,13891.79,8766.2,WALLET,7,SUCCESS,,0
TXN_0004111,CUST_00407,HIGH_RELIABILITY,0.89,13891.79,13932.7,CARD,9,FAILED,INSUFFICIENT_FUNDS,0
TXN_0004112,CUST_00408,MEDIUM_RELIABILITY,0.84,5428.96,2218.17,NET_BANKING,6,SUCCESS,,0
TXN_0004113,CUST_00408,MEDIUM_RELIABILITY,0.84,5428.96,4370.02,NET_BANKING,3,SUCCESS,,0
TXN_0004114,CUST_00408,MEDIUM_RELIABILITY,0.84,5428.96,2310.01,NET_BANKING,7,SUCCESS,,0
TXN_0004115,CUST_00408,MEDIUM_RELIABILITY,0.84,5428.96,6935.87,UPI,13,SUCCESS,,0
TXN_0004116,CUST_00408,MEDIUM_RELIABILITY,0.84,5428.96,6985.09,CARD,1,SUCCESS,,0
TXN_0004117,CUST_00408,MEDIUM_RELIABILITY,0.84,5428.96,1671.55,CARD,17,SUCCESS,,0
TXN_0004118,CUST_00408,MEDIUM_RELIABILITY,0.84,5428.96,8325.6,UPI,3,SUCCESS,,0
TXN_0004119,CUST_00408,MEDIUM_RELIABILITY,0.84,5428.96,10852.31,UPI,0,SUCCESS,,0
TXN_0004120,CUST_00408,MEDIUM_RELIABILITY,0.84,5428.96,5528.87,UPI,6,SUCCESS,,0
TXN_0004121,CUST_00408,MEDIUM_RELIABILITY,0.84,5428.96,4036.73,WALLET,23,SUCCESS,,0
TXN_0004122,CUST_00408,MEDIUM_RELIABILITY,0.84,5428.96,11562.23,CARD,10,SUCCESS,,0
TXN_0004123,CUST_00408,MEDIUM_RELIABILITY,0.84,5428.96,2564.71,CARD,11,SUCCESS,,0
TXN_0004124,CUST_00408,MEDIUM_RELIABILITY,0.84,5428.96,5472.62,NET_BANKING,16,FAILED,USER_ABANDONMENT,1
TXN_0004125,CUST_00408,MEDIUM_RELIABILITY,0.84,5428.96,5819.02,NET_BANKING,9,SUCCESS,,0
TXN_0004126,CUST_00409,MEDIUM_RELIABILITY,0.78,4290.53,6599.09,WALLET,21,FAILED,TEMPORARY_BANK_ERROR,1
TXN_0004127,CUST_00409,MEDIUM_RELIABILITY,0.78,4290.53,4907.92,CARD,10,FAILED,USER_ABANDONMENT,1
TXN_0004128,CUST_00409,MEDIUM_RELIABILITY,0.78,4290.53,3434.77,UPI,11,SUCCESS,,0
TXN_0004129,CUST_00409,MEDIUM_RELIABILITY,0.78,4290.53,2658.1,UPI,21,SUCCESS,,0
TXN_0004130,CUST_00409,MEDIUM_RELIABILITY,0.78,4290.53,3703.89,NET_BANKING,12,SUCCESS,,0
TXN_0004131,CUST_00409,MEDIUM_RELIABILITY,0.78,4290.53,2562.43,UPI,20,FAILED,USER_ABANDONMENT,0
TXN_0004132,CUST_00409,MEDIUM_RELIABILITY,0.78,4290.53,4372.61,CARD,13,FAILED,USER_ABANDONMENT,2
TXN_0004133,CUST_00409,MEDIUM_RELIABILITY,0.78,4290.53,3322.25,NET_BANKING,16,SUCCESS,,0
TXN_0004134,CUST_00409,MEDIUM_RELIABILITY,0.78,4290.53,1726.44,UPI,3,SUCCESS,,0
TXN_0004135,CUST_00409,MEDIUM_RELIABILITY,0.78,4290.53,6444.63,UPI,8,SUCCESS,,0
TXN_0004136,CUST_00410,HIGH_RELIABILITY,0.89,5692.76,4559.51,UPI,9,SUCCESS,,0
TXN_0004137,CUST_00410,HIGH_RELIABILITY,0.89,5692.76,2805.08,UPI,1,SUCCESS,,0
TXN_0004138,CUST_00410,HIGH_RELIABILITY,0.89,5692.76,5309.62,NET_BANKING,5,SUCCESS,,0
TXN_0004139,CUST_00410,HIGH_RELIABILITY,0.89,5692.76,5848.45,UPI,0,SUCCESS,,0
TXN_0004140,CUST_00410,HIGH_RELIABILITY,0.89,5692.76,1715.87,CARD,19,SUCCESS,,0
TXN_0004141,CUST_00410,HIGH_RELIABILITY,0.89,5692.76,6447.96,NET_BANKING,2,SUCCESS,,0
TXN_0004142,CUST_00410,HIGH_RELIABILITY,0.89,5692.76,3308.27,UPI,12,SUCCESS,,0
TXN_0004143,CUST_00411,MEDIUM_RELIABILITY,0.83,544.0,916.32,UPI,6,SUCCESS,,0
TXN_0004144,CUST_00411,MEDIUM_RELIABILITY,0.83,544.0,658.01,UPI,0,FAILED,TEMPORARY_BANK_ERROR,0
TXN_0004145,CUST_00411,MEDIUM_RELIABILITY,0.83,544.0,456.98,CARD,8,FAILED,INSUFFICIENT_FUNDS,0
TXN_0004146,CUST_00411,MEDIUM_RELIABILITY,0.83,544.0,381.85,CARD,1,SUCCESS,,0
TXN_0004147,CUST_00411,MEDIUM_RELIABILITY,0.83,544.0,521.16,NET_BANKING,20,SUCCESS,,0
TXN_0004148,CUST_00411,MEDIUM_RELIABILITY,0.83,544.0,677.34,NET_BANKING,14,SUCCESS,,0
TXN_0004149,CUST_00412,LOW_RELIABILITY,0.45,2907.55,2877.9,UPI,23,FAILED,INSUFFICIENT_FUNDS,0
TXN_0004150,CUST_00412,LOW_RELIABILITY,0.45,2907.55,2654.99,NET_BANKING,14,FAILED,NETWORK_TIMEOUT,0
TXN_0004151,CUST_00412,LOW_RELIABILITY,0.45,2907.55,2975.44,CARD,14,SUCCESS,,0
TXN_0004152,CUST_00412,LOW_RELIABILITY,0.45,2907.55,2205.25,CARD,13,SUCCESS,,0
TXN_0004153,CUST_00412,LOW_RELIABILITY,0.45,2907.55,2508.39,CARD,11,FAILED,AUTHENTICATION_FAILURE,1
TXN_0004154,CUST_00412,LOW_RELIABILITY,0.45,2907.55,481.73,CARD,20,SUCCESS,,0
TXN_0004155,CUST_00412,LOW_RELIABILITY,0.45,2907.55,4040.01,WALLET,1,SUCCESS,,0
TXN_0004156,CUST_00412,LOW_RELIABILITY,0.45,2907.55,3255.06,CARD,19,FAILED,AUTHENTICATION_FAILURE,0
TXN_0004157,CUST_00412,LOW_RELIABILITY,0.45,2907.55,2008.01,WALLET,21,FAILED,TEMPORARY_BANK_ERROR,0
TXN_0004158,CUST_00412,LOW_RELIABILITY,0.45,2907.55,5115.82,UPI,7,FAILED,TEMPORARY_BANK_ERROR,2
TXN_0004159,CUST_00412,LOW_RELIABILITY,0.45,2907.55,3008.75,UPI,5,FAILED,TECHNICAL_ERROR,0
TXN_0004160,CUST_00412,LOW_RELIABILITY,0.45,2907.55,1702.49,CARD,2,FAILED,TEMPORARY_BANK_ERROR,3
TXN_0004161,CUST_00412,LOW_RELIABILITY,0.45,2907.55,3903.95,WALLET,21,FAILED,INSUFFICIENT_FUNDS,0
TXN_0004162,CUST_00412,LOW_RELIABILITY,0.45,2907.55,3370.49,UPI,13,FAILED,INSUFFICIENT_FUNDS,1
TXN_0004163,CUST_00412,LOW_RELIABILITY,0.45,2907.55,3366.45,UPI,15,FAILED,TECHNICAL_ERROR,0
TXN_0004164,CUST_00413,MEDIUM_RELIABILITY,0.77,9238.63,7665.27,UPI,2,SUCCESS,,0
TXN_0004165,CUST_00413,MEDIUM_RELIABILITY,0.77,9238.63,10903.42,CARD,9,SUCCESS,,0
TXN_0004166,CUST_00413,MEDIUM_RELIABILITY,0.77,9238.63,8271.31,UPI,5,SUCCESS,,0
TXN_0004167,CUST_00413,MEDIUM_RELIABILITY,0.77,9238.63,11293.08,UPI,4,SUCCESS,,0
TXN_0004168,CUST_00413,MEDIUM_RELIABILITY,0.77,9238.63,2199.0,UPI,1,SUCCESS,,0
TXN_0004169,CUST_00413,MEDIUM_RELIABILITY,0.77,9238.63,7635.27,UPI,8,SUCCESS,,0
TXN_0004170,CUST_00413,MEDIUM_RELIABILITY,0.77,9238.63,15602.77,UPI,14,FAILED,NETWORK_TIMEOUT,0
TXN_0004171,CUST_00413,MEDIUM_RELIABILITY,0.77,9238.63,6403.97,CARD,3,SUCCESS,,0
TXN_0004172,CUST_00414,MEDIUM_RELIABILITY,0.73,3796.06,2879.18,CARD,15,SUCCESS,,0
TXN_0004173,CUST_00414,MEDIUM_RELIABILITY,0.73,3796.06,3115.86,UPI,5,FAILED,USER_ABANDONMENT,1
TXN_0004174,CUST_00414,MEDIUM_RELIABILITY,0.73,3796.06,1951.47,NET_BANKING,18,SUCCESS,,0
TXN_0004175,CUST_00414,MEDIUM_RELIABILITY,0.73,3796.06,442.95,UPI,20,FAILED,INSUFFICIENT_FUNDS,3
TXN_0004176,CUST_00414,MEDIUM_RELIABILITY,0.73,3796.06,3445.93,UPI,17,SUCCESS,,0
TXN_0004177,CUST_00414,MEDIUM_RELIABILITY,0.73,3796.06,4002.35,NET_BANKING,23,SUCCESS,,0
TXN_0004178,CUST_00414,MEDIUM_RELIABILITY,0.73,3796.06,3716.34,UPI,13,SUCCESS,,0
TXN_0004179,CUST_00414,MEDIUM_RELIABILITY,0.73,3796.06,3576.07,UPI,17,FAILED,TEMPORARY_BANK_ERROR,0
TXN_0004180,CUST_00414,MEDIUM_RELIABILITY,0.73,3796.06,3861.41,CARD,10,SUCCESS,,0
TXN_0004181,CUST_00414,MEDIUM_RELIABILITY,0.73,3796.06,5349.17,UPI,18,SUCCESS,,0
TXN_0004182,CUST_00414,MEDIUM_RELIABILITY,0.73,3796.06,3506.88,WALLET,0,SUCCESS,,0
TXN_0004183,CUST_00414,MEDIUM_RELIABILITY,0.73,3796.06,2924.36,CARD,17,SUCCESS,,0
TXN_0004184,CUST_00415,MEDIUM_RELIABILITY,0.81,4796.07,4256.75,UPI,3,SUCCESS,,0
TXN_0004185,CUST_00415,MEDIUM_RELIABILITY,0.81,4796.07,5907.51,CARD,12,SUCCESS,,0
TXN_0004186,CUST_00415,MEDIUM_RELIABILITY,0.81,4796.07,7504.94,CARD,12,SUCCESS,,0
TXN_0004187,CUST_00415,MEDIUM_RELIABILITY,0.81,4796.07,3591.02,NET_BANKING,0,SUCCESS,,0
TXN_0004188,CUST_00415,MEDIUM_RELIABILITY,0.81,4796.07,4985.87,UPI,17,FAILED,AUTHENTICATION_FAILURE,0
TXN_0004189,CUST_00415,MEDIUM_RELIABILITY,0.81,4796.07,5445.18,UPI,11,SUCCESS,,0
TXN_0004190,CUST_00415,MEDIUM_RELIABILITY,0.81,4796.07,2891.88,UPI,12,SUCCESS,,0
TXN_0004191,CUST_00415,MEDIUM_RELIABILITY,0.81,4796.07,4835.24,CARD,0,SUCCESS,,0
TXN_0004192,CUST_00415,MEDIUM_RELIABILITY,0.81,4796.07,1984.28,CARD,14,SUCCESS,,0
TXN_0004193,CUST_00415,MEDIUM_RELIABILITY,0.81,4796.07,1402.27,CARD,12,SUCCESS,,0
TXN_0004194,CUST_00415,MEDIUM_RELIABILITY,0.81,4796.07,5499.65,CARD,16,SUCCESS,,0
TXN_0004195,CUST_00416,MEDIUM_RELIABILITY,0.7,4798.18,4061.42,UPI,18,FAILED,INSUFFICIENT_FUNDS,3
TXN_0004196,CUST_00416,MEDIUM_RELIABILITY,0.7,4798.18,5186.41,NET_BANKING,1,SUCCESS,,0
TXN_0004197,CUST_00416,MEDIUM_RELIABILITY,0.7,4798.18,4763.83,CARD,21,FAILED,NETWORK_TIMEOUT,1
TXN_0004198,CUST_00416,MEDIUM_RELIABILITY,0.7,4798.18,2924.2,UPI,17,SUCCESS,,0
TXN_0004199,CUST_00416,MEDIUM_RELIABILITY,0.7,4798.18,4711.32,WALLET,4,SUCCESS,,0
TXN_0004200,CUST_00416,MEDIUM_RELIABILITY,0.7,4798.18,2431.52,UPI,10,SUCCESS,,0
TXN_0004201,CUST_00416,MEDIUM_RELIABILITY,0.7,4798.18,7467.83,WALLET,22,SUCCESS,,0
TXN_0004202,CUST_00417,HIGH_RELIABILITY,0.9,3469.42,1587.65,NET_BANKING,13,SUCCESS,,0
TXN_0004203,CUST_00417,HIGH_RELIABILITY,0.9,3469.42,3197.72,CARD,22,SUCCESS,,0
TXN_0004204,CUST_00417,HIGH_RELIABILITY,0.9,3469.42,2022.99,WALLET,20,SUCCESS,,0
TXN_0004205,CUST_00417,HIGH_RELIABILITY,0.9,3469.42,4261.03,NET_BANKING,10,SUCCESS,,0
TXN_0004206,CUST_00417,HIGH_RELIABILITY,0.9,3469.42,3009.47,CARD,17,SUCCESS,,0
TXN_0004207,CUST_00417,HIGH_RELIABILITY,0.9,3469.42,2749.63,CARD,9,SUCCESS,,0
TXN_0004208,CUST_00417,HIGH_RELIABILITY,0.9,3469.42,4653.47,CARD,16,SUCCESS,,0
TXN_0004209,CUST_00417,HIGH_RELIABILITY,0.9,3469.42,3510.26,NET_BANKING,1,SUCCESS,,0
TXN_0004210,CUST_00417,HIGH_RELIABILITY,0.9,3469.42,4186.4,UPI,11,SUCCESS,,0
TXN_0004211,CUST_00417,HIGH_RELIABILITY,0.9,3469.42,2107.57,UPI,17,SUCCESS,,0
TXN_0004212,CUST_00417,HIGH_RELIABILITY,0.9,3469.42,1519.86,UPI,6,SUCCESS,,0
TXN_0004213,CUST_00417,HIGH_RELIABILITY,0.9,3469.42,3618.2,WALLET,5,FAILED,INSUFFICIENT_FUNDS,0
TXN_0004214,CUST_00417,HIGH_RELIABILITY,0.9,3469.42,3026.94,NET_BANKING,19,FAILED,INSUFFICIENT_FUNDS,3
TXN_0004215,CUST_00417,HIGH_RELIABILITY,0.9,3469.42,4338.77,CARD,17,SUCCESS,,0
TXN_0004216,CUST_00417,HIGH_RELIABILITY,0.9,3469.42,3358.53,CARD,19,SUCCESS,,0
TXN_0004217,CUST_00418,LOW_RELIABILITY,0.49,3048.69,3298.77,CARD,22,SUCCESS,,0
TXN_0004218,CUST_00418,LOW_RELIABILITY,0.49,3048.69,1069.01,NET_BANKING,4,FAILED,INSUFFICIENT_FUNDS,0
TXN_0004219,CUST_00418,LOW_RELIABILITY,0.49,3048.69,5351.59,CARD,20,FAILED,AUTHENTICATION_FAILURE,0
TXN_0004220,CUST_00418,LOW_RELIABILITY,0.49,3048.69,2848.4,CARD,21,SUCCESS,,0
TXN_0004221,CUST_00418,LOW_RELIABILITY,0.49,3048.69,3899.38,UPI,1,SUCCESS,,0
TXN_0004222,CUST_00418,LOW_RELIABILITY,0.49,3048.69,2029.1,NET_BANKING,21,SUCCESS,,0
TXN_0004223,CUST_00418,LOW_RELIABILITY,0.49,3048.69,3424.3,UPI,12,FAILED,INSUFFICIENT_FUNDS,1
TXN_0004224,CUST_00418,LOW_RELIABILITY,0.49,3048.69,1459.9,CARD,0,SUCCESS,,0
TXN_0004225,CUST_00418,LOW_RELIABILITY,0.49,3048.69,3599.98,UPI,17,FAILED,AUTHENTICATION_FAILURE,2
TXN_0004226,CUST_00418,LOW_RELIABILITY,0.49,3048.69,2614.59,UPI,5,SUCCESS,,0
TXN_0004227,CUST_00418,LOW_RELIABILITY,0.49,3048.69,3084.29,UPI,18,FAILED,TEMPORARY_BANK_ERROR,1
TXN_0004228,CUST_00419,HIGH_RELIABILITY,0.98,6073.51,7769.17,UPI,20,SUCCESS,,0
TXN_0004229,CUST_00419,HIGH_RELIABILITY,0.98,6073.51,3079.17,WALLET,21,SUCCESS,,0
TXN_0004230,CUST_00419,HIGH_RELIABILITY,0.98,6073.51,4410.6,CARD,8,SUCCESS,,0
TXN_0004231,CUST_00419,HIGH_RELIABILITY,0.98,6073.51,7184.54,NET_BANKING,7,SUCCESS,,0
TXN_0004232,CUST_00419,HIGH_RELIABILITY,0.98,6073.51,11170.94,UPI,18,SUCCESS,,0
TXN_0004233,CUST_00419,HIGH_RELIABILITY,0.98,6073.51,5738.05,UPI,5,SUCCESS,,0
TXN_0004234,CUST_00419,HIGH_RELIABILITY,0.98,6073.51,7509.62,CARD,10,SUCCESS,,0
TXN_0004235,CUST_00419,HIGH_RELIABILITY,0.98,6073.51,5813.63,NET_BANKING,23,SUCCESS,,0
TXN_0004236,CUST_00419,HIGH_RELIABILITY,0.98,6073.51,10792.01,CARD,10,SUCCESS,,0
TXN_0004237,CUST_00419,HIGH_RELIABILITY,0.98,6073.51,1828.8,WALLET,5,SUCCESS,,0
TXN_0004238,CUST_00419,HIGH_RELIABILITY,0.98,6073.51,6303.38,CARD,22,SUCCESS,,0
TXN_0004239,CUST_00419,HIGH_RELIABILITY,0.98,6073.51,2124.41,CARD,21,SUCCESS,,0
TXN_0004240,CUST_00419,HIGH_RELIABILITY,0.98,6073.51,100.0,UPI,16,SUCCESS,,0
TXN_0004241,CUST_00419,HIGH_RELIABILITY,0.98,6073.51,6796.17,CARD,11,SUCCESS,,0
TXN_0004242,CUST_00420,MEDIUM_RELIABILITY,0.78,6506.51,6869.57,CARD,8,SUCCESS,,0
TXN_0004243,CUST_00420,MEDIUM_RELIABILITY,0.78,6506.51,5765.19,WALLET,17,SUCCESS,,0
TXN_0004244,CUST_00420,MEDIUM_RELIABILITY,0.78,6506.51,6230.13,CARD,15,SUCCESS,,0
TXN_0004245,CUST_00420,MEDIUM_RELIABILITY,0.78,6506.51,14570.16,UPI,8,FAILED,TEMPORARY_BANK_ERROR,1
TXN_0004246,CUST_00420,MEDIUM_RELIABILITY,0.78,6506.51,5834.58,UPI,21,SUCCESS,,0
TXN_0004247,CUST_00420,MEDIUM_RELIABILITY,0.78,6506.51,7834.16,NET_BANKING,2,SUCCESS,,0
TXN_0004248,CUST_00420,MEDIUM_RELIABILITY,0.78,6506.51,4816.47,UPI,15,SUCCESS,,0
TXN_0004249,CUST_00420,MEDIUM_RELIABILITY,0.78,6506.51,7274.88,UPI,6,SUCCESS,,0
TXN_0004250,CUST_00420,MEDIUM_RELIABILITY,0.78,6506.51,5886.48,CARD,18,FAILED,AUTHENTICATION_FAILURE,0
TXN_0004251,CUST_00420,MEDIUM_RELIABILITY,0.78,6506.51,5438.09,UPI,12,SUCCESS,,0
TXN_0004252,CUST_00420,MEDIUM_RELIABILITY,0.78,6506.51,11240.38,UPI,14,FAILED,USER_ABANDONMENT,0
TXN_0004253,CUST_00420,MEDIUM_RELIABILITY,0.78,6506.51,9570.26,UPI,5,SUCCESS,,0
TXN_0004254,CUST_00420,MEDIUM_RELIABILITY,0.78,6506.51,6862.41,NET_BANKING,13,SUCCESS,,0
TXN_0004255,CUST_00420,MEDIUM_RELIABILITY,0.78,6506.51,509.56,NET_BANKING,16,FAILED,AUTHENTICATION_FAILURE,0
TXN_0004256,CUST_00420,MEDIUM_RELIABILITY,0.78,6506.51,5566.95,UPI,0,SUCCESS,,0
TXN_0004257,CUST_00421,MEDIUM_RELIABILITY,0.65,6803.61,14159.75,WALLET,4,SUCCESS,,0
TXN_0004258,CUST_00421,MEDIUM_RELIABILITY,0.65,6803.61,6175.88,CARD,3,FAILED,AUTHENTICATION_FAILURE,0
TXN_0004259,CUST_00421,MEDIUM_RELIABILITY,0.65,6803.61,9805.95,NET_BANKING,5,SUCCESS,,0
TXN_0004260,CUST_00421,MEDIUM_RELIABILITY,0.65,6803.61,10727.78,CARD,3,SUCCESS,,0
TXN_0004261,CUST_00421,MEDIUM_RELIABILITY,0.65,6803.61,7399.51,CARD,17,FAILED,AUTHENTICATION_FAILURE,0
TXN_0004262,CUST_00421,MEDIUM_RELIABILITY,0.65,6803.61,4512.64,CARD,8,FAILED,TEMPORARY_BANK_ERROR,0
TXN_0004263,CUST_00421,MEDIUM_RELIABILITY,0.65,6803.61,176.04,CARD,11,SUCCESS,,0
TXN_0004264,CUST_00421,MEDIUM_RELIABILITY,0.65,6803.61,8665.52,NET_BANKING,10,SUCCESS,,0
TXN_0004265,CUST_00421,MEDIUM_RELIABILITY,0.65,6803.61,4586.3,WALLET,13,SUCCESS,,0
TXN_0004266,CUST_00422,LOW_RELIABILITY,0.4,6735.28,7209.85,NET_BANKING,18,FAILED,AUTHENTICATION_FAILURE,0
TXN_0004267,CUST_00422,LOW_RELIABILITY,0.4,6735.28,3368.12,UPI,9,SUCCESS,,0
TXN_0004268,CUST_00422,LOW_RELIABILITY,0.4,6735.28,6020.7,UPI,22,FAILED,NETWORK_TIMEOUT,1
TXN_0004269,CUST_00422,LOW_RELIABILITY,0.4,6735.28,6826.12,CARD,17,SUCCESS,,0
TXN_0004270,CUST_00422,LOW_RELIABILITY,0.4,6735.28,7458.9,CARD,13,SUCCESS,,0
TXN_0004271,CUST_00422,LOW_RELIABILITY,0.4,6735.28,3731.82,NET_BANKING,10,SUCCESS,,0
TXN_0004272,CUST_00422,LOW_RELIABILITY,0.4,6735.28,9959.89,NET_BANKING,9,FAILED,TEMPORARY_BANK_ERROR,3
TXN_0004273,CUST_00422,LOW_RELIABILITY,0.4,6735.28,5127.18,WALLET,2,SUCCESS,,0
TXN_0004274,CUST_00422,LOW_RELIABILITY,0.4,6735.28,2224.07,UPI,10,FAILED,TECHNICAL_ERROR,0
TXN_0004275,CUST_00422,LOW_RELIABILITY,0.4,6735.28,6441.56,UPI,4,SUCCESS,,0
TXN_0004276,CUST_00423,HIGH_RELIABILITY,0.9,6804.74,6898.31,CARD,18,SUCCESS,,0
TXN_0004277,CUST_00423,HIGH_RELIABILITY,0.9,6804.74,7241.85,UPI,7,SUCCESS,,0
TXN_0004278,CUST_00423,HIGH_RELIABILITY,0.9,6804.74,10512.32,NET_BANKING,3,SUCCESS,,0
TXN_0004279,CUST_00423,HIGH_RELIABILITY,0.9,6804.74,6161.15,NET_BANKING,2,SUCCESS,,0
TXN_0004280,CUST_00423,HIGH_RELIABILITY,0.9,6804.74,6479.15,UPI,15,FAILED,TEMPORARY_BANK_ERROR,1
TXN_0004281,CUST_00423,HIGH_RELIABILITY,0.9,6804.74,3801.99,CARD,5,SUCCESS,,0
TXN_0004282,CUST_00423,HIGH_RELIABILITY,0.9,6804.74,9038.2,UPI,9,SUCCESS,,0
TXN_0004283,CUST_00423,HIGH_RELIABILITY,0.9,6804.74,7306.41,CARD,12,SUCCESS,,0
TXN_0004284,CUST_00423,HIGH_RELIABILITY,0.9,6804.74,5661.47,CARD,22,SUCCESS,,0
TXN_0004285,CUST_00423,HIGH_RELIABILITY,0.9,6804.74,1620.41,CARD,22,SUCCESS,,0
TXN_0004286,CUST_00424,HIGH_RELIABILITY,0.89,14956.24,23597.43,UPI,20,SUCCESS,,0
TXN_0004287,CUST_00424,HIGH_RELIABILITY,0.89,14956.24,7611.65,CARD,9,SUCCESS,,0
TXN_0004288,CUST_00424,HIGH_RELIABILITY,0.89,14956.24,11418.92,UPI,0,SUCCESS,,0
TXN_0004289,CUST_00424,HIGH_RELIABILITY,0.89,14956.24,17100.03,NET_BANKING,23,SUCCESS,,0
TXN_0004290,CUST_00424,HIGH_RELIABILITY,0.89,14956.24,7797.84,WALLET,9,SUCCESS,,0
TXN_0004291,CUST_00424,HIGH_RELIABILITY,0.89,14956.24,6021.32,WALLET,16,SUCCESS,,0
TXN_0004292,CUST_00424,HIGH_RELIABILITY,0.89,14956.24,2249.73,NET_BANKING,22,SUCCESS,,0
TXN_0004293,CUST_00424,HIGH_RELIABILITY,0.89,14956.24,19269.6,NET_BANKING,23,SUCCESS,,0
TXN_0004294,CUST_00425,LOW_RELIABILITY,0.5,4248.62,3322.1,UPI,19,FAILED,USER_ABANDONMENT,0
TXN_0004295,CUST_00425,LOW_RELIABILITY,0.5,4248.62,9223.36,UPI,2,FAILED,AUTHENTICATION_FAILURE,2
TXN_0004296,CUST_00425,LOW_RELIABILITY,0.5,4248.62,2558.77,CARD,13,FAILED,TEMPORARY_BANK_ERROR,1
TXN_0004297,CUST_00425,LOW_RELIABILITY,0.5,4248.62,2682.66,CARD,0,SUCCESS,,0
TXN_0004298,CUST_00425,LOW_RELIABILITY,0.5,4248.62,3287.76,NET_BANKING,12,FAILED,TEMPORARY_BANK_ERROR,0
TXN_0004299,CUST_00425,LOW_RELIABILITY,0.5,4248.62,4661.81,NET_BANKING,11,FAILED,NETWORK_TIMEOUT,1
TXN_0004300,CUST_00426,MEDIUM_RELIABILITY,0.66,7624.62,6190.57,CARD,8,SUCCESS,,0
TXN_0004301,CUST_00426,MEDIUM_RELIABILITY,0.66,7624.62,9492.14,UPI,18,SUCCESS,,0
TXN_0004302,CUST_00426,MEDIUM_RELIABILITY,0.66,7624.62,4640.07,UPI,19,FAILED,USER_ABANDONMENT,2
TXN_0004303,CUST_00426,MEDIUM_RELIABILITY,0.66,7624.62,3410.98,CARD,12,SUCCESS,,0
TXN_0004304,CUST_00426,MEDIUM_RELIABILITY,0.66,7624.62,2140.34,CARD,23,FAILED,TEMPORARY_BANK_ERROR,2
TXN_0004305,CUST_00426,MEDIUM_RELIABILITY,0.66,7624.62,843.06,CARD,3,SUCCESS,,0
TXN_0004306,CUST_00426,MEDIUM_RELIABILITY,0.66,7624.62,6044.59,UPI,14,SUCCESS,,0
TXN_0004307,CUST_00426,MEDIUM_RELIABILITY,0.66,7624.62,6706.68,UPI,22,SUCCESS,,0
TXN_0004308,CUST_00426,MEDIUM_RELIABILITY,0.66,7624.62,5698.83,WALLET,20,SUCCESS,,0
TXN_0004309,CUST_00426,MEDIUM_RELIABILITY,0.66,7624.62,11416.82,UPI,0,FAILED,TEMPORARY_BANK_ERROR,0
TXN_0004310,CUST_00427,HIGH_RELIABILITY,0.9,13572.76,20239.86,WALLET,6,SUCCESS,,0
TXN_0004311,CUST_00427,HIGH_RELIABILITY,0.9,13572.76,11755.08,NET_BANKING,3,SUCCESS,,0
TXN_0004312,CUST_00427,HIGH_RELIABILITY,0.9,13572.76,3833.38,NET_BANKING,21,SUCCESS,,0
TXN_0004313,CUST_00427,HIGH_RELIABILITY,0.9,13572.76,10496.06,UPI,9,SUCCESS,,0
TXN_0004314,CUST_00427,HIGH_RELIABILITY,0.9,13572.76,10316.27,CARD,7,SUCCESS,,0
TXN_0004315,CUST_00427,HIGH_RELIABILITY,0.9,13572.76,10005.11,UPI,11,SUCCESS,,0
TXN_0004316,CUST_00427,HIGH_RELIABILITY,0.9,13572.76,9784.77,UPI,18,SUCCESS,,0
TXN_0004317,CUST_00427,HIGH_RELIABILITY,0.9,13572.76,10025.04,CARD,10,SUCCESS,,0
TXN_0004318,CUST_00427,HIGH_RELIABILITY,0.9,13572.76,11474.19,UPI,13,SUCCESS,,0
TXN_0004319,CUST_00427,HIGH_RELIABILITY,0.9,13572.76,10122.34,CARD,14,SUCCESS,,0
TXN_0004320,CUST_00427,HIGH_RELIABILITY,0.9,13572.76,14703.76,NET_BANKING,7,SUCCESS,,0
TXN_0004321,CUST_00427,HIGH_RELIABILITY,0.9,13572.76,15529.24,UPI,7,SUCCESS,,0
TXN_0004322,CUST_00427,HIGH_RELIABILITY,0.9,13572.76,8628.77,CARD,8,SUCCESS,,0
TXN_0004323,CUST_00427,HIGH_RELIABILITY,0.9,13572.76,20473.51,CARD,15,SUCCESS,,0
TXN_0004324,CUST_00428,LOW_RELIABILITY,0.41,1496.68,909.94,UPI,14,SUCCESS,,0
TXN_0004325,CUST_00428,LOW_RELIABILITY,0.41,1496.68,528.15,NET_BANKING,18,FAILED,TEMPORARY_BANK_ERROR,0
TXN_0004326,CUST_00428,LOW_RELIABILITY,0.41,1496.68,1724.64,UPI,1,FAILED,AUTHENTICATION_FAILURE,0
TXN_0004327,CUST_00428,LOW_RELIABILITY,0.41,1496.68,1007.32,NET_BANKING,15,SUCCESS,,0
TXN_0004328,CUST_00428,LOW_RELIABILITY,0.41,1496.68,1689.03,UPI,22,SUCCESS,,0
TXN_0004329,CUST_00428,LOW_RELIABILITY,0.41,1496.68,100.0,UPI,18,SUCCESS,,0
TXN_0004330,CUST_00429,HIGH_RELIABILITY,0.88,7608.94,11846.99,UPI,4,FAILED,AUTHENTICATION_FAILURE,3
TXN_0004331,CUST_00429,HIGH_RELIABILITY,0.88,7608.94,9655.12,UPI,11,SUCCESS,,0
TXN_0004332,CUST_00429,HIGH_RELIABILITY,0.88,7608.94,3042.13,NET_BANKING,1,SUCCESS,,0
TXN_0004333,CUST_00429,HIGH_RELIABILITY,0.88,7608.94,3108.17,UPI,1,SUCCESS,,0
TXN_0004334,CUST_00429,HIGH_RELIABILITY,0.88,7608.94,12698.61,CARD,19,SUCCESS,,0
TXN_0004335,CUST_00429,HIGH_RELIABILITY,0.88,7608.94,5364.67,CARD,14,SUCCESS,,0
TXN_0004336,CUST_00429,HIGH_RELIABILITY,0.88,7608.94,5070.04,CARD,18,SUCCESS,,0
TXN_0004337,CUST_00429,HIGH_RELIABILITY,0.88,7608.94,712.04,CARD,22,SUCCESS,,0
TXN_0004338,CUST_00429,HIGH_RELIABILITY,0.88,7608.94,6541.32,CARD,11,SUCCESS,,0
TXN_0004339,CUST_00429,HIGH_RELIABILITY,0.88,7608.94,6915.86,UPI,7,SUCCESS,,0
TXN_0004340,CUST_00429,HIGH_RELIABILITY,0.88,7608.94,9786.6,UPI,1,SUCCESS,,0
TXN_0004341,CUST_00429,HIGH_RELIABILITY,0.88,7608.94,3350.74,WALLET,1,SUCCESS,,0
TXN_0004342,CUST_00429,HIGH_RELIABILITY,0.88,7608.94,2981.83,UPI,9,SUCCESS,,0
TXN_0004343,CUST_00430,HIGH_RELIABILITY,0.94,1919.92,2266.24,CARD,18,SUCCESS,,0
TXN_0004344,CUST_00430,HIGH_RELIABILITY,0.94,1919.92,2693.06,CARD,3,SUCCESS,,0
TXN_0004345,CUST_00430,HIGH_RELIABILITY,0.94,1919.92,713.33,UPI,5,SUCCESS,,0
TXN_0004346,CUST_00430,HIGH_RELIABILITY,0.94,1919.92,2750.49,NET_BANKING,18,SUCCESS,,0
TXN_0004347,CUST_00430,HIGH_RELIABILITY,0.94,1919.92,1948.75,NET_BANKING,0,SUCCESS,,0
TXN_0004348,CUST_00430,HIGH_RELIABILITY,0.94,1919.92,2758.39,CARD,5,SUCCESS,,0
TXN_0004349,CUST_00430,HIGH_RELIABILITY,0.94,1919.92,1865.99,CARD,18,SUCCESS,,0
TXN_0004350,CUST_00430,HIGH_RELIABILITY,0.94,1919.92,100.0,CARD,2,SUCCESS,,0
TXN_0004351,CUST_00430,HIGH_RELIABILITY,0.94,1919.92,1803.21,CARD,20,SUCCESS,,0
TXN_0004352,CUST_00430,HIGH_RELIABILITY,0.94,1919.92,2734.08,CARD,1,SUCCESS,,0
TXN_0004353,CUST_00430,HIGH_RELIABILITY,0.94,1919.92,1233.55,UPI,0,SUCCESS,,0
TXN_0004354,CUST_00431,LOW_RELIABILITY,0.57,3282.36,2772.98,UPI,21,SUCCESS,,0
TXN_0004355,CUST_00431,LOW_RELIABILITY,0.57,3282.36,3051.11,UPI,3,FAILED,TEMPORARY_BANK_ERROR,0
TXN_0004356,CUST_00431,LOW_RELIABILITY,0.57,3282.36,100.0,UPI,6,FAILED,USER_ABANDONMENT,2
TXN_0004357,CUST_00431,LOW_RELIABILITY,0.57,3282.36,5476.75,WALLET,13,SUCCESS,,0
TXN_0004358,CUST_00431,LOW_RELIABILITY,0.57,3282.36,2098.9,CARD,1,FAILED,AUTHENTICATION_FAILURE,1
TXN_0004359,CUST_00431,LOW_RELIABILITY,0.57,3282.36,3946.36,UPI,12,FAILED,TEMPORARY_BANK_ERROR,0
TXN_0004360,CUST_00431,LOW_RELIABILITY,0.57,3282.36,3168.53,UPI,23,FAILED,TEMPORARY_BANK_ERROR,0
TXN_0004361,CUST_00431,LOW_RELIABILITY,0.57,3282.36,4933.54,CARD,16,SUCCESS,,0
TXN_0004362,CUST_00431,LOW_RELIABILITY,0.57,3282.36,3815.49,WALLET,6,SUCCESS,,0
TXN_0004363,CUST_00431,LOW_RELIABILITY,0.57,3282.36,2973.92,CARD,6,FAILED,INSUFFICIENT_FUNDS,0
TXN_0004364,CUST_00431,LOW_RELIABILITY,0.57,3282.36,2109.22,UPI,17,FAILED,TEMPORARY_BANK_ERROR,1
TXN_0004365,CUST_00431,LOW_RELIABILITY,0.57,3282.36,4329.89,CARD,9,SUCCESS,,0
TXN_0004366,CUST_00432,MEDIUM_RELIABILITY,0.77,4687.25,1174.73,UPI,9,FAILED,TEMPORARY_BANK_ERROR,0
TXN_0004367,CUST_00432,MEDIUM_RELIABILITY,0.77,4687.25,5898.23,CARD,12,SUCCESS,,0
TXN_0004368,CUST_00432,MEDIUM_RELIABILITY,0.77,4687.25,2626.65,UPI,10,SUCCESS,,0
TXN_0004369,CUST_00432,MEDIUM_RELIABILITY,0.77,4687.25,7035.16,CARD,10,SUCCESS,,0
TXN_0004370,CUST_00432,MEDIUM_RELIABILITY,0.77,4687.25,4989.67,UPI,9,SUCCESS,,0
TXN_0004371,CUST_00432,MEDIUM_RELIABILITY,0.77,4687.25,5894.92,UPI,18,FAILED,USER_ABANDONMENT,3
TXN_0004372,CUST_00433,LOW_RELIABILITY,0.47,4005.55,4136.91,CARD,2,SUCCESS,,0
TXN_0004373,CUST_00433,LOW_RELIABILITY,0.47,4005.55,1197.86,CARD,0,SUCCESS,,0
TXN_0004374,CUST_00433,LOW_RELIABILITY,0.47,4005.55,2626.47,UPI,21,SUCCESS,,0
TXN_0004375,CUST_00433,LOW_RELIABILITY,0.47,4005.55,5082.87,UPI,22,SUCCESS,,0
TXN_0004376,CUST_00433,LOW_RELIABILITY,0.47,4005.55,4272.57,NET_BANKING,3,FAILED,INSUFFICIENT_FUNDS,0
TXN_0004377,CUST_00433,LOW_RELIABILITY,0.47,4005.55,5897.76,UPI,11,SUCCESS,,0
TXN_0004378,CUST_00433,LOW_RELIABILITY,0.47,4005.55,4651.68,CARD,12,FAILED,TECHNICAL_ERROR,0
TXN_0004379,CUST_00433,LOW_RELIABILITY,0.47,4005.55,2456.68,UPI,2,SUCCESS,,0
TXN_0004380,CUST_00433,LOW_RELIABILITY,0.47,4005.55,2730.08,NET_BANKING,0,FAILED,INSUFFICIENT_FUNDS,0
TXN_0004381,CUST_00433,LOW_RELIABILITY,0.47,4005.55,4170.45,UPI,19,FAILED,TEMPORARY_BANK_ERROR,0
TXN_0004382,CUST_00434,LOW_RELIABILITY,0.4,1437.11,106.9,UPI,19,FAILED,AUTHENTICATION_FAILURE,3
TXN_0004383,CUST_00434,LOW_RELIABILITY,0.4,1437.11,2399.08,UPI,18,FAILED,TEMPORARY_BANK_ERROR,0
TXN_0004384,CUST_00434,LOW_RELIABILITY,0.4,1437.11,1691.05,UPI,20,SUCCESS,,0
TXN_0004385,CUST_00434,LOW_RELIABILITY,0.4,1437.11,2142.46,UPI,10,FAILED,USER_ABANDONMENT,1
TXN_0004386,CUST_00434,LOW_RELIABILITY,0.4,1437.11,528.51,CARD,20,FAILED,AUTHENTICATION_FAILURE,2
TXN_0004387,CUST_00435,HIGH_RELIABILITY,0.97,14245.62,21337.46,UPI,3,FAILED,NETWORK_TIMEOUT,2
TXN_0004388,CUST_00435,HIGH_RELIABILITY,0.97,14245.62,26961.25,WALLET,18,SUCCESS,,0
TXN_0004389,CUST_00435,HIGH_RELIABILITY,0.97,14245.62,6718.93,CARD,11,SUCCESS,,0
TXN_0004390,CUST_00435,HIGH_RELIABILITY,0.97,14245.62,18641.26,NET_BANKING,19,SUCCESS,,0
TXN_0004391,CUST_00435,HIGH_RELIABILITY,0.97,14245.62,14251.94,UPI,21,SUCCESS,,0
TXN_0004392,CUST_00436,MEDIUM_RELIABILITY,0.73,3072.07,1174.23,UPI,13,SUCCESS,,0
TXN_0004393,CUST_00436,MEDIUM_RELIABILITY,0.73,3072.07,3677.74,WALLET,8,SUCCESS,,0
TXN_0004394,CUST_00436,MEDIUM_RELIABILITY,0.73,3072.07,4096.42,UPI,8,SUCCESS,,0
TXN_0004395,CUST_00436,MEDIUM_RELIABILITY,0.73,3072.07,2333.39,UPI,1,SUCCESS,,0
TXN_0004396,CUST_00436,MEDIUM_RELIABILITY,0.73,3072.07,4504.78,NET_BANKING,16,FAILED,TEMPORARY_BANK_ERROR,1
TXN_0004397,CUST_00436,MEDIUM_RELIABILITY,0.73,3072.07,1023.9,CARD,13,SUCCESS,,0
TXN_0004398,CUST_00436,MEDIUM_RELIABILITY,0.73,3072.07,1235.27,UPI,12,SUCCESS,,0
TXN_0004399,CUST_00436,MEDIUM_RELIABILITY,0.73,3072.07,3239.92,WALLET,15,FAILED,INSUFFICIENT_FUNDS,0
TXN_0004400,CUST_00436,MEDIUM_RELIABILITY,0.73,3072.07,3103.26,CARD,23,SUCCESS,,0
TXN_0004401,CUST_00436,MEDIUM_RELIABILITY,0.73,3072.07,2191.52,UPI,4,SUCCESS,,0
TXN_0004402,CUST_00437,MEDIUM_RELIABILITY,0.79,4382.97,5802.34,WALLET,22,FAILED,TEMPORARY_BANK_ERROR,0
TXN_0004403,CUST_00437,MEDIUM_RELIABILITY,0.79,4382.97,5313.73,UPI,3,SUCCESS,,0
TXN_0004404,CUST_00437,MEDIUM_RELIABILITY,0.79,4382.97,5887.45,CARD,7,SUCCESS,,0
TXN_0004405,CUST_00437,MEDIUM_RELIABILITY,0.79,4382.97,4167.09,WALLET,9,SUCCESS,,0
TXN_0004406,CUST_00437,MEDIUM_RELIABILITY,0.79,4382.97,5439.41,CARD,8,SUCCESS,,0
TXN_0004407,CUST_00437,MEDIUM_RELIABILITY,0.79,4382.97,3601.66,UPI,12,FAILED,AUTHENTICATION_FAILURE,0
TXN_0004408,CUST_00438,HIGH_RELIABILITY,0.88,3186.14,5803.64,UPI,11,SUCCESS,,0
TXN_0004409,CUST_00438,HIGH_RELIABILITY,0.88,3186.14,2150.59,CARD,11,SUCCESS,,0
TXN_0004410,CUST_00438,HIGH_RELIABILITY,0.88,3186.14,5869.25,CARD,19,SUCCESS,,0
TXN_0004411,CUST_00438,HIGH_RELIABILITY,0.88,3186.14,3230.6,UPI,3,SUCCESS,,0
TXN_0004412,CUST_00438,HIGH_RELIABILITY,0.88,3186.14,1433.11,UPI,21,SUCCESS,,0
TXN_0004413,CUST_00438,HIGH_RELIABILITY,0.88,3186.14,4929.7,NET_BANKING,19,SUCCESS,,0
TXN_0004414,CUST_00438,HIGH_RELIABILITY,0.88,3186.14,3346.6,NET_BANKING,14,SUCCESS,,0
TXN_0004415,CUST_00438,HIGH_RELIABILITY,0.88,3186.14,4270.86,NET_BANKING,12,SUCCESS,,0
TXN_0004416,CUST_00438,HIGH_RELIABILITY,0.88,3186.14,4745.89,UPI,11,SUCCESS,,0
TXN_0004417,CUST_00438,HIGH_RELIABILITY,0.88,3186.14,3616.85,CARD,4,SUCCESS,,0
TXN_0004418,CUST_00438,HIGH_RELIABILITY,0.88,3186.14,2431.36,CARD,1,FAILED,NETWORK_TIMEOUT,0
TXN_0004419,CUST_00438,HIGH_RELIABILITY,0.88,3186.14,4429.64,UPI,10,SUCCESS,,0
TXN_0004420,CUST_00438,HIGH_RELIABILITY,0.88,3186.14,3187.1,UPI,2,SUCCESS,,0
TXN_0004421,CUST_00438,HIGH_RELIABILITY,0.88,3186.14,4060.24,UPI,18,SUCCESS,,0
TXN_0004422,CUST_00439,MEDIUM_RELIABILITY,0.81,6759.78,936.28,UPI,8,FAILED,AUTHENTICATION_FAILURE,0
TXN_0004423,CUST_00439,MEDIUM_RELIABILITY,0.81,6759.78,7968.38,UPI,17,FAILED,AUTHENTICATION_FAILURE,1
TXN_0004424,CUST_00439,MEDIUM_RELIABILITY,0.81,6759.78,5033.1,NET_BANKING,20,SUCCESS,,0
TXN_0004425,CUST_00439,MEDIUM_RELIABILITY,0.81,6759.78,11230.18,CARD,10,SUCCESS,,0
TXN_0004426,CUST_00439,MEDIUM_RELIABILITY,0.81,6759.78,8444.55,WALLET,2,SUCCESS,,0
TXN_0004427,CUST_00439,MEDIUM_RELIABILITY,0.81,6759.78,7408.33,UPI,8,SUCCESS,,0
TXN_0004428,CUST_00439,MEDIUM_RELIABILITY,0.81,6759.78,8074.72,CARD,18,SUCCESS,,0
TXN_0004429,CUST_00439,MEDIUM_RELIABILITY,0.81,6759.78,4060.08,NET_BANKING,15,SUCCESS,,0
TXN_0004430,CUST_00439,MEDIUM_RELIABILITY,0.81,6759.78,11148.92,UPI,19,SUCCESS,,0
TXN_0004431,CUST_00439,MEDIUM_RELIABILITY,0.81,6759.78,12144.27,CARD,7,SUCCESS,,0
TXN_0004432,CUST_00439,MEDIUM_RELIABILITY,0.81,6759.78,7822.18,UPI,18,SUCCESS,,0
TXN_0004433,CUST_00439,MEDIUM_RELIABILITY,0.81,6759.78,11060.09,UPI,13,SUCCESS,,0
TXN_0004434,CUST_00440,LOW_RELIABILITY,0.36,1709.41,1320.25,CARD,3,FAILED,NETWORK_TIMEOUT,0
TXN_0004435,CUST_00440,LOW_RELIABILITY,0.36,1709.41,1164.37,UPI,9,SUCCESS,,0
TXN_0004436,CUST_00440,LOW_RELIABILITY,0.36,1709.41,1737.39,CARD,18,FAILED,TEMPORARY_BANK_ERROR,0
TXN_0004437,CUST_00440,LOW_RELIABILITY,0.36,1709.41,2006.81,UPI,5,FAILED,AUTHENTICATION_FAILURE,0
TXN_0004438,CUST_00440,LOW_RELIABILITY,0.36,1709.41,1440.02,CARD,9,FAILED,TECHNICAL_ERROR,3
TXN_0004439,CUST_00440,LOW_RELIABILITY,0.36,1709.41,2077.12,UPI,0,FAILED,USER_ABANDONMENT,0
TXN_0004440,CUST_00440,LOW_RELIABILITY,0.36,1709.41,1918.91,NET_BANKING,21,FAILED,TEMPORARY_BANK_ERROR,0
TXN_0004441,CUST_00440,LOW_RELIABILITY,0.36,1709.41,1026.8,CARD,17,SUCCESS,,0
TXN_0004442,CUST_00440,LOW_RELIABILITY,0.36,1709.41,2064.14,UPI,13,FAILED,TEMPORARY_BANK_ERROR,1
TXN_0004443,CUST_00440,LOW_RELIABILITY,0.36,1709.41,2299.86,UPI,21,SUCCESS,,0
TXN_0004444,CUST_00440,LOW_RELIABILITY,0.36,1709.41,1826.65,UPI,17,SUCCESS,,0
TXN_0004445,CUST_00440,LOW_RELIABILITY,0.36,1709.41,2497.55,NET_BANKING,7,FAILED,AUTHENTICATION_FAILURE,1
TXN_0004446,CUST_00440,LOW_RELIABILITY,0.36,1709.41,876.99,CARD,16,SUCCESS,,0
TXN_0004447,CUST_00441,HIGH_RELIABILITY,0.91,10406.5,12354.39,UPI,4,SUCCESS,,0
TXN_0004448,CUST_00441,HIGH_RELIABILITY,0.91,10406.5,5535.09,UPI,14,SUCCESS,,0
TXN_0004449,CUST_00441,HIGH_RELIABILITY,0.91,10406.5,5769.02,CARD,17,SUCCESS,,0
TXN_0004450,CUST_00441,HIGH_RELIABILITY,0.91,10406.5,7780.19,CARD,9,SUCCESS,,0
TXN_0004451,CUST_00441,HIGH_RELIABILITY,0.91,10406.5,6485.08,CARD,2,SUCCESS,,0
TXN_0004452,CUST_00441,HIGH_RELIABILITY,0.91,10406.5,8125.41,WALLET,8,SUCCESS,,0
TXN_0004453,CUST_00441,HIGH_RELIABILITY,0.91,10406.5,9515.08,UPI,3,SUCCESS,,0
TXN_0004454,CUST_00441,HIGH_RELIABILITY,0.91,10406.5,13891.24,NET_BANKING,11,SUCCESS,,0
TXN_0004455,CUST_00441,HIGH_RELIABILITY,0.91,10406.5,9069.64,CARD,7,SUCCESS,,0
TXN_0004456,CUST_00441,HIGH_RELIABILITY,0.91,10406.5,3806.17,UPI,16,SUCCESS,,0
TXN_0004457,CUST_00441,HIGH_RELIABILITY,0.91,10406.5,15152.15,WALLET,17,SUCCESS,,0
TXN_0004458,CUST_00441,HIGH_RELIABILITY,0.91,10406.5,6922.03,NET_BANKING,8,SUCCESS,,0
TXN_0004459,CUST_00441,HIGH_RELIABILITY,0.91,10406.5,10162.07,UPI,10,SUCCESS,,0
TXN_0004460,CUST_00441,HIGH_RELIABILITY,0.91,10406.5,12265.25,UPI,5,SUCCESS,,0
TXN_0004461,CUST_00442,HIGH_RELIABILITY,0.88,2457.52,2653.74,CARD,9,SUCCESS,,0
TXN_0004462,CUST_00442,HIGH_RELIABILITY,0.88,2457.52,3533.11,UPI,20,SUCCESS,,0
TXN_0004463,CUST_00442,HIGH_RELIABILITY,0.88,2457.52,2928.38,WALLET,16,SUCCESS,,0
TXN_0004464,CUST_00442,HIGH_RELIABILITY,0.88,2457.52,1610.85,CARD,18,SUCCESS,,0
TXN_0004465,CUST_00442,HIGH_RELIABILITY,0.88,2457.52,4599.06,UPI,21,SUCCESS,,0
TXN_0004466,CUST_00442,HIGH_RELIABILITY,0.88,2457.52,2648.55,WALLET,4,SUCCESS,,0
TXN_0004467,CUST_00442,HIGH_RELIABILITY,0.88,2457.52,2312.68,NET_BANKING,18,SUCCESS,,0
TXN_0004468,CUST_00442,HIGH_RELIABILITY,0.88,2457.52,3405.07,CARD,15,SUCCESS,,0
TXN_0004469,CUST_00442,HIGH_RELIABILITY,0.88,2457.52,2702.73,UPI,1,SUCCESS,,0
TXN_0004470,CUST_00442,HIGH_RELIABILITY,0.88,2457.52,2849.96,UPI,3,SUCCESS,,0
TXN_0004471,CUST_00442,HIGH_RELIABILITY,0.88,2457.52,4907.36,NET_BANKING,18,SUCCESS,,0
TXN_0004472,CUST_00443,LOW_RELIABILITY,0.58,1414.1,1258.48,UPI,15,SUCCESS,,0
TXN_0004473,CUST_00443,LOW_RELIABILITY,0.58,1414.1,1234.36,CARD,5,SUCCESS,,0
TXN_0004474,CUST_00443,LOW_RELIABILITY,0.58,1414.1,1480.04,CARD,22,SUCCESS,,0
TXN_0004475,CUST_00443,LOW_RELIABILITY,0.58,1414.1,2020.19,UPI,23,FAILED,TEMPORARY_BANK_ERROR,2
TXN_0004476,CUST_00443,LOW_RELIABILITY,0.58,1414.1,561.94,CARD,21,SUCCESS,,0
TXN_0004477,CUST_00443,LOW_RELIABILITY,0.58,1414.1,302.3,UPI,9,SUCCESS,,0
TXN_0004478,CUST_00443,LOW_RELIABILITY,0.58,1414.1,1082.0,NET_BANKING,13,SUCCESS,,0
TXN_0004479,CUST_00443,LOW_RELIABILITY,0.58,1414.1,489.89,UPI,19,FAILED,INSUFFICIENT_FUNDS,1
TXN_0004480,CUST_00443,LOW_RELIABILITY,0.58,1414.1,1173.8,WALLET,13,FAILED,INSUFFICIENT_FUNDS,0
TXN_0004481,CUST_00443,LOW_RELIABILITY,0.58,1414.1,1698.33,UPI,0,FAILED,NETWORK_TIMEOUT,0
TXN_0004482,CUST_00444,MEDIUM_RELIABILITY,0.79,2762.74,1778.38,WALLET,11,SUCCESS,,0
TXN_0004483,CUST_00444,MEDIUM_RELIABILITY,0.79,2762.74,1185.96,UPI,20,SUCCESS,,0
TXN_0004484,CUST_00444,MEDIUM_RELIABILITY,0.79,2762.74,2839.36,CARD,4,FAILED,TECHNICAL_ERROR,3
TXN_0004485,CUST_00444,MEDIUM_RELIABILITY,0.79,2762.74,3715.93,NET_BANKING,8,SUCCESS,,0
TXN_0004486,CUST_00444,MEDIUM_RELIABILITY,0.79,2762.74,889.63,CARD,16,FAILED,TEMPORARY_BANK_ERROR,0
TXN_0004487,CUST_00444,MEDIUM_RELIABILITY,0.79,2762.74,3669.18,WALLET,12,SUCCESS,,0
TXN_0004488,CUST_00444,MEDIUM_RELIABILITY,0.79,2762.74,3665.94,WALLET,16,SUCCESS,,0
TXN_0004489,CUST_00445,HIGH_RELIABILITY,0.89,4404.41,6085.28,UPI,0,SUCCESS,,0
TXN_0004490,CUST_00445,HIGH_RELIABILITY,0.89,4404.41,6551.08,UPI,9,FAILED,TECHNICAL_ERROR,0
TXN_0004491,CUST_00445,HIGH_RELIABILITY,0.89,4404.41,8283.84,NET_BANKING,23,SUCCESS,,0
TXN_0004492,CUST_00445,HIGH_RELIABILITY,0.89,4404.41,3777.06,CARD,19,SUCCESS,,0
TXN_0004493,CUST_00445,HIGH_RELIABILITY,0.89,4404.41,4597.45,UPI,6,SUCCESS,,0
TXN_0004494,CUST_00445,HIGH_RELIABILITY,0.89,4404.41,3670.74,UPI,6,SUCCESS,,0
TXN_0004495,CUST_00445,HIGH_RELIABILITY,0.89,4404.41,4407.89,UPI,0,SUCCESS,,0
TXN_0004496,CUST_00445,HIGH_RELIABILITY,0.89,4404.41,7104.97,WALLET,1,SUCCESS,,0
TXN_0004497,CUST_00445,HIGH_RELIABILITY,0.89,4404.41,2034.81,UPI,16,FAILED,NETWORK_TIMEOUT,1
TXN_0004498,CUST_00445,HIGH_RELIABILITY,0.89,4404.41,2887.44,UPI,5,SUCCESS,,0
TXN_0004499,CUST_00445,HIGH_RELIABILITY,0.89,4404.41,6830.68,WALLET,9,SUCCESS,,0
TXN_0004500,CUST_00445,HIGH_RELIABILITY,0.89,4404.41,6201.47,UPI,19,FAILED,NETWORK_TIMEOUT,0
TXN_0004501,CUST_00445,HIGH_RELIABILITY,0.89,4404.41,3764.66,UPI,9,SUCCESS,,0
TXN_0004502,CUST_00445,HIGH_RELIABILITY,0.89,4404.41,5909.66,NET_BANKING,13,SUCCESS,,0
TXN_0004503,CUST_00446,LOW_RELIABILITY,0.56,6018.74,6840.22,CARD,23,SUCCESS,,0
TXN_0004504,CUST_00446,LOW_RELIABILITY,0.56,6018.74,9630.65,WALLET,23,FAILED,INSUFFICIENT_FUNDS,1
TXN_0004505,CUST_00446,LOW_RELIABILITY,0.56,6018.74,6198.12,CARD,18,SUCCESS,,0
TXN_0004506,CUST_00446,LOW_RELIABILITY,0.56,6018.74,8487.95,CARD,17,SUCCESS,,0
TXN_0004507,CUST_00446,LOW_RELIABILITY,0.56,6018.74,12379.37,WALLET,0,SUCCESS,,0
TXN_0004508,CUST_00446,LOW_RELIABILITY,0.56,6018.74,7458.66,CARD,17,FAILED,NETWORK_TIMEOUT,0
TXN_0004509,CUST_00447,HIGH_RELIABILITY,0.97,6560.57,6690.02,CARD,3,SUCCESS,,0
TXN_0004510,CUST_00447,HIGH_RELIABILITY,0.97,6560.57,8456.44,NET_BANKING,19,SUCCESS,,0
TXN_0004511,CUST_00447,HIGH_RELIABILITY,0.97,6560.57,5601.99,UPI,12,SUCCESS,,0
TXN_0004512,CUST_00447,HIGH_RELIABILITY,0.97,6560.57,12827.14,CARD,19,SUCCESS,,0
TXN_0004513,CUST_00447,HIGH_RELIABILITY,0.97,6560.57,7033.12,CARD,7,SUCCESS,,0
TXN_0004514,CUST_00447,HIGH_RELIABILITY,0.97,6560.57,5844.33,CARD,22,SUCCESS,,0
TXN_0004515,CUST_00447,HIGH_RELIABILITY,0.97,6560.57,4367.53,UPI,16,SUCCESS,,0
TXN_0004516,CUST_00447,HIGH_RELIABILITY,0.97,6560.57,9439.93,UPI,2,SUCCESS,,0
TXN_0004517,CUST_00447,HIGH_RELIABILITY,0.97,6560.57,8836.27,CARD,10,SUCCESS,,0
TXN_0004518,CUST_00447,HIGH_RELIABILITY,0.97,6560.57,5255.4,UPI,3,SUCCESS,,0
TXN_0004519,CUST_00447,HIGH_RELIABILITY,0.97,6560.57,8073.31,CARD,21,SUCCESS,,0
TXN_0004520,CUST_00448,HIGH_RELIABILITY,0.95,3869.78,1534.67,NET_BANKING,11,SUCCESS,,0
TXN_0004521,CUST_00448,HIGH_RELIABILITY,0.95,3869.78,4156.1,WALLET,22,FAILED,TEMPORARY_BANK_ERROR,0
TXN_0004522,CUST_00448,HIGH_RELIABILITY,0.95,3869.78,4570.61,UPI,23,SUCCESS,,0
TXN_0004523,CUST_00448,HIGH_RELIABILITY,0.95,3869.78,6512.58,NET_BANKING,17,SUCCESS,,0
TXN_0004524,CUST_00448,HIGH_RELIABILITY,0.95,3869.78,2676.62,CARD,12,SUCCESS,,0
TXN_0004525,CUST_00448,HIGH_RELIABILITY,0.95,3869.78,1891.0,UPI,13,SUCCESS,,0
TXN_0004526,CUST_00448,HIGH_RELIABILITY,0.95,3869.78,2483.74,CARD,3,SUCCESS,,0
TXN_0004527,CUST_00448,HIGH_RELIABILITY,0.95,3869.78,1800.89,UPI,11,SUCCESS,,0
TXN_0004528,CUST_00448,HIGH_RELIABILITY,0.95,3869.78,5938.81,UPI,0,FAILED,INSUFFICIENT_FUNDS,1
TXN_0004529,CUST_00448,HIGH_RELIABILITY,0.95,3869.78,6266.94,UPI,4,SUCCESS,,0
TXN_0004530,CUST_00448,HIGH_RELIABILITY,0.95,3869.78,4365.45,WALLET,8,SUCCESS,,0
TXN_0004531,CUST_00448,HIGH_RELIABILITY,0.95,3869.78,5760.24,UPI,12,SUCCESS,,0
TXN_0004532,CUST_00448,HIGH_RELIABILITY,0.95,3869.78,4077.14,CARD,8,SUCCESS,,0
TXN_0004533,CUST_00448,HIGH_RELIABILITY,0.95,3869.78,3722.56,CARD,17,SUCCESS,,0
TXN_0004534,CUST_00448,HIGH_RELIABILITY,0.95,3869.78,3354.27,UPI,13,SUCCESS,,0
TXN_0004535,CUST_00449,HIGH_RELIABILITY,0.91,13548.7,11866.54,UPI,0,SUCCESS,,0
TXN_0004536,CUST_00449,HIGH_RELIABILITY,0.91,13548.7,5160.42,WALLET,10,SUCCESS,,0
TXN_0004537,CUST_00449,HIGH_RELIABILITY,0.91,13548.7,14980.82,UPI,14,SUCCESS,,0
TXN_0004538,CUST_00449,HIGH_RELIABILITY,0.91,13548.7,13330.11,NET_BANKING,18,SUCCESS,,0
TXN_0004539,CUST_00449,HIGH_RELIABILITY,0.91,13548.7,17588.17,WALLET,10,SUCCESS,,0
TXN_0004540,CUST_00449,HIGH_RELIABILITY,0.91,13548.7,14055.55,UPI,16,SUCCESS,,0
TXN_0004541,CUST_00449,HIGH_RELIABILITY,0.91,13548.7,12666.93,UPI,4,SUCCESS,,0
TXN_0004542,CUST_00449,HIGH_RELIABILITY,0.91,13548.7,8827.29,NET_BANKING,8,SUCCESS,,0
TXN_0004543,CUST_00449,HIGH_RELIABILITY,0.91,13548.7,13939.73,NET_BANKING,4,SUCCESS,,0
TXN_0004544,CUST_00449,HIGH_RELIABILITY,0.91,13548.7,17549.56,UPI,13,SUCCESS,,0
TXN_0004545,CUST_00449,HIGH_RELIABILITY,0.91,13548.7,7352.4,UPI,3,SUCCESS,,0
TXN_0004546,CUST_00450,LOW_RELIABILITY,0.35,781.46,808.8,CARD,11,FAILED,TEMPORARY_BANK_ERROR,1
TXN_0004547,CUST_00450,LOW_RELIABILITY,0.35,781.46,854.31,CARD,5,SUCCESS,,0
TXN_0004548,CUST_00450,LOW_RELIABILITY,0.35,781.46,557.0,UPI,4,FAILED,TECHNICAL_ERROR,1
TXN_0004549,CUST_00450,LOW_RELIABILITY,0.35,781.46,597.71,UPI,15,SUCCESS,,0
TXN_0004550,CUST_00450,LOW_RELIABILITY,0.35,781.46,853.55,CARD,12,FAILED,NETWORK_TIMEOUT,0
TXN_0004551,CUST_00450,LOW_RELIABILITY,0.35,781.46,427.17,UPI,2,FAILED,AUTHENTICATION_FAILURE,0
TXN_0004552,CUST_00450,LOW_RELIABILITY,0.35,781.46,890.84,UPI,16,SUCCESS,,0
TXN_0004553,CUST_00450,LOW_RELIABILITY,0.35,781.46,501.59,UPI,16,SUCCESS,,0
TXN_0004554,CUST_00450,LOW_RELIABILITY,0.35,781.46,1113.69,WALLET,0,SUCCESS,,0
TXN_0004555,CUST_00450,LOW_RELIABILITY,0.35,781.46,1512.23,WALLET,0,FAILED,INSUFFICIENT_FUNDS,3
TXN_0004556,CUST_00451,MEDIUM_RELIABILITY,0.7,752.06,493.12,CARD,17,FAILED,USER_ABANDONMENT,0
TXN_0004557,CUST_00451,MEDIUM_RELIABILITY,0.7,752.06,912.76,CARD,11,SUCCESS,,0
TXN_0004558,CUST_00451,MEDIUM_RELIABILITY,0.7,752.06,533.44,NET_BANKING,0,SUCCESS,,0
TXN_0004559,CUST_00451,MEDIUM_RELIABILITY,0.7,752.06,1065.2,UPI,4,SUCCESS,,0
TXN_0004560,CUST_00451,MEDIUM_RELIABILITY,0.7,752.06,371.44,UPI,8,SUCCESS,,0
TXN_0004561,CUST_00451,MEDIUM_RELIABILITY,0.7,752.06,896.63,CARD,13,FAILED,AUTHENTICATION_FAILURE,2
TXN_0004562,CUST_00451,MEDIUM_RELIABILITY,0.7,752.06,489.44,UPI,16,FAILED,AUTHENTICATION_FAILURE,2
TXN_0004563,CUST_00451,MEDIUM_RELIABILITY,0.7,752.06,689.79,UPI,13,SUCCESS,,0
TXN_0004564,CUST_00451,MEDIUM_RELIABILITY,0.7,752.06,441.9,CARD,12,SUCCESS,,0
TXN_0004565,CUST_00451,MEDIUM_RELIABILITY,0.7,752.06,999.44,CARD,14,SUCCESS,,0
TXN_0004566,CUST_00451,MEDIUM_RELIABILITY,0.7,752.06,500.28,WALLET,20,FAILED,TECHNICAL_ERROR,2
TXN_0004567,CUST_00451,MEDIUM_RELIABILITY,0.7,752.06,918.1,UPI,4,FAILED,INSUFFICIENT_FUNDS,1
TXN_0004568,CUST_00452,MEDIUM_RELIABILITY,0.69,6038.89,5207.7,UPI,8,SUCCESS,,0
TXN_0004569,CUST_00452,MEDIUM_RELIABILITY,0.69,6038.89,5762.38,NET_BANKING,8,FAILED,AUTHENTICATION_FAILURE,0
TXN_0004570,CUST_00452,MEDIUM_RELIABILITY,0.69,6038.89,6395.8,UPI,11,FAILED,NETWORK_TIMEOUT,1
TXN_0004571,CUST_00452,MEDIUM_RELIABILITY,0.69,6038.89,4198.66,NET_BANKING,2,FAILED,TECHNICAL_ERROR,0
TXN_0004572,CUST_00452,MEDIUM_RELIABILITY,0.69,6038.89,6547.04,CARD,14,FAILED,INSUFFICIENT_FUNDS,1
TXN_0004573,CUST_00452,MEDIUM_RELIABILITY,0.69,6038.89,9735.5,CARD,15,SUCCESS,,0
TXN_0004574,CUST_00452,MEDIUM_RELIABILITY,0.69,6038.89,4159.36,CARD,2,SUCCESS,,0
TXN_0004575,CUST_00452,MEDIUM_RELIABILITY,0.69,6038.89,8869.46,WALLET,12,SUCCESS,,0
TXN_0004576,CUST_00452,MEDIUM_RELIABILITY,0.69,6038.89,9657.63,UPI,9,SUCCESS,,0
TXN_0004577,CUST_00452,MEDIUM_RELIABILITY,0.69,6038.89,4067.42,CARD,5,SUCCESS,,0
TXN_0004578,CUST_00452,MEDIUM_RELIABILITY,0.69,6038.89,2524.12,UPI,17,SUCCESS,,0
TXN_0004579,CUST_00452,MEDIUM_RELIABILITY,0.69,6038.89,6768.29,CARD,2,SUCCESS,,0
TXN_0004580,CUST_00452,MEDIUM_RELIABILITY,0.69,6038.89,4716.6,UPI,0,SUCCESS,,0
TXN_0004581,CUST_00453,HIGH_RELIABILITY,0.93,13497.4,23585.91,NET_BANKING,2,SUCCESS,,0
TXN_0004582,CUST_00453,HIGH_RELIABILITY,0.93,13497.4,13685.32,UPI,7,SUCCESS,,0
TXN_0004583,CUST_00453,HIGH_RELIABILITY,0.93,13497.4,9166.36,UPI,22,SUCCESS,,0
TXN_0004584,CUST_00453,HIGH_RELIABILITY,0.93,13497.4,7303.93,UPI,19,SUCCESS,,0
TXN_0004585,CUST_00453,HIGH_RELIABILITY,0.93,13497.4,19381.75,WALLET,10,SUCCESS,,0
TXN_0004586,CUST_00454,MEDIUM_RELIABILITY,0.83,3747.26,2891.11,NET_BANKING,8,SUCCESS,,0
TXN_0004587,CUST_00454,MEDIUM_RELIABILITY,0.83,3747.26,3812.96,UPI,7,SUCCESS,,0
TXN_0004588,CUST_00454,MEDIUM_RELIABILITY,0.83,3747.26,5179.92,UPI,22,SUCCESS,,0
TXN_0004589,CUST_00454,MEDIUM_RELIABILITY,0.83,3747.26,3021.4,CARD,16,FAILED,USER_ABANDONMENT,0
TXN_0004590,CUST_00454,MEDIUM_RELIABILITY,0.83,3747.26,3678.42,CARD,16,SUCCESS,,0
TXN_0004591,CUST_00454,MEDIUM_RELIABILITY,0.83,3747.26,3722.43,NET_BANKING,11,SUCCESS,,0
TXN_0004592,CUST_00454,MEDIUM_RELIABILITY,0.83,3747.26,4771.5,UPI,8,SUCCESS,,0
TXN_0004593,CUST_00454,MEDIUM_RELIABILITY,0.83,3747.26,4632.73,WALLET,8,SUCCESS,,0
TXN_0004594,CUST_00454,MEDIUM_RELIABILITY,0.83,3747.26,3417.33,UPI,17,SUCCESS,,0
TXN_0004595,CUST_00454,MEDIUM_RELIABILITY,0.83,3747.26,3842.66,CARD,11,SUCCESS,,0
TXN_0004596,CUST_00454,MEDIUM_RELIABILITY,0.83,3747.26,3190.0,CARD,19,SUCCESS,,0
TXN_0004597,CUST_00454,MEDIUM_RELIABILITY,0.83,3747.26,1532.46,CARD,17,FAILED,INSUFFICIENT_FUNDS,1
TXN_0004598,CUST_00454,MEDIUM_RELIABILITY,0.83,3747.26,4133.38,WALLET,23,SUCCESS,,0
TXN_0004599,CUST_00455,MEDIUM_RELIABILITY,0.71,4107.08,7215.63,CARD,3,FAILED,INSUFFICIENT_FUNDS,0
TXN_0004600,CUST_00455,MEDIUM_RELIABILITY,0.71,4107.08,2655.28,CARD,17,SUCCESS,,0
TXN_0004601,CUST_00455,MEDIUM_RELIABILITY,0.71,4107.08,2837.12,NET_BANKING,18,SUCCESS,,0
TXN_0004602,CUST_00455,MEDIUM_RELIABILITY,0.71,4107.08,2676.62,WALLET,16,SUCCESS,,0
TXN_0004603,CUST_00455,MEDIUM_RELIABILITY,0.71,4107.08,5297.46,UPI,22,SUCCESS,,0
TXN_0004604,CUST_00455,MEDIUM_RELIABILITY,0.71,4107.08,4843.87,UPI,10,SUCCESS,,0
TXN_0004605,CUST_00455,MEDIUM_RELIABILITY,0.71,4107.08,3846.63,CARD,15,FAILED,USER_ABANDONMENT,1
TXN_0004606,CUST_00455,MEDIUM_RELIABILITY,0.71,4107.08,2598.93,UPI,7,FAILED,TEMPORARY_BANK_ERROR,1
TXN_0004607,CUST_00456,HIGH_RELIABILITY,0.94,4752.89,4928.51,CARD,12,SUCCESS,,0
TXN_0004608,CUST_00456,HIGH_RELIABILITY,0.94,4752.89,1778.3,UPI,4,SUCCESS,,0
TXN_0004609,CUST_00456,HIGH_RELIABILITY,0.94,4752.89,5025.57,NET_BANKING,20,SUCCESS,,0
TXN_0004610,CUST_00456,HIGH_RELIABILITY,0.94,4752.89,6409.79,UPI,16,SUCCESS,,0
TXN_0004611,CUST_00456,HIGH_RELIABILITY,0.94,4752.89,2374.17,CARD,3,SUCCESS,,0
TXN_0004612,CUST_00456,HIGH_RELIABILITY,0.94,4752.89,1839.33,UPI,20,SUCCESS,,0
TXN_0004613,CUST_00456,HIGH_RELIABILITY,0.94,4752.89,7755.65,CARD,12,SUCCESS,,0
TXN_0004614,CUST_00456,HIGH_RELIABILITY,0.94,4752.89,3589.84,UPI,18,SUCCESS,,0
TXN_0004615,CUST_00456,HIGH_RELIABILITY,0.94,4752.89,6912.5,UPI,16,SUCCESS,,0
TXN_0004616,CUST_00456,HIGH_RELIABILITY,0.94,4752.89,4460.12,CARD,17,SUCCESS,,0
TXN_0004617,CUST_00456,HIGH_RELIABILITY,0.94,4752.89,4444.99,UPI,3,FAILED,TEMPORARY_BANK_ERROR,0
TXN_0004618,CUST_00456,HIGH_RELIABILITY,0.94,4752.89,5586.38,UPI,0,FAILED,AUTHENTICATION_FAILURE,0
TXN_0004619,CUST_00456,HIGH_RELIABILITY,0.94,4752.89,3072.27,UPI,3,FAILED,TEMPORARY_BANK_ERROR,1
TXN_0004620,CUST_00456,HIGH_RELIABILITY,0.94,4752.89,5004.79,CARD,17,SUCCESS,,0
TXN_0004621,CUST_00457,HIGH_RELIABILITY,0.95,6731.76,5704.52,CARD,12,SUCCESS,,0
TXN_0004622,CUST_00457,HIGH_RELIABILITY,0.95,6731.76,3176.06,CARD,9,SUCCESS,,0
TXN_0004623,CUST_00457,HIGH_RELIABILITY,0.95,6731.76,7640.5,UPI,2,SUCCESS,,0
TXN_0004624,CUST_00457,HIGH_RELIABILITY,0.95,6731.76,6022.75,WALLET,7,SUCCESS,,0
TXN_0004625,CUST_00457,HIGH_RELIABILITY,0.95,6731.76,6308.94,UPI,10,SUCCESS,,0
TXN_0004626,CUST_00457,HIGH_RELIABILITY,0.95,6731.76,3473.15,CARD,2,SUCCESS,,0
TXN_0004627,CUST_00457,HIGH_RELIABILITY,0.95,6731.76,11016.93,NET_BANKING,15,SUCCESS,,0
TXN_0004628,CUST_00457,HIGH_RELIABILITY,0.95,6731.76,9092.49,NET_BANKING,17,SUCCESS,,0
TXN_0004629,CUST_00457,HIGH_RELIABILITY,0.95,6731.76,9327.95,UPI,9,SUCCESS,,0
TXN_0004630,CUST_00457,HIGH_RELIABILITY,0.95,6731.76,5909.29,WALLET,10,SUCCESS,,0
TXN_0004631,CUST_00457,HIGH_RELIABILITY,0.95,6731.76,2075.58,NET_BANKING,1,FAILED,AUTHENTICATION_FAILURE,3
TXN_0004632,CUST_00457,HIGH_RELIABILITY,0.95,6731.76,11990.39,CARD,12,SUCCESS,,0
TXN_0004633,CUST_00457,HIGH_RELIABILITY,0.95,6731.76,6567.24,UPI,8,SUCCESS,,0
TXN_0004634,CUST_00457,HIGH_RELIABILITY,0.95,6731.76,4715.46,WALLET,18,SUCCESS,,0
TXN_0004635,CUST_00457,HIGH_RELIABILITY,0.95,6731.76,7854.08,NET_BANKING,10,FAILED,AUTHENTICATION_FAILURE,0
TXN_0004636,CUST_00458,MEDIUM_RELIABILITY,0.77,4643.2,6810.87,UPI,8,FAILED,TEMPORARY_BANK_ERROR,1
TXN_0004637,CUST_00458,MEDIUM_RELIABILITY,0.77,4643.2,4600.39,WALLET,9,SUCCESS,,0
TXN_0004638,CUST_00458,MEDIUM_RELIABILITY,0.77,4643.2,7017.87,CARD,22,SUCCESS,,0
TXN_0004639,CUST_00458,MEDIUM_RELIABILITY,0.77,4643.2,6654.63,WALLET,7,SUCCESS,,0
TXN_0004640,CUST_00458,MEDIUM_RELIABILITY,0.77,4643.2,2644.06,UPI,14,SUCCESS,,0
TXN_0004641,CUST_00458,MEDIUM_RELIABILITY,0.77,4643.2,3391.78,UPI,19,SUCCESS,,0
TXN_0004642,CUST_00458,MEDIUM_RELIABILITY,0.77,4643.2,6421.61,WALLET,8,SUCCESS,,0
TXN_0004643,CUST_00458,MEDIUM_RELIABILITY,0.77,4643.2,100.0,CARD,16,SUCCESS,,0
TXN_0004644,CUST_00458,MEDIUM_RELIABILITY,0.77,4643.2,4365.62,UPI,17,SUCCESS,,0
TXN_0004645,CUST_00458,MEDIUM_RELIABILITY,0.77,4643.2,1985.75,UPI,17,FAILED,INSUFFICIENT_FUNDS,0
TXN_0004646,CUST_00458,MEDIUM_RELIABILITY,0.77,4643.2,3758.11,CARD,18,SUCCESS,,0
TXN_0004647,CUST_00458,MEDIUM_RELIABILITY,0.77,4643.2,4088.21,UPI,19,SUCCESS,,0
TXN_0004648,CUST_00458,MEDIUM_RELIABILITY,0.77,4643.2,3977.84,UPI,7,SUCCESS,,0
TXN_0004649,CUST_00458,MEDIUM_RELIABILITY,0.77,4643.2,3617.5,CARD,16,SUCCESS,,0
TXN_0004650,CUST_00458,MEDIUM_RELIABILITY,0.77,4643.2,2605.5,CARD,15,SUCCESS,,0
TXN_0004651,CUST_00459,MEDIUM_RELIABILITY,0.71,9510.31,18229.02,CARD,15,SUCCESS,,0
TXN_0004652,CUST_00459,MEDIUM_RELIABILITY,0.71,9510.31,16614.37,UPI,0,SUCCESS,,0
TXN_0004653,CUST_00459,MEDIUM_RELIABILITY,0.71,9510.31,5089.67,CARD,5,SUCCESS,,0
TXN_0004654,CUST_00459,MEDIUM_RELIABILITY,0.71,9510.31,15528.88,NET_BANKING,18,SUCCESS,,0
TXN_0004655,CUST_00459,MEDIUM_RELIABILITY,0.71,9510.31,7990.69,UPI,22,SUCCESS,,0
TXN_0004656,CUST_00459,MEDIUM_RELIABILITY,0.71,9510.31,10001.76,UPI,2,FAILED,USER_ABANDONMENT,1
TXN_0004657,CUST_00459,MEDIUM_RELIABILITY,0.71,9510.31,9269.61,UPI,20,SUCCESS,,0
TXN_0004658,CUST_00459,MEDIUM_RELIABILITY,0.71,9510.31,7000.54,CARD,5,SUCCESS,,0
TXN_0004659,CUST_00459,MEDIUM_RELIABILITY,0.71,9510.31,13253.01,UPI,2,SUCCESS,,0
TXN_0004660,CUST_00459,MEDIUM_RELIABILITY,0.71,9510.31,9989.2,UPI,18,SUCCESS,,0
TXN_0004661,CUST_00459,MEDIUM_RELIABILITY,0.71,9510.31,7697.45,UPI,2,SUCCESS,,0
TXN_0004662,CUST_00459,MEDIUM_RELIABILITY,0.71,9510.31,4547.49,UPI,16,SUCCESS,,0
TXN_0004663,CUST_00459,MEDIUM_RELIABILITY,0.71,9510.31,6110.96,WALLET,14,SUCCESS,,0
TXN_0004664,CUST_00459,MEDIUM_RELIABILITY,0.71,9510.31,3266.3,UPI,2,SUCCESS,,0
TXN_0004665,CUST_00459,MEDIUM_RELIABILITY,0.71,9510.31,9556.81,UPI,9,SUCCESS,,0
TXN_0004666,CUST_00460,LOW_RELIABILITY,0.57,1152.77,600.98,NET_BANKING,3,SUCCESS,,0
TXN_0004667,CUST_00460,LOW_RELIABILITY,0.57,1152.77,1030.32,NET_BANKING,20,SUCCESS,,0
TXN_0004668,CUST_00460,LOW_RELIABILITY,0.57,1152.77,1784.53,UPI,19,SUCCESS,,0
TXN_0004669,CUST_00460,LOW_RELIABILITY,0.57,1152.77,1705.78,UPI,4,SUCCESS,,0
TXN_0004670,CUST_00460,LOW_RELIABILITY,0.57,1152.77,1137.89,UPI,4,SUCCESS,,0
TXN_0004671,CUST_00460,LOW_RELIABILITY,0.57,1152.77,1112.61,CARD,16,SUCCESS,,0
TXN_0004672,CUST_00460,LOW_RELIABILITY,0.57,1152.77,2019.6,UPI,22,SUCCESS,,0
TXN_0004673,CUST_00461,MEDIUM_RELIABILITY,0.84,5130.6,6199.32,CARD,11,SUCCESS,,0
TXN_0004674,CUST_00461,MEDIUM_RELIABILITY,0.84,5130.6,4457.86,UPI,17,SUCCESS,,0
TXN_0004675,CUST_00461,MEDIUM_RELIABILITY,0.84,5130.6,2204.07,UPI,15,SUCCESS,,0
TXN_0004676,CUST_00461,MEDIUM_RELIABILITY,0.84,5130.6,5938.92,UPI,13,SUCCESS,,0
TXN_0004677,CUST_00461,MEDIUM_RELIABILITY,0.84,5130.6,6832.57,UPI,18,FAILED,USER_ABANDONMENT,0
TXN_0004678,CUST_00461,MEDIUM_RELIABILITY,0.84,5130.6,3834.3,NET_BANKING,22,SUCCESS,,0
TXN_0004679,CUST_00461,MEDIUM_RELIABILITY,0.84,5130.6,5728.22,WALLET,1,FAILED,NETWORK_TIMEOUT,2
TXN_0004680,CUST_00461,MEDIUM_RELIABILITY,0.84,5130.6,4384.46,NET_BANKING,13,SUCCESS,,0
TXN_0004681,CUST_00461,MEDIUM_RELIABILITY,0.84,5130.6,4752.92,UPI,5,SUCCESS,,0
TXN_0004682,CUST_00462,HIGH_RELIABILITY,0.98,12197.97,100.0,UPI,15,SUCCESS,,0
TXN_0004683,CUST_00462,HIGH_RELIABILITY,0.98,12197.97,11115.86,CARD,17,SUCCESS,,0
TXN_0004684,CUST_00462,HIGH_RELIABILITY,0.98,12197.97,16927.71,NET_BANKING,8,FAILED,TEMPORARY_BANK_ERROR,0
TXN_0004685,CUST_00462,HIGH_RELIABILITY,0.98,12197.97,9117.24,WALLET,16,SUCCESS,,0
TXN_0004686,CUST_00462,HIGH_RELIABILITY,0.98,12197.97,12454.26,CARD,22,SUCCESS,,0
TXN_0004687,CUST_00462,HIGH_RELIABILITY,0.98,12197.97,8509.54,UPI,13,SUCCESS,,0
TXN_0004688,CUST_00462,HIGH_RELIABILITY,0.98,12197.97,13956.63,WALLET,17,SUCCESS,,0
TXN_0004689,CUST_00463,HIGH_RELIABILITY,0.93,1314.57,1200.72,UPI,2,FAILED,NETWORK_TIMEOUT,0
TXN_0004690,CUST_00463,HIGH_RELIABILITY,0.93,1314.57,820.69,CARD,1,FAILED,INSUFFICIENT_FUNDS,3
TXN_0004691,CUST_00463,HIGH_RELIABILITY,0.93,1314.57,2015.26,CARD,14,SUCCESS,,0
TXN_0004692,CUST_00463,HIGH_RELIABILITY,0.93,1314.57,1803.03,UPI,21,SUCCESS,,0
TXN_0004693,CUST_00463,HIGH_RELIABILITY,0.93,1314.57,996.49,UPI,2,SUCCESS,,0
TXN_0004694,CUST_00463,HIGH_RELIABILITY,0.93,1314.57,1576.32,UPI,11,SUCCESS,,0
TXN_0004695,CUST_00463,HIGH_RELIABILITY,0.93,1314.57,1597.16,NET_BANKING,14,FAILED,INSUFFICIENT_FUNDS,0
TXN_0004696,CUST_00463,HIGH_RELIABILITY,0.93,1314.57,1652.31,UPI,2,SUCCESS,,0
TXN_0004697,CUST_00463,HIGH_RELIABILITY,0.93,1314.57,423.68,CARD,21,FAILED,TECHNICAL_ERROR,0
TXN_0004698,CUST_00463,HIGH_RELIABILITY,0.93,1314.57,1843.87,CARD,20,FAILED,INSUFFICIENT_FUNDS,1
TXN_0004699,CUST_00464,HIGH_RELIABILITY,0.91,8582.88,6627.02,CARD,22,SUCCESS,,0
TXN_0004700,CUST_00464,HIGH_RELIABILITY,0.91,8582.88,7354.4,NET_BANKING,4,SUCCESS,,0
TXN_0004701,CUST_00464,HIGH_RELIABILITY,0.91,8582.88,17639.13,CARD,13,SUCCESS,,0
TXN_0004702,CUST_00464,HIGH_RELIABILITY,0.91,8582.88,9619.26,CARD,13,SUCCESS,,0
TXN_0004703,CUST_00464,HIGH_RELIABILITY,0.91,8582.88,7256.58,CARD,8,SUCCESS,,0
TXN_0004704,CUST_00464,HIGH_RELIABILITY,0.91,8582.88,1011.77,NET_BANKING,13,SUCCESS,,0
TXN_0004705,CUST_00464,HIGH_RELIABILITY,0.91,8582.88,13354.15,UPI,19,SUCCESS,,0
TXN_0004706,CUST_00464,HIGH_RELIABILITY,0.91,8582.88,3964.57,CARD,4,SUCCESS,,0
TXN_0004707,CUST_00464,HIGH_RELIABILITY,0.91,8582.88,5137.92,UPI,9,SUCCESS,,0
TXN_0004708,CUST_00464,HIGH_RELIABILITY,0.91,8582.88,7445.3,UPI,23,SUCCESS,,0
TXN_0004709,CUST_00464,HIGH_RELIABILITY,0.91,8582.88,13445.64,UPI,10,FAILED,NETWORK_TIMEOUT,0
TXN_0004710,CUST_00464,HIGH_RELIABILITY,0.91,8582.88,11237.53,CARD,7,SUCCESS,,0
TXN_0004711,CUST_00464,HIGH_RELIABILITY,0.91,8582.88,8041.0,UPI,9,SUCCESS,,0
TXN_0004712,CUST_00465,MEDIUM_RELIABILITY,0.79,2949.93,3313.71,UPI,16,SUCCESS,,0
TXN_0004713,CUST_00465,MEDIUM_RELIABILITY,0.79,2949.93,2241.49,NET_BANKING,10,SUCCESS,,0
TXN_0004714,CUST_00465,MEDIUM_RELIABILITY,0.79,2949.93,3114.72,UPI,16,FAILED,USER_ABANDONMENT,3
TXN_0004715,CUST_00465,MEDIUM_RELIABILITY,0.79,2949.93,3036.47,UPI,23,SUCCESS,,0
TXN_0004716,CUST_00465,MEDIUM_RELIABILITY,0.79,2949.93,4093.05,UPI,17,SUCCESS,,0
TXN_0004717,CUST_00465,MEDIUM_RELIABILITY,0.79,2949.93,4091.17,CARD,8,SUCCESS,,0
TXN_0004718,CUST_00465,MEDIUM_RELIABILITY,0.79,2949.93,3532.81,WALLET,16,FAILED,NETWORK_TIMEOUT,0
TXN_0004719,CUST_00465,MEDIUM_RELIABILITY,0.79,2949.93,2522.37,NET_BANKING,12,SUCCESS,,0
TXN_0004720,CUST_00465,MEDIUM_RELIABILITY,0.79,2949.93,3825.26,NET_BANKING,20,SUCCESS,,0
TXN_0004721,CUST_00465,MEDIUM_RELIABILITY,0.79,2949.93,2841.41,UPI,4,SUCCESS,,0
TXN_0004722,CUST_00466,MEDIUM_RELIABILITY,0.68,8431.84,4782.83,UPI,14,SUCCESS,,0
TXN_0004723,CUST_00466,MEDIUM_RELIABILITY,0.68,8431.84,7071.66,WALLET,22,FAILED,NETWORK_TIMEOUT,1
TXN_0004724,CUST_00466,MEDIUM_RELIABILITY,0.68,8431.84,8716.93,UPI,11,SUCCESS,,0
TXN_0004725,CUST_00466,MEDIUM_RELIABILITY,0.68,8431.84,11501.76,UPI,18,FAILED,USER_ABANDONMENT,0
TXN_0004726,CUST_00466,MEDIUM_RELIABILITY,0.68,8431.84,7812.85,CARD,10,SUCCESS,,0
TXN_0004727,CUST_00466,MEDIUM_RELIABILITY,0.68,8431.84,4353.53,UPI,1,SUCCESS,,0
TXN_0004728,CUST_00466,MEDIUM_RELIABILITY,0.68,8431.84,8623.21,CARD,23,FAILED,TECHNICAL_ERROR,0
TXN_0004729,CUST_00466,MEDIUM_RELIABILITY,0.68,8431.84,8814.5,UPI,2,SUCCESS,,0
TXN_0004730,CUST_00466,MEDIUM_RELIABILITY,0.68,8431.84,9058.62,CARD,16,SUCCESS,,0
TXN_0004731,CUST_00466,MEDIUM_RELIABILITY,0.68,8431.84,11534.32,UPI,21,FAILED,NETWORK_TIMEOUT,0
TXN_0004732,CUST_00467,MEDIUM_RELIABILITY,0.87,5494.06,7733.27,CARD,1,SUCCESS,,0
TXN_0004733,CUST_00467,MEDIUM_RELIABILITY,0.87,5494.06,4188.21,UPI,20,FAILED,AUTHENTICATION_FAILURE,0
TXN_0004734,CUST_00467,MEDIUM_RELIABILITY,0.87,5494.06,4140.01,UPI,8,SUCCESS,,0
TXN_0004735,CUST_00467,MEDIUM_RELIABILITY,0.87,5494.06,3208.09,UPI,5,SUCCESS,,0
TXN_0004736,CUST_00467,MEDIUM_RELIABILITY,0.87,5494.06,7029.79,NET_BANKING,21,FAILED,NETWORK_TIMEOUT,0
TXN_0004737,CUST_00467,MEDIUM_RELIABILITY,0.87,5494.06,8678.02,NET_BANKING,18,SUCCESS,,0
TXN_0004738,CUST_00467,MEDIUM_RELIABILITY,0.87,5494.06,4801.63,WALLET,0,SUCCESS,,0
TXN_0004739,CUST_00467,MEDIUM_RELIABILITY,0.87,5494.06,4963.49,UPI,22,SUCCESS,,0
TXN_0004740,CUST_00467,MEDIUM_RELIABILITY,0.87,5494.06,8717.5,UPI,3,SUCCESS,,0
TXN_0004741,CUST_00467,MEDIUM_RELIABILITY,0.87,5494.06,6605.09,NET_BANKING,5,SUCCESS,,0
TXN_0004742,CUST_00467,MEDIUM_RELIABILITY,0.87,5494.06,6452.74,UPI,20,SUCCESS,,0
TXN_0004743,CUST_00467,MEDIUM_RELIABILITY,0.87,5494.06,2876.87,CARD,14,SUCCESS,,0
TXN_0004744,CUST_00468,HIGH_RELIABILITY,0.9,4812.3,6118.8,UPI,14,SUCCESS,,0
TXN_0004745,CUST_00468,HIGH_RELIABILITY,0.9,4812.3,3023.79,WALLET,15,FAILED,NETWORK_TIMEOUT,0
TXN_0004746,CUST_00468,HIGH_RELIABILITY,0.9,4812.3,2629.4,UPI,19,SUCCESS,,0
TXN_0004747,CUST_00468,HIGH_RELIABILITY,0.9,4812.3,4144.79,WALLET,22,SUCCESS,,0
TXN_0004748,CUST_00468,HIGH_RELIABILITY,0.9,4812.3,3684.7,CARD,20,FAILED,TEMPORARY_BANK_ERROR,1
TXN_0004749,CUST_00468,HIGH_RELIABILITY,0.9,4812.3,4385.74,UPI,0,SUCCESS,,0
TXN_0004750,CUST_00468,HIGH_RELIABILITY,0.9,4812.3,2038.53,UPI,21,SUCCESS,,0
TXN_0004751,CUST_00468,HIGH_RELIABILITY,0.9,4812.3,6657.94,WALLET,23,FAILED,AUTHENTICATION_FAILURE,0
TXN_0004752,CUST_00468,HIGH_RELIABILITY,0.9,4812.3,6983.01,UPI,11,SUCCESS,,0
TXN_0004753,CUST_00468,HIGH_RELIABILITY,0.9,4812.3,1063.82,UPI,6,SUCCESS,,0
TXN_0004754,CUST_00468,HIGH_RELIABILITY,0.9,4812.3,6695.75,CARD,22,SUCCESS,,0
TXN_0004755,CUST_00468,HIGH_RELIABILITY,0.9,4812.3,3252.1,UPI,2,SUCCESS,,0
TXN_0004756,CUST_00468,HIGH_RELIABILITY,0.9,4812.3,6461.91,CARD,3,SUCCESS,,0
TXN_0004757,CUST_00468,HIGH_RELIABILITY,0.9,4812.3,4680.55,WALLET,10,SUCCESS,,0
TXN_0004758,CUST_00469,HIGH_RELIABILITY,0.88,13800.18,13959.02,NET_BANKING,17,SUCCESS,,0
TXN_0004759,CUST_00469,HIGH_RELIABILITY,0.88,13800.18,12778.43,NET_BANKING,7,SUCCESS,,0
TXN_0004760,CUST_00469,HIGH_RELIABILITY,0.88,13800.18,20491.22,CARD,10,FAILED,NETWORK_TIMEOUT,0
TXN_0004761,CUST_00469,HIGH_RELIABILITY,0.88,13800.18,6957.56,UPI,15,SUCCESS,,0
TXN_0004762,CUST_00469,HIGH_RELIABILITY,0.88,13800.18,17155.5,CARD,20,FAILED,INSUFFICIENT_FUNDS,2
TXN_0004763,CUST_00469,HIGH_RELIABILITY,0.88,13800.18,19879.6,WALLET,17,FAILED,INSUFFICIENT_FUNDS,1
TXN_0004764,CUST_00469,HIGH_RELIABILITY,0.88,13800.18,17754.43,CARD,1,SUCCESS,,0
TXN_0004765,CUST_00469,HIGH_RELIABILITY,0.88,13800.18,26632.69,NET_BANKING,15,SUCCESS,,0
TXN_0004766,CUST_00469,HIGH_RELIABILITY,0.88,13800.18,10880.36,CARD,4,SUCCESS,,0
TXN_0004767,CUST_00469,HIGH_RELIABILITY,0.88,13800.18,19084.57,WALLET,21,SUCCESS,,0
TXN_0004768,CUST_00469,HIGH_RELIABILITY,0.88,13800.18,13214.55,NET_BANKING,9,SUCCESS,,0
TXN_0004769,CUST_00469,HIGH_RELIABILITY,0.88,13800.18,20608.67,WALLET,11,SUCCESS,,0
TXN_0004770,CUST_00469,HIGH_RELIABILITY,0.88,13800.18,13757.74,UPI,12,SUCCESS,,0
TXN_0004771,CUST_00469,HIGH_RELIABILITY,0.88,13800.18,11659.08,UPI,5,SUCCESS,,0
TXN_0004772,CUST_00470,LOW_RELIABILITY,0.38,4120.31,6272.88,UPI,20,FAILED,TEMPORARY_BANK_ERROR,0
TXN_0004773,CUST_00470,LOW_RELIABILITY,0.38,4120.31,3310.15,WALLET,10,FAILED,USER_ABANDONMENT,0
TXN_0004774,CUST_00470,LOW_RELIABILITY,0.38,4120.31,1791.96,UPI,17,FAILED,INSUFFICIENT_FUNDS,1
TXN_0004775,CUST_00470,LOW_RELIABILITY,0.38,4120.31,3268.48,CARD,18,SUCCESS,,0
TXN_0004776,CUST_00470,LOW_RELIABILITY,0.38,4120.31,5140.55,UPI,7,FAILED,USER_ABANDONMENT,0
TXN_0004777,CUST_00471,MEDIUM_RELIABILITY,0.71,5764.69,8974.56,CARD,20,SUCCESS,,0
TXN_0004778,CUST_00471,MEDIUM_RELIABILITY,0.71,5764.69,6020.94,UPI,21,FAILED,TEMPORARY_BANK_ERROR,1
TXN_0004779,CUST_00471,MEDIUM_RELIABILITY,0.71,5764.69,8804.29,WALLET,17,SUCCESS,,0
TXN_0004780,CUST_00471,MEDIUM_RELIABILITY,0.71,5764.69,2632.91,CARD,7,FAILED,USER_ABANDONMENT,0
TXN_0004781,CUST_00471,MEDIUM_RELIABILITY,0.71,5764.69,4742.58,UPI,14,FAILED,TEMPORARY_BANK_ERROR,2
TXN_0004782,CUST_00472,MEDIUM_RELIABILITY,0.79,8382.55,7414.95,NET_BANKING,10,SUCCESS,,0
TXN_0004783,CUST_00472,MEDIUM_RELIABILITY,0.79,8382.55,7998.43,WALLET,14,SUCCESS,,0
TXN_0004784,CUST_00472,MEDIUM_RELIABILITY,0.79,8382.55,8664.52,NET_BANKING,18,SUCCESS,,0
TXN_0004785,CUST_00472,MEDIUM_RELIABILITY,0.79,8382.55,10699.19,WALLET,14,SUCCESS,,0
TXN_0004786,CUST_00472,MEDIUM_RELIABILITY,0.79,8382.55,6891.1,CARD,5,FAILED,INSUFFICIENT_FUNDS,0
TXN_0004787,CUST_00472,MEDIUM_RELIABILITY,0.79,8382.55,8848.72,UPI,5,SUCCESS,,0
TXN_0004788,CUST_00472,MEDIUM_RELIABILITY,0.79,8382.55,8231.25,UPI,7,SUCCESS,,0
TXN_0004789,CUST_00472,MEDIUM_RELIABILITY,0.79,8382.55,5278.02,NET_BANKING,5,SUCCESS,,0
TXN_0004790,CUST_00472,MEDIUM_RELIABILITY,0.79,8382.55,8001.42,NET_BANKING,4,SUCCESS,,0
TXN_0004791,CUST_00473,MEDIUM_RELIABILITY,0.7,604.46,569.73,CARD,2,FAILED,TECHNICAL_ERROR,2
TXN_0004792,CUST_00473,MEDIUM_RELIABILITY,0.7,604.46,564.55,CARD,4,FAILED,NETWORK_TIMEOUT,0
TXN_0004793,CUST_00473,MEDIUM_RELIABILITY,0.7,604.46,612.14,UPI,5,FAILED,USER_ABANDONMENT,0
TXN_0004794,CUST_00473,MEDIUM_RELIABILITY,0.7,604.46,622.76,UPI,22,SUCCESS,,0
TXN_0004795,CUST_00473,MEDIUM_RELIABILITY,0.7,604.46,499.94,UPI,19,SUCCESS,,0
TXN_0004796,CUST_00473,MEDIUM_RELIABILITY,0.7,604.46,912.18,UPI,11,SUCCESS,,0
TXN_0004797,CUST_00473,MEDIUM_RELIABILITY,0.7,604.46,321.7,CARD,3,SUCCESS,,0
TXN_0004798,CUST_00473,MEDIUM_RELIABILITY,0.7,604.46,430.14,WALLET,23,FAILED,NETWORK_TIMEOUT,0
TXN_0004799,CUST_00473,MEDIUM_RELIABILITY,0.7,604.46,1276.61,UPI,3,SUCCESS,,0
TXN_0004800,CUST_00473,MEDIUM_RELIABILITY,0.7,604.46,353.49,UPI,11,SUCCESS,,0
TXN_0004801,CUST_00474,LOW_RELIABILITY,0.39,6320.13,2897.77,UPI,18,SUCCESS,,0
TXN_0004802,CUST_00474,LOW_RELIABILITY,0.39,6320.13,8176.93,CARD,14,SUCCESS,,0
TXN_0004803,CUST_00474,LOW_RELIABILITY,0.39,6320.13,1069.06,CARD,22,SUCCESS,,0
TXN_0004804,CUST_00474,LOW_RELIABILITY,0.39,6320.13,5725.35,UPI,16,FAILED,TEMPORARY_BANK_ERROR,3
TXN_0004805,CUST_00474,LOW_RELIABILITY,0.39,6320.13,11744.89,UPI,7,FAILED,USER_ABANDONMENT,1
TXN_0004806,CUST_00474,LOW_RELIABILITY,0.39,6320.13,2414.45,NET_BANKING,2,FAILED,NETWORK_TIMEOUT,2
TXN_0004807,CUST_00474,LOW_RELIABILITY,0.39,6320.13,1309.62,CARD,18,FAILED,TEMPORARY_BANK_ERROR,0
TXN_0004808,CUST_00474,LOW_RELIABILITY,0.39,6320.13,2530.12,UPI,9,SUCCESS,,0
TXN_0004809,CUST_00474,LOW_RELIABILITY,0.39,6320.13,8591.23,CARD,16,FAILED,AUTHENTICATION_FAILURE,0
TXN_0004810,CUST_00474,LOW_RELIABILITY,0.39,6320.13,9163.62,UPI,5,FAILED,INSUFFICIENT_FUNDS,0
TXN_0004811,CUST_00474,LOW_RELIABILITY,0.39,6320.13,5024.28,CARD,7,FAILED,TECHNICAL_ERROR,0
TXN_0004812,CUST_00474,LOW_RELIABILITY,0.39,6320.13,8047.33,UPI,8,FAILED,NETWORK_TIMEOUT,0
TXN_0004813,CUST_00474,LOW_RELIABILITY,0.39,6320.13,9834.77,UPI,23,SUCCESS,,0
TXN_0004814,CUST_00475,MEDIUM_RELIABILITY,0.84,6175.42,10590.47,UPI,11,SUCCESS,,0
TXN_0004815,CUST_00475,MEDIUM_RELIABILITY,0.84,6175.42,5566.93,CARD,22,FAILED,TEMPORARY_BANK_ERROR,1
TXN_0004816,CUST_00475,MEDIUM_RELIABILITY,0.84,6175.42,490.4,UPI,1,SUCCESS,,0
TXN_0004817,CUST_00475,MEDIUM_RELIABILITY,0.84,6175.42,4147.71,WALLET,8,SUCCESS,,0
TXN_0004818,CUST_00475,MEDIUM_RELIABILITY,0.84,6175.42,5121.14,CARD,7,SUCCESS,,0
TXN_0004819,CUST_00475,MEDIUM_RELIABILITY,0.84,6175.42,5535.8,UPI,14,SUCCESS,,0
TXN_0004820,CUST_00476,HIGH_RELIABILITY,0.95,10310.51,9535.74,CARD,3,SUCCESS,,0
TXN_0004821,CUST_00476,HIGH_RELIABILITY,0.95,10310.51,14925.06,CARD,1,SUCCESS,,0
TXN_0004822,CUST_00476,HIGH_RELIABILITY,0.95,10310.51,15566.51,NET_BANKING,16,SUCCESS,,0
TXN_0004823,CUST_00476,HIGH_RELIABILITY,0.95,10310.51,9602.49,UPI,1,SUCCESS,,0
TXN_0004824,CUST_00476,HIGH_RELIABILITY,0.95,10310.51,14840.89,UPI,0,SUCCESS,,0
TXN_0004825,CUST_00476,HIGH_RELIABILITY,0.95,10310.51,11785.58,NET_BANKING,11,SUCCESS,,0
TXN_0004826,CUST_00476,HIGH_RELIABILITY,0.95,10310.51,10576.55,CARD,14,SUCCESS,,0
TXN_0004827,CUST_00477,HIGH_RELIABILITY,0.9,13801.77,18806.54,UPI,18,FAILED,INSUFFICIENT_FUNDS,0
TXN_0004828,CUST_00477,HIGH_RELIABILITY,0.9,13801.77,14200.65,UPI,0,SUCCESS,,0
TXN_0004829,CUST_00477,HIGH_RELIABILITY,0.9,13801.77,25162.34,WALLET,2,SUCCESS,,0
TXN_0004830,CUST_00477,HIGH_RELIABILITY,0.9,13801.77,5860.72,NET_BANKING,21,SUCCESS,,0
TXN_0004831,CUST_00477,HIGH_RELIABILITY,0.9,13801.77,10957.66,UPI,9,SUCCESS,,0
TXN_0004832,CUST_00477,HIGH_RELIABILITY,0.9,13801.77,13103.3,CARD,5,SUCCESS,,0
TXN_0004833,CUST_00477,HIGH_RELIABILITY,0.9,13801.77,16227.86,WALLET,6,SUCCESS,,0
TXN_0004834,CUST_00477,HIGH_RELIABILITY,0.9,13801.77,20801.81,NET_BANKING,8,SUCCESS,,0
TXN_0004835,CUST_00477,HIGH_RELIABILITY,0.9,13801.77,13667.07,WALLET,17,SUCCESS,,0
TXN_0004836,CUST_00477,HIGH_RELIABILITY,0.9,13801.77,5950.06,UPI,12,SUCCESS,,0
TXN_0004837,CUST_00478,HIGH_RELIABILITY,0.93,6363.94,8508.62,CARD,6,SUCCESS,,0
TXN_0004838,CUST_00478,HIGH_RELIABILITY,0.93,6363.94,8285.74,UPI,0,SUCCESS,,0
TXN_0004839,CUST_00478,HIGH_RELIABILITY,0.93,6363.94,1420.79,UPI,17,SUCCESS,,0
TXN_0004840,CUST_00478,HIGH_RELIABILITY,0.93,6363.94,6354.26,WALLET,13,SUCCESS,,0
TXN_0004841,CUST_00478,HIGH_RELIABILITY,0.93,6363.94,2316.11,WALLET,14,SUCCESS,,0
TXN_0004842,CUST_00478,HIGH_RELIABILITY,0.93,6363.94,4672.02,NET_BANKING,1,SUCCESS,,0
TXN_0004843,CUST_00478,HIGH_RELIABILITY,0.93,6363.94,4065.77,CARD,4,FAILED,INSUFFICIENT_FUNDS,0
TXN_0004844,CUST_00479,LOW_RELIABILITY,0.5,519.37,687.49,UPI,18,FAILED,USER_ABANDONMENT,0
TXN_0004845,CUST_00479,LOW_RELIABILITY,0.5,519.37,543.64,CARD,14,SUCCESS,,0
TXN_0004846,CUST_00479,LOW_RELIABILITY,0.5,519.37,252.29,UPI,6,SUCCESS,,0
TXN_0004847,CUST_00479,LOW_RELIABILITY,0.5,519.37,702.2,CARD,6,SUCCESS,,0
TXN_0004848,CUST_00479,LOW_RELIABILITY,0.5,519.37,221.5,CARD,11,FAILED,INSUFFICIENT_FUNDS,0
TXN_0004849,CUST_00479,LOW_RELIABILITY,0.5,519.37,587.95,CARD,4,SUCCESS,,0
TXN_0004850,CUST_00479,LOW_RELIABILITY,0.5,519.37,350.26,UPI,13,SUCCESS,,0
TXN_0004851,CUST_00479,LOW_RELIABILITY,0.5,519.37,443.4,UPI,9,SUCCESS,,0
TXN_0004852,CUST_00479,LOW_RELIABILITY,0.5,519.37,624.13,UPI,13,SUCCESS,,0
TXN_0004853,CUST_00479,LOW_RELIABILITY,0.5,519.37,627.7,WALLET,23,FAILED,AUTHENTICATION_FAILURE,1
TXN_0004854,CUST_00480,LOW_RELIABILITY,0.4,5218.63,8009.49,CARD,3,SUCCESS,,0
TXN_0004855,CUST_00480,LOW_RELIABILITY,0.4,5218.63,5046.93,NET_BANKING,20,SUCCESS,,0
TXN_0004856,CUST_00480,LOW_RELIABILITY,0.4,5218.63,5858.33,UPI,23,FAILED,TECHNICAL_ERROR,3
TXN_0004857,CUST_00480,LOW_RELIABILITY,0.4,5218.63,4304.87,CARD,23,SUCCESS,,0
TXN_0004858,CUST_00480,LOW_RELIABILITY,0.4,5218.63,5598.53,UPI,20,FAILED,NETWORK_TIMEOUT,1
TXN_0004859,CUST_00480,LOW_RELIABILITY,0.4,5218.63,6136.04,UPI,19,FAILED,NETWORK_TIMEOUT,0
TXN_0004860,CUST_00480,LOW_RELIABILITY,0.4,5218.63,5013.41,CARD,7,SUCCESS,,0
TXN_0004861,CUST_00480,LOW_RELIABILITY,0.4,5218.63,1453.39,CARD,9,SUCCESS,,0
TXN_0004862,CUST_00480,LOW_RELIABILITY,0.4,5218.63,5910.56,WALLET,5,SUCCESS,,0
TXN_0004863,CUST_00481,LOW_RELIABILITY,0.37,4301.43,4928.68,UPI,17,FAILED,TEMPORARY_BANK_ERROR,2
TXN_0004864,CUST_00481,LOW_RELIABILITY,0.37,4301.43,3131.14,WALLET,1,SUCCESS,,0
TXN_0004865,CUST_00481,LOW_RELIABILITY,0.37,4301.43,2091.55,UPI,2,SUCCESS,,0
TXN_0004866,CUST_00481,LOW_RELIABILITY,0.37,4301.43,6840.79,UPI,21,FAILED,NETWORK_TIMEOUT,0
TXN_0004867,CUST_00481,LOW_RELIABILITY,0.37,4301.43,5147.0,CARD,11,SUCCESS,,0
TXN_0004868,CUST_00481,LOW_RELIABILITY,0.37,4301.43,3907.28,NET_BANKING,12,SUCCESS,,0
TXN_0004869,CUST_00481,LOW_RELIABILITY,0.37,4301.43,2345.08,CARD,8,FAILED,AUTHENTICATION_FAILURE,0
TXN_0004870,CUST_00481,LOW_RELIABILITY,0.37,4301.43,2887.44,CARD,23,SUCCESS,,0
TXN_0004871,CUST_00481,LOW_RELIABILITY,0.37,4301.43,6542.63,UPI,20,FAILED,TEMPORARY_BANK_ERROR,3
TXN_0004872,CUST_00481,LOW_RELIABILITY,0.37,4301.43,4538.29,UPI,18,FAILED,USER_ABANDONMENT,0
TXN_0004873,CUST_00481,LOW_RELIABILITY,0.37,4301.43,3354.11,WALLET,19,SUCCESS,,0
TXN_0004874,CUST_00481,LOW_RELIABILITY,0.37,4301.43,5178.39,UPI,2,FAILED,TECHNICAL_ERROR,0
TXN_0004875,CUST_00481,LOW_RELIABILITY,0.37,4301.43,2900.2,UPI,9,FAILED,INSUFFICIENT_FUNDS,2
TXN_0004876,CUST_00481,LOW_RELIABILITY,0.37,4301.43,6883.74,CARD,19,SUCCESS,,0
TXN_0004877,CUST_00481,LOW_RELIABILITY,0.37,4301.43,6629.02,UPI,2,SUCCESS,,0
TXN_0004878,CUST_00482,MEDIUM_RELIABILITY,0.7,4198.31,3414.78,NET_BANKING,19,FAILED,AUTHENTICATION_FAILURE,0
TXN_0004879,CUST_00482,MEDIUM_RELIABILITY,0.7,4198.31,3142.57,UPI,9,SUCCESS,,0
TXN_0004880,CUST_00482,MEDIUM_RELIABILITY,0.7,4198.31,100.0,UPI,7,FAILED,USER_ABANDONMENT,0
TXN_0004881,CUST_00482,MEDIUM_RELIABILITY,0.7,4198.31,1710.26,UPI,22,SUCCESS,,0
TXN_0004882,CUST_00482,MEDIUM_RELIABILITY,0.7,4198.31,1948.91,UPI,5,SUCCESS,,0
TXN_0004883,CUST_00482,MEDIUM_RELIABILITY,0.7,4198.31,4425.34,WALLET,9,FAILED,AUTHENTICATION_FAILURE,0
TXN_0004884,CUST_00482,MEDIUM_RELIABILITY,0.7,4198.31,3650.46,CARD,6,FAILED,USER_ABANDONMENT,2
TXN_0004885,CUST_00483,HIGH_RELIABILITY,0.91,5979.42,2761.69,UPI,10,SUCCESS,,0
TXN_0004886,CUST_00483,HIGH_RELIABILITY,0.91,5979.42,5306.94,UPI,1,SUCCESS,,0
TXN_0004887,CUST_00483,HIGH_RELIABILITY,0.91,5979.42,7188.07,UPI,21,SUCCESS,,0
TXN_0004888,CUST_00483,HIGH_RELIABILITY,0.91,5979.42,7241.89,UPI,21,SUCCESS,,0
TXN_0004889,CUST_00483,HIGH_RELIABILITY,0.91,5979.42,1435.85,UPI,20,SUCCESS,,0
TXN_0004890,CUST_00483,HIGH_RELIABILITY,0.91,5979.42,5672.64,UPI,16,SUCCESS,,0
TXN_0004891,CUST_00484,MEDIUM_RELIABILITY,0.81,3322.66,1484.11,UPI,3,FAILED,AUTHENTICATION_FAILURE,0
TXN_0004892,CUST_00484,MEDIUM_RELIABILITY,0.81,3322.66,4521.12,WALLET,17,SUCCESS,,0
TXN_0004893,CUST_00484,MEDIUM_RELIABILITY,0.81,3322.66,4364.84,UPI,11,SUCCESS,,0
TXN_0004894,CUST_00484,MEDIUM_RELIABILITY,0.81,3322.66,2129.12,CARD,23,SUCCESS,,0
TXN_0004895,CUST_00484,MEDIUM_RELIABILITY,0.81,3322.66,2304.54,UPI,16,SUCCESS,,0
TXN_0004896,CUST_00484,MEDIUM_RELIABILITY,0.81,3322.66,2709.61,UPI,21,SUCCESS,,0
TXN_0004897,CUST_00484,MEDIUM_RELIABILITY,0.81,3322.66,328.55,CARD,1,FAILED,TEMPORARY_BANK_ERROR,3
TXN_0004898,CUST_00485,LOW_RELIABILITY,0.51,3437.14,3899.05,WALLET,21,FAILED,INSUFFICIENT_FUNDS,1
TXN_0004899,CUST_00485,LOW_RELIABILITY,0.51,3437.14,3062.02,NET_BANKING,4,FAILED,NETWORK_TIMEOUT,0
TXN_0004900,CUST_00485,LOW_RELIABILITY,0.51,3437.14,4770.99,CARD,12,SUCCESS,,0
TXN_0004901,CUST_00485,LOW_RELIABILITY,0.51,3437.14,1926.99,UPI,6,FAILED,TEMPORARY_BANK_ERROR,2
TXN_0004902,CUST_00485,LOW_RELIABILITY,0.51,3437.14,2585.94,CARD,1,SUCCESS,,0
TXN_0004903,CUST_00485,LOW_RELIABILITY,0.51,3437.14,1365.88,CARD,11,SUCCESS,,0
TXN_0004904,CUST_00485,LOW_RELIABILITY,0.51,3437.14,2056.39,NET_BANKING,17,FAILED,TECHNICAL_ERROR,0
TXN_0004905,CUST_00485,LOW_RELIABILITY,0.51,3437.14,1812.08,CARD,21,SUCCESS,,0
TXN_0004906,CUST_00485,LOW_RELIABILITY,0.51,3437.14,4806.46,UPI,4,FAILED,AUTHENTICATION_FAILURE,1
TXN_0004907,CUST_00485,LOW_RELIABILITY,0.51,3437.14,2477.13,UPI,5,FAILED,AUTHENTICATION_FAILURE,2
TXN_0004908,CUST_00485,LOW_RELIABILITY,0.51,3437.14,3607.86,UPI,0,SUCCESS,,0
TXN_0004909,CUST_00485,LOW_RELIABILITY,0.51,3437.14,2913.65,UPI,18,SUCCESS,,0
TXN_0004910,CUST_00485,LOW_RELIABILITY,0.51,3437.14,1691.81,UPI,6,SUCCESS,,0
TXN_0004911,CUST_00485,LOW_RELIABILITY,0.51,3437.14,3205.75,CARD,20,SUCCESS,,0
TXN_0004912,CUST_00485,LOW_RELIABILITY,0.51,3437.14,4260.82,CARD,5,SUCCESS,,0
TXN_0004913,CUST_00486,HIGH_RELIABILITY,0.95,14115.62,7296.31,UPI,12,SUCCESS,,0
TXN_0004914,CUST_00486,HIGH_RELIABILITY,0.95,14115.62,18684.07,UPI,4,SUCCESS,,0
TXN_0004915,CUST_00486,HIGH_RELIABILITY,0.95,14115.62,9317.88,UPI,23,FAILED,INSUFFICIENT_FUNDS,0
TXN_0004916,CUST_00486,HIGH_RELIABILITY,0.95,14115.62,11388.57,CARD,15,SUCCESS,,0
TXN_0004917,CUST_00486,HIGH_RELIABILITY,0.95,14115.62,17111.99,UPI,23,SUCCESS,,0
TXN_0004918,CUST_00486,HIGH_RELIABILITY,0.95,14115.62,10369.69,CARD,21,SUCCESS,,0
TXN_0004919,CUST_00486,HIGH_RELIABILITY,0.95,14115.62,14327.78,WALLET,4,SUCCESS,,0
TXN_0004920,CUST_00486,HIGH_RELIABILITY,0.95,14115.62,12338.8,CARD,14,SUCCESS,,0
TXN_0004921,CUST_00487,HIGH_RELIABILITY,0.96,4009.17,4216.63,UPI,16,SUCCESS,,0
TXN_0004922,CUST_00487,HIGH_RELIABILITY,0.96,4009.17,191.25,UPI,9,SUCCESS,,0
TXN_0004923,CUST_00487,HIGH_RELIABILITY,0.96,4009.17,1074.97,CARD,22,SUCCESS,,0
TXN_0004924,CUST_00487,HIGH_RELIABILITY,0.96,4009.17,4996.98,NET_BANKING,7,SUCCESS,,0
TXN_0004925,CUST_00487,HIGH_RELIABILITY,0.96,4009.17,5672.46,UPI,7,SUCCESS,,0
TXN_0004926,CUST_00487,HIGH_RELIABILITY,0.96,4009.17,2549.05,UPI,11,SUCCESS,,0
TXN_0004927,CUST_00487,HIGH_RELIABILITY,0.96,4009.17,3617.83,CARD,2,SUCCESS,,0
TXN_0004928,CUST_00487,HIGH_RELIABILITY,0.96,4009.17,4481.8,CARD,14,FAILED,TEMPORARY_BANK_ERROR,1
TXN_0004929,CUST_00487,HIGH_RELIABILITY,0.96,4009.17,5120.86,NET_BANKING,3,SUCCESS,,0
TXN_0004930,CUST_00487,HIGH_RELIABILITY,0.96,4009.17,757.45,NET_BANKING,6,SUCCESS,,0
TXN_0004931,CUST_00487,HIGH_RELIABILITY,0.96,4009.17,2588.26,UPI,15,SUCCESS,,0
TXN_0004932,CUST_00487,HIGH_RELIABILITY,0.96,4009.17,3475.82,UPI,11,SUCCESS,,0
TXN_0004933,CUST_00487,HIGH_RELIABILITY,0.96,4009.17,5136.77,WALLET,17,SUCCESS,,0
TXN_0004934,CUST_00487,HIGH_RELIABILITY,0.96,4009.17,8015.82,WALLET,21,SUCCESS,,0
TXN_0004935,CUST_00488,HIGH_RELIABILITY,0.88,4671.7,4245.63,CARD,15,SUCCESS,,0
TXN_0004936,CUST_00488,HIGH_RELIABILITY,0.88,4671.7,2042.51,NET_BANKING,13,SUCCESS,,0
TXN_0004937,CUST_00488,HIGH_RELIABILITY,0.88,4671.7,5423.41,NET_BANKING,17,SUCCESS,,0
TXN_0004938,CUST_00488,HIGH_RELIABILITY,0.88,4671.7,7140.22,NET_BANKING,15,SUCCESS,,0
TXN_0004939,CUST_00488,HIGH_RELIABILITY,0.88,4671.7,4873.54,UPI,8,SUCCESS,,0
TXN_0004940,CUST_00488,HIGH_RELIABILITY,0.88,4671.7,2977.46,UPI,6,SUCCESS,,0
TXN_0004941,CUST_00488,HIGH_RELIABILITY,0.88,4671.7,6461.88,WALLET,4,SUCCESS,,0
TXN_0004942,CUST_00489,MEDIUM_RELIABILITY,0.78,988.55,1250.93,UPI,3,SUCCESS,,0
TXN_0004943,CUST_00489,MEDIUM_RELIABILITY,0.78,988.55,582.82,UPI,4,SUCCESS,,0
TXN_0004944,CUST_00489,MEDIUM_RELIABILITY,0.78,988.55,1139.37,WALLET,23,SUCCESS,,0
TXN_0004945,CUST_00489,MEDIUM_RELIABILITY,0.78,988.55,1382.89,CARD,21,SUCCESS,,0
TXN_0004946,CUST_00489,MEDIUM_RELIABILITY,0.78,988.55,1455.89,CARD,5,FAILED,TECHNICAL_ERROR,0
TXN_0004947,CUST_00489,MEDIUM_RELIABILITY,0.78,988.55,962.27,UPI,19,SUCCESS,,0
TXN_0004948,CUST_00489,MEDIUM_RELIABILITY,0.78,988.55,846.96,UPI,11,SUCCESS,,0
TXN_0004949,CUST_00489,MEDIUM_RELIABILITY,0.78,988.55,1473.84,WALLET,7,SUCCESS,,0
TXN_0004950,CUST_00489,MEDIUM_RELIABILITY,0.78,988.55,510.03,CARD,23,SUCCESS,,0
TXN_0004951,CUST_00489,MEDIUM_RELIABILITY,0.78,988.55,1161.97,NET_BANKING,2,SUCCESS,,0
TXN_0004952,CUST_00489,MEDIUM_RELIABILITY,0.78,988.55,446.81,UPI,1,SUCCESS,,0
TXN_0004953,CUST_00489,MEDIUM_RELIABILITY,0.78,988.55,1409.82,CARD,15,SUCCESS,,0
TXN_0004954,CUST_00489,MEDIUM_RELIABILITY,0.78,988.55,886.51,NET_BANKING,0,SUCCESS,,0
TXN_0004955,CUST_00490,MEDIUM_RELIABILITY,0.76,6170.01,9300.88,UPI,17,SUCCESS,,0
TXN_0004956,CUST_00490,MEDIUM_RELIABILITY,0.76,6170.01,7382.82,NET_BANKING,20,SUCCESS,,0
TXN_0004957,CUST_00490,MEDIUM_RELIABILITY,0.76,6170.01,3151.1,UPI,21,FAILED,USER_ABANDONMENT,0
TXN_0004958,CUST_00490,MEDIUM_RELIABILITY,0.76,6170.01,9686.0,CARD,16,SUCCESS,,0
TXN_0004959,CUST_00490,MEDIUM_RELIABILITY,0.76,6170.01,9998.49,CARD,7,SUCCESS,,0
TXN_0004960,CUST_00490,MEDIUM_RELIABILITY,0.76,6170.01,8347.5,CARD,21,SUCCESS,,0
TXN_0004961,CUST_00490,MEDIUM_RELIABILITY,0.76,6170.01,4290.41,UPI,23,SUCCESS,,0
TXN_0004962,CUST_00490,MEDIUM_RELIABILITY,0.76,6170.01,5414.77,CARD,11,SUCCESS,,0
TXN_0004963,CUST_00490,MEDIUM_RELIABILITY,0.76,6170.01,6528.92,CARD,5,SUCCESS,,0
TXN_0004964,CUST_00490,MEDIUM_RELIABILITY,0.76,6170.01,4433.25,CARD,11,FAILED,TECHNICAL_ERROR,0
TXN_0004965,CUST_00491,MEDIUM_RELIABILITY,0.72,7823.67,13119.81,CARD,21,SUCCESS,,0
TXN_0004966,CUST_00491,MEDIUM_RELIABILITY,0.72,7823.67,8275.34,UPI,0,SUCCESS,,0
TXN_0004967,CUST_00491,MEDIUM_RELIABILITY,0.72,7823.67,100.0,CARD,18,SUCCESS,,0
TXN_0004968,CUST_00491,MEDIUM_RELIABILITY,0.72,7823.67,8885.67,CARD,6,SUCCESS,,0
TXN_0004969,CUST_00491,MEDIUM_RELIABILITY,0.72,7823.67,6734.12,CARD,15,SUCCESS,,0
TXN_0004970,CUST_00491,MEDIUM_RELIABILITY,0.72,7823.67,7589.19,UPI,15,SUCCESS,,0
TXN_0004971,CUST_00492,LOW_RELIABILITY,0.38,710.94,606.11,UPI,5,FAILED,TEMPORARY_BANK_ERROR,0
TXN_0004972,CUST_00492,LOW_RELIABILITY,0.38,710.94,940.44,CARD,20,FAILED,TEMPORARY_BANK_ERROR,1
TXN_0004973,CUST_00492,LOW_RELIABILITY,0.38,710.94,1029.35,UPI,2,SUCCESS,,0
TXN_0004974,CUST_00492,LOW_RELIABILITY,0.38,710.94,791.43,CARD,22,FAILED,TECHNICAL_ERROR,0
TXN_0004975,CUST_00492,LOW_RELIABILITY,0.38,710.94,614.45,CARD,20,FAILED,TEMPORARY_BANK_ERROR,3
TXN_0004976,CUST_00492,LOW_RELIABILITY,0.38,710.94,699.18,CARD,2,FAILED,INSUFFICIENT_FUNDS,0
TXN_0004977,CUST_00492,LOW_RELIABILITY,0.38,710.94,716.51,UPI,19,SUCCESS,,0
TXN_0004978,CUST_00493,LOW_RELIABILITY,0.56,3569.34,2423.68,UPI,20,FAILED,USER_ABANDONMENT,0
TXN_0004979,CUST_00493,LOW_RELIABILITY,0.56,3569.34,4395.9,UPI,18,SUCCESS,,0
TXN_0004980,CUST_00493,LOW_RELIABILITY,0.56,3569.34,4226.16,CARD,15,SUCCESS,,0
TXN_0004981,CUST_00493,LOW_RELIABILITY,0.56,3569.34,5768.68,UPI,7,SUCCESS,,0
TXN_0004982,CUST_00493,LOW_RELIABILITY,0.56,3569.34,5361.65,WALLET,20,SUCCESS,,0
TXN_0004983,CUST_00493,LOW_RELIABILITY,0.56,3569.34,2590.38,WALLET,22,SUCCESS,,0
TXN_0004984,CUST_00493,LOW_RELIABILITY,0.56,3569.34,4740.51,UPI,19,FAILED,USER_ABANDONMENT,0
TXN_0004985,CUST_00494,MEDIUM_RELIABILITY,0.8,4630.86,2869.37,UPI,16,SUCCESS,,0
TXN_0004986,CUST_00494,MEDIUM_RELIABILITY,0.8,4630.86,5919.97,NET_BANKING,20,SUCCESS,,0
TXN_0004987,CUST_00494,MEDIUM_RELIABILITY,0.8,4630.86,3673.91,UPI,4,FAILED,TEMPORARY_BANK_ERROR,0
TXN_0004988,CUST_00494,MEDIUM_RELIABILITY,0.8,4630.86,2735.44,NET_BANKING,11,SUCCESS,,0
TXN_0004989,CUST_00494,MEDIUM_RELIABILITY,0.8,4630.86,5149.6,UPI,9,SUCCESS,,0
TXN_0004990,CUST_00494,MEDIUM_RELIABILITY,0.8,4630.86,100.0,CARD,9,SUCCESS,,0
TXN_0004991,CUST_00494,MEDIUM_RELIABILITY,0.8,4630.86,1387.45,CARD,0,FAILED,TECHNICAL_ERROR,0
TXN_0004992,CUST_00494,MEDIUM_RELIABILITY,0.8,4630.86,4302.08,UPI,17,SUCCESS,,0
TXN_0004993,CUST_00495,HIGH_RELIABILITY,0.91,12467.43,12878.56,CARD,9,SUCCESS,,0
TXN_0004994,CUST_00495,HIGH_RELIABILITY,0.91,12467.43,10625.65,CARD,9,SUCCESS,,0
TXN_0004995,CUST_00495,HIGH_RELIABILITY,0.91,12467.43,4590.83,UPI,6,SUCCESS,,0
TXN_0004996,CUST_00495,HIGH_RELIABILITY,0.91,12467.43,8388.63,UPI,22,SUCCESS,,0
TXN_0004997,CUST_00495,HIGH_RELIABILITY,0.91,12467.43,14418.38,UPI,10,FAILED,NETWORK_TIMEOUT,0
TXN_0004998,CUST_00495,HIGH_RELIABILITY,0.91,12467.43,15368.76,CARD,15,SUCCESS,,0
TXN_0004999,CUST_00495,HIGH_RELIABILITY,0.91,12467.43,12386.53,CARD,12,SUCCESS,,0
TXN_0005000,CUST_00495,HIGH_RELIABILITY,0.91,12467.43,18236.53,CARD,19,SUCCESS,,0
TXN_0005001,CUST_00495,HIGH_RELIABILITY,0.91,12467.43,14449.24,CARD,2,FAILED,INSUFFICIENT_FUNDS,1
TXN_0005002,CUST_00495,HIGH_RELIABILITY,0.91,12467.43,8739.89,UPI,22,SUCCESS,,0
TXN_0005003,CUST_00495,HIGH_RELIABILITY,0.91,12467.43,11068.57,UPI,1,SUCCESS,,0
TXN_0005004,CUST_00496,LOW_RELIABILITY,0.58,4923.94,2160.89,CARD,0,FAILED,NETWORK_TIMEOUT,0
TXN_0005005,CUST_00496,LOW_RELIABILITY,0.58,4923.94,4710.95,UPI,13,SUCCESS,,0
TXN_0005006,CUST_00496,LOW_RELIABILITY,0.58,4923.94,7114.31,UPI,7,SUCCESS,,0
TXN_0005007,CUST_00496,LOW_RELIABILITY,0.58,4923.94,6273.67,NET_BANKING,19,FAILED,INSUFFICIENT_FUNDS,1
TXN_0005008,CUST_00496,LOW_RELIABILITY,0.58,4923.94,7685.3,NET_BANKING,10,SUCCESS,,0
TXN_0005009,CUST_00496,LOW_RELIABILITY,0.58,4923.94,4327.38,UPI,9,FAILED,NETWORK_TIMEOUT,0
TXN_0005010,CUST_00496,LOW_RELIABILITY,0.58,4923.94,7575.19,UPI,8,SUCCESS,,0
TXN_0005011,CUST_00496,LOW_RELIABILITY,0.58,4923.94,4543.21,WALLET,9,SUCCESS,,0
TXN_0005012,CUST_00496,LOW_RELIABILITY,0.58,4923.94,7822.34,UPI,8,SUCCESS,,0
TXN_0005013,CUST_00496,LOW_RELIABILITY,0.58,4923.94,4880.89,NET_BANKING,9,SUCCESS,,0
TXN_0005014,CUST_00496,LOW_RELIABILITY,0.58,4923.94,6316.89,UPI,19,SUCCESS,,0
TXN_0005015,CUST_00496,LOW_RELIABILITY,0.58,4923.94,7829.29,NET_BANKING,7,SUCCESS,,0
TXN_0005016,CUST_00496,LOW_RELIABILITY,0.58,4923.94,4542.97,WALLET,8,FAILED,INSUFFICIENT_FUNDS,0
TXN_0005017,CUST_00496,LOW_RELIABILITY,0.58,4923.94,5354.07,NET_BANKING,13,FAILED,INSUFFICIENT_FUNDS,1
TXN_0005018,CUST_00497,HIGH_RELIABILITY,0.91,9263.23,14038.85,CARD,5,SUCCESS,,0
TXN_0005019,CUST_00497,HIGH_RELIABILITY,0.91,9263.23,8770.41,UPI,10,SUCCESS,,0
TXN_0005020,CUST_00497,HIGH_RELIABILITY,0.91,9263.23,4368.94,UPI,23,SUCCESS,,0
TXN_0005021,CUST_00497,HIGH_RELIABILITY,0.91,9263.23,17203.7,WALLET,18,SUCCESS,,0
TXN_0005022,CUST_00497,HIGH_RELIABILITY,0.91,9263.23,7522.62,CARD,16,SUCCESS,,0
TXN_0005023,CUST_00497,HIGH_RELIABILITY,0.91,9263.23,9851.47,WALLET,3,SUCCESS,,0
TXN_0005024,CUST_00497,HIGH_RELIABILITY,0.91,9263.23,13546.57,UPI,0,SUCCESS,,0
TXN_0005025,CUST_00497,HIGH_RELIABILITY,0.91,9263.23,7008.58,NET_BANKING,14,SUCCESS,,0
TXN_0005026,CUST_00497,HIGH_RELIABILITY,0.91,9263.23,5528.79,CARD,3,SUCCESS,,0
TXN_0005027,CUST_00497,HIGH_RELIABILITY,0.91,9263.23,10203.4,NET_BANKING,15,SUCCESS,,0
TXN_0005028,CUST_00497,HIGH_RELIABILITY,0.91,9263.23,2619.36,NET_BANKING,16,SUCCESS,,0
TXN_0005029,CUST_00497,HIGH_RELIABILITY,0.91,9263.23,8196.45,UPI,22,SUCCESS,,0
TXN_0005030,CUST_00497,HIGH_RELIABILITY,0.91,9263.23,10171.17,UPI,15,SUCCESS,,0
TXN_0005031,CUST_00497,HIGH_RELIABILITY,0.91,9263.23,8262.98,UPI,4,FAILED,TEMPORARY_BANK_ERROR,0
TXN_0005032,CUST_00497,HIGH_RELIABILITY,0.91,9263.23,3544.29,CARD,9,SUCCESS,,0
TXN_0005033,CUST_00498,HIGH_RELIABILITY,0.92,2282.15,3737.41,UPI,19,SUCCESS,,0
TXN_0005034,CUST_00498,HIGH_RELIABILITY,0.92,2282.15,2376.67,UPI,0,SUCCESS,,0
TXN_0005035,CUST_00498,HIGH_RELIABILITY,0.92,2282.15,3588.59,CARD,11,FAILED,AUTHENTICATION_FAILURE,0
TXN_0005036,CUST_00498,HIGH_RELIABILITY,0.92,2282.15,2044.77,NET_BANKING,10,SUCCESS,,0
TXN_0005037,CUST_00498,HIGH_RELIABILITY,0.92,2282.15,1478.82,NET_BANKING,16,SUCCESS,,0
TXN_0005038,CUST_00498,HIGH_RELIABILITY,0.92,2282.15,2527.87,UPI,10,SUCCESS,,0
TXN_0005039,CUST_00499,MEDIUM_RELIABILITY,0.85,1799.78,1644.43,CARD,15,SUCCESS,,0
TXN_0005040,CUST_00499,MEDIUM_RELIABILITY,0.85,1799.78,951.9,CARD,13,SUCCESS,,0
TXN_0005041,CUST_00499,MEDIUM_RELIABILITY,0.85,1799.78,2857.9,UPI,18,SUCCESS,,0
TXN_0005042,CUST_00499,MEDIUM_RELIABILITY,0.85,1799.78,1351.8,WALLET,8,SUCCESS,,0
TXN_0005043,CUST_00499,MEDIUM_RELIABILITY,0.85,1799.78,474.95,CARD,6,SUCCESS,,0
TXN_0005044,CUST_00499,MEDIUM_RELIABILITY,0.85,1799.78,2755.94,UPI,12,SUCCESS,,0
TXN_0005045,CUST_00499,MEDIUM_RELIABILITY,0.85,1799.78,1436.73,UPI,17,SUCCESS,,0
TXN_0005046,CUST_00499,MEDIUM_RELIABILITY,0.85,1799.78,1362.2,UPI,6,SUCCESS,,0
TXN_0005047,CUST_00499,MEDIUM_RELIABILITY,0.85,1799.78,528.86,UPI,13,SUCCESS,,0
TXN_0005048,CUST_00499,MEDIUM_RELIABILITY,0.85,1799.78,3053.1,CARD,4,FAILED,TEMPORARY_BANK_ERROR,0
TXN_0005049,CUST_00499,MEDIUM_RELIABILITY,0.85,1799.78,871.47,UPI,8,SUCCESS,,0
TXN_0005050,CUST_00499,MEDIUM_RELIABILITY,0.85,1799.78,1841.86,CARD,0,SUCCESS,,0
TXN_0005051,CUST_00499,MEDIUM_RELIABILITY,0.85,1799.78,2456.79,CARD,22,SUCCESS,,0
TXN_0005052,CUST_00499,MEDIUM_RELIABILITY,0.85,1799.78,2103.38,CARD,22,SUCCESS,,0
TXN_0005053,CUST_00499,MEDIUM_RELIABILITY,0.85,1799.78,1756.83,CARD,17,SUCCESS,,0
TXN_0005054,CUST_00500,LOW_RELIABILITY,0.63,3232.84,1032.35,CARD,20,FAILED,AUTHENTICATION_FAILURE,0
TXN_0005055,CUST_00500,LOW_RELIABILITY,0.63,3232.84,2185.76,NET_BANKING,12,SUCCESS,,0
TXN_0005056,CUST_00500,LOW_RELIABILITY,0.63,3232.84,3475.69,WALLET,4,SUCCESS,,0
TXN_0005057,CUST_00500,LOW_RELIABILITY,0.63,3232.84,2214.92,CARD,20,SUCCESS,,0
TXN_0005058,CUST_00500,LOW_RELIABILITY,0.63,3232.84,3495.81,CARD,9,FAILED,NETWORK_TIMEOUT,3
TXN_0005059,CUST_00501,MEDIUM_RELIABILITY,0.69,5648.06,7188.27,UPI,10,FAILED,TEMPORARY_BANK_ERROR,1
TXN_0005060,CUST_00501,MEDIUM_RELIABILITY,0.69,5648.06,7822.57,NET_BANKING,1,FAILED,USER_ABANDONMENT,1
TXN_0005061,CUST_00501,MEDIUM_RELIABILITY,0.69,5648.06,2877.85,UPI,12,SUCCESS,,0
TXN_0005062,CUST_00501,MEDIUM_RELIABILITY,0.69,5648.06,10610.78,UPI,10,SUCCESS,,0
TXN_0005063,CUST_00501,MEDIUM_RELIABILITY,0.69,5648.06,7381.97,NET_BANKING,5,FAILED,TEMPORARY_BANK_ERROR,3
TXN_0005064,CUST_00501,MEDIUM_RELIABILITY,0.69,5648.06,5644.19,CARD,7,FAILED,TEMPORARY_BANK_ERROR,0
TXN_0005065,CUST_00501,MEDIUM_RELIABILITY,0.69,5648.06,8109.57,CARD,3,FAILED,USER_ABANDONMENT,0
TXN_0005066,CUST_00501,MEDIUM_RELIABILITY,0.69,5648.06,10992.05,UPI,8,SUCCESS,,0
TXN_0005067,CUST_00501,MEDIUM_RELIABILITY,0.69,5648.06,2397.67,UPI,23,SUCCESS,,0
TXN_0005068,CUST_00502,HIGH_RELIABILITY,0.98,11251.15,10237.36,WALLET,14,SUCCESS,,0
TXN_0005069,CUST_00502,HIGH_RELIABILITY,0.98,11251.15,547.11,NET_BANKING,14,SUCCESS,,0
TXN_0005070,CUST_00502,HIGH_RELIABILITY,0.98,11251.15,12118.17,UPI,15,SUCCESS,,0
TXN_0005071,CUST_00502,HIGH_RELIABILITY,0.98,11251.15,12895.59,UPI,10,SUCCESS,,0
TXN_0005072,CUST_00502,HIGH_RELIABILITY,0.98,11251.15,11074.9,CARD,5,SUCCESS,,0
TXN_0005073,CUST_00502,HIGH_RELIABILITY,0.98,11251.15,8305.45,UPI,1,SUCCESS,,0
TXN_0005074,CUST_00502,HIGH_RELIABILITY,0.98,11251.15,2027.39,WALLET,7,SUCCESS,,0
TXN_0005075,CUST_00502,HIGH_RELIABILITY,0.98,11251.15,12932.22,CARD,8,SUCCESS,,0
TXN_0005076,CUST_00502,HIGH_RELIABILITY,0.98,11251.15,17801.27,UPI,0,SUCCESS,,0
TXN_0005077,CUST_00502,HIGH_RELIABILITY,0.98,11251.15,8591.3,CARD,4,FAILED,INSUFFICIENT_FUNDS,0
TXN_0005078,CUST_00502,HIGH_RELIABILITY,0.98,11251.15,13231.62,WALLET,18,SUCCESS,,0
TXN_0005079,CUST_00502,HIGH_RELIABILITY,0.98,11251.15,4193.78,NET_BANKING,0,SUCCESS,,0
TXN_0005080,CUST_00502,HIGH_RELIABILITY,0.98,11251.15,13308.82,CARD,5,SUCCESS,,0
TXN_0005081,CUST_00502,HIGH_RELIABILITY,0.98,11251.15,9480.75,UPI,1,SUCCESS,,0
TXN_0005082,CUST_00502,HIGH_RELIABILITY,0.98,11251.15,7819.92,UPI,23,SUCCESS,,0
TXN_0005083,CUST_00503,MEDIUM_RELIABILITY,0.83,6758.44,4702.89,CARD,17,SUCCESS,,0
TXN_0005084,CUST_00503,MEDIUM_RELIABILITY,0.83,6758.44,5694.36,NET_BANKING,3,SUCCESS,,0
TXN_0005085,CUST_00503,MEDIUM_RELIABILITY,0.83,6758.44,7792.3,CARD,20,SUCCESS,,0
TXN_0005086,CUST_00503,MEDIUM_RELIABILITY,0.83,6758.44,3211.17,UPI,8,SUCCESS,,0
TXN_0005087,CUST_00503,MEDIUM_RELIABILITY,0.83,6758.44,5684.89,CARD,19,SUCCESS,,0
TXN_0005088,CUST_00503,MEDIUM_RELIABILITY,0.83,6758.44,6646.33,UPI,8,FAILED,NETWORK_TIMEOUT,0
TXN_0005089,CUST_00503,MEDIUM_RELIABILITY,0.83,6758.44,3787.32,CARD,14,FAILED,AUTHENTICATION_FAILURE,1
TXN_0005090,CUST_00503,MEDIUM_RELIABILITY,0.83,6758.44,11615.5,UPI,2,SUCCESS,,0
TXN_0005091,CUST_00503,MEDIUM_RELIABILITY,0.83,6758.44,4451.12,UPI,1,SUCCESS,,0
TXN_0005092,CUST_00504,LOW_RELIABILITY,0.55,5974.53,4374.7,NET_BANKING,10,FAILED,AUTHENTICATION_FAILURE,0
TXN_0005093,CUST_00504,LOW_RELIABILITY,0.55,5974.53,3636.56,UPI,16,SUCCESS,,0
TXN_0005094,CUST_00504,LOW_RELIABILITY,0.55,5974.53,10272.56,UPI,7,SUCCESS,,0
TXN_0005095,CUST_00504,LOW_RELIABILITY,0.55,5974.53,7295.87,CARD,14,SUCCESS,,0
TXN_0005096,CUST_00504,LOW_RELIABILITY,0.55,5974.53,3736.25,WALLET,5,FAILED,TEMPORARY_BANK_ERROR,3
TXN_0005097,CUST_00504,LOW_RELIABILITY,0.55,5974.53,8618.22,UPI,14,SUCCESS,,0
TXN_0005098,CUST_00504,LOW_RELIABILITY,0.55,5974.53,6454.16,UPI,22,FAILED,AUTHENTICATION_FAILURE,0
TXN_0005099,CUST_00504,LOW_RELIABILITY,0.55,5974.53,6589.32,WALLET,19,FAILED,TECHNICAL_ERROR,3
TXN_0005100,CUST_00504,LOW_RELIABILITY,0.55,5974.53,5151.29,UPI,1,SUCCESS,,0
TXN_0005101,CUST_00504,LOW_RELIABILITY,0.55,5974.53,4183.57,CARD,22,FAILED,INSUFFICIENT_FUNDS,0
TXN_0005102,CUST_00504,LOW_RELIABILITY,0.55,5974.53,6781.73,UPI,3,SUCCESS,,0
TXN_0005103,CUST_00504,LOW_RELIABILITY,0.55,5974.53,4671.87,CARD,8,SUCCESS,,0
TXN_0005104,CUST_00504,LOW_RELIABILITY,0.55,5974.53,10316.23,UPI,10,SUCCESS,,0
TXN_0005105,CUST_00504,LOW_RELIABILITY,0.55,5974.53,2941.16,NET_BANKING,3,SUCCESS,,0
TXN_0005106,CUST_00505,LOW_RELIABILITY,0.42,3528.09,5695.97,UPI,15,SUCCESS,,0
TXN_0005107,CUST_00505,LOW_RELIABILITY,0.42,3528.09,3370.99,CARD,7,FAILED,INSUFFICIENT_FUNDS,0
TXN_0005108,CUST_00505,LOW_RELIABILITY,0.42,3528.09,3950.17,UPI,9,FAILED,TEMPORARY_BANK_ERROR,0
TXN_0005109,CUST_00505,LOW_RELIABILITY,0.42,3528.09,4703.87,CARD,21,SUCCESS,,0
TXN_0005110,CUST_00505,LOW_RELIABILITY,0.42,3528.09,2638.66,CARD,20,FAILED,TECHNICAL_ERROR,2
TXN_0005111,CUST_00505,LOW_RELIABILITY,0.42,3528.09,4747.75,CARD,0,SUCCESS,,0
TXN_0005112,CUST_00505,LOW_RELIABILITY,0.42,3528.09,100.0,NET_BANKING,6,SUCCESS,,0
TXN_0005113,CUST_00506,LOW_RELIABILITY,0.41,6916.14,4924.32,UPI,0,FAILED,USER_ABANDONMENT,0
TXN_0005114,CUST_00506,LOW_RELIABILITY,0.41,6916.14,4359.76,CARD,10,FAILED,INSUFFICIENT_FUNDS,1
TXN_0005115,CUST_00506,LOW_RELIABILITY,0.41,6916.14,3448.37,UPI,11,SUCCESS,,0
TXN_0005116,CUST_00506,LOW_RELIABILITY,0.41,6916.14,6321.48,UPI,16,SUCCESS,,0
TXN_0005117,CUST_00506,LOW_RELIABILITY,0.41,6916.14,7983.3,UPI,10,FAILED,AUTHENTICATION_FAILURE,0
TXN_0005118,CUST_00506,LOW_RELIABILITY,0.41,6916.14,8860.02,CARD,5,FAILED,INSUFFICIENT_FUNDS,0
TXN_0005119,CUST_00506,LOW_RELIABILITY,0.41,6916.14,7582.51,WALLET,19,SUCCESS,,0
TXN_0005120,CUST_00506,LOW_RELIABILITY,0.41,6916.14,5074.53,UPI,8,FAILED,TECHNICAL_ERROR,0
TXN_0005121,CUST_00506,LOW_RELIABILITY,0.41,6916.14,7937.01,NET_BANKING,5,SUCCESS,,0
TXN_0005122,CUST_00507,MEDIUM_RELIABILITY,0.86,874.55,918.03,UPI,13,FAILED,NETWORK_TIMEOUT,0
TXN_0005123,CUST_00507,MEDIUM_RELIABILITY,0.86,874.55,1202.0,UPI,19,FAILED,AUTHENTICATION_FAILURE,0
TXN_0005124,CUST_00507,MEDIUM_RELIABILITY,0.86,874.55,1146.34,WALLET,4,SUCCESS,,0
TXN_0005125,CUST_00507,MEDIUM_RELIABILITY,0.86,874.55,885.21,UPI,10,SUCCESS,,0
TXN_0005126,CUST_00507,MEDIUM_RELIABILITY,0.86,874.55,560.67,WALLET,13,SUCCESS,,0
TXN_0005127,CUST_00507,MEDIUM_RELIABILITY,0.86,874.55,646.13,UPI,10,SUCCESS,,0
TXN_0005128,CUST_00507,MEDIUM_RELIABILITY,0.86,874.55,682.22,CARD,18,SUCCESS,,0
TXN_0005129,CUST_00507,MEDIUM_RELIABILITY,0.86,874.55,764.26,UPI,14,SUCCESS,,0
TXN_0005130,CUST_00507,MEDIUM_RELIABILITY,0.86,874.55,968.32,NET_BANKING,20,SUCCESS,,0
TXN_0005131,CUST_00507,MEDIUM_RELIABILITY,0.86,874.55,1124.73,NET_BANKING,23,SUCCESS,,0
TXN_0005132,CUST_00507,MEDIUM_RELIABILITY,0.86,874.55,856.67,NET_BANKING,5,FAILED,NETWORK_TIMEOUT,0
TXN_0005133,CUST_00507,MEDIUM_RELIABILITY,0.86,874.55,880.19,UPI,16,FAILED,AUTHENTICATION_FAILURE,0
TXN_0005134,CUST_00507,MEDIUM_RELIABILITY,0.86,874.55,924.68,UPI,23,FAILED,AUTHENTICATION_FAILURE,1
TXN_0005135,CUST_00507,MEDIUM_RELIABILITY,0.86,874.55,694.08,UPI,8,SUCCESS,,0
TXN_0005136,CUST_00508,LOW_RELIABILITY,0.55,6491.69,4088.75,CARD,5,FAILED,INSUFFICIENT_FUNDS,0
TXN_0005137,CUST_00508,LOW_RELIABILITY,0.55,6491.69,1933.39,UPI,5,SUCCESS,,0
TXN_0005138,CUST_00508,LOW_RELIABILITY,0.55,6491.69,4686.61,UPI,9,SUCCESS,,0
TXN_0005139,CUST_00508,LOW_RELIABILITY,0.55,6491.69,7720.3,WALLET,3,SUCCESS,,0
TXN_0005140,CUST_00508,LOW_RELIABILITY,0.55,6491.69,4666.46,CARD,13,SUCCESS,,0
TXN_0005141,CUST_00508,LOW_RELIABILITY,0.55,6491.69,5874.18,CARD,12,FAILED,TEMPORARY_BANK_ERROR,1
TXN_0005142,CUST_00508,LOW_RELIABILITY,0.55,6491.69,7702.86,UPI,10,FAILED,INSUFFICIENT_FUNDS,0
TXN_0005143,CUST_00508,LOW_RELIABILITY,0.55,6491.69,7843.75,WALLET,4,SUCCESS,,0
TXN_0005144,CUST_00509,MEDIUM_RELIABILITY,0.69,5895.48,3349.73,UPI,12,FAILED,TECHNICAL_ERROR,2
TXN_0005145,CUST_00509,MEDIUM_RELIABILITY,0.69,5895.48,8246.74,CARD,20,SUCCESS,,0
TXN_0005146,CUST_00509,MEDIUM_RELIABILITY,0.69,5895.48,8553.99,UPI,10,SUCCESS,,0
TXN_0005147,CUST_00509,MEDIUM_RELIABILITY,0.69,5895.48,3231.08,NET_BANKING,12,SUCCESS,,0
TXN_0005148,CUST_00509,MEDIUM_RELIABILITY,0.69,5895.48,3952.71,UPI,12,SUCCESS,,0
TXN_0005149,CUST_00509,MEDIUM_RELIABILITY,0.69,5895.48,8704.3,NET_BANKING,3,SUCCESS,,0
TXN_0005150,CUST_00509,MEDIUM_RELIABILITY,0.69,5895.48,5549.17,CARD,6,FAILED,TEMPORARY_BANK_ERROR,1
TXN_0005151,CUST_00509,MEDIUM_RELIABILITY,0.69,5895.48,660.82,CARD,13,SUCCESS,,0
TXN_0005152,CUST_00509,MEDIUM_RELIABILITY,0.69,5895.48,2594.76,UPI,6,FAILED,NETWORK_TIMEOUT,0
TXN_0005153,CUST_00509,MEDIUM_RELIABILITY,0.69,5895.48,5307.42,UPI,19,FAILED,TEMPORARY_BANK_ERROR,3
TXN_0005154,CUST_00509,MEDIUM_RELIABILITY,0.69,5895.48,3152.8,UPI,15,SUCCESS,,0
TXN_0005155,CUST_00509,MEDIUM_RELIABILITY,0.69,5895.48,4920.55,WALLET,18,SUCCESS,,0
TXN_0005156,CUST_00509,MEDIUM_RELIABILITY,0.69,5895.48,5971.88,CARD,3,FAILED,USER_ABANDONMENT,0
TXN_0005157,CUST_00509,MEDIUM_RELIABILITY,0.69,5895.48,9343.76,NET_BANKING,13,SUCCESS,,0
TXN_0005158,CUST_00509,MEDIUM_RELIABILITY,0.69,5895.48,5210.53,CARD,19,FAILED,AUTHENTICATION_FAILURE,0
TXN_0005159,CUST_00510,MEDIUM_RELIABILITY,0.85,822.49,1175.35,CARD,6,FAILED,INSUFFICIENT_FUNDS,0
TXN_0005160,CUST_00510,MEDIUM_RELIABILITY,0.85,822.49,1292.55,NET_BANKING,13,SUCCESS,,0
TXN_0005161,CUST_00510,MEDIUM_RELIABILITY,0.85,822.49,1294.37,CARD,23,FAILED,TEMPORARY_BANK_ERROR,0
TXN_0005162,CUST_00510,MEDIUM_RELIABILITY,0.85,822.49,916.17,WALLET,23,SUCCESS,,0
TXN_0005163,CUST_00510,MEDIUM_RELIABILITY,0.85,822.49,176.58,UPI,17,SUCCESS,,0
TXN_0005164,CUST_00510,MEDIUM_RELIABILITY,0.85,822.49,974.1,NET_BANKING,0,SUCCESS,,0
TXN_0005165,CUST_00510,MEDIUM_RELIABILITY,0.85,822.49,1167.41,UPI,5,SUCCESS,,0
TXN_0005166,CUST_00511,LOW_RELIABILITY,0.55,2221.97,2149.92,NET_BANKING,17,SUCCESS,,0
TXN_0005167,CUST_00511,LOW_RELIABILITY,0.55,2221.97,3772.54,WALLET,17,SUCCESS,,0
TXN_0005168,CUST_00511,LOW_RELIABILITY,0.55,2221.97,2986.18,WALLET,19,FAILED,AUTHENTICATION_FAILURE,1
TXN_0005169,CUST_00511,LOW_RELIABILITY,0.55,2221.97,2727.04,UPI,14,FAILED,AUTHENTICATION_FAILURE,0
TXN_0005170,CUST_00511,LOW_RELIABILITY,0.55,2221.97,3187.53,CARD,13,SUCCESS,,0
TXN_0005171,CUST_00511,LOW_RELIABILITY,0.55,2221.97,2518.27,NET_BANKING,5,SUCCESS,,0
TXN_0005172,CUST_00511,LOW_RELIABILITY,0.55,2221.97,100.0,WALLET,6,SUCCESS,,0
TXN_0005173,CUST_00511,LOW_RELIABILITY,0.55,2221.97,1778.34,CARD,12,SUCCESS,,0
TXN_0005174,CUST_00511,LOW_RELIABILITY,0.55,2221.97,3286.0,NET_BANKING,6,FAILED,INSUFFICIENT_FUNDS,2
TXN_0005175,CUST_00511,LOW_RELIABILITY,0.55,2221.97,1504.19,UPI,10,SUCCESS,,0
TXN_0005176,CUST_00511,LOW_RELIABILITY,0.55,2221.97,2023.35,NET_BANKING,17,SUCCESS,,0
TXN_0005177,CUST_00511,LOW_RELIABILITY,0.55,2221.97,1293.33,NET_BANKING,12,FAILED,INSUFFICIENT_FUNDS,0
TXN_0005178,CUST_00511,LOW_RELIABILITY,0.55,2221.97,3807.5,CARD,3,FAILED,TEMPORARY_BANK_ERROR,0
TXN_0005179,CUST_00512,HIGH_RELIABILITY,0.98,14594.82,24411.25,NET_BANKING,6,SUCCESS,,0
TXN_0005180,CUST_00512,HIGH_RELIABILITY,0.98,14594.82,9434.86,CARD,4,SUCCESS,,0
TXN_0005181,CUST_00512,HIGH_RELIABILITY,0.98,14594.82,15454.74,CARD,16,SUCCESS,,0
TXN_0005182,CUST_00512,HIGH_RELIABILITY,0.98,14594.82,10622.14,UPI,5,SUCCESS,,0
TXN_0005183,CUST_00512,HIGH_RELIABILITY,0.98,14594.82,18184.82,CARD,2,SUCCESS,,0
TXN_0005184,CUST_00512,HIGH_RELIABILITY,0.98,14594.82,17570.31,UPI,23,SUCCESS,,0
TXN_0005185,CUST_00512,HIGH_RELIABILITY,0.98,14594.82,19333.5,UPI,15,SUCCESS,,0
TXN_0005186,CUST_00512,HIGH_RELIABILITY,0.98,14594.82,16532.54,UPI,1,SUCCESS,,0
TXN_0005187,CUST_00512,HIGH_RELIABILITY,0.98,14594.82,31731.51,CARD,11,SUCCESS,,0
TXN_0005188,CUST_00512,HIGH_RELIABILITY,0.98,14594.82,8593.88,UPI,20,SUCCESS,,0
TXN_0005189,CUST_00512,HIGH_RELIABILITY,0.98,14594.82,4608.44,CARD,3,SUCCESS,,0
TXN_0005190,CUST_00512,HIGH_RELIABILITY,0.98,14594.82,12299.99,NET_BANKING,7,SUCCESS,,0
TXN_0005191,CUST_00512,HIGH_RELIABILITY,0.98,14594.82,5441.02,CARD,14,SUCCESS,,0
TXN_0005192,CUST_00513,MEDIUM_RELIABILITY,0.86,5005.04,2017.11,UPI,16,SUCCESS,,0
TXN_0005193,CUST_00513,MEDIUM_RELIABILITY,0.86,5005.04,3000.39,UPI,18,SUCCESS,,0
TXN_0005194,CUST_00513,MEDIUM_RELIABILITY,0.86,5005.04,3158.8,NET_BANKING,20,SUCCESS,,0
TXN_0005195,CUST_00513,MEDIUM_RELIABILITY,0.86,5005.04,3093.88,CARD,11,SUCCESS,,0
TXN_0005196,CUST_00513,MEDIUM_RELIABILITY,0.86,5005.04,6042.52,UPI,21,FAILED,AUTHENTICATION_FAILURE,1
TXN_0005197,CUST_00513,MEDIUM_RELIABILITY,0.86,5005.04,3991.64,CARD,12,SUCCESS,,0
TXN_0005198,CUST_00513,MEDIUM_RELIABILITY,0.86,5005.04,4645.65,WALLET,12,SUCCESS,,0
TXN_0005199,CUST_00513,MEDIUM_RELIABILITY,0.86,5005.04,6795.31,NET_BANKING,19,SUCCESS,,0
TXN_0005200,CUST_00513,MEDIUM_RELIABILITY,0.86,5005.04,3470.85,CARD,3,FAILED,NETWORK_TIMEOUT,0
TXN_0005201,CUST_00513,MEDIUM_RELIABILITY,0.86,5005.04,4475.41,CARD,18,SUCCESS,,0
TXN_0005202,CUST_00513,MEDIUM_RELIABILITY,0.86,5005.04,5737.3,UPI,10,SUCCESS,,0
TXN_0005203,CUST_00514,LOW_RELIABILITY,0.6,5942.94,1327.49,CARD,20,SUCCESS,,0
TXN_0005204,CUST_00514,LOW_RELIABILITY,0.6,5942.94,273.6,NET_BANKING,23,FAILED,TEMPORARY_BANK_ERROR,2
TXN_0005205,CUST_00514,LOW_RELIABILITY,0.6,5942.94,6765.72,UPI,8,SUCCESS,,0
TXN_0005206,CUST_00514,LOW_RELIABILITY,0.6,5942.94,7112.54,UPI,19,SUCCESS,,0
TXN_0005207,CUST_00514,LOW_RELIABILITY,0.6,5942.94,10849.95,CARD,9,FAILED,NETWORK_TIMEOUT,1
TXN_0005208,CUST_00514,LOW_RELIABILITY,0.6,5942.94,6318.76,CARD,17,FAILED,AUTHENTICATION_FAILURE,0
TXN_0005209,CUST_00514,LOW_RELIABILITY,0.6,5942.94,7891.61,CARD,15,FAILED,NETWORK_TIMEOUT,1
TXN_0005210,CUST_00514,LOW_RELIABILITY,0.6,5942.94,5478.27,CARD,12,FAILED,TECHNICAL_ERROR,0
TXN_0005211,CUST_00514,LOW_RELIABILITY,0.6,5942.94,6649.5,CARD,16,SUCCESS,,0
TXN_0005212,CUST_00515,HIGH_RELIABILITY,0.92,12604.82,21011.01,UPI,7,SUCCESS,,0
TXN_0005213,CUST_00515,HIGH_RELIABILITY,0.92,12604.82,1895.8,CARD,20,SUCCESS,,0
TXN_0005214,CUST_00515,HIGH_RELIABILITY,0.92,12604.82,14690.24,UPI,18,SUCCESS,,0
TXN_0005215,CUST_00515,HIGH_RELIABILITY,0.92,12604.82,23372.29,CARD,12,SUCCESS,,0
TXN_0005216,CUST_00515,HIGH_RELIABILITY,0.92,12604.82,14026.82,CARD,0,SUCCESS,,0
TXN_0005217,CUST_00515,HIGH_RELIABILITY,0.92,12604.82,20926.89,UPI,19,SUCCESS,,0
TXN_0005218,CUST_00516,LOW_RELIABILITY,0.36,4254.64,3183.81,CARD,12,SUCCESS,,0
TXN_0005219,CUST_00516,LOW_RELIABILITY,0.36,4254.64,4200.1,UPI,5,FAILED,USER_ABANDONMENT,0
TXN_0005220,CUST_00516,LOW_RELIABILITY,0.36,4254.64,4311.69,UPI,14,FAILED,NETWORK_TIMEOUT,0
TXN_0005221,CUST_00516,LOW_RELIABILITY,0.36,4254.64,480.62,WALLET,0,SUCCESS,,0
TXN_0005222,CUST_00516,LOW_RELIABILITY,0.36,4254.64,2266.57,UPI,17,SUCCESS,,0
TXN_0005223,CUST_00516,LOW_RELIABILITY,0.36,4254.64,2387.92,UPI,3,SUCCESS,,0
TXN_0005224,CUST_00516,LOW_RELIABILITY,0.36,4254.64,5653.68,UPI,17,FAILED,TEMPORARY_BANK_ERROR,1
TXN_0005225,CUST_00516,LOW_RELIABILITY,0.36,4254.64,5738.92,UPI,15,FAILED,USER_ABANDONMENT,0
TXN_0005226,CUST_00516,LOW_RELIABILITY,0.36,4254.64,4806.1,CARD,23,FAILED,USER_ABANDONMENT,1
TXN_0005227,CUST_00516,LOW_RELIABILITY,0.36,4254.64,5657.14,UPI,11,FAILED,USER_ABANDONMENT,0
TXN_0005228,CUST_00516,LOW_RELIABILITY,0.36,4254.64,3975.28,WALLET,14,SUCCESS,,0
TXN_0005229,CUST_00516,LOW_RELIABILITY,0.36,4254.64,6300.15,WALLET,1,FAILED,TEMPORARY_BANK_ERROR,0
TXN_0005230,CUST_00516,LOW_RELIABILITY,0.36,4254.64,4269.6,UPI,21,FAILED,INSUFFICIENT_FUNDS,2
TXN_0005231,CUST_00516,LOW_RELIABILITY,0.36,4254.64,4353.12,CARD,20,FAILED,TECHNICAL_ERROR,3
TXN_0005232,CUST_00516,LOW_RELIABILITY,0.36,4254.64,3802.64,UPI,3,FAILED,USER_ABANDONMENT,0
TXN_0005233,CUST_00517,HIGH_RELIABILITY,0.91,2687.94,3423.84,WALLET,21,SUCCESS,,0
TXN_0005234,CUST_00517,HIGH_RELIABILITY,0.91,2687.94,2235.08,WALLET,13,SUCCESS,,0
TXN_0005235,CUST_00517,HIGH_RELIABILITY,0.91,2687.94,3737.78,UPI,15,SUCCESS,,0
TXN_0005236,CUST_00517,HIGH_RELIABILITY,0.91,2687.94,1470.68,WALLET,20,SUCCESS,,0
TXN_0005237,CUST_00517,HIGH_RELIABILITY,0.91,2687.94,1506.41,CARD,13,SUCCESS,,0
TXN_0005238,CUST_00517,HIGH_RELIABILITY,0.91,2687.94,3427.04,NET_BANKING,0,SUCCESS,,0
TXN_0005239,CUST_00517,HIGH_RELIABILITY,0.91,2687.94,2592.74,NET_BANKING,13,SUCCESS,,0
TXN_0005240,CUST_00517,HIGH_RELIABILITY,0.91,2687.94,2199.93,CARD,1,SUCCESS,,0
TXN_0005241,CUST_00517,HIGH_RELIABILITY,0.91,2687.94,3644.91,WALLET,9,SUCCESS,,0
TXN_0005242,CUST_00517,HIGH_RELIABILITY,0.91,2687.94,2035.03,UPI,19,SUCCESS,,0
TXN_0005243,CUST_00517,HIGH_RELIABILITY,0.91,2687.94,2472.69,UPI,15,SUCCESS,,0
TXN_0005244,CUST_00517,HIGH_RELIABILITY,0.91,2687.94,4192.36,UPI,13,SUCCESS,,0
TXN_0005245,CUST_00518,HIGH_RELIABILITY,0.89,10748.04,17365.15,NET_BANKING,11,SUCCESS,,0
TXN_0005246,CUST_00518,HIGH_RELIABILITY,0.89,10748.04,17508.12,WALLET,12,SUCCESS,,0
TXN_0005247,CUST_00518,HIGH_RELIABILITY,0.89,10748.04,9535.12,NET_BANKING,3,SUCCESS,,0
TXN_0005248,CUST_00518,HIGH_RELIABILITY,0.89,10748.04,16039.1,UPI,19,SUCCESS,,0
TXN_0005249,CUST_00518,HIGH_RELIABILITY,0.89,10748.04,6668.29,CARD,10,SUCCESS,,0
TXN_0005250,CUST_00518,HIGH_RELIABILITY,0.89,10748.04,6849.07,NET_BANKING,5,SUCCESS,,0
TXN_0005251,CUST_00518,HIGH_RELIABILITY,0.89,10748.04,642.92,UPI,19,FAILED,TEMPORARY_BANK_ERROR,2
TXN_0005252,CUST_00518,HIGH_RELIABILITY,0.89,10748.04,17940.06,CARD,9,SUCCESS,,0
TXN_0005253,CUST_00518,HIGH_RELIABILITY,0.89,10748.04,7033.6,UPI,15,SUCCESS,,0
TXN_0005254,CUST_00518,HIGH_RELIABILITY,0.89,10748.04,10204.05,WALLET,9,SUCCESS,,0
TXN_0005255,CUST_00518,HIGH_RELIABILITY,0.89,10748.04,6834.36,CARD,10,SUCCESS,,0
TXN_0005256,CUST_00519,MEDIUM_RELIABILITY,0.72,7385.28,9438.88,CARD,10,FAILED,USER_ABANDONMENT,1
TXN_0005257,CUST_00519,MEDIUM_RELIABILITY,0.72,7385.28,6275.62,CARD,10,FAILED,USER_ABANDONMENT,3
TXN_0005258,CUST_00519,MEDIUM_RELIABILITY,0.72,7385.28,3530.7,UPI,23,SUCCESS,,0
TXN_0005259,CUST_00519,MEDIUM_RELIABILITY,0.72,7385.28,8690.0,UPI,22,SUCCESS,,0
TXN_0005260,CUST_00519,MEDIUM_RELIABILITY,0.72,7385.28,3149.88,NET_BANKING,1,FAILED,TEMPORARY_BANK_ERROR,0
TXN_0005261,CUST_00519,MEDIUM_RELIABILITY,0.72,7385.28,4911.49,UPI,2,SUCCESS,,0
TXN_0005262,CUST_00519,MEDIUM_RELIABILITY,0.72,7385.28,1161.29,UPI,22,SUCCESS,,0
TXN_0005263,CUST_00519,MEDIUM_RELIABILITY,0.72,7385.28,3178.75,UPI,20,FAILED,TECHNICAL_ERROR,0
TXN_0005264,CUST_00520,MEDIUM_RELIABILITY,0.66,3495.26,3744.86,NET_BANKING,17,SUCCESS,,0
TXN_0005265,CUST_00520,MEDIUM_RELIABILITY,0.66,3495.26,748.63,CARD,19,FAILED,NETWORK_TIMEOUT,1
TXN_0005266,CUST_00520,MEDIUM_RELIABILITY,0.66,3495.26,1424.46,CARD,5,FAILED,AUTHENTICATION_FAILURE,0
TXN_0005267,CUST_00520,MEDIUM_RELIABILITY,0.66,3495.26,3491.95,NET_BANKING,4,SUCCESS,,0
TXN_0005268,CUST_00520,MEDIUM_RELIABILITY,0.66,3495.26,2735.24,UPI,12,FAILED,INSUFFICIENT_FUNDS,0
TXN_0005269,CUST_00520,MEDIUM_RELIABILITY,0.66,3495.26,6280.33,CARD,14,FAILED,NETWORK_TIMEOUT,0
TXN_0005270,CUST_00520,MEDIUM_RELIABILITY,0.66,3495.26,6059.24,NET_BANKING,1,SUCCESS,,0
TXN_0005271,CUST_00520,MEDIUM_RELIABILITY,0.66,3495.26,2281.81,CARD,8,SUCCESS,,0
TXN_0005272,CUST_00520,MEDIUM_RELIABILITY,0.66,3495.26,4274.2,UPI,15,FAILED,NETWORK_TIMEOUT,0
TXN_0005273,CUST_00520,MEDIUM_RELIABILITY,0.66,3495.26,4542.83,NET_BANKING,9,SUCCESS,,0
TXN_0005274,CUST_00520,MEDIUM_RELIABILITY,0.66,3495.26,2659.92,CARD,23,SUCCESS,,0
TXN_0005275,CUST_00521,MEDIUM_RELIABILITY,0.77,8011.87,3219.04,UPI,14,FAILED,INSUFFICIENT_FUNDS,1
TXN_0005276,CUST_00521,MEDIUM_RELIABILITY,0.77,8011.87,7972.46,WALLET,14,FAILED,NETWORK_TIMEOUT,2
TXN_0005277,CUST_00521,MEDIUM_RELIABILITY,0.77,8011.87,7457.94,UPI,10,SUCCESS,,0
TXN_0005278,CUST_00521,MEDIUM_RELIABILITY,0.77,8011.87,6615.35,CARD,0,FAILED,TEMPORARY_BANK_ERROR,0
TXN_0005279,CUST_00521,MEDIUM_RELIABILITY,0.77,8011.87,9429.38,UPI,2,SUCCESS,,0
TXN_0005280,CUST_00521,MEDIUM_RELIABILITY,0.77,8011.87,5605.97,UPI,20,SUCCESS,,0
TXN_0005281,CUST_00521,MEDIUM_RELIABILITY,0.77,8011.87,4320.01,CARD,5,SUCCESS,,0
TXN_0005282,CUST_00521,MEDIUM_RELIABILITY,0.77,8011.87,8361.45,UPI,15,SUCCESS,,0
TXN_0005283,CUST_00521,MEDIUM_RELIABILITY,0.77,8011.87,9248.81,NET_BANKING,17,FAILED,AUTHENTICATION_FAILURE,0
TXN_0005284,CUST_00522,HIGH_RELIABILITY,0.92,9762.48,5167.69,UPI,9,SUCCESS,,0
TXN_0005285,CUST_00522,HIGH_RELIABILITY,0.92,9762.48,13386.67,UPI,10,SUCCESS,,0
TXN_0005286,CUST_00522,HIGH_RELIABILITY,0.92,9762.48,2848.77,UPI,3,SUCCESS,,0
TXN_0005287,CUST_00522,HIGH_RELIABILITY,0.92,9762.48,7504.95,UPI,10,SUCCESS,,0
TXN_0005288,CUST_00522,HIGH_RELIABILITY,0.92,9762.48,8754.96,UPI,10,SUCCESS,,0
TXN_0005289,CUST_00522,HIGH_RELIABILITY,0.92,9762.48,7278.03,CARD,16,FAILED,INSUFFICIENT_FUNDS,2
TXN_0005290,CUST_00522,HIGH_RELIABILITY,0.92,9762.48,7555.92,UPI,21,SUCCESS,,0
TXN_0005291,CUST_00522,HIGH_RELIABILITY,0.92,9762.48,17069.01,UPI,12,SUCCESS,,0
TXN_0005292,CUST_00522,HIGH_RELIABILITY,0.92,9762.48,6439.78,CARD,14,SUCCESS,,0
TXN_0005293,CUST_00522,HIGH_RELIABILITY,0.92,9762.48,19295.43,WALLET,18,SUCCESS,,0
TXN_0005294,CUST_00522,HIGH_RELIABILITY,0.92,9762.48,11469.46,CARD,2,SUCCESS,,0
TXN_0005295,CUST_00522,HIGH_RELIABILITY,0.92,9762.48,10121.95,UPI,12,SUCCESS,,0
TXN_0005296,CUST_00523,MEDIUM_RELIABILITY,0.84,6350.7,7560.48,CARD,12,SUCCESS,,0
TXN_0005297,CUST_00523,MEDIUM_RELIABILITY,0.84,6350.7,12777.42,UPI,10,FAILED,INSUFFICIENT_FUNDS,0
TXN_0005298,CUST_00523,MEDIUM_RELIABILITY,0.84,6350.7,3826.7,UPI,1,FAILED,INSUFFICIENT_FUNDS,0
TXN_0005299,CUST_00523,MEDIUM_RELIABILITY,0.84,6350.7,3504.52,CARD,18,FAILED,TECHNICAL_ERROR,1
TXN_0005300,CUST_00523,MEDIUM_RELIABILITY,0.84,6350.7,4433.13,CARD,10,FAILED,AUTHENTICATION_FAILURE,0
TXN_0005301,CUST_00523,MEDIUM_RELIABILITY,0.84,6350.7,6432.35,UPI,16,SUCCESS,,0
TXN_0005302,CUST_00523,MEDIUM_RELIABILITY,0.84,6350.7,1966.76,UPI,20,SUCCESS,,0
TXN_0005303,CUST_00523,MEDIUM_RELIABILITY,0.84,6350.7,6407.45,UPI,16,SUCCESS,,0
TXN_0005304,CUST_00523,MEDIUM_RELIABILITY,0.84,6350.7,10652.78,UPI,21,SUCCESS,,0
TXN_0005305,CUST_00523,MEDIUM_RELIABILITY,0.84,6350.7,6735.32,CARD,11,SUCCESS,,0
TXN_0005306,CUST_00523,MEDIUM_RELIABILITY,0.84,6350.7,5607.2,CARD,11,SUCCESS,,0
TXN_0005307,CUST_00523,MEDIUM_RELIABILITY,0.84,6350.7,4780.4,NET_BANKING,10,SUCCESS,,0
TXN_0005308,CUST_00523,MEDIUM_RELIABILITY,0.84,6350.7,8633.17,CARD,16,FAILED,INSUFFICIENT_FUNDS,0
TXN_0005309,CUST_00523,MEDIUM_RELIABILITY,0.84,6350.7,4252.85,CARD,5,FAILED,NETWORK_TIMEOUT,0
TXN_0005310,CUST_00524,MEDIUM_RELIABILITY,0.7,731.81,1272.29,CARD,21,SUCCESS,,0
TXN_0005311,CUST_00524,MEDIUM_RELIABILITY,0.7,731.81,1297.75,NET_BANKING,4,FAILED,INSUFFICIENT_FUNDS,1
TXN_0005312,CUST_00524,MEDIUM_RELIABILITY,0.7,731.81,806.97,WALLET,14,SUCCESS,,0
TXN_0005313,CUST_00524,MEDIUM_RELIABILITY,0.7,731.81,728.44,CARD,10,SUCCESS,,0
TXN_0005314,CUST_00524,MEDIUM_RELIABILITY,0.7,731.81,1033.51,CARD,8,SUCCESS,,0
TXN_0005315,CUST_00524,MEDIUM_RELIABILITY,0.7,731.81,1052.28,NET_BANKING,8,SUCCESS,,0
TXN_0005316,CUST_00524,MEDIUM_RELIABILITY,0.7,731.81,495.88,UPI,15,SUCCESS,,0
TXN_0005317,CUST_00524,MEDIUM_RELIABILITY,0.7,731.81,577.67,UPI,12,SUCCESS,,0
TXN_0005318,CUST_00524,MEDIUM_RELIABILITY,0.7,731.81,344.73,UPI,5,SUCCESS,,0
TXN_0005319,CUST_00524,MEDIUM_RELIABILITY,0.7,731.81,851.55,CARD,6,SUCCESS,,0
TXN_0005320,CUST_00524,MEDIUM_RELIABILITY,0.7,731.81,926.95,UPI,13,SUCCESS,,0
TXN_0005321,CUST_00524,MEDIUM_RELIABILITY,0.7,731.81,336.65,UPI,2,SUCCESS,,0
TXN_0005322,CUST_00524,MEDIUM_RELIABILITY,0.7,731.81,598.56,CARD,15,SUCCESS,,0
TXN_0005323,CUST_00525,MEDIUM_RELIABILITY,0.84,702.06,323.72,UPI,10,SUCCESS,,0
TXN_0005324,CUST_00525,MEDIUM_RELIABILITY,0.84,702.06,449.66,NET_BANKING,0,SUCCESS,,0
TXN_0005325,CUST_00525,MEDIUM_RELIABILITY,0.84,702.06,856.8,CARD,23,SUCCESS,,0
TXN_0005326,CUST_00525,MEDIUM_RELIABILITY,0.84,702.06,496.08,NET_BANKING,3,SUCCESS,,0
TXN_0005327,CUST_00525,MEDIUM_RELIABILITY,0.84,702.06,617.58,CARD,11,SUCCESS,,0
TXN_0005328,CUST_00525,MEDIUM_RELIABILITY,0.84,702.06,245.07,CARD,13,SUCCESS,,0
TXN_0005329,CUST_00526,HIGH_RELIABILITY,0.98,8405.12,9033.79,UPI,11,SUCCESS,,0
TXN_0005330,CUST_00526,HIGH_RELIABILITY,0.98,8405.12,8256.27,NET_BANKING,10,SUCCESS,,0
TXN_0005331,CUST_00526,HIGH_RELIABILITY,0.98,8405.12,5954.32,CARD,0,SUCCESS,,0
TXN_0005332,CUST_00526,HIGH_RELIABILITY,0.98,8405.12,7769.64,CARD,23,FAILED,USER_ABANDONMENT,0
TXN_0005333,CUST_00526,HIGH_RELIABILITY,0.98,8405.12,9011.28,UPI,12,FAILED,AUTHENTICATION_FAILURE,0
TXN_0005334,CUST_00526,HIGH_RELIABILITY,0.98,8405.12,5665.49,UPI,18,SUCCESS,,0
TXN_0005335,CUST_00526,HIGH_RELIABILITY,0.98,8405.12,3441.85,UPI,17,SUCCESS,,0
TXN_0005336,CUST_00526,HIGH_RELIABILITY,0.98,8405.12,14475.55,CARD,15,SUCCESS,,0
TXN_0005337,CUST_00526,HIGH_RELIABILITY,0.98,8405.12,6276.03,CARD,10,SUCCESS,,0
TXN_0005338,CUST_00526,HIGH_RELIABILITY,0.98,8405.12,8079.81,UPI,13,SUCCESS,,0
TXN_0005339,CUST_00526,HIGH_RELIABILITY,0.98,8405.12,11803.61,UPI,16,SUCCESS,,0
TXN_0005340,CUST_00526,HIGH_RELIABILITY,0.98,8405.12,20269.97,CARD,3,SUCCESS,,0
TXN_0005341,CUST_00526,HIGH_RELIABILITY,0.98,8405.12,4221.1,CARD,1,SUCCESS,,0
TXN_0005342,CUST_00526,HIGH_RELIABILITY,0.98,8405.12,9917.46,UPI,4,SUCCESS,,0
TXN_0005343,CUST_00527,MEDIUM_RELIABILITY,0.86,8088.44,5799.24,UPI,2,SUCCESS,,0
TXN_0005344,CUST_00527,MEDIUM_RELIABILITY,0.86,8088.44,6345.25,WALLET,16,SUCCESS,,0
TXN_0005345,CUST_00527,MEDIUM_RELIABILITY,0.86,8088.44,5758.28,UPI,12,FAILED,NETWORK_TIMEOUT,0
TXN_0005346,CUST_00527,MEDIUM_RELIABILITY,0.86,8088.44,4446.52,UPI,23,SUCCESS,,0
TXN_0005347,CUST_00527,MEDIUM_RELIABILITY,0.86,8088.44,7954.85,CARD,6,SUCCESS,,0
TXN_0005348,CUST_00527,MEDIUM_RELIABILITY,0.86,8088.44,3317.87,NET_BANKING,1,SUCCESS,,0
TXN_0005349,CUST_00527,MEDIUM_RELIABILITY,0.86,8088.44,11151.72,CARD,17,SUCCESS,,0
TXN_0005350,CUST_00527,MEDIUM_RELIABILITY,0.86,8088.44,8266.4,NET_BANKING,13,FAILED,INSUFFICIENT_FUNDS,0
TXN_0005351,CUST_00527,MEDIUM_RELIABILITY,0.86,8088.44,9455.18,CARD,2,SUCCESS,,0
TXN_0005352,CUST_00527,MEDIUM_RELIABILITY,0.86,8088.44,6580.14,NET_BANKING,12,SUCCESS,,0
TXN_0005353,CUST_00527,MEDIUM_RELIABILITY,0.86,8088.44,6900.4,CARD,5,SUCCESS,,0
TXN_0005354,CUST_00527,MEDIUM_RELIABILITY,0.86,8088.44,9018.82,NET_BANKING,3,FAILED,NETWORK_TIMEOUT,0
TXN_0005355,CUST_00528,HIGH_RELIABILITY,0.99,5909.97,3158.17,CARD,21,SUCCESS,,0
TXN_0005356,CUST_00528,HIGH_RELIABILITY,0.99,5909.97,5063.68,CARD,7,SUCCESS,,0
TXN_0005357,CUST_00528,HIGH_RELIABILITY,0.99,5909.97,3877.85,UPI,0,SUCCESS,,0
TXN_0005358,CUST_00528,HIGH_RELIABILITY,0.99,5909.97,3804.68,CARD,13,SUCCESS,,0
TXN_0005359,CUST_00528,HIGH_RELIABILITY,0.99,5909.97,922.34,CARD,13,FAILED,TECHNICAL_ERROR,0
TXN_0005360,CUST_00528,HIGH_RELIABILITY,0.99,5909.97,9076.12,CARD,12,SUCCESS,,0
TXN_0005361,CUST_00528,HIGH_RELIABILITY,0.99,5909.97,4287.0,UPI,22,SUCCESS,,0
TXN_0005362,CUST_00528,HIGH_RELIABILITY,0.99,5909.97,8660.18,UPI,3,SUCCESS,,0
TXN_0005363,CUST_00528,HIGH_RELIABILITY,0.99,5909.97,8436.58,CARD,10,SUCCESS,,0
TXN_0005364,CUST_00528,HIGH_RELIABILITY,0.99,5909.97,2869.88,UPI,17,SUCCESS,,0
TXN_0005365,CUST_00528,HIGH_RELIABILITY,0.99,5909.97,3336.98,CARD,9,SUCCESS,,0
TXN_0005366,CUST_00528,HIGH_RELIABILITY,0.99,5909.97,11962.97,UPI,11,SUCCESS,,0
TXN_0005367,CUST_00528,HIGH_RELIABILITY,0.99,5909.97,10049.14,UPI,21,SUCCESS,,0
TXN_0005368,CUST_00528,HIGH_RELIABILITY,0.99,5909.97,5835.46,UPI,15,SUCCESS,,0
TXN_0005369,CUST_00528,HIGH_RELIABILITY,0.99,5909.97,6518.4,UPI,4,SUCCESS,,0
TXN_0005370,CUST_00529,LOW_RELIABILITY,0.57,2933.13,2192.99,UPI,16,SUCCESS,,0
TXN_0005371,CUST_00529,LOW_RELIABILITY,0.57,2933.13,3440.39,UPI,8,SUCCESS,,0
TXN_0005372,CUST_00529,LOW_RELIABILITY,0.57,2933.13,2091.69,CARD,16,SUCCESS,,0
TXN_0005373,CUST_00529,LOW_RELIABILITY,0.57,2933.13,548.67,UPI,10,SUCCESS,,0
TXN_0005374,CUST_00529,LOW_RELIABILITY,0.57,2933.13,1382.61,WALLET,18,FAILED,AUTHENTICATION_FAILURE,0
TXN_0005375,CUST_00529,LOW_RELIABILITY,0.57,2933.13,2957.88,UPI,22,SUCCESS,,0
TXN_0005376,CUST_00529,LOW_RELIABILITY,0.57,2933.13,1606.1,WALLET,19,SUCCESS,,0
TXN_0005377,CUST_00529,LOW_RELIABILITY,0.57,2933.13,2854.2,CARD,0,SUCCESS,,0
TXN_0005378,CUST_00530,LOW_RELIABILITY,0.49,4467.04,2546.82,CARD,8,SUCCESS,,0
TXN_0005379,CUST_00530,LOW_RELIABILITY,0.49,4467.04,3069.12,CARD,8,SUCCESS,,0
TXN_0005380,CUST_00530,LOW_RELIABILITY,0.49,4467.04,5991.49,NET_BANKING,11,FAILED,AUTHENTICATION_FAILURE,1
TXN_0005381,CUST_00530,LOW_RELIABILITY,0.49,4467.04,4909.24,NET_BANKING,17,SUCCESS,,0
TXN_0005382,CUST_00530,LOW_RELIABILITY,0.49,4467.04,4449.77,CARD,15,FAILED,NETWORK_TIMEOUT,0
TXN_0005383,CUST_00530,LOW_RELIABILITY,0.49,4467.04,6037.59,CARD,13,SUCCESS,,0
TXN_0005384,CUST_00530,LOW_RELIABILITY,0.49,4467.04,5325.8,WALLET,3,SUCCESS,,0
TXN_0005385,CUST_00531,MEDIUM_RELIABILITY,0.84,9848.79,15547.55,NET_BANKING,8,SUCCESS,,0
TXN_0005386,CUST_00531,MEDIUM_RELIABILITY,0.84,9848.79,8037.17,NET_BANKING,1,SUCCESS,,0
TXN_0005387,CUST_00531,MEDIUM_RELIABILITY,0.84,9848.79,8156.24,WALLET,18,SUCCESS,,0
TXN_0005388,CUST_00531,MEDIUM_RELIABILITY,0.84,9848.79,4723.05,CARD,2,SUCCESS,,0
TXN_0005389,CUST_00531,MEDIUM_RELIABILITY,0.84,9848.79,8158.81,UPI,15,SUCCESS,,0
TXN_0005390,CUST_00531,MEDIUM_RELIABILITY,0.84,9848.79,13649.52,CARD,16,SUCCESS,,0
TXN_0005391,CUST_00531,MEDIUM_RELIABILITY,0.84,9848.79,14970.11,UPI,12,SUCCESS,,0
TXN_0005392,CUST_00531,MEDIUM_RELIABILITY,0.84,9848.79,13631.93,CARD,0,SUCCESS,,0
TXN_0005393,CUST_00531,MEDIUM_RELIABILITY,0.84,9848.79,2780.54,UPI,22,FAILED,TEMPORARY_BANK_ERROR,2
TXN_0005394,CUST_00531,MEDIUM_RELIABILITY,0.84,9848.79,14115.86,WALLET,11,SUCCESS,,0
TXN_0005395,CUST_00531,MEDIUM_RELIABILITY,0.84,9848.79,2605.92,NET_BANKING,13,SUCCESS,,0
TXN_0005396,CUST_00532,MEDIUM_RELIABILITY,0.82,4468.78,6074.18,CARD,12,FAILED,NETWORK_TIMEOUT,0
TXN_0005397,CUST_00532,MEDIUM_RELIABILITY,0.82,4468.78,3811.36,UPI,8,FAILED,USER_ABANDONMENT,2
TXN_0005398,CUST_00532,MEDIUM_RELIABILITY,0.82,4468.78,5724.57,UPI,2,SUCCESS,,0
TXN_0005399,CUST_00532,MEDIUM_RELIABILITY,0.82,4468.78,2087.01,CARD,11,SUCCESS,,0
TXN_0005400,CUST_00532,MEDIUM_RELIABILITY,0.82,4468.78,6562.26,UPI,8,SUCCESS,,0
TXN_0005401,CUST_00532,MEDIUM_RELIABILITY,0.82,4468.78,1850.12,UPI,1,SUCCESS,,0
TXN_0005402,CUST_00532,MEDIUM_RELIABILITY,0.82,4468.78,3273.91,CARD,18,SUCCESS,,0
TXN_0005403,CUST_00533,LOW_RELIABILITY,0.47,5215.56,3133.31,UPI,6,FAILED,NETWORK_TIMEOUT,1
TXN_0005404,CUST_00533,LOW_RELIABILITY,0.47,5215.56,1555.73,NET_BANKING,20,FAILED,INSUFFICIENT_FUNDS,1
TXN_0005405,CUST_00533,LOW_RELIABILITY,0.47,5215.56,5412.77,UPI,20,SUCCESS,,0
TXN_0005406,CUST_00533,LOW_RELIABILITY,0.47,5215.56,8983.47,UPI,8,SUCCESS,,0
TXN_0005407,CUST_00533,LOW_RELIABILITY,0.47,5215.56,10779.32,CARD,18,SUCCESS,,0
TXN_0005408,CUST_00533,LOW_RELIABILITY,0.47,5215.56,5418.25,CARD,4,SUCCESS,,0
TXN_0005409,CUST_00533,LOW_RELIABILITY,0.47,5215.56,7545.21,WALLET,18,FAILED,TEMPORARY_BANK_ERROR,0
TXN_0005410,CUST_00533,LOW_RELIABILITY,0.47,5215.56,5699.76,WALLET,9,SUCCESS,,0
TXN_0005411,CUST_00533,LOW_RELIABILITY,0.47,5215.56,6256.34,UPI,0,FAILED,USER_ABANDONMENT,1
TXN_0005412,CUST_00534,MEDIUM_RELIABILITY,0.7,1549.5,1337.44,UPI,3,FAILED,USER_ABANDONMENT,0
TXN_0005413,CUST_00534,MEDIUM_RELIABILITY,0.7,1549.5,1670.41,UPI,12,SUCCESS,,0
TXN_0005414,CUST_00534,MEDIUM_RELIABILITY,0.7,1549.5,1882.63,UPI,12,FAILED,NETWORK_TIMEOUT,0
TXN_0005415,CUST_00534,MEDIUM_RELIABILITY,0.7,1549.5,1190.97,UPI,22,SUCCESS,,0
TXN_0005416,CUST_00534,MEDIUM_RELIABILITY,0.7,1549.5,1501.47,UPI,4,SUCCESS,,0
TXN_0005417,CUST_00534,MEDIUM_RELIABILITY,0.7,1549.5,1513.29,UPI,10,SUCCESS,,0
TXN_0005418,CUST_00534,MEDIUM_RELIABILITY,0.7,1549.5,2061.7,UPI,13,SUCCESS,,0
TXN_0005419,CUST_00534,MEDIUM_RELIABILITY,0.7,1549.5,888.77,UPI,11,FAILED,TECHNICAL_ERROR,0
TXN_0005420,CUST_00535,MEDIUM_RELIABILITY,0.73,3228.77,3162.2,UPI,15,SUCCESS,,0
TXN_0005421,CUST_00535,MEDIUM_RELIABILITY,0.73,3228.77,5698.14,UPI,3,SUCCESS,,0
TXN_0005422,CUST_00535,MEDIUM_RELIABILITY,0.73,3228.77,4732.16,UPI,18,SUCCESS,,0
TXN_0005423,CUST_00535,MEDIUM_RELIABILITY,0.73,3228.77,4971.25,UPI,14,FAILED,NETWORK_TIMEOUT,0
TXN_0005424,CUST_00535,MEDIUM_RELIABILITY,0.73,3228.77,3260.32,NET_BANKING,20,SUCCESS,,0
TXN_0005425,CUST_00536,LOW_RELIABILITY,0.44,1788.53,2018.18,UPI,6,FAILED,NETWORK_TIMEOUT,0
TXN_0005426,CUST_00536,LOW_RELIABILITY,0.44,1788.53,2505.54,CARD,2,SUCCESS,,0
TXN_0005427,CUST_00536,LOW_RELIABILITY,0.44,1788.53,2904.76,CARD,5,FAILED,USER_ABANDONMENT,0
TXN_0005428,CUST_00536,LOW_RELIABILITY,0.44,1788.53,392.33,NET_BANKING,22,SUCCESS,,0
TXN_0005429,CUST_00536,LOW_RELIABILITY,0.44,1788.53,847.45,CARD,3,SUCCESS,,0
TXN_0005430,CUST_00536,LOW_RELIABILITY,0.44,1788.53,2725.32,UPI,5,FAILED,TECHNICAL_ERROR,0
TXN_0005431,CUST_00536,LOW_RELIABILITY,0.44,1788.53,1590.44,NET_BANKING,14,FAILED,TEMPORARY_BANK_ERROR,0
TXN_0005432,CUST_00537,LOW_RELIABILITY,0.36,321.54,235.15,NET_BANKING,9,FAILED,AUTHENTICATION_FAILURE,2
TXN_0005433,CUST_00537,LOW_RELIABILITY,0.36,321.54,160.23,UPI,4,FAILED,NETWORK_TIMEOUT,0
TXN_0005434,CUST_00537,LOW_RELIABILITY,0.36,321.54,250.16,UPI,18,FAILED,TEMPORARY_BANK_ERROR,3
TXN_0005435,CUST_00537,LOW_RELIABILITY,0.36,321.54,141.17,WALLET,21,SUCCESS,,0
TXN_0005436,CUST_00537,LOW_RELIABILITY,0.36,321.54,590.49,CARD,9,SUCCESS,,0
TXN_0005437,CUST_00537,LOW_RELIABILITY,0.36,321.54,318.65,UPI,15,SUCCESS,,0
TXN_0005438,CUST_00537,LOW_RELIABILITY,0.36,321.54,314.09,UPI,0,FAILED,TEMPORARY_BANK_ERROR,1
TXN_0005439,CUST_00538,HIGH_RELIABILITY,0.99,6988.82,8632.8,UPI,7,SUCCESS,,0
TXN_0005440,CUST_00538,HIGH_RELIABILITY,0.99,6988.82,9679.08,CARD,2,SUCCESS,,0
TXN_0005441,CUST_00538,HIGH_RELIABILITY,0.99,6988.82,9633.08,CARD,9,SUCCESS,,0
TXN_0005442,CUST_00538,HIGH_RELIABILITY,0.99,6988.82,9990.16,UPI,21,SUCCESS,,0
TXN_0005443,CUST_00538,HIGH_RELIABILITY,0.99,6988.82,5225.27,WALLET,22,SUCCESS,,0
TXN_0005444,CUST_00538,HIGH_RELIABILITY,0.99,6988.82,6156.13,CARD,3,SUCCESS,,0
TXN_0005445,CUST_00538,HIGH_RELIABILITY,0.99,6988.82,9138.67,UPI,3,SUCCESS,,0
TXN_0005446,CUST_00538,HIGH_RELIABILITY,0.99,6988.82,5514.49,UPI,17,SUCCESS,,0
TXN_0005447,CUST_00538,HIGH_RELIABILITY,0.99,6988.82,6974.54,NET_BANKING,5,SUCCESS,,0
TXN_0005448,CUST_00538,HIGH_RELIABILITY,0.99,6988.82,8103.58,CARD,12,SUCCESS,,0
TXN_0005449,CUST_00539,MEDIUM_RELIABILITY,0.73,6956.65,9141.55,CARD,17,SUCCESS,,0
TXN_0005450,CUST_00539,MEDIUM_RELIABILITY,0.73,6956.65,2009.97,UPI,17,SUCCESS,,0
TXN_0005451,CUST_00539,MEDIUM_RELIABILITY,0.73,6956.65,8945.54,NET_BANKING,16,SUCCESS,,0
TXN_0005452,CUST_00539,MEDIUM_RELIABILITY,0.73,6956.65,6306.28,UPI,14,SUCCESS,,0
TXN_0005453,CUST_00539,MEDIUM_RELIABILITY,0.73,6956.65,8925.26,UPI,0,SUCCESS,,0
TXN_0005454,CUST_00539,MEDIUM_RELIABILITY,0.73,6956.65,9118.59,UPI,14,FAILED,INSUFFICIENT_FUNDS,0
TXN_0005455,CUST_00539,MEDIUM_RELIABILITY,0.73,6956.65,11430.93,NET_BANKING,17,SUCCESS,,0
TXN_0005456,CUST_00539,MEDIUM_RELIABILITY,0.73,6956.65,10722.85,WALLET,3,SUCCESS,,0
TXN_0005457,CUST_00539,MEDIUM_RELIABILITY,0.73,6956.65,10703.7,CARD,19,SUCCESS,,0
TXN_0005458,CUST_00540,HIGH_RELIABILITY,0.9,14299.46,22556.94,UPI,9,FAILED,NETWORK_TIMEOUT,1
TXN_0005459,CUST_00540,HIGH_RELIABILITY,0.9,14299.46,15966.08,NET_BANKING,6,SUCCESS,,0
TXN_0005460,CUST_00540,HIGH_RELIABILITY,0.9,14299.46,14483.55,WALLET,20,SUCCESS,,0
TXN_0005461,CUST_00540,HIGH_RELIABILITY,0.9,14299.46,19291.79,UPI,10,SUCCESS,,0
TXN_0005462,CUST_00540,HIGH_RELIABILITY,0.9,14299.46,18486.8,UPI,8,SUCCESS,,0
TXN_0005463,CUST_00540,HIGH_RELIABILITY,0.9,14299.46,12531.67,UPI,1,SUCCESS,,0
TXN_0005464,CUST_00540,HIGH_RELIABILITY,0.9,14299.46,16614.96,UPI,18,SUCCESS,,0
TXN_0005465,CUST_00541,HIGH_RELIABILITY,0.97,2251.75,2220.14,UPI,13,SUCCESS,,0
TXN_0005466,CUST_00541,HIGH_RELIABILITY,0.97,2251.75,1482.61,CARD,0,SUCCESS,,0
TXN_0005467,CUST_00541,HIGH_RELIABILITY,0.97,2251.75,3414.07,WALLET,6,SUCCESS,,0
TXN_0005468,CUST_00541,HIGH_RELIABILITY,0.97,2251.75,2301.47,CARD,23,SUCCESS,,0
TXN_0005469,CUST_00541,HIGH_RELIABILITY,0.97,2251.75,4097.02,UPI,10,FAILED,TEMPORARY_BANK_ERROR,0
TXN_0005470,CUST_00541,HIGH_RELIABILITY,0.97,2251.75,787.67,UPI,0,SUCCESS,,0
TXN_0005471,CUST_00541,HIGH_RELIABILITY,0.97,2251.75,1750.26,UPI,9,SUCCESS,,0
TXN_0005472,CUST_00541,HIGH_RELIABILITY,0.97,2251.75,2281.15,WALLET,14,SUCCESS,,0
TXN_0005473,CUST_00541,HIGH_RELIABILITY,0.97,2251.75,3276.19,UPI,0,FAILED,INSUFFICIENT_FUNDS,1
TXN_0005474,CUST_00541,HIGH_RELIABILITY,0.97,2251.75,2611.55,CARD,2,SUCCESS,,0
TXN_0005475,CUST_00541,HIGH_RELIABILITY,0.97,2251.75,2531.39,UPI,0,FAILED,TECHNICAL_ERROR,2
TXN_0005476,CUST_00542,MEDIUM_RELIABILITY,0.74,8851.62,4860.38,CARD,23,SUCCESS,,0
TXN_0005477,CUST_00542,MEDIUM_RELIABILITY,0.74,8851.62,4755.3,NET_BANKING,4,SUCCESS,,0
TXN_0005478,CUST_00542,MEDIUM_RELIABILITY,0.74,8851.62,9993.5,UPI,14,SUCCESS,,0
TXN_0005479,CUST_00542,MEDIUM_RELIABILITY,0.74,8851.62,4021.8,CARD,17,SUCCESS,,0
TXN_0005480,CUST_00542,MEDIUM_RELIABILITY,0.74,8851.62,6968.43,CARD,14,SUCCESS,,0
TXN_0005481,CUST_00542,MEDIUM_RELIABILITY,0.74,8851.62,10625.19,CARD,12,FAILED,AUTHENTICATION_FAILURE,0
TXN_0005482,CUST_00542,MEDIUM_RELIABILITY,0.74,8851.62,5373.56,CARD,2,SUCCESS,,0
TXN_0005483,CUST_00542,MEDIUM_RELIABILITY,0.74,8851.62,14535.62,NET_BANKING,17,SUCCESS,,0
TXN_0005484,CUST_00542,MEDIUM_RELIABILITY,0.74,8851.62,13185.15,WALLET,12,FAILED,TEMPORARY_BANK_ERROR,2
TXN_0005485,CUST_00542,MEDIUM_RELIABILITY,0.74,8851.62,3287.77,NET_BANKING,18,SUCCESS,,0
TXN_0005486,CUST_00542,MEDIUM_RELIABILITY,0.74,8851.62,5550.42,CARD,7,SUCCESS,,0
TXN_0005487,CUST_00543,MEDIUM_RELIABILITY,0.86,4940.31,423.33,CARD,7,SUCCESS,,0
TXN_0005488,CUST_00543,MEDIUM_RELIABILITY,0.86,4940.31,3393.81,UPI,3,SUCCESS,,0
TXN_0005489,CUST_00543,MEDIUM_RELIABILITY,0.86,4940.31,6454.79,UPI,2,SUCCESS,,0
TXN_0005490,CUST_00543,MEDIUM_RELIABILITY,0.86,4940.31,4122.4,CARD,11,SUCCESS,,0
TXN_0005491,CUST_00543,MEDIUM_RELIABILITY,0.86,4940.31,5850.9,UPI,4,SUCCESS,,0
TXN_0005492,CUST_00543,MEDIUM_RELIABILITY,0.86,4940.31,1931.99,WALLET,9,SUCCESS,,0
TXN_0005493,CUST_00544,MEDIUM_RELIABILITY,0.78,2086.82,2752.91,UPI,8,SUCCESS,,0
TXN_0005494,CUST_00544,MEDIUM_RELIABILITY,0.78,2086.82,1623.45,CARD,2,SUCCESS,,0
TXN_0005495,CUST_00544,MEDIUM_RELIABILITY,0.78,2086.82,2096.98,UPI,7,SUCCESS,,0
TXN_0005496,CUST_00544,MEDIUM_RELIABILITY,0.78,2086.82,2009.3,UPI,14,SUCCESS,,0
TXN_0005497,CUST_00544,MEDIUM_RELIABILITY,0.78,2086.82,1025.42,WALLET,19,SUCCESS,,0
TXN_0005498,CUST_00545,LOW_RELIABILITY,0.64,1775.37,956.51,CARD,22,FAILED,NETWORK_TIMEOUT,0
TXN_0005499,CUST_00545,LOW_RELIABILITY,0.64,1775.37,2462.65,CARD,3,FAILED,TEMPORARY_BANK_ERROR,2
TXN_0005500,CUST_00545,LOW_RELIABILITY,0.64,1775.37,2058.71,CARD,4,SUCCESS,,0
TXN_0005501,CUST_00545,LOW_RELIABILITY,0.64,1775.37,2521.06,CARD,2,SUCCESS,,0
TXN_0005502,CUST_00545,LOW_RELIABILITY,0.64,1775.37,2005.93,UPI,4,SUCCESS,,0
TXN_0005503,CUST_00545,LOW_RELIABILITY,0.64,1775.37,1876.91,CARD,19,SUCCESS,,0
TXN_0005504,CUST_00545,LOW_RELIABILITY,0.64,1775.37,549.65,UPI,0,FAILED,USER_ABANDONMENT,0
TXN_0005505,CUST_00545,LOW_RELIABILITY,0.64,1775.37,1583.37,CARD,16,SUCCESS,,0
TXN_0005506,CUST_00545,LOW_RELIABILITY,0.64,1775.37,1755.92,CARD,22,FAILED,TEMPORARY_BANK_ERROR,0
TXN_0005507,CUST_00546,MEDIUM_RELIABILITY,0.86,6671.64,11883.81,CARD,6,SUCCESS,,0
TXN_0005508,CUST_00546,MEDIUM_RELIABILITY,0.86,6671.64,8504.89,UPI,7,SUCCESS,,0
TXN_0005509,CUST_00546,MEDIUM_RELIABILITY,0.86,6671.64,10770.86,CARD,0,SUCCESS,,0
TXN_0005510,CUST_00546,MEDIUM_RELIABILITY,0.86,6671.64,8266.26,UPI,3,SUCCESS,,0
TXN_0005511,CUST_00546,MEDIUM_RELIABILITY,0.86,6671.64,4773.42,CARD,4,SUCCESS,,0
TXN_0005512,CUST_00546,MEDIUM_RELIABILITY,0.86,6671.64,6984.2,UPI,17,FAILED,NETWORK_TIMEOUT,0
TXN_0005513,CUST_00546,MEDIUM_RELIABILITY,0.86,6671.64,7302.04,UPI,20,SUCCESS,,0
TXN_0005514,CUST_00546,MEDIUM_RELIABILITY,0.86,6671.64,4165.36,UPI,0,SUCCESS,,0
TXN_0005515,CUST_00546,MEDIUM_RELIABILITY,0.86,6671.64,5645.84,NET_BANKING,12,FAILED,TEMPORARY_BANK_ERROR,0
TXN_0005516,CUST_00546,MEDIUM_RELIABILITY,0.86,6671.64,6122.52,UPI,1,SUCCESS,,0
TXN_0005517,CUST_00547,MEDIUM_RELIABILITY,0.78,5370.54,8819.76,UPI,2,FAILED,TEMPORARY_BANK_ERROR,0
TXN_0005518,CUST_00547,MEDIUM_RELIABILITY,0.78,5370.54,900.66,UPI,2,SUCCESS,,0
TXN_0005519,CUST_00547,MEDIUM_RELIABILITY,0.78,5370.54,7960.9,CARD,5,FAILED,TECHNICAL_ERROR,0
TXN_0005520,CUST_00547,MEDIUM_RELIABILITY,0.78,5370.54,3358.1,WALLET,20,SUCCESS,,0
TXN_0005521,CUST_00547,MEDIUM_RELIABILITY,0.78,5370.54,2423.02,UPI,4,FAILED,TECHNICAL_ERROR,2
TXN_0005522,CUST_00547,MEDIUM_RELIABILITY,0.78,5370.54,7905.31,CARD,0,SUCCESS,,0
TXN_0005523,CUST_00547,MEDIUM_RELIABILITY,0.78,5370.54,6942.82,UPI,10,SUCCESS,,0
TXN_0005524,CUST_00547,MEDIUM_RELIABILITY,0.78,5370.54,8065.52,NET_BANKING,23,SUCCESS,,0
TXN_0005525,CUST_00547,MEDIUM_RELIABILITY,0.78,5370.54,7090.62,NET_BANKING,9,SUCCESS,,0
TXN_0005526,CUST_00547,MEDIUM_RELIABILITY,0.78,5370.54,9795.53,UPI,9,SUCCESS,,0
TXN_0005527,CUST_00547,MEDIUM_RELIABILITY,0.78,5370.54,6570.8,NET_BANKING,14,SUCCESS,,0
TXN_0005528,CUST_00548,MEDIUM_RELIABILITY,0.7,2177.02,2040.76,NET_BANKING,9,SUCCESS,,0
TXN_0005529,CUST_00548,MEDIUM_RELIABILITY,0.7,2177.02,2475.64,WALLET,3,SUCCESS,,0
TXN_0005530,CUST_00548,MEDIUM_RELIABILITY,0.7,2177.02,3259.84,UPI,0,SUCCESS,,0
TXN_0005531,CUST_00548,MEDIUM_RELIABILITY,0.7,2177.02,1498.33,CARD,20,SUCCESS,,0
TXN_0005532,CUST_00548,MEDIUM_RELIABILITY,0.7,2177.02,1609.35,WALLET,9,SUCCESS,,0
TXN_0005533,CUST_00548,MEDIUM_RELIABILITY,0.7,2177.02,1907.98,UPI,7,SUCCESS,,0
TXN_0005534,CUST_00548,MEDIUM_RELIABILITY,0.7,2177.02,344.33,WALLET,2,SUCCESS,,0
TXN_0005535,CUST_00548,MEDIUM_RELIABILITY,0.7,2177.02,2297.26,UPI,5,FAILED,NETWORK_TIMEOUT,0
TXN_0005536,CUST_00549,HIGH_RELIABILITY,0.9,3610.14,886.46,UPI,14,SUCCESS,,0
TXN_0005537,CUST_00549,HIGH_RELIABILITY,0.9,3610.14,3686.76,UPI,14,SUCCESS,,0
TXN_0005538,CUST_00549,HIGH_RELIABILITY,0.9,3610.14,4859.67,CARD,13,SUCCESS,,0
TXN_0005539,CUST_00549,HIGH_RELIABILITY,0.9,3610.14,2921.5,UPI,11,SUCCESS,,0
TXN_0005540,CUST_00549,HIGH_RELIABILITY,0.9,3610.14,6031.99,NET_BANKING,4,SUCCESS,,0
TXN_0005541,CUST_00549,HIGH_RELIABILITY,0.9,3610.14,1501.09,UPI,2,SUCCESS,,0
TXN_0005542,CUST_00549,HIGH_RELIABILITY,0.9,3610.14,5330.39,CARD,14,SUCCESS,,0
TXN_0005543,CUST_00549,HIGH_RELIABILITY,0.9,3610.14,4585.08,UPI,17,SUCCESS,,0
TXN_0005544,CUST_00549,HIGH_RELIABILITY,0.9,3610.14,1132.09,NET_BANKING,8,SUCCESS,,0
TXN_0005545,CUST_00549,HIGH_RELIABILITY,0.9,3610.14,7524.68,UPI,14,SUCCESS,,0
TXN_0005546,CUST_00549,HIGH_RELIABILITY,0.9,3610.14,3518.09,CARD,18,FAILED,TEMPORARY_BANK_ERROR,0
TXN_0005547,CUST_00549,HIGH_RELIABILITY,0.9,3610.14,2343.0,UPI,3,SUCCESS,,0
TXN_0005548,CUST_00549,HIGH_RELIABILITY,0.9,3610.14,1578.23,UPI,18,SUCCESS,,0
TXN_0005549,CUST_00549,HIGH_RELIABILITY,0.9,3610.14,3292.42,UPI,4,SUCCESS,,0
TXN_0005550,CUST_00549,HIGH_RELIABILITY,0.9,3610.14,3426.16,UPI,8,SUCCESS,,0
TXN_0005551,CUST_00550,MEDIUM_RELIABILITY,0.82,3826.19,3983.29,UPI,23,SUCCESS,,0
TXN_0005552,CUST_00550,MEDIUM_RELIABILITY,0.82,3826.19,3370.42,CARD,12,SUCCESS,,0
TXN_0005553,CUST_00550,MEDIUM_RELIABILITY,0.82,3826.19,4795.33,WALLET,4,FAILED,AUTHENTICATION_FAILURE,0
TXN_0005554,CUST_00550,MEDIUM_RELIABILITY,0.82,3826.19,3232.93,UPI,23,SUCCESS,,0
TXN_0005555,CUST_00550,MEDIUM_RELIABILITY,0.82,3826.19,864.77,UPI,8,SUCCESS,,0
TXN_0005556,CUST_00550,MEDIUM_RELIABILITY,0.82,3826.19,3597.6,UPI,12,SUCCESS,,0
TXN_0005557,CUST_00550,MEDIUM_RELIABILITY,0.82,3826.19,202.82,UPI,9,SUCCESS,,0
TXN_0005558,CUST_00550,MEDIUM_RELIABILITY,0.82,3826.19,4367.63,UPI,3,FAILED,AUTHENTICATION_FAILURE,0
TXN_0005559,CUST_00550,MEDIUM_RELIABILITY,0.82,3826.19,2327.39,UPI,17,FAILED,TEMPORARY_BANK_ERROR,0
TXN_0005560,CUST_00551,MEDIUM_RELIABILITY,0.66,9706.47,10340.73,UPI,9,FAILED,AUTHENTICATION_FAILURE,1
TXN_0005561,CUST_00551,MEDIUM_RELIABILITY,0.66,9706.47,14808.48,CARD,16,SUCCESS,,0
TXN_0005562,CUST_00551,MEDIUM_RELIABILITY,0.66,9706.47,6022.87,CARD,16,SUCCESS,,0
TXN_0005563,CUST_00551,MEDIUM_RELIABILITY,0.66,9706.47,13826.89,CARD,13,SUCCESS,,0
TXN_0005564,CUST_00551,MEDIUM_RELIABILITY,0.66,9706.47,8023.8,WALLET,12,FAILED,AUTHENTICATION_FAILURE,0
TXN_0005565,CUST_00551,MEDIUM_RELIABILITY,0.66,9706.47,16513.4,UPI,3,SUCCESS,,0
TXN_0005566,CUST_00551,MEDIUM_RELIABILITY,0.66,9706.47,8288.73,UPI,5,SUCCESS,,0
TXN_0005567,CUST_00551,MEDIUM_RELIABILITY,0.66,9706.47,6443.18,UPI,6,SUCCESS,,0
TXN_0005568,CUST_00551,MEDIUM_RELIABILITY,0.66,9706.47,12374.73,UPI,23,FAILED,USER_ABANDONMENT,0
TXN_0005569,CUST_00551,MEDIUM_RELIABILITY,0.66,9706.47,8014.48,UPI,9,SUCCESS,,0
TXN_0005570,CUST_00551,MEDIUM_RELIABILITY,0.66,9706.47,6439.47,WALLET,13,FAILED,TECHNICAL_ERROR,0
TXN_0005571,CUST_00551,MEDIUM_RELIABILITY,0.66,9706.47,7851.21,UPI,23,SUCCESS,,0
TXN_0005572,CUST_00551,MEDIUM_RELIABILITY,0.66,9706.47,9533.28,CARD,1,SUCCESS,,0
TXN_0005573,CUST_00551,MEDIUM_RELIABILITY,0.66,9706.47,14917.6,UPI,1,SUCCESS,,0
TXN_0005574,CUST_00551,MEDIUM_RELIABILITY,0.66,9706.47,2197.2,UPI,19,SUCCESS,,0
TXN_0005575,CUST_00552,MEDIUM_RELIABILITY,0.84,9313.65,9399.64,CARD,1,FAILED,USER_ABANDONMENT,0
TXN_0005576,CUST_00552,MEDIUM_RELIABILITY,0.84,9313.65,11641.7,UPI,9,SUCCESS,,0
TXN_0005577,CUST_00552,MEDIUM_RELIABILITY,0.84,9313.65,10034.33,CARD,3,SUCCESS,,0
TXN_0005578,CUST_00552,MEDIUM_RELIABILITY,0.84,9313.65,14193.5,NET_BANKING,15,SUCCESS,,0
TXN_0005579,CUST_00552,MEDIUM_RELIABILITY,0.84,9313.65,9036.68,CARD,14,SUCCESS,,0
TXN_0005580,CUST_00552,MEDIUM_RELIABILITY,0.84,9313.65,8626.11,CARD,1,SUCCESS,,0
TXN_0005581,CUST_00552,MEDIUM_RELIABILITY,0.84,9313.65,11520.35,UPI,20,SUCCESS,,0
TXN_0005582,CUST_00552,MEDIUM_RELIABILITY,0.84,9313.65,9683.64,NET_BANKING,4,SUCCESS,,0
TXN_0005583,CUST_00552,MEDIUM_RELIABILITY,0.84,9313.65,7859.2,WALLET,21,SUCCESS,,0
TXN_0005584,CUST_00552,MEDIUM_RELIABILITY,0.84,9313.65,11236.52,WALLET,1,SUCCESS,,0
TXN_0005585,CUST_00552,MEDIUM_RELIABILITY,0.84,9313.65,6882.68,UPI,18,SUCCESS,,0
TXN_0005586,CUST_00552,MEDIUM_RELIABILITY,0.84,9313.65,7036.73,NET_BANKING,20,SUCCESS,,0
TXN_0005587,CUST_00552,MEDIUM_RELIABILITY,0.84,9313.65,7346.63,CARD,11,SUCCESS,,0
TXN_0005588,CUST_00552,MEDIUM_RELIABILITY,0.84,9313.65,14354.46,CARD,2,SUCCESS,,0
TXN_0005589,CUST_00553,MEDIUM_RELIABILITY,0.87,2152.0,100.0,UPI,10,SUCCESS,,0
TXN_0005590,CUST_00553,MEDIUM_RELIABILITY,0.87,2152.0,2492.53,CARD,0,SUCCESS,,0
TXN_0005591,CUST_00553,MEDIUM_RELIABILITY,0.87,2152.0,2181.5,UPI,16,SUCCESS,,0
TXN_0005592,CUST_00553,MEDIUM_RELIABILITY,0.87,2152.0,705.11,NET_BANKING,16,SUCCESS,,0
TXN_0005593,CUST_00553,MEDIUM_RELIABILITY,0.87,2152.0,2418.61,CARD,14,SUCCESS,,0
TXN_0005594,CUST_00553,MEDIUM_RELIABILITY,0.87,2152.0,2561.53,UPI,7,SUCCESS,,0
TXN_0005595,CUST_00553,MEDIUM_RELIABILITY,0.87,2152.0,2659.56,WALLET,3,SUCCESS,,0
TXN_0005596,CUST_00553,MEDIUM_RELIABILITY,0.87,2152.0,100.0,CARD,16,FAILED,INSUFFICIENT_FUNDS,3
TXN_0005597,CUST_00553,MEDIUM_RELIABILITY,0.87,2152.0,3328.19,UPI,6,SUCCESS,,0
TXN_0005598,CUST_00553,MEDIUM_RELIABILITY,0.87,2152.0,1516.96,NET_BANKING,18,SUCCESS,,0
TXN_0005599,CUST_00553,MEDIUM_RELIABILITY,0.87,2152.0,2743.0,UPI,15,SUCCESS,,0
TXN_0005600,CUST_00553,MEDIUM_RELIABILITY,0.87,2152.0,2789.92,UPI,6,SUCCESS,,0
TXN_0005601,CUST_00554,MEDIUM_RELIABILITY,0.74,7703.27,5001.9,UPI,13,SUCCESS,,0
TXN_0005602,CUST_00554,MEDIUM_RELIABILITY,0.74,7703.27,9738.35,UPI,0,FAILED,NETWORK_TIMEOUT,0
TXN_0005603,CUST_00554,MEDIUM_RELIABILITY,0.74,7703.27,6515.45,CARD,17,SUCCESS,,0
TXN_0005604,CUST_00554,MEDIUM_RELIABILITY,0.74,7703.27,1320.72,UPI,16,FAILED,TEMPORARY_BANK_ERROR,0
TXN_0005605,CUST_00554,MEDIUM_RELIABILITY,0.74,7703.27,11301.44,NET_BANKING,6,SUCCESS,,0
TXN_0005606,CUST_00554,MEDIUM_RELIABILITY,0.74,7703.27,5315.12,UPI,12,SUCCESS,,0
TXN_0005607,CUST_00554,MEDIUM_RELIABILITY,0.74,7703.27,5070.31,UPI,3,SUCCESS,,0
TXN_0005608,CUST_00554,MEDIUM_RELIABILITY,0.74,7703.27,6461.3,UPI,12,SUCCESS,,0
TXN_0005609,CUST_00555,MEDIUM_RELIABILITY,0.8,1962.01,2175.66,CARD,14,SUCCESS,,0
TXN_0005610,CUST_00555,MEDIUM_RELIABILITY,0.8,1962.01,1917.06,CARD,0,SUCCESS,,0
TXN_0005611,CUST_00555,MEDIUM_RELIABILITY,0.8,1962.01,2392.14,UPI,21,SUCCESS,,0
TXN_0005612,CUST_00555,MEDIUM_RELIABILITY,0.8,1962.01,910.77,UPI,22,FAILED,INSUFFICIENT_FUNDS,3
TXN_0005613,CUST_00555,MEDIUM_RELIABILITY,0.8,1962.01,1379.38,WALLET,22,SUCCESS,,0
TXN_0005614,CUST_00555,MEDIUM_RELIABILITY,0.8,1962.01,1870.98,NET_BANKING,4,FAILED,TEMPORARY_BANK_ERROR,0
TXN_0005615,CUST_00555,MEDIUM_RELIABILITY,0.8,1962.01,3451.48,UPI,9,SUCCESS,,0
TXN_0005616,CUST_00555,MEDIUM_RELIABILITY,0.8,1962.01,1872.69,UPI,0,SUCCESS,,0
TXN_0005617,CUST_00555,MEDIUM_RELIABILITY,0.8,1962.01,2813.7,UPI,6,SUCCESS,,0
TXN_0005618,CUST_00555,MEDIUM_RELIABILITY,0.8,1962.01,1992.27,WALLET,20,SUCCESS,,0
TXN_0005619,CUST_00555,MEDIUM_RELIABILITY,0.8,1962.01,1582.43,UPI,5,SUCCESS,,0
TXN_0005620,CUST_00556,MEDIUM_RELIABILITY,0.83,2632.19,2372.42,CARD,22,FAILED,INSUFFICIENT_FUNDS,0
TXN_0005621,CUST_00556,MEDIUM_RELIABILITY,0.83,2632.19,2454.86,UPI,17,SUCCESS,,0
TXN_0005622,CUST_00556,MEDIUM_RELIABILITY,0.83,2632.19,3267.75,CARD,7,FAILED,NETWORK_TIMEOUT,0
TXN_0005623,CUST_00556,MEDIUM_RELIABILITY,0.83,2632.19,4079.49,UPI,2,SUCCESS,,0
TXN_0005624,CUST_00556,MEDIUM_RELIABILITY,0.83,2632.19,3010.89,UPI,7,FAILED,TEMPORARY_BANK_ERROR,2
TXN_0005625,CUST_00556,MEDIUM_RELIABILITY,0.83,2632.19,3882.04,UPI,23,SUCCESS,,0
TXN_0005626,CUST_00556,MEDIUM_RELIABILITY,0.83,2632.19,1616.39,NET_BANKING,17,SUCCESS,,0
TXN_0005627,CUST_00556,MEDIUM_RELIABILITY,0.83,2632.19,2195.64,CARD,12,SUCCESS,,0
TXN_0005628,CUST_00557,HIGH_RELIABILITY,0.9,8517.64,6049.9,UPI,19,SUCCESS,,0
TXN_0005629,CUST_00557,HIGH_RELIABILITY,0.9,8517.64,9588.97,UPI,17,FAILED,TEMPORARY_BANK_ERROR,0
TXN_0005630,CUST_00557,HIGH_RELIABILITY,0.9,8517.64,7294.65,UPI,8,SUCCESS,,0
TXN_0005631,CUST_00557,HIGH_RELIABILITY,0.9,8517.64,11004.02,UPI,4,SUCCESS,,0
TXN_0005632,CUST_00557,HIGH_RELIABILITY,0.9,8517.64,5345.67,NET_BANKING,18,SUCCESS,,0
TXN_0005633,CUST_00557,HIGH_RELIABILITY,0.9,8517.64,8664.25,NET_BANKING,3,SUCCESS,,0
TXN_0005634,CUST_00557,HIGH_RELIABILITY,0.9,8517.64,10857.8,UPI,10,SUCCESS,,0
TXN_0005635,CUST_00557,HIGH_RELIABILITY,0.9,8517.64,1481.04,NET_BANKING,3,SUCCESS,,0
TXN_0005636,CUST_00558,HIGH_RELIABILITY,0.95,9121.21,16861.95,WALLET,15,SUCCESS,,0
TXN_0005637,CUST_00558,HIGH_RELIABILITY,0.95,9121.21,8088.13,UPI,7,SUCCESS,,0
TXN_0005638,CUST_00558,HIGH_RELIABILITY,0.95,9121.21,1732.88,NET_BANKING,15,SUCCESS,,0
TXN_0005639,CUST_00558,HIGH_RELIABILITY,0.95,9121.21,9698.01,UPI,8,SUCCESS,,0
TXN_0005640,CUST_00558,HIGH_RELIABILITY,0.95,9121.21,9243.23,NET_BANKING,20,FAILED,AUTHENTICATION_FAILURE,0
TXN_0005641,CUST_00558,HIGH_RELIABILITY,0.95,9121.21,8822.42,UPI,23,SUCCESS,,0
TXN_0005642,CUST_00559,HIGH_RELIABILITY,0.89,13284.45,18551.42,UPI,9,SUCCESS,,0
TXN_0005643,CUST_00559,HIGH_RELIABILITY,0.89,13284.45,17256.21,CARD,11,SUCCESS,,0
TXN_0005644,CUST_00559,HIGH_RELIABILITY,0.89,13284.45,14867.3,UPI,14,SUCCESS,,0
TXN_0005645,CUST_00559,HIGH_RELIABILITY,0.89,13284.45,15676.48,UPI,2,SUCCESS,,0
TXN_0005646,CUST_00559,HIGH_RELIABILITY,0.89,13284.45,12729.91,UPI,6,FAILED,INSUFFICIENT_FUNDS,0
TXN_0005647,CUST_00559,HIGH_RELIABILITY,0.89,13284.45,22719.02,UPI,8,SUCCESS,,0
TXN_0005648,CUST_00559,HIGH_RELIABILITY,0.89,13284.45,5424.33,CARD,20,SUCCESS,,0
TXN_0005649,CUST_00560,MEDIUM_RELIABILITY,0.71,1730.39,1827.05,CARD,1,FAILED,INSUFFICIENT_FUNDS,0
TXN_0005650,CUST_00560,MEDIUM_RELIABILITY,0.71,1730.39,1775.4,UPI,0,SUCCESS,,0
TXN_0005651,CUST_00560,MEDIUM_RELIABILITY,0.71,1730.39,2293.31,NET_BANKING,9,SUCCESS,,0
TXN_0005652,CUST_00560,MEDIUM_RELIABILITY,0.71,1730.39,1146.31,NET_BANKING,16,SUCCESS,,0
TXN_0005653,CUST_00560,MEDIUM_RELIABILITY,0.71,1730.39,523.5,CARD,21,FAILED,TEMPORARY_BANK_ERROR,0
TXN_0005654,CUST_00560,MEDIUM_RELIABILITY,0.71,1730.39,1838.94,UPI,12,SUCCESS,,0
TXN_0005655,CUST_00560,MEDIUM_RELIABILITY,0.71,1730.39,1925.05,UPI,4,SUCCESS,,0
TXN_0005656,CUST_00560,MEDIUM_RELIABILITY,0.71,1730.39,2761.43,UPI,16,SUCCESS,,0
TXN_0005657,CUST_00560,MEDIUM_RELIABILITY,0.71,1730.39,851.1,WALLET,14,SUCCESS,,0
TXN_0005658,CUST_00560,MEDIUM_RELIABILITY,0.71,1730.39,2529.62,UPI,0,SUCCESS,,0
TXN_0005659,CUST_00560,MEDIUM_RELIABILITY,0.71,1730.39,3369.01,NET_BANKING,21,FAILED,INSUFFICIENT_FUNDS,0
TXN_0005660,CUST_00560,MEDIUM_RELIABILITY,0.71,1730.39,1468.92,NET_BANKING,6,SUCCESS,,0
TXN_0005661,CUST_00561,MEDIUM_RELIABILITY,0.85,9578.69,4632.48,CARD,12,SUCCESS,,0
TXN_0005662,CUST_00561,MEDIUM_RELIABILITY,0.85,9578.69,8019.38,CARD,11,SUCCESS,,0
TXN_0005663,CUST_00561,MEDIUM_RELIABILITY,0.85,9578.69,9632.35,UPI,16,SUCCESS,,0
TXN_0005664,CUST_00561,MEDIUM_RELIABILITY,0.85,9578.69,11738.83,CARD,15,SUCCESS,,0
TXN_0005665,CUST_00561,MEDIUM_RELIABILITY,0.85,9578.69,7312.78,UPI,21,SUCCESS,,0
TXN_0005666,CUST_00561,MEDIUM_RELIABILITY,0.85,9578.69,15537.4,NET_BANKING,16,SUCCESS,,0
TXN_0005667,CUST_00561,MEDIUM_RELIABILITY,0.85,9578.69,5308.39,CARD,12,SUCCESS,,0
TXN_0005668,CUST_00561,MEDIUM_RELIABILITY,0.85,9578.69,2914.97,UPI,1,SUCCESS,,0
TXN_0005669,CUST_00562,LOW_RELIABILITY,0.6,5704.71,8230.09,NET_BANKING,8,FAILED,AUTHENTICATION_FAILURE,1
TXN_0005670,CUST_00562,LOW_RELIABILITY,0.6,5704.71,514.29,WALLET,19,SUCCESS,,0
TXN_0005671,CUST_00562,LOW_RELIABILITY,0.6,5704.71,5238.91,CARD,18,FAILED,TEMPORARY_BANK_ERROR,2
TXN_0005672,CUST_00562,LOW_RELIABILITY,0.6,5704.71,12818.9,CARD,14,FAILED,NETWORK_TIMEOUT,0
TXN_0005673,CUST_00562,LOW_RELIABILITY,0.6,5704.71,5677.23,UPI,20,SUCCESS,,0
TXN_0005674,CUST_00562,LOW_RELIABILITY,0.6,5704.71,3147.25,UPI,1,SUCCESS,,0
TXN_0005675,CUST_00562,LOW_RELIABILITY,0.6,5704.71,5573.74,CARD,14,SUCCESS,,0
TXN_0005676,CUST_00562,LOW_RELIABILITY,0.6,5704.71,5588.79,UPI,8,FAILED,USER_ABANDONMENT,0
TXN_0005677,CUST_00562,LOW_RELIABILITY,0.6,5704.71,6071.29,NET_BANKING,7,SUCCESS,,0
TXN_0005678,CUST_00562,LOW_RELIABILITY,0.6,5704.71,7215.92,CARD,4,SUCCESS,,0
TXN_0005679,CUST_00563,LOW_RELIABILITY,0.54,3945.83,2305.77,UPI,12,SUCCESS,,0
TXN_0005680,CUST_00563,LOW_RELIABILITY,0.54,3945.83,6609.34,UPI,23,FAILED,TEMPORARY_BANK_ERROR,0
TXN_0005681,CUST_00563,LOW_RELIABILITY,0.54,3945.83,4332.7,WALLET,4,SUCCESS,,0
TXN_0005682,CUST_00563,LOW_RELIABILITY,0.54,3945.83,5092.95,UPI,2,SUCCESS,,0
TXN_0005683,CUST_00563,LOW_RELIABILITY,0.54,3945.83,2954.4,NET_BANKING,20,SUCCESS,,0
TXN_0005684,CUST_00563,LOW_RELIABILITY,0.54,3945.83,5976.17,UPI,3,SUCCESS,,0
TXN_0005685,CUST_00563,LOW_RELIABILITY,0.54,3945.83,3540.12,UPI,5,FAILED,NETWORK_TIMEOUT,1
TXN_0005686,CUST_00563,LOW_RELIABILITY,0.54,3945.83,4383.9,CARD,3,FAILED,USER_ABANDONMENT,0
TXN_0005687,CUST_00563,LOW_RELIABILITY,0.54,3945.83,2473.08,CARD,1,FAILED,TECHNICAL_ERROR,1
TXN_0005688,CUST_00563,LOW_RELIABILITY,0.54,3945.83,2372.34,WALLET,0,FAILED,USER_ABANDONMENT,0
TXN_0005689,CUST_00563,LOW_RELIABILITY,0.54,3945.83,5032.05,UPI,5,SUCCESS,,0
TXN_0005690,CUST_00563,LOW_RELIABILITY,0.54,3945.83,3245.67,WALLET,18,SUCCESS,,0
TXN_0005691,CUST_00564,LOW_RELIABILITY,0.38,2977.48,1960.58,UPI,8,FAILED,NETWORK_TIMEOUT,0
TXN_0005692,CUST_00564,LOW_RELIABILITY,0.38,2977.48,2211.45,UPI,13,FAILED,USER_ABANDONMENT,0
TXN_0005693,CUST_00564,LOW_RELIABILITY,0.38,2977.48,3809.93,NET_BANKING,0,SUCCESS,,0
TXN_0005694,CUST_00564,LOW_RELIABILITY,0.38,2977.48,2228.3,NET_BANKING,2,FAILED,TEMPORARY_BANK_ERROR,2
TXN_0005695,CUST_00564,LOW_RELIABILITY,0.38,2977.48,2837.35,UPI,10,SUCCESS,,0
TXN_0005696,CUST_00565,MEDIUM_RELIABILITY,0.73,2967.66,2985.5,UPI,6,FAILED,NETWORK_TIMEOUT,0
TXN_0005697,CUST_00565,MEDIUM_RELIABILITY,0.73,2967.66,691.64,UPI,8,SUCCESS,,0
TXN_0005698,CUST_00565,MEDIUM_RELIABILITY,0.73,2967.66,1221.34,UPI,3,SUCCESS,,0
TXN_0005699,CUST_00565,MEDIUM_RELIABILITY,0.73,2967.66,3366.84,UPI,18,SUCCESS,,0
TXN_0005700,CUST_00565,MEDIUM_RELIABILITY,0.73,2967.66,2092.76,UPI,7,SUCCESS,,0
TXN_0005701,CUST_00566,LOW_RELIABILITY,0.56,3571.95,5081.78,CARD,18,FAILED,NETWORK_TIMEOUT,2
TXN_0005702,CUST_00566,LOW_RELIABILITY,0.56,3571.95,4953.3,UPI,5,SUCCESS,,0
TXN_0005703,CUST_00566,LOW_RELIABILITY,0.56,3571.95,4599.48,CARD,19,SUCCESS,,0
TXN_0005704,CUST_00566,LOW_RELIABILITY,0.56,3571.95,6172.0,CARD,3,SUCCESS,,0
TXN_0005705,CUST_00566,LOW_RELIABILITY,0.56,3571.95,3453.23,UPI,19,FAILED,NETWORK_TIMEOUT,0
TXN_0005706,CUST_00567,LOW_RELIABILITY,0.37,1697.25,2137.78,UPI,2,FAILED,INSUFFICIENT_FUNDS,1
TXN_0005707,CUST_00567,LOW_RELIABILITY,0.37,1697.25,1300.5,UPI,20,FAILED,TECHNICAL_ERROR,0
TXN_0005708,CUST_00567,LOW_RELIABILITY,0.37,1697.25,3362.16,UPI,4,SUCCESS,,0
TXN_0005709,CUST_00567,LOW_RELIABILITY,0.37,1697.25,3043.94,CARD,14,FAILED,NETWORK_TIMEOUT,0
TXN_0005710,CUST_00567,LOW_RELIABILITY,0.37,1697.25,1705.32,NET_BANKING,17,SUCCESS,,0
TXN_0005711,CUST_00567,LOW_RELIABILITY,0.37,1697.25,1959.7,UPI,6,FAILED,NETWORK_TIMEOUT,1
TXN_0005712,CUST_00567,LOW_RELIABILITY,0.37,1697.25,2620.08,CARD,0,FAILED,TEMPORARY_BANK_ERROR,2
TXN_0005713,CUST_00567,LOW_RELIABILITY,0.37,1697.25,1597.36,UPI,0,FAILED,NETWORK_TIMEOUT,0
TXN_0005714,CUST_00567,LOW_RELIABILITY,0.37,1697.25,1251.47,UPI,0,FAILED,INSUFFICIENT_FUNDS,1
TXN_0005715,CUST_00567,LOW_RELIABILITY,0.37,1697.25,2290.6,WALLET,18,SUCCESS,,0
TXN_0005716,CUST_00567,LOW_RELIABILITY,0.37,1697.25,1750.5,NET_BANKING,19,FAILED,TEMPORARY_BANK_ERROR,0
TXN_0005717,CUST_00567,LOW_RELIABILITY,0.37,1697.25,1821.48,UPI,9,SUCCESS,,0
TXN_0005718,CUST_00568,MEDIUM_RELIABILITY,0.8,1223.24,815.03,CARD,8,SUCCESS,,0
TXN_0005719,CUST_00568,MEDIUM_RELIABILITY,0.8,1223.24,382.79,CARD,1,SUCCESS,,0
TXN_0005720,CUST_00568,MEDIUM_RELIABILITY,0.8,1223.24,1338.78,UPI,5,SUCCESS,,0
TXN_0005721,CUST_00568,MEDIUM_RELIABILITY,0.8,1223.24,1666.03,UPI,6,FAILED,TECHNICAL_ERROR,0
TXN_0005722,CUST_00568,MEDIUM_RELIABILITY,0.8,1223.24,1112.75,UPI,4,SUCCESS,,0
TXN_0005723,CUST_00568,MEDIUM_RELIABILITY,0.8,1223.24,1926.08,WALLET,10,SUCCESS,,0
TXN_0005724,CUST_00568,MEDIUM_RELIABILITY,0.8,1223.24,878.82,WALLET,3,SUCCESS,,0
TXN_0005725,CUST_00568,MEDIUM_RELIABILITY,0.8,1223.24,707.18,CARD,10,SUCCESS,,0
TXN_0005726,CUST_00569,LOW_RELIABILITY,0.6,3567.0,3471.08,NET_BANKING,7,SUCCESS,,0
TXN_0005727,CUST_00569,LOW_RELIABILITY,0.6,3567.0,3449.16,CARD,17,SUCCESS,,0
TXN_0005728,CUST_00569,LOW_RELIABILITY,0.6,3567.0,4665.59,UPI,6,SUCCESS,,0
TXN_0005729,CUST_00569,LOW_RELIABILITY,0.6,3567.0,2461.28,NET_BANKING,7,FAILED,TEMPORARY_BANK_ERROR,1
TXN_0005730,CUST_00569,LOW_RELIABILITY,0.6,3567.0,5519.0,UPI,5,SUCCESS,,0
TXN_0005731,CUST_00569,LOW_RELIABILITY,0.6,3567.0,6373.4,UPI,17,FAILED,INSUFFICIENT_FUNDS,1
TXN_0005732,CUST_00569,LOW_RELIABILITY,0.6,3567.0,3511.15,WALLET,7,FAILED,USER_ABANDONMENT,1
TXN_0005733,CUST_00569,LOW_RELIABILITY,0.6,3567.0,5350.09,NET_BANKING,2,FAILED,INSUFFICIENT_FUNDS,0
TXN_0005734,CUST_00569,LOW_RELIABILITY,0.6,3567.0,2059.59,UPI,19,FAILED,TECHNICAL_ERROR,1
TXN_0005735,CUST_00569,LOW_RELIABILITY,0.6,3567.0,5101.13,CARD,1,FAILED,TEMPORARY_BANK_ERROR,0
TXN_0005736,CUST_00569,LOW_RELIABILITY,0.6,3567.0,5061.25,UPI,15,SUCCESS,,0
TXN_0005737,CUST_00569,LOW_RELIABILITY,0.6,3567.0,4798.95,CARD,8,FAILED,TECHNICAL_ERROR,0
TXN_0005738,CUST_00569,LOW_RELIABILITY,0.6,3567.0,3544.79,CARD,8,SUCCESS,,0
TXN_0005739,CUST_00569,LOW_RELIABILITY,0.6,3567.0,100.0,CARD,14,FAILED,TECHNICAL_ERROR,0
TXN_0005740,CUST_00569,LOW_RELIABILITY,0.6,3567.0,2651.38,UPI,12,SUCCESS,,0
TXN_0005741,CUST_00570,MEDIUM_RELIABILITY,0.76,6127.87,4593.66,UPI,11,FAILED,NETWORK_TIMEOUT,2
TXN_0005742,CUST_00570,MEDIUM_RELIABILITY,0.76,6127.87,3730.02,NET_BANKING,8,SUCCESS,,0
TXN_0005743,CUST_00570,MEDIUM_RELIABILITY,0.76,6127.87,6427.51,UPI,16,SUCCESS,,0
TXN_0005744,CUST_00570,MEDIUM_RELIABILITY,0.76,6127.87,5100.93,UPI,12,FAILED,TECHNICAL_ERROR,1
TXN_0005745,CUST_00570,MEDIUM_RELIABILITY,0.76,6127.87,4106.62,NET_BANKING,13,FAILED,USER_ABANDONMENT,0
TXN_0005746,CUST_00570,MEDIUM_RELIABILITY,0.76,6127.87,3532.59,UPI,18,FAILED,AUTHENTICATION_FAILURE,0
TXN_0005747,CUST_00570,MEDIUM_RELIABILITY,0.76,6127.87,4374.04,UPI,4,SUCCESS,,0
TXN_0005748,CUST_00570,MEDIUM_RELIABILITY,0.76,6127.87,8876.83,UPI,22,FAILED,NETWORK_TIMEOUT,0
TXN_0005749,CUST_00571,LOW_RELIABILITY,0.59,2565.1,1886.86,UPI,10,FAILED,TEMPORARY_BANK_ERROR,1
TXN_0005750,CUST_00571,LOW_RELIABILITY,0.59,2565.1,2036.75,UPI,20,FAILED,TEMPORARY_BANK_ERROR,1
TXN_0005751,CUST_00571,LOW_RELIABILITY,0.59,2565.1,2096.51,CARD,14,SUCCESS,,0
TXN_0005752,CUST_00571,LOW_RELIABILITY,0.59,2565.1,2912.92,CARD,20,FAILED,INSUFFICIENT_FUNDS,3
TXN_0005753,CUST_00571,LOW_RELIABILITY,0.59,2565.1,3033.23,UPI,23,FAILED,TEMPORARY_BANK_ERROR,3
TXN_0005754,CUST_00571,LOW_RELIABILITY,0.59,2565.1,100.0,CARD,7,SUCCESS,,0
TXN_0005755,CUST_00571,LOW_RELIABILITY,0.59,2565.1,3613.34,UPI,21,FAILED,TECHNICAL_ERROR,1
TXN_0005756,CUST_00571,LOW_RELIABILITY,0.59,2565.1,4038.87,CARD,23,SUCCESS,,0
TXN_0005757,CUST_00571,LOW_RELIABILITY,0.59,2565.1,1487.57,UPI,17,SUCCESS,,0
TXN_0005758,CUST_00571,LOW_RELIABILITY,0.59,2565.1,1567.48,UPI,15,SUCCESS,,0
TXN_0005759,CUST_00572,MEDIUM_RELIABILITY,0.8,5874.45,4816.45,UPI,6,SUCCESS,,0
TXN_0005760,CUST_00572,MEDIUM_RELIABILITY,0.8,5874.45,4098.01,NET_BANKING,18,SUCCESS,,0
TXN_0005761,CUST_00572,MEDIUM_RELIABILITY,0.8,5874.45,6400.63,CARD,11,FAILED,USER_ABANDONMENT,2
TXN_0005762,CUST_00572,MEDIUM_RELIABILITY,0.8,5874.45,1300.54,UPI,14,SUCCESS,,0
TXN_0005763,CUST_00572,MEDIUM_RELIABILITY,0.8,5874.45,3247.57,CARD,13,SUCCESS,,0
TXN_0005764,CUST_00572,MEDIUM_RELIABILITY,0.8,5874.45,9491.22,NET_BANKING,10,SUCCESS,,0
TXN_0005765,CUST_00572,MEDIUM_RELIABILITY,0.8,5874.45,3693.34,NET_BANKING,11,SUCCESS,,0
TXN_0005766,CUST_00572,MEDIUM_RELIABILITY,0.8,5874.45,8796.23,CARD,23,SUCCESS,,0
TXN_0005767,CUST_00572,MEDIUM_RELIABILITY,0.8,5874.45,6709.42,WALLET,10,SUCCESS,,0
TXN_0005768,CUST_00572,MEDIUM_RELIABILITY,0.8,5874.45,1623.07,CARD,15,FAILED,AUTHENTICATION_FAILURE,0
TXN_0005769,CUST_00572,MEDIUM_RELIABILITY,0.8,5874.45,7367.33,CARD,12,SUCCESS,,0
TXN_0005770,CUST_00572,MEDIUM_RELIABILITY,0.8,5874.45,5597.96,CARD,5,SUCCESS,,0
TXN_0005771,CUST_00572,MEDIUM_RELIABILITY,0.8,5874.45,4804.2,WALLET,20,SUCCESS,,0
TXN_0005772,CUST_00572,MEDIUM_RELIABILITY,0.8,5874.45,6450.05,CARD,2,SUCCESS,,0
TXN_0005773,CUST_00573,HIGH_RELIABILITY,0.91,13300.82,15826.03,UPI,5,SUCCESS,,0
TXN_0005774,CUST_00573,HIGH_RELIABILITY,0.91,13300.82,17065.44,NET_BANKING,0,SUCCESS,,0
TXN_0005775,CUST_00573,HIGH_RELIABILITY,0.91,13300.82,19569.51,CARD,11,SUCCESS,,0
TXN_0005776,CUST_00573,HIGH_RELIABILITY,0.91,13300.82,15472.24,CARD,20,SUCCESS,,0
TXN_0005777,CUST_00573,HIGH_RELIABILITY,0.91,13300.82,5982.0,NET_BANKING,9,SUCCESS,,0
TXN_0005778,CUST_00573,HIGH_RELIABILITY,0.91,13300.82,10780.87,CARD,6,SUCCESS,,0
TXN_0005779,CUST_00573,HIGH_RELIABILITY,0.91,13300.82,28958.8,UPI,5,SUCCESS,,0
TXN_0005780,CUST_00573,HIGH_RELIABILITY,0.91,13300.82,17155.35,UPI,5,SUCCESS,,0
TXN_0005781,CUST_00573,HIGH_RELIABILITY,0.91,13300.82,25906.21,UPI,8,FAILED,INSUFFICIENT_FUNDS,0
TXN_0005782,CUST_00573,HIGH_RELIABILITY,0.91,13300.82,20724.99,UPI,0,SUCCESS,,0
TXN_0005783,CUST_00573,HIGH_RELIABILITY,0.91,13300.82,14587.29,CARD,12,SUCCESS,,0
TXN_0005784,CUST_00574,HIGH_RELIABILITY,0.97,10218.33,11450.28,UPI,13,SUCCESS,,0
TXN_0005785,CUST_00574,HIGH_RELIABILITY,0.97,10218.33,10068.82,UPI,10,SUCCESS,,0
TXN_0005786,CUST_00574,HIGH_RELIABILITY,0.97,10218.33,3115.35,UPI,18,SUCCESS,,0
TXN_0005787,CUST_00574,HIGH_RELIABILITY,0.97,10218.33,10292.1,UPI,2,SUCCESS,,0
TXN_0005788,CUST_00574,HIGH_RELIABILITY,0.97,10218.33,15166.76,UPI,1,FAILED,TEMPORARY_BANK_ERROR,0
TXN_0005789,CUST_00574,HIGH_RELIABILITY,0.97,10218.33,7767.4,CARD,2,SUCCESS,,0
TXN_0005790,CUST_00574,HIGH_RELIABILITY,0.97,10218.33,11902.12,UPI,6,SUCCESS,,0
TXN_0005791,CUST_00574,HIGH_RELIABILITY,0.97,10218.33,13699.07,UPI,5,SUCCESS,,0
TXN_0005792,CUST_00574,HIGH_RELIABILITY,0.97,10218.33,6500.16,CARD,2,SUCCESS,,0
TXN_0005793,CUST_00574,HIGH_RELIABILITY,0.97,10218.33,8373.71,UPI,0,SUCCESS,,0
TXN_0005794,CUST_00574,HIGH_RELIABILITY,0.97,10218.33,6057.79,UPI,0,SUCCESS,,0
TXN_0005795,CUST_00574,HIGH_RELIABILITY,0.97,10218.33,6857.87,UPI,15,SUCCESS,,0
TXN_0005796,CUST_00575,MEDIUM_RELIABILITY,0.84,8739.29,4238.19,UPI,12,FAILED,AUTHENTICATION_FAILURE,0
TXN_0005797,CUST_00575,MEDIUM_RELIABILITY,0.84,8739.29,5591.58,NET_BANKING,15,SUCCESS,,0
TXN_0005798,CUST_00575,MEDIUM_RELIABILITY,0.84,8739.29,13701.3,NET_BANKING,12,SUCCESS,,0
TXN_0005799,CUST_00575,MEDIUM_RELIABILITY,0.84,8739.29,5539.04,CARD,22,SUCCESS,,0
TXN_0005800,CUST_00575,MEDIUM_RELIABILITY,0.84,8739.29,9181.36,UPI,18,SUCCESS,,0
TXN_0005801,CUST_00575,MEDIUM_RELIABILITY,0.84,8739.29,6981.4,CARD,6,SUCCESS,,0
TXN_0005802,CUST_00575,MEDIUM_RELIABILITY,0.84,8739.29,12860.27,UPI,13,SUCCESS,,0
TXN_0005803,CUST_00575,MEDIUM_RELIABILITY,0.84,8739.29,13322.74,NET_BANKING,21,FAILED,TECHNICAL_ERROR,2
TXN_0005804,CUST_00575,MEDIUM_RELIABILITY,0.84,8739.29,11759.83,NET_BANKING,3,FAILED,TECHNICAL_ERROR,1
TXN_0005805,CUST_00575,MEDIUM_RELIABILITY,0.84,8739.29,9809.45,UPI,2,SUCCESS,,0
TXN_0005806,CUST_00576,HIGH_RELIABILITY,0.96,12718.19,11542.73,UPI,6,SUCCESS,,0
TXN_0005807,CUST_00576,HIGH_RELIABILITY,0.96,12718.19,6654.79,UPI,8,SUCCESS,,0
TXN_0005808,CUST_00576,HIGH_RELIABILITY,0.96,12718.19,22605.46,UPI,23,SUCCESS,,0
TXN_0005809,CUST_00576,HIGH_RELIABILITY,0.96,12718.19,8853.52,UPI,15,SUCCESS,,0
TXN_0005810,CUST_00576,HIGH_RELIABILITY,0.96,12718.19,16094.34,UPI,11,SUCCESS,,0
TXN_0005811,CUST_00576,HIGH_RELIABILITY,0.96,12718.19,18108.49,UPI,1,SUCCESS,,0
TXN_0005812,CUST_00576,HIGH_RELIABILITY,0.96,12718.19,9893.32,CARD,8,SUCCESS,,0
TXN_0005813,CUST_00576,HIGH_RELIABILITY,0.96,12718.19,17998.85,UPI,1,SUCCESS,,0
TXN_0005814,CUST_00576,HIGH_RELIABILITY,0.96,12718.19,16605.95,NET_BANKING,2,SUCCESS,,0
TXN_0005815,CUST_00577,LOW_RELIABILITY,0.55,4824.96,8159.9,UPI,17,FAILED,TECHNICAL_ERROR,1
TXN_0005816,CUST_00577,LOW_RELIABILITY,0.55,4824.96,3919.13,CARD,19,SUCCESS,,0
TXN_0005817,CUST_00577,LOW_RELIABILITY,0.55,4824.96,2343.26,UPI,22,FAILED,USER_ABANDONMENT,0
TXN_0005818,CUST_00577,LOW_RELIABILITY,0.55,4824.96,3849.37,UPI,9,FAILED,NETWORK_TIMEOUT,1
TXN_0005819,CUST_00577,LOW_RELIABILITY,0.55,4824.96,5228.04,UPI,8,FAILED,USER_ABANDONMENT,1
TXN_0005820,CUST_00577,LOW_RELIABILITY,0.55,4824.96,4937.31,CARD,12,SUCCESS,,0
TXN_0005821,CUST_00577,LOW_RELIABILITY,0.55,4824.96,4065.63,UPI,0,FAILED,USER_ABANDONMENT,1
TXN_0005822,CUST_00577,LOW_RELIABILITY,0.55,4824.96,1140.24,UPI,7,FAILED,USER_ABANDONMENT,0
TXN_0005823,CUST_00577,LOW_RELIABILITY,0.55,4824.96,5732.98,CARD,8,SUCCESS,,0
TXN_0005824,CUST_00577,LOW_RELIABILITY,0.55,4824.96,8631.55,UPI,16,FAILED,AUTHENTICATION_FAILURE,0
TXN_0005825,CUST_00578,HIGH_RELIABILITY,0.95,11538.03,13680.65,WALLET,0,SUCCESS,,0
TXN_0005826,CUST_00578,HIGH_RELIABILITY,0.95,11538.03,14349.32,UPI,10,SUCCESS,,0
TXN_0005827,CUST_00578,HIGH_RELIABILITY,0.95,11538.03,14179.99,UPI,23,SUCCESS,,0
TXN_0005828,CUST_00578,HIGH_RELIABILITY,0.95,11538.03,13370.48,UPI,12,SUCCESS,,0
TXN_0005829,CUST_00578,HIGH_RELIABILITY,0.95,11538.03,15837.87,UPI,18,SUCCESS,,0
TXN_0005830,CUST_00579,MEDIUM_RELIABILITY,0.68,8868.27,10270.78,CARD,7,SUCCESS,,0
TXN_0005831,CUST_00579,MEDIUM_RELIABILITY,0.68,8868.27,7759.11,UPI,21,SUCCESS,,0
TXN_0005832,CUST_00579,MEDIUM_RELIABILITY,0.68,8868.27,6044.65,UPI,20,SUCCESS,,0
TXN_0005833,CUST_00579,MEDIUM_RELIABILITY,0.68,8868.27,7985.08,CARD,9,FAILED,INSUFFICIENT_FUNDS,2
TXN_0005834,CUST_00579,MEDIUM_RELIABILITY,0.68,8868.27,9982.58,UPI,6,SUCCESS,,0
TXN_0005835,CUST_00580,LOW_RELIABILITY,0.6,398.88,348.45,CARD,2,SUCCESS,,0
TXN_0005836,CUST_00580,LOW_RELIABILITY,0.6,398.88,449.03,CARD,20,SUCCESS,,0
TXN_0005837,CUST_00580,LOW_RELIABILITY,0.6,398.88,468.95,UPI,13,FAILED,NETWORK_TIMEOUT,0
TXN_0005838,CUST_00580,LOW_RELIABILITY,0.6,398.88,531.82,CARD,12,SUCCESS,,0
TXN_0005839,CUST_00580,LOW_RELIABILITY,0.6,398.88,603.55,UPI,2,FAILED,NETWORK_TIMEOUT,1
TXN_0005840,CUST_00580,LOW_RELIABILITY,0.6,398.88,411.33,CARD,16,SUCCESS,,0
TXN_0005841,CUST_00580,LOW_RELIABILITY,0.6,398.88,190.22,CARD,1,FAILED,INSUFFICIENT_FUNDS,1
TXN_0005842,CUST_00580,LOW_RELIABILITY,0.6,398.88,343.82,CARD,3,FAILED,INSUFFICIENT_FUNDS,0
TXN_0005843,CUST_00580,LOW_RELIABILITY,0.6,398.88,405.91,CARD,20,SUCCESS,,0
TXN_0005844,CUST_00580,LOW_RELIABILITY,0.6,398.88,105.98,CARD,0,FAILED,TEMPORARY_BANK_ERROR,0
TXN_0005845,CUST_00580,LOW_RELIABILITY,0.6,398.88,620.44,NET_BANKING,1,FAILED,TEMPORARY_BANK_ERROR,1
TXN_0005846,CUST_00581,HIGH_RELIABILITY,0.97,2804.18,2963.88,UPI,13,SUCCESS,,0
TXN_0005847,CUST_00581,HIGH_RELIABILITY,0.97,2804.18,3231.93,UPI,0,SUCCESS,,0
TXN_0005848,CUST_00581,HIGH_RELIABILITY,0.97,2804.18,4335.85,CARD,21,SUCCESS,,0
TXN_0005849,CUST_00581,HIGH_RELIABILITY,0.97,2804.18,2097.37,NET_BANKING,15,SUCCESS,,0
TXN_0005850,CUST_00581,HIGH_RELIABILITY,0.97,2804.18,3448.07,NET_BANKING,3,SUCCESS,,0
TXN_0005851,CUST_00581,HIGH_RELIABILITY,0.97,2804.18,2680.95,UPI,23,SUCCESS,,0
TXN_0005852,CUST_00581,HIGH_RELIABILITY,0.97,2804.18,2597.69,UPI,15,SUCCESS,,0
TXN_0005853,CUST_00581,HIGH_RELIABILITY,0.97,2804.18,1938.03,CARD,2,SUCCESS,,0
TXN_0005854,CUST_00581,HIGH_RELIABILITY,0.97,2804.18,4672.44,NET_BANKING,14,SUCCESS,,0
TXN_0005855,CUST_00581,HIGH_RELIABILITY,0.97,2804.18,2382.99,CARD,10,SUCCESS,,0
TXN_0005856,CUST_00581,HIGH_RELIABILITY,0.97,2804.18,3588.75,NET_BANKING,21,SUCCESS,,0
TXN_0005857,CUST_00581,HIGH_RELIABILITY,0.97,2804.18,701.04,NET_BANKING,12,SUCCESS,,0
TXN_0005858,CUST_00582,HIGH_RELIABILITY,0.92,11409.12,16794.17,CARD,6,SUCCESS,,0
TXN_0005859,CUST_00582,HIGH_RELIABILITY,0.92,11409.12,16211.04,NET_BANKING,22,SUCCESS,,0
TXN_0005860,CUST_00582,HIGH_RELIABILITY,0.92,11409.12,11853.77,CARD,16,SUCCESS,,0
TXN_0005861,CUST_00582,HIGH_RELIABILITY,0.92,11409.12,10373.43,WALLET,0,SUCCESS,,0
TXN_0005862,CUST_00582,HIGH_RELIABILITY,0.92,11409.12,13234.58,UPI,20,SUCCESS,,0
TXN_0005863,CUST_00582,HIGH_RELIABILITY,0.92,11409.12,21854.35,UPI,21,SUCCESS,,0
TXN_0005864,CUST_00582,HIGH_RELIABILITY,0.92,11409.12,3362.33,CARD,4,SUCCESS,,0
TXN_0005865,CUST_00582,HIGH_RELIABILITY,0.92,11409.12,14978.02,CARD,1,SUCCESS,,0
TXN_0005866,CUST_00583,MEDIUM_RELIABILITY,0.69,8270.69,5254.81,UPI,22,SUCCESS,,0
TXN_0005867,CUST_00583,MEDIUM_RELIABILITY,0.69,8270.69,8204.79,CARD,12,SUCCESS,,0
TXN_0005868,CUST_00583,MEDIUM_RELIABILITY,0.69,8270.69,7450.63,UPI,13,SUCCESS,,0
TXN_0005869,CUST_00583,MEDIUM_RELIABILITY,0.69,8270.69,6853.69,UPI,1,SUCCESS,,0
TXN_0005870,CUST_00583,MEDIUM_RELIABILITY,0.69,8270.69,8236.07,UPI,5,SUCCESS,,0
TXN_0005871,CUST_00583,MEDIUM_RELIABILITY,0.69,8270.69,4518.54,WALLET,0,SUCCESS,,0
TXN_0005872,CUST_00583,MEDIUM_RELIABILITY,0.69,8270.69,11675.5,WALLET,18,SUCCESS,,0
TXN_0005873,CUST_00583,MEDIUM_RELIABILITY,0.69,8270.69,2335.17,NET_BANKING,16,SUCCESS,,0
TXN_0005874,CUST_00583,MEDIUM_RELIABILITY,0.69,8270.69,10056.38,UPI,18,SUCCESS,,0
TXN_0005875,CUST_00583,MEDIUM_RELIABILITY,0.69,8270.69,7190.42,WALLET,15,FAILED,TEMPORARY_BANK_ERROR,1
TXN_0005876,CUST_00583,MEDIUM_RELIABILITY,0.69,8270.69,4396.95,WALLET,6,SUCCESS,,0
TXN_0005877,CUST_00583,MEDIUM_RELIABILITY,0.69,8270.69,8940.23,UPI,2,SUCCESS,,0
TXN_0005878,CUST_00583,MEDIUM_RELIABILITY,0.69,8270.69,3119.87,WALLET,0,SUCCESS,,0
TXN_0005879,CUST_00584,LOW_RELIABILITY,0.59,3650.78,3708.77,CARD,5,FAILED,NETWORK_TIMEOUT,0
TXN_0005880,CUST_00584,LOW_RELIABILITY,0.59,3650.78,1572.94,CARD,18,SUCCESS,,0
TXN_0005881,CUST_00584,LOW_RELIABILITY,0.59,3650.78,4324.38,WALLET,7,SUCCESS,,0
TXN_0005882,CUST_00584,LOW_RELIABILITY,0.59,3650.78,2300.93,UPI,7,SUCCESS,,0
TXN_0005883,CUST_00584,LOW_RELIABILITY,0.59,3650.78,2992.19,UPI,20,SUCCESS,,0
TXN_0005884,CUST_00584,LOW_RELIABILITY,0.59,3650.78,4080.04,UPI,9,FAILED,INSUFFICIENT_FUNDS,3
TXN_0005885,CUST_00584,LOW_RELIABILITY,0.59,3650.78,2522.63,UPI,12,SUCCESS,,0
TXN_0005886,CUST_00584,LOW_RELIABILITY,0.59,3650.78,3566.13,UPI,10,SUCCESS,,0
TXN_0005887,CUST_00584,LOW_RELIABILITY,0.59,3650.78,1440.12,UPI,0,FAILED,TECHNICAL_ERROR,0
TXN_0005888,CUST_00585,MEDIUM_RELIABILITY,0.65,3226.86,4041.16,UPI,16,SUCCESS,,0
TXN_0005889,CUST_00585,MEDIUM_RELIABILITY,0.65,3226.86,5504.91,UPI,7,SUCCESS,,0
TXN_0005890,CUST_00585,MEDIUM_RELIABILITY,0.65,3226.86,6830.89,CARD,22,SUCCESS,,0
TXN_0005891,CUST_00585,MEDIUM_RELIABILITY,0.65,3226.86,3344.53,CARD,14,SUCCESS,,0
TXN_0005892,CUST_00585,MEDIUM_RELIABILITY,0.65,3226.86,4244.23,UPI,15,SUCCESS,,0
TXN_0005893,CUST_00585,MEDIUM_RELIABILITY,0.65,3226.86,928.53,WALLET,12,SUCCESS,,0
TXN_0005894,CUST_00585,MEDIUM_RELIABILITY,0.65,3226.86,5166.51,WALLET,8,SUCCESS,,0
TXN_0005895,CUST_00585,MEDIUM_RELIABILITY,0.65,3226.86,4228.77,CARD,10,SUCCESS,,0
TXN_0005896,CUST_00585,MEDIUM_RELIABILITY,0.65,3226.86,2602.23,CARD,1,FAILED,AUTHENTICATION_FAILURE,0
TXN_0005897,CUST_00586,HIGH_RELIABILITY,0.95,14736.61,22029.35,WALLET,21,SUCCESS,,0
TXN_0005898,CUST_00586,HIGH_RELIABILITY,0.95,14736.61,13236.56,NET_BANKING,16,SUCCESS,,0
TXN_0005899,CUST_00586,HIGH_RELIABILITY,0.95,14736.61,12036.71,UPI,14,SUCCESS,,0
TXN_0005900,CUST_00586,HIGH_RELIABILITY,0.95,14736.61,17538.54,UPI,1,SUCCESS,,0
TXN_0005901,CUST_00586,HIGH_RELIABILITY,0.95,14736.61,8468.51,WALLET,13,SUCCESS,,0
TXN_0005902,CUST_00586,HIGH_RELIABILITY,0.95,14736.61,20758.72,UPI,1,SUCCESS,,0
TXN_0005903,CUST_00586,HIGH_RELIABILITY,0.95,14736.61,8511.93,CARD,17,FAILED,INSUFFICIENT_FUNDS,2
TXN_0005904,CUST_00586,HIGH_RELIABILITY,0.95,14736.61,8546.91,NET_BANKING,14,SUCCESS,,0
TXN_0005905,CUST_00586,HIGH_RELIABILITY,0.95,14736.61,9374.31,UPI,5,SUCCESS,,0
TXN_0005906,CUST_00586,HIGH_RELIABILITY,0.95,14736.61,19213.59,UPI,5,SUCCESS,,0
TXN_0005907,CUST_00586,HIGH_RELIABILITY,0.95,14736.61,11100.94,NET_BANKING,9,SUCCESS,,0
TXN_0005908,CUST_00586,HIGH_RELIABILITY,0.95,14736.61,6790.65,UPI,0,SUCCESS,,0
TXN_0005909,CUST_00586,HIGH_RELIABILITY,0.95,14736.61,11166.34,UPI,4,SUCCESS,,0
TXN_0005910,CUST_00586,HIGH_RELIABILITY,0.95,14736.61,14547.73,CARD,10,SUCCESS,,0
TXN_0005911,CUST_00587,HIGH_RELIABILITY,0.95,4637.25,2446.66,CARD,14,SUCCESS,,0
TXN_0005912,CUST_00587,HIGH_RELIABILITY,0.95,4637.25,2501.0,UPI,13,SUCCESS,,0
TXN_0005913,CUST_00587,HIGH_RELIABILITY,0.95,4637.25,8553.49,UPI,18,SUCCESS,,0
TXN_0005914,CUST_00587,HIGH_RELIABILITY,0.95,4637.25,3040.99,CARD,12,SUCCESS,,0
TXN_0005915,CUST_00587,HIGH_RELIABILITY,0.95,4637.25,4038.04,UPI,15,SUCCESS,,0
TXN_0005916,CUST_00587,HIGH_RELIABILITY,0.95,4637.25,3956.06,UPI,17,FAILED,TEMPORARY_BANK_ERROR,0
TXN_0005917,CUST_00587,HIGH_RELIABILITY,0.95,4637.25,3855.68,CARD,14,FAILED,AUTHENTICATION_FAILURE,0
TXN_0005918,CUST_00588,HIGH_RELIABILITY,0.95,8559.8,10687.24,UPI,8,SUCCESS,,0
TXN_0005919,CUST_00588,HIGH_RELIABILITY,0.95,8559.8,11806.17,UPI,19,SUCCESS,,0
TXN_0005920,CUST_00588,HIGH_RELIABILITY,0.95,8559.8,7512.24,CARD,20,SUCCESS,,0
TXN_0005921,CUST_00588,HIGH_RELIABILITY,0.95,8559.8,4326.2,WALLET,21,SUCCESS,,0
TXN_0005922,CUST_00588,HIGH_RELIABILITY,0.95,8559.8,12923.38,CARD,0,SUCCESS,,0
TXN_0005923,CUST_00588,HIGH_RELIABILITY,0.95,8559.8,8233.36,UPI,23,SUCCESS,,0
TXN_0005924,CUST_00588,HIGH_RELIABILITY,0.95,8559.8,14484.28,CARD,21,SUCCESS,,0
TXN_0005925,CUST_00588,HIGH_RELIABILITY,0.95,8559.8,871.09,UPI,11,SUCCESS,,0
TXN_0005926,CUST_00588,HIGH_RELIABILITY,0.95,8559.8,9228.84,CARD,18,SUCCESS,,0
TXN_0005927,CUST_00588,HIGH_RELIABILITY,0.95,8559.8,15128.95,WALLET,7,SUCCESS,,0
TXN_0005928,CUST_00588,HIGH_RELIABILITY,0.95,8559.8,7350.25,UPI,5,SUCCESS,,0
TXN_0005929,CUST_00589,LOW_RELIABILITY,0.58,927.47,843.81,CARD,12,SUCCESS,,0
TXN_0005930,CUST_00589,LOW_RELIABILITY,0.58,927.47,1037.1,WALLET,1,FAILED,NETWORK_TIMEOUT,1
TXN_0005931,CUST_00589,LOW_RELIABILITY,0.58,927.47,720.16,UPI,9,FAILED,NETWORK_TIMEOUT,1
TXN_0005932,CUST_00589,LOW_RELIABILITY,0.58,927.47,811.7,NET_BANKING,9,FAILED,NETWORK_TIMEOUT,1
TXN_0005933,CUST_00589,LOW_RELIABILITY,0.58,927.47,802.14,UPI,16,SUCCESS,,0
TXN_0005934,CUST_00589,LOW_RELIABILITY,0.58,927.47,694.7,CARD,14,SUCCESS,,0
TXN_0005935,CUST_00589,LOW_RELIABILITY,0.58,927.47,1383.36,NET_BANKING,8,SUCCESS,,0
TXN_0005936,CUST_00589,LOW_RELIABILITY,0.58,927.47,1098.52,WALLET,12,SUCCESS,,0
TXN_0005937,CUST_00589,LOW_RELIABILITY,0.58,927.47,1020.45,UPI,16,SUCCESS,,0
TXN_0005938,CUST_00590,MEDIUM_RELIABILITY,0.82,5642.03,7466.82,UPI,22,SUCCESS,,0
TXN_0005939,CUST_00590,MEDIUM_RELIABILITY,0.82,5642.03,5045.43,WALLET,7,SUCCESS,,0
TXN_0005940,CUST_00590,MEDIUM_RELIABILITY,0.82,5642.03,3894.8,UPI,22,SUCCESS,,0
TXN_0005941,CUST_00590,MEDIUM_RELIABILITY,0.82,5642.03,4282.02,UPI,6,SUCCESS,,0
TXN_0005942,CUST_00590,MEDIUM_RELIABILITY,0.82,5642.03,5646.05,UPI,1,SUCCESS,,0
TXN_0005943,CUST_00590,MEDIUM_RELIABILITY,0.82,5642.03,3251.59,NET_BANKING,19,SUCCESS,,0
TXN_0005944,CUST_00591,MEDIUM_RELIABILITY,0.86,3747.79,2997.84,UPI,18,FAILED,NETWORK_TIMEOUT,0
TXN_0005945,CUST_00591,MEDIUM_RELIABILITY,0.86,3747.79,2974.07,NET_BANKING,21,SUCCESS,,0
TXN_0005946,CUST_00591,MEDIUM_RELIABILITY,0.86,3747.79,6932.75,UPI,1,SUCCESS,,0
TXN_0005947,CUST_00591,MEDIUM_RELIABILITY,0.86,3747.79,100.0,UPI,16,SUCCESS,,0
TXN_0005948,CUST_00591,MEDIUM_RELIABILITY,0.86,3747.79,3478.52,UPI,13,SUCCESS,,0
TXN_0005949,CUST_00591,MEDIUM_RELIABILITY,0.86,3747.79,6334.81,UPI,12,SUCCESS,,0
TXN_0005950,CUST_00591,MEDIUM_RELIABILITY,0.86,3747.79,3930.45,UPI,14,SUCCESS,,0
TXN_0005951,CUST_00591,MEDIUM_RELIABILITY,0.86,3747.79,4877.25,CARD,13,SUCCESS,,0
TXN_0005952,CUST_00591,MEDIUM_RELIABILITY,0.86,3747.79,3897.44,NET_BANKING,12,SUCCESS,,0
TXN_0005953,CUST_00591,MEDIUM_RELIABILITY,0.86,3747.79,2747.38,CARD,19,SUCCESS,,0
TXN_0005954,CUST_00591,MEDIUM_RELIABILITY,0.86,3747.79,386.9,UPI,23,SUCCESS,,0
TXN_0005955,CUST_00591,MEDIUM_RELIABILITY,0.86,3747.79,4055.79,WALLET,17,SUCCESS,,0
TXN_0005956,CUST_00591,MEDIUM_RELIABILITY,0.86,3747.79,2585.07,UPI,17,SUCCESS,,0
TXN_0005957,CUST_00592,MEDIUM_RELIABILITY,0.79,9354.27,6359.65,CARD,14,SUCCESS,,0
TXN_0005958,CUST_00592,MEDIUM_RELIABILITY,0.79,9354.27,7487.21,CARD,5,SUCCESS,,0
TXN_0005959,CUST_00592,MEDIUM_RELIABILITY,0.79,9354.27,15883.03,NET_BANKING,0,SUCCESS,,0
TXN_0005960,CUST_00592,MEDIUM_RELIABILITY,0.79,9354.27,18352.47,UPI,16,FAILED,INSUFFICIENT_FUNDS,2
TXN_0005961,CUST_00592,MEDIUM_RELIABILITY,0.79,9354.27,10167.0,UPI,19,SUCCESS,,0
TXN_0005962,CUST_00592,MEDIUM_RELIABILITY,0.79,9354.27,7615.25,UPI,6,SUCCESS,,0
TXN_0005963,CUST_00592,MEDIUM_RELIABILITY,0.79,9354.27,4949.43,CARD,19,FAILED,TECHNICAL_ERROR,0
TXN_0005964,CUST_00592,MEDIUM_RELIABILITY,0.79,9354.27,11107.41,UPI,2,SUCCESS,,0
TXN_0005965,CUST_00592,MEDIUM_RELIABILITY,0.79,9354.27,16025.38,UPI,21,SUCCESS,,0
TXN_0005966,CUST_00592,MEDIUM_RELIABILITY,0.79,9354.27,8428.79,WALLET,4,SUCCESS,,0
TXN_0005967,CUST_00592,MEDIUM_RELIABILITY,0.79,9354.27,452.76,CARD,2,SUCCESS,,0
TXN_0005968,CUST_00593,MEDIUM_RELIABILITY,0.67,9403.67,11924.04,CARD,21,FAILED,TEMPORARY_BANK_ERROR,0
TXN_0005969,CUST_00593,MEDIUM_RELIABILITY,0.67,9403.67,13110.22,WALLET,2,FAILED,TEMPORARY_BANK_ERROR,0
TXN_0005970,CUST_00593,MEDIUM_RELIABILITY,0.67,9403.67,3438.56,NET_BANKING,15,FAILED,TECHNICAL_ERROR,1
TXN_0005971,CUST_00593,MEDIUM_RELIABILITY,0.67,9403.67,10067.51,CARD,1,SUCCESS,,0
TXN_0005972,CUST_00593,MEDIUM_RELIABILITY,0.67,9403.67,11100.94,CARD,20,FAILED,AUTHENTICATION_FAILURE,0
TXN_0005973,CUST_00593,MEDIUM_RELIABILITY,0.67,9403.67,9128.68,CARD,21,SUCCESS,,0
TXN_0005974,CUST_00593,MEDIUM_RELIABILITY,0.67,9403.67,6429.21,UPI,0,FAILED,TECHNICAL_ERROR,1
TXN_0005975,CUST_00593,MEDIUM_RELIABILITY,0.67,9403.67,13225.09,UPI,5,FAILED,USER_ABANDONMENT,0
TXN_0005976,CUST_00593,MEDIUM_RELIABILITY,0.67,9403.67,7886.37,WALLET,13,SUCCESS,,0
TXN_0005977,CUST_00594,MEDIUM_RELIABILITY,0.8,1144.45,464.56,CARD,8,SUCCESS,,0
TXN_0005978,CUST_00594,MEDIUM_RELIABILITY,0.8,1144.45,206.24,CARD,4,SUCCESS,,0
TXN_0005979,CUST_00594,MEDIUM_RELIABILITY,0.8,1144.45,1721.64,CARD,17,SUCCESS,,0
TXN_0005980,CUST_00594,MEDIUM_RELIABILITY,0.8,1144.45,1426.75,WALLET,1,SUCCESS,,0
TXN_0005981,CUST_00594,MEDIUM_RELIABILITY,0.8,1144.45,1184.72,NET_BANKING,12,SUCCESS,,0
TXN_0005982,CUST_00594,MEDIUM_RELIABILITY,0.8,1144.45,942.9,NET_BANKING,2,SUCCESS,,0
TXN_0005983,CUST_00595,MEDIUM_RELIABILITY,0.72,7227.63,5698.27,UPI,0,SUCCESS,,0
TXN_0005984,CUST_00595,MEDIUM_RELIABILITY,0.72,7227.63,4117.62,UPI,3,SUCCESS,,0
TXN_0005985,CUST_00595,MEDIUM_RELIABILITY,0.72,7227.63,5980.27,UPI,10,SUCCESS,,0
TXN_0005986,CUST_00595,MEDIUM_RELIABILITY,0.72,7227.63,1098.35,UPI,20,SUCCESS,,0
TXN_0005987,CUST_00595,MEDIUM_RELIABILITY,0.72,7227.63,5099.63,CARD,9,SUCCESS,,0
TXN_0005988,CUST_00595,MEDIUM_RELIABILITY,0.72,7227.63,6328.69,UPI,7,SUCCESS,,0
TXN_0005989,CUST_00595,MEDIUM_RELIABILITY,0.72,7227.63,8990.82,UPI,8,FAILED,TEMPORARY_BANK_ERROR,0
TXN_0005990,CUST_00595,MEDIUM_RELIABILITY,0.72,7227.63,7112.2,UPI,6,SUCCESS,,0
TXN_0005991,CUST_00595,MEDIUM_RELIABILITY,0.72,7227.63,9525.79,CARD,12,FAILED,TEMPORARY_BANK_ERROR,0
TXN_0005992,CUST_00595,MEDIUM_RELIABILITY,0.72,7227.63,11128.05,UPI,5,FAILED,TECHNICAL_ERROR,0
TXN_0005993,CUST_00596,MEDIUM_RELIABILITY,0.66,6030.62,8583.19,UPI,18,SUCCESS,,0
TXN_0005994,CUST_00596,MEDIUM_RELIABILITY,0.66,6030.62,7165.61,UPI,1,FAILED,NETWORK_TIMEOUT,1
TXN_0005995,CUST_00596,MEDIUM_RELIABILITY,0.66,6030.62,6059.24,NET_BANKING,19,SUCCESS,,0
TXN_0005996,CUST_00596,MEDIUM_RELIABILITY,0.66,6030.62,3664.72,CARD,16,SUCCESS,,0
TXN_0005997,CUST_00596,MEDIUM_RELIABILITY,0.66,6030.62,7815.55,UPI,1,FAILED,AUTHENTICATION_FAILURE,1
TXN_0005998,CUST_00596,MEDIUM_RELIABILITY,0.66,6030.62,10082.59,NET_BANKING,9,FAILED,NETWORK_TIMEOUT,0
TXN_0005999,CUST_00596,MEDIUM_RELIABILITY,0.66,6030.62,6855.86,UPI,8,SUCCESS,,0
TXN_0006000,CUST_00596,MEDIUM_RELIABILITY,0.66,6030.62,10655.52,UPI,23,SUCCESS,,0
TXN_0006001,CUST_00597,HIGH_RELIABILITY,0.92,9692.82,3777.98,NET_BANKING,7,SUCCESS,,0
TXN_0006002,CUST_00597,HIGH_RELIABILITY,0.92,9692.82,5217.98,UPI,0,SUCCESS,,0
TXN_0006003,CUST_00597,HIGH_RELIABILITY,0.92,9692.82,13008.55,CARD,10,FAILED,AUTHENTICATION_FAILURE,0
TXN_0006004,CUST_00597,HIGH_RELIABILITY,0.92,9692.82,10717.51,CARD,1,SUCCESS,,0
TXN_0006005,CUST_00597,HIGH_RELIABILITY,0.92,9692.82,14786.52,CARD,11,FAILED,AUTHENTICATION_FAILURE,3
TXN_0006006,CUST_00597,HIGH_RELIABILITY,0.92,9692.82,9632.83,UPI,17,SUCCESS,,0
TXN_0006007,CUST_00597,HIGH_RELIABILITY,0.92,9692.82,6327.57,UPI,11,SUCCESS,,0
TXN_0006008,CUST_00597,HIGH_RELIABILITY,0.92,9692.82,8864.69,WALLET,1,SUCCESS,,0
TXN_0006009,CUST_00597,HIGH_RELIABILITY,0.92,9692.82,3750.41,UPI,11,SUCCESS,,0
TXN_0006010,CUST_00597,HIGH_RELIABILITY,0.92,9692.82,5317.13,UPI,17,SUCCESS,,0
TXN_0006011,CUST_00597,HIGH_RELIABILITY,0.92,9692.82,13463.11,CARD,3,SUCCESS,,0
TXN_0006012,CUST_00598,HIGH_RELIABILITY,0.89,13201.52,17810.37,UPI,22,SUCCESS,,0
TXN_0006013,CUST_00598,HIGH_RELIABILITY,0.89,13201.52,15118.4,UPI,11,SUCCESS,,0
TXN_0006014,CUST_00598,HIGH_RELIABILITY,0.89,13201.52,4113.18,CARD,12,FAILED,INSUFFICIENT_FUNDS,0
TXN_0006015,CUST_00598,HIGH_RELIABILITY,0.89,13201.52,11308.93,UPI,0,SUCCESS,,0
TXN_0006016,CUST_00598,HIGH_RELIABILITY,0.89,13201.52,6732.78,NET_BANKING,0,SUCCESS,,0
TXN_0006017,CUST_00598,HIGH_RELIABILITY,0.89,13201.52,19414.33,UPI,9,SUCCESS,,0
TXN_0006018,CUST_00598,HIGH_RELIABILITY,0.89,13201.52,10119.11,UPI,0,SUCCESS,,0
TXN_0006019,CUST_00598,HIGH_RELIABILITY,0.89,13201.52,7468.11,UPI,22,SUCCESS,,0
TXN_0006020,CUST_00598,HIGH_RELIABILITY,0.89,13201.52,13358.86,UPI,17,FAILED,TEMPORARY_BANK_ERROR,0
TXN_0006021,CUST_00598,HIGH_RELIABILITY,0.89,13201.52,9821.12,NET_BANKING,23,SUCCESS,,0
TXN_0006022,CUST_00598,HIGH_RELIABILITY,0.89,13201.52,21036.59,UPI,11,SUCCESS,,0
TXN_0006023,CUST_00598,HIGH_RELIABILITY,0.89,13201.52,9321.27,CARD,12,SUCCESS,,0
TXN_0006024,CUST_00599,LOW_RELIABILITY,0.63,6788.37,2988.98,CARD,22,SUCCESS,,0
TXN_0006025,CUST_00599,LOW_RELIABILITY,0.63,6788.37,942.46,CARD,17,SUCCESS,,0
TXN_0006026,CUST_00599,LOW_RELIABILITY,0.63,6788.37,6704.77,UPI,10,FAILED,AUTHENTICATION_FAILURE,0
TXN_0006027,CUST_00599,LOW_RELIABILITY,0.63,6788.37,5262.53,WALLET,9,SUCCESS,,0
TXN_0006028,CUST_00599,LOW_RELIABILITY,0.63,6788.37,2908.4,CARD,6,SUCCESS,,0
TXN_0006029,CUST_00599,LOW_RELIABILITY,0.63,6788.37,10017.53,CARD,10,SUCCESS,,0
TXN_0006030,CUST_00599,LOW_RELIABILITY,0.63,6788.37,8600.17,UPI,1,SUCCESS,,0
TXN_0006031,CUST_00599,LOW_RELIABILITY,0.63,6788.37,6711.75,CARD,14,FAILED,USER_ABANDONMENT,0
TXN_0006032,CUST_00599,LOW_RELIABILITY,0.63,6788.37,10492.99,CARD,1,SUCCESS,,0
TXN_0006033,CUST_00600,HIGH_RELIABILITY,0.96,2821.21,3568.87,CARD,16,SUCCESS,,0
TXN_0006034,CUST_00600,HIGH_RELIABILITY,0.96,2821.21,1892.63,CARD,15,SUCCESS,,0
TXN_0006035,CUST_00600,HIGH_RELIABILITY,0.96,2821.21,1648.47,UPI,5,SUCCESS,,0
TXN_0006036,CUST_00600,HIGH_RELIABILITY,0.96,2821.21,3744.29,CARD,3,SUCCESS,,0
TXN_0006037,CUST_00600,HIGH_RELIABILITY,0.96,2821.21,3268.5,CARD,17,SUCCESS,,0
TXN_0006038,CUST_00600,HIGH_RELIABILITY,0.96,2821.21,3012.77,NET_BANKING,20,SUCCESS,,0
TXN_0006039,CUST_00600,HIGH_RELIABILITY,0.96,2821.21,1865.95,UPI,7,SUCCESS,,0
TXN_0006040,CUST_00600,HIGH_RELIABILITY,0.96,2821.21,3507.27,UPI,4,SUCCESS,,0
TXN_0006041,CUST_00600,HIGH_RELIABILITY,0.96,2821.21,1968.64,UPI,3,SUCCESS,,0
TXN_0006042,CUST_00600,HIGH_RELIABILITY,0.96,2821.21,2706.12,UPI,10,SUCCESS,,0
TXN_0006043,CUST_00600,HIGH_RELIABILITY,0.96,2821.21,4454.06,UPI,12,SUCCESS,,0
TXN_0006044,CUST_00601,MEDIUM_RELIABILITY,0.82,733.58,539.67,UPI,19,SUCCESS,,0
TXN_0006045,CUST_00601,MEDIUM_RELIABILITY,0.82,733.58,272.01,UPI,14,SUCCESS,,0
TXN_0006046,CUST_00601,MEDIUM_RELIABILITY,0.82,733.58,424.73,CARD,5,FAILED,NETWORK_TIMEOUT,1
TXN_0006047,CUST_00601,MEDIUM_RELIABILITY,0.82,733.58,1025.34,CARD,0,SUCCESS,,0
TXN_0006048,CUST_00601,MEDIUM_RELIABILITY,0.82,733.58,808.33,WALLET,11,SUCCESS,,0
TXN_0006049,CUST_00601,MEDIUM_RELIABILITY,0.82,733.58,695.76,UPI,23,SUCCESS,,0
TXN_0006050,CUST_00601,MEDIUM_RELIABILITY,0.82,733.58,584.2,NET_BANKING,17,SUCCESS,,0
TXN_0006051,CUST_00601,MEDIUM_RELIABILITY,0.82,733.58,876.0,CARD,4,SUCCESS,,0
TXN_0006052,CUST_00601,MEDIUM_RELIABILITY,0.82,733.58,484.43,NET_BANKING,2,SUCCESS,,0
TXN_0006053,CUST_00601,MEDIUM_RELIABILITY,0.82,733.58,823.27,UPI,12,SUCCESS,,0
TXN_0006054,CUST_00601,MEDIUM_RELIABILITY,0.82,733.58,519.01,NET_BANKING,18,SUCCESS,,0
TXN_0006055,CUST_00601,MEDIUM_RELIABILITY,0.82,733.58,470.18,UPI,8,SUCCESS,,0
TXN_0006056,CUST_00601,MEDIUM_RELIABILITY,0.82,733.58,546.52,NET_BANKING,12,SUCCESS,,0
TXN_0006057,CUST_00601,MEDIUM_RELIABILITY,0.82,733.58,623.42,UPI,13,FAILED,NETWORK_TIMEOUT,1
TXN_0006058,CUST_00601,MEDIUM_RELIABILITY,0.82,733.58,719.25,UPI,0,SUCCESS,,0
TXN_0006059,CUST_00602,MEDIUM_RELIABILITY,0.65,3574.3,3910.94,UPI,12,FAILED,INSUFFICIENT_FUNDS,0
TXN_0006060,CUST_00602,MEDIUM_RELIABILITY,0.65,3574.3,100.0,UPI,17,SUCCESS,,0
TXN_0006061,CUST_00602,MEDIUM_RELIABILITY,0.65,3574.3,2419.59,UPI,12,SUCCESS,,0
TXN_0006062,CUST_00602,MEDIUM_RELIABILITY,0.65,3574.3,3014.46,UPI,1,SUCCESS,,0
TXN_0006063,CUST_00602,MEDIUM_RELIABILITY,0.65,3574.3,5726.12,UPI,12,FAILED,USER_ABANDONMENT,0
TXN_0006064,CUST_00603,HIGH_RELIABILITY,0.93,11785.7,6694.27,CARD,20,FAILED,INSUFFICIENT_FUNDS,0
TXN_0006065,CUST_00603,HIGH_RELIABILITY,0.93,11785.7,12553.17,UPI,17,SUCCESS,,0
TXN_0006066,CUST_00603,HIGH_RELIABILITY,0.93,11785.7,18833.69,UPI,6,SUCCESS,,0
TXN_0006067,CUST_00603,HIGH_RELIABILITY,0.93,11785.7,5596.0,CARD,5,FAILED,AUTHENTICATION_FAILURE,1
TXN_0006068,CUST_00603,HIGH_RELIABILITY,0.93,11785.7,13643.01,UPI,4,FAILED,NETWORK_TIMEOUT,0
TXN_0006069,CUST_00603,HIGH_RELIABILITY,0.93,11785.7,8003.57,UPI,14,SUCCESS,,0
TXN_0006070,CUST_00603,HIGH_RELIABILITY,0.93,11785.7,9406.72,CARD,22,SUCCESS,,0
TXN_0006071,CUST_00604,LOW_RELIABILITY,0.55,3232.14,2193.83,NET_BANKING,18,SUCCESS,,0
TXN_0006072,CUST_00604,LOW_RELIABILITY,0.55,3232.14,2285.95,UPI,12,FAILED,INSUFFICIENT_FUNDS,0
TXN_0006073,CUST_00604,LOW_RELIABILITY,0.55,3232.14,6751.18,UPI,14,FAILED,USER_ABANDONMENT,0
TXN_0006074,CUST_00604,LOW_RELIABILITY,0.55,3232.14,4323.9,UPI,10,FAILED,NETWORK_TIMEOUT,1
TXN_0006075,CUST_00604,LOW_RELIABILITY,0.55,3232.14,4656.53,WALLET,1,FAILED,AUTHENTICATION_FAILURE,3
TXN_0006076,CUST_00604,LOW_RELIABILITY,0.55,3232.14,3868.22,UPI,9,SUCCESS,,0
TXN_0006077,CUST_00604,LOW_RELIABILITY,0.55,3232.14,1155.48,UPI,2,FAILED,TEMPORARY_BANK_ERROR,0
TXN_0006078,CUST_00604,LOW_RELIABILITY,0.55,3232.14,3742.76,CARD,19,FAILED,INSUFFICIENT_FUNDS,0
TXN_0006079,CUST_00605,HIGH_RELIABILITY,0.91,14959.74,21380.04,NET_BANKING,9,SUCCESS,,0
TXN_0006080,CUST_00605,HIGH_RELIABILITY,0.91,14959.74,9853.09,UPI,12,SUCCESS,,0
TXN_0006081,CUST_00605,HIGH_RELIABILITY,0.91,14959.74,20736.15,UPI,21,SUCCESS,,0
TXN_0006082,CUST_00605,HIGH_RELIABILITY,0.91,14959.74,19174.41,UPI,19,SUCCESS,,0
TXN_0006083,CUST_00605,HIGH_RELIABILITY,0.91,14959.74,26042.16,UPI,13,SUCCESS,,0
TXN_0006084,CUST_00605,HIGH_RELIABILITY,0.91,14959.74,12459.77,UPI,13,SUCCESS,,0
TXN_0006085,CUST_00605,HIGH_RELIABILITY,0.91,14959.74,8391.75,UPI,4,SUCCESS,,0
TXN_0006086,CUST_00605,HIGH_RELIABILITY,0.91,14959.74,12795.8,UPI,14,FAILED,NETWORK_TIMEOUT,1
TXN_0006087,CUST_00605,HIGH_RELIABILITY,0.91,14959.74,23550.05,NET_BANKING,12,FAILED,TEMPORARY_BANK_ERROR,1
TXN_0006088,CUST_00606,MEDIUM_RELIABILITY,0.74,4788.18,1286.29,UPI,11,FAILED,NETWORK_TIMEOUT,0
TXN_0006089,CUST_00606,MEDIUM_RELIABILITY,0.74,4788.18,826.68,UPI,14,FAILED,AUTHENTICATION_FAILURE,3
TXN_0006090,CUST_00606,MEDIUM_RELIABILITY,0.74,4788.18,4959.4,UPI,3,SUCCESS,,0
TXN_0006091,CUST_00606,MEDIUM_RELIABILITY,0.74,4788.18,3940.5,UPI,16,SUCCESS,,0
TXN_0006092,CUST_00606,MEDIUM_RELIABILITY,0.74,4788.18,4802.98,UPI,4,FAILED,NETWORK_TIMEOUT,0
TXN_0006093,CUST_00606,MEDIUM_RELIABILITY,0.74,4788.18,6598.71,CARD,9,SUCCESS,,0
TXN_0006094,CUST_00607,LOW_RELIABILITY,0.4,5604.7,4365.91,UPI,12,SUCCESS,,0
TXN_0006095,CUST_00607,LOW_RELIABILITY,0.4,5604.7,1405.65,CARD,11,FAILED,AUTHENTICATION_FAILURE,0
TXN_0006096,CUST_00607,LOW_RELIABILITY,0.4,5604.7,10188.18,WALLET,14,FAILED,NETWORK_TIMEOUT,0
TXN_0006097,CUST_00607,LOW_RELIABILITY,0.4,5604.7,3369.03,CARD,23,FAILED,INSUFFICIENT_FUNDS,0
TXN_0006098,CUST_00607,LOW_RELIABILITY,0.4,5604.7,3230.47,CARD,12,FAILED,AUTHENTICATION_FAILURE,0
TXN_0006099,CUST_00607,LOW_RELIABILITY,0.4,5604.7,8079.11,CARD,18,FAILED,NETWORK_TIMEOUT,2
TXN_0006100,CUST_00607,LOW_RELIABILITY,0.4,5604.7,4742.72,CARD,6,SUCCESS,,0
TXN_0006101,CUST_00607,LOW_RELIABILITY,0.4,5604.7,5462.59,CARD,15,FAILED,AUTHENTICATION_FAILURE,0
TXN_0006102,CUST_00607,LOW_RELIABILITY,0.4,5604.7,6687.06,CARD,0,FAILED,INSUFFICIENT_FUNDS,1
TXN_0006103,CUST_00608,MEDIUM_RELIABILITY,0.8,2597.31,3723.07,WALLET,22,SUCCESS,,0
TXN_0006104,CUST_00608,MEDIUM_RELIABILITY,0.8,2597.31,2250.87,CARD,23,FAILED,NETWORK_TIMEOUT,2
TXN_0006105,CUST_00608,MEDIUM_RELIABILITY,0.8,2597.31,4176.42,NET_BANKING,3,SUCCESS,,0
TXN_0006106,CUST_00608,MEDIUM_RELIABILITY,0.8,2597.31,378.38,UPI,19,SUCCESS,,0
TXN_0006107,CUST_00608,MEDIUM_RELIABILITY,0.8,2597.31,3386.67,CARD,6,FAILED,USER_ABANDONMENT,1
TXN_0006108,CUST_00608,MEDIUM_RELIABILITY,0.8,2597.31,1725.1,CARD,15,FAILED,AUTHENTICATION_FAILURE,0
TXN_0006109,CUST_00608,MEDIUM_RELIABILITY,0.8,2597.31,4023.0,WALLET,12,SUCCESS,,0
TXN_0006110,CUST_00608,MEDIUM_RELIABILITY,0.8,2597.31,2744.88,UPI,17,SUCCESS,,0
TXN_0006111,CUST_00609,LOW_RELIABILITY,0.37,4827.4,3528.05,UPI,5,SUCCESS,,0
TXN_0006112,CUST_00609,LOW_RELIABILITY,0.37,4827.4,6107.32,WALLET,14,FAILED,USER_ABANDONMENT,1
TXN_0006113,CUST_00609,LOW_RELIABILITY,0.37,4827.4,6552.11,UPI,14,FAILED,TEMPORARY_BANK_ERROR,2
TXN_0006114,CUST_00609,LOW_RELIABILITY,0.37,4827.4,6066.87,UPI,23,FAILED,NETWORK_TIMEOUT,0
TXN_0006115,CUST_00609,LOW_RELIABILITY,0.37,4827.4,2839.1,UPI,21,FAILED,INSUFFICIENT_FUNDS,0
TXN_0006116,CUST_00609,LOW_RELIABILITY,0.37,4827.4,3892.78,WALLET,2,FAILED,TEMPORARY_BANK_ERROR,1
TXN_0006117,CUST_00609,LOW_RELIABILITY,0.37,4827.4,4819.54,UPI,8,FAILED,TEMPORARY_BANK_ERROR,0
TXN_0006118,CUST_00609,LOW_RELIABILITY,0.37,4827.4,4747.73,CARD,19,FAILED,TEMPORARY_BANK_ERROR,1
TXN_0006119,CUST_00609,LOW_RELIABILITY,0.37,4827.4,6275.13,NET_BANKING,15,FAILED,NETWORK_TIMEOUT,0
TXN_0006120,CUST_00609,LOW_RELIABILITY,0.37,4827.4,936.71,NET_BANKING,22,FAILED,USER_ABANDONMENT,0
TXN_0006121,CUST_00610,HIGH_RELIABILITY,0.95,4825.63,5470.97,UPI,18,SUCCESS,,0
TXN_0006122,CUST_00610,HIGH_RELIABILITY,0.95,4825.63,4265.89,CARD,6,SUCCESS,,0
TXN_0006123,CUST_00610,HIGH_RELIABILITY,0.95,4825.63,3207.11,UPI,0,FAILED,USER_ABANDONMENT,1
TXN_0006124,CUST_00610,HIGH_RELIABILITY,0.95,4825.63,3392.44,WALLET,6,SUCCESS,,0
TXN_0006125,CUST_00610,HIGH_RELIABILITY,0.95,4825.63,4411.52,UPI,13,SUCCESS,,0
TXN_0006126,CUST_00610,HIGH_RELIABILITY,0.95,4825.63,100.0,CARD,4,SUCCESS,,0
TXN_0006127,CUST_00610,HIGH_RELIABILITY,0.95,4825.63,3471.96,CARD,14,SUCCESS,,0
TXN_0006128,CUST_00610,HIGH_RELIABILITY,0.95,4825.63,3135.09,UPI,2,SUCCESS,,0
TXN_0006129,CUST_00610,HIGH_RELIABILITY,0.95,4825.63,5854.04,CARD,22,SUCCESS,,0
TXN_0006130,CUST_00610,HIGH_RELIABILITY,0.95,4825.63,3270.76,WALLET,12,SUCCESS,,0
TXN_0006131,CUST_00610,HIGH_RELIABILITY,0.95,4825.63,4410.41,CARD,0,SUCCESS,,0
TXN_0006132,CUST_00610,HIGH_RELIABILITY,0.95,4825.63,7802.61,UPI,6,SUCCESS,,0
TXN_0006133,CUST_00611,HIGH_RELIABILITY,0.98,3114.81,4353.7,UPI,1,SUCCESS,,0
TXN_0006134,CUST_00611,HIGH_RELIABILITY,0.98,3114.81,4238.97,UPI,19,SUCCESS,,0
TXN_0006135,CUST_00611,HIGH_RELIABILITY,0.98,3114.81,2492.01,UPI,20,SUCCESS,,0
TXN_0006136,CUST_00611,HIGH_RELIABILITY,0.98,3114.81,3791.39,CARD,1,SUCCESS,,0
TXN_0006137,CUST_00611,HIGH_RELIABILITY,0.98,3114.81,2823.39,NET_BANKING,9,SUCCESS,,0
TXN_0006138,CUST_00612,LOW_RELIABILITY,0.48,6616.59,6097.6,NET_BANKING,8,FAILED,INSUFFICIENT_FUNDS,0
TXN_0006139,CUST_00612,LOW_RELIABILITY,0.48,6616.59,7700.88,NET_BANKING,11,FAILED,NETWORK_TIMEOUT,0
TXN_0006140,CUST_00612,LOW_RELIABILITY,0.48,6616.59,5036.57,UPI,0,SUCCESS,,0
TXN_0006141,CUST_00612,LOW_RELIABILITY,0.48,6616.59,10568.03,UPI,5,FAILED,TEMPORARY_BANK_ERROR,1
TXN_0006142,CUST_00612,LOW_RELIABILITY,0.48,6616.59,6192.78,UPI,16,SUCCESS,,0
TXN_0006143,CUST_00612,LOW_RELIABILITY,0.48,6616.59,8253.17,UPI,12,SUCCESS,,0
TXN_0006144,CUST_00612,LOW_RELIABILITY,0.48,6616.59,10469.03,NET_BANKING,13,SUCCESS,,0
TXN_0006145,CUST_00613,HIGH_RELIABILITY,0.93,9939.36,14040.95,CARD,8,SUCCESS,,0
TXN_0006146,CUST_00613,HIGH_RELIABILITY,0.93,9939.36,4337.86,CARD,18,SUCCESS,,0
TXN_0006147,CUST_00613,HIGH_RELIABILITY,0.93,9939.36,11708.15,CARD,6,SUCCESS,,0
TXN_0006148,CUST_00613,HIGH_RELIABILITY,0.93,9939.36,13321.6,CARD,18,SUCCESS,,0
TXN_0006149,CUST_00613,HIGH_RELIABILITY,0.93,9939.36,13485.18,CARD,17,SUCCESS,,0
TXN_0006150,CUST_00613,HIGH_RELIABILITY,0.93,9939.36,5513.18,NET_BANKING,19,SUCCESS,,0
TXN_0006151,CUST_00613,HIGH_RELIABILITY,0.93,9939.36,7327.16,UPI,22,SUCCESS,,0
TXN_0006152,CUST_00613,HIGH_RELIABILITY,0.93,9939.36,13893.47,UPI,23,SUCCESS,,0
TXN_0006153,CUST_00613,HIGH_RELIABILITY,0.93,9939.36,6910.8,UPI,10,FAILED,NETWORK_TIMEOUT,1
TXN_0006154,CUST_00614,MEDIUM_RELIABILITY,0.74,3105.04,2732.81,UPI,13,SUCCESS,,0
TXN_0006155,CUST_00614,MEDIUM_RELIABILITY,0.74,3105.04,5062.3,UPI,6,FAILED,AUTHENTICATION_FAILURE,3
TXN_0006156,CUST_00614,MEDIUM_RELIABILITY,0.74,3105.04,3045.67,UPI,12,FAILED,TEMPORARY_BANK_ERROR,1
TXN_0006157,CUST_00614,MEDIUM_RELIABILITY,0.74,3105.04,2202.37,CARD,17,SUCCESS,,0
TXN_0006158,CUST_00614,MEDIUM_RELIABILITY,0.74,3105.04,2015.03,UPI,3,SUCCESS,,0
TXN_0006159,CUST_00614,MEDIUM_RELIABILITY,0.74,3105.04,3518.28,UPI,10,FAILED,TEMPORARY_BANK_ERROR,1
TXN_0006160,CUST_00614,MEDIUM_RELIABILITY,0.74,3105.04,1449.25,UPI,14,SUCCESS,,0
TXN_0006161,CUST_00614,MEDIUM_RELIABILITY,0.74,3105.04,2797.84,CARD,5,FAILED,TEMPORARY_BANK_ERROR,0
TXN_0006162,CUST_00614,MEDIUM_RELIABILITY,0.74,3105.04,3518.92,CARD,9,SUCCESS,,0
TXN_0006163,CUST_00614,MEDIUM_RELIABILITY,0.74,3105.04,4718.6,UPI,20,FAILED,NETWORK_TIMEOUT,0
TXN_0006164,CUST_00614,MEDIUM_RELIABILITY,0.74,3105.04,3934.15,CARD,15,FAILED,INSUFFICIENT_FUNDS,0
TXN_0006165,CUST_00614,MEDIUM_RELIABILITY,0.74,3105.04,2218.16,UPI,4,FAILED,INSUFFICIENT_FUNDS,0
TXN_0006166,CUST_00614,MEDIUM_RELIABILITY,0.74,3105.04,4568.66,CARD,10,SUCCESS,,0
TXN_0006167,CUST_00614,MEDIUM_RELIABILITY,0.74,3105.04,2733.04,WALLET,9,FAILED,INSUFFICIENT_FUNDS,0
TXN_0006168,CUST_00614,MEDIUM_RELIABILITY,0.74,3105.04,1570.28,UPI,23,FAILED,AUTHENTICATION_FAILURE,0
TXN_0006169,CUST_00615,HIGH_RELIABILITY,0.99,6730.68,6267.5,UPI,14,SUCCESS,,0
TXN_0006170,CUST_00615,HIGH_RELIABILITY,0.99,6730.68,10602.62,CARD,17,SUCCESS,,0
TXN_0006171,CUST_00615,HIGH_RELIABILITY,0.99,6730.68,7175.55,WALLET,12,SUCCESS,,0
TXN_0006172,CUST_00615,HIGH_RELIABILITY,0.99,6730.68,6764.39,CARD,16,SUCCESS,,0
TXN_0006173,CUST_00615,HIGH_RELIABILITY,0.99,6730.68,11138.5,UPI,8,SUCCESS,,0
TXN_0006174,CUST_00615,HIGH_RELIABILITY,0.99,6730.68,2877.08,NET_BANKING,6,SUCCESS,,0
TXN_0006175,CUST_00615,HIGH_RELIABILITY,0.99,6730.68,3269.5,CARD,0,SUCCESS,,0
TXN_0006176,CUST_00615,HIGH_RELIABILITY,0.99,6730.68,2380.38,NET_BANKING,14,SUCCESS,,0
TXN_0006177,CUST_00615,HIGH_RELIABILITY,0.99,6730.68,7733.95,UPI,3,SUCCESS,,0
TXN_0006178,CUST_00615,HIGH_RELIABILITY,0.99,6730.68,7178.92,CARD,18,SUCCESS,,0
TXN_0006179,CUST_00616,LOW_RELIABILITY,0.61,1763.69,2852.05,UPI,12,FAILED,TEMPORARY_BANK_ERROR,0
TXN_0006180,CUST_00616,LOW_RELIABILITY,0.61,1763.69,1935.46,WALLET,23,SUCCESS,,0
TXN_0006181,CUST_00616,LOW_RELIABILITY,0.61,1763.69,1478.57,CARD,8,FAILED,AUTHENTICATION_FAILURE,0
TXN_0006182,CUST_00616,LOW_RELIABILITY,0.61,1763.69,1764.96,UPI,10,SUCCESS,,0
TXN_0006183,CUST_00616,LOW_RELIABILITY,0.61,1763.69,1846.73,UPI,15,FAILED,TECHNICAL_ERROR,0
TXN_0006184,CUST_00616,LOW_RELIABILITY,0.61,1763.69,584.3,CARD,8,FAILED,TEMPORARY_BANK_ERROR,0
TXN_0006185,CUST_00616,LOW_RELIABILITY,0.61,1763.69,3675.76,UPI,13,SUCCESS,,0
TXN_0006186,CUST_00616,LOW_RELIABILITY,0.61,1763.69,2130.45,NET_BANKING,9,SUCCESS,,0
TXN_0006187,CUST_00616,LOW_RELIABILITY,0.61,1763.69,1911.85,UPI,13,FAILED,NETWORK_TIMEOUT,0
TXN_0006188,CUST_00616,LOW_RELIABILITY,0.61,1763.69,2197.67,UPI,8,SUCCESS,,0
TXN_0006189,CUST_00616,LOW_RELIABILITY,0.61,1763.69,2264.16,UPI,16,SUCCESS,,0
TXN_0006190,CUST_00617,HIGH_RELIABILITY,0.9,1435.88,1355.15,WALLET,0,SUCCESS,,0
TXN_0006191,CUST_00617,HIGH_RELIABILITY,0.9,1435.88,1073.33,NET_BANKING,6,SUCCESS,,0
TXN_0006192,CUST_00617,HIGH_RELIABILITY,0.9,1435.88,1780.18,UPI,17,SUCCESS,,0
TXN_0006193,CUST_00617,HIGH_RELIABILITY,0.9,1435.88,1657.41,UPI,7,SUCCESS,,0
TXN_0006194,CUST_00617,HIGH_RELIABILITY,0.9,1435.88,970.72,NET_BANKING,1,SUCCESS,,0
TXN_0006195,CUST_00617,HIGH_RELIABILITY,0.9,1435.88,2250.91,CARD,7,SUCCESS,,0
TXN_0006196,CUST_00617,HIGH_RELIABILITY,0.9,1435.88,1604.37,UPI,19,SUCCESS,,0
TXN_0006197,CUST_00617,HIGH_RELIABILITY,0.9,1435.88,1855.05,WALLET,4,SUCCESS,,0
TXN_0006198,CUST_00617,HIGH_RELIABILITY,0.9,1435.88,2235.33,CARD,13,FAILED,TEMPORARY_BANK_ERROR,1
TXN_0006199,CUST_00617,HIGH_RELIABILITY,0.9,1435.88,1448.45,CARD,17,SUCCESS,,0
TXN_0006200,CUST_00617,HIGH_RELIABILITY,0.9,1435.88,1617.92,CARD,0,SUCCESS,,0
TXN_0006201,CUST_00617,HIGH_RELIABILITY,0.9,1435.88,1901.12,NET_BANKING,8,SUCCESS,,0
TXN_0006202,CUST_00618,HIGH_RELIABILITY,0.95,6159.37,4373.49,UPI,18,FAILED,USER_ABANDONMENT,1
TXN_0006203,CUST_00618,HIGH_RELIABILITY,0.95,6159.37,6292.54,NET_BANKING,15,SUCCESS,,0
TXN_0006204,CUST_00618,HIGH_RELIABILITY,0.95,6159.37,6468.69,NET_BANKING,18,SUCCESS,,0
TXN_0006205,CUST_00618,HIGH_RELIABILITY,0.95,6159.37,3803.88,UPI,8,SUCCESS,,0
TXN_0006206,CUST_00618,HIGH_RELIABILITY,0.95,6159.37,11869.44,UPI,8,SUCCESS,,0
TXN_0006207,CUST_00618,HIGH_RELIABILITY,0.95,6159.37,2692.15,UPI,19,SUCCESS,,0
TXN_0006208,CUST_00618,HIGH_RELIABILITY,0.95,6159.37,2961.17,UPI,10,SUCCESS,,0
TXN_0006209,CUST_00618,HIGH_RELIABILITY,0.95,6159.37,9397.29,CARD,11,SUCCESS,,0
TXN_0006210,CUST_00619,HIGH_RELIABILITY,0.98,7624.94,9800.38,NET_BANKING,15,SUCCESS,,0
TXN_0006211,CUST_00619,HIGH_RELIABILITY,0.98,7624.94,4495.77,CARD,0,SUCCESS,,0
TXN_0006212,CUST_00619,HIGH_RELIABILITY,0.98,7624.94,9477.16,CARD,20,SUCCESS,,0
TXN_0006213,CUST_00619,HIGH_RELIABILITY,0.98,7624.94,12101.85,CARD,21,FAILED,NETWORK_TIMEOUT,1
TXN_0006214,CUST_00619,HIGH_RELIABILITY,0.98,7624.94,7532.64,NET_BANKING,1,SUCCESS,,0
TXN_0006215,CUST_00619,HIGH_RELIABILITY,0.98,7624.94,15551.29,WALLET,0,SUCCESS,,0
TXN_0006216,CUST_00619,HIGH_RELIABILITY,0.98,7624.94,2366.59,CARD,8,SUCCESS,,0
TXN_0006217,CUST_00619,HIGH_RELIABILITY,0.98,7624.94,9741.08,NET_BANKING,1,SUCCESS,,0
TXN_0006218,CUST_00619,HIGH_RELIABILITY,0.98,7624.94,11182.82,WALLET,11,SUCCESS,,0
TXN_0006219,CUST_00619,HIGH_RELIABILITY,0.98,7624.94,10343.52,CARD,4,SUCCESS,,0
TXN_0006220,CUST_00619,HIGH_RELIABILITY,0.98,7624.94,7001.66,UPI,0,SUCCESS,,0
TXN_0006221,CUST_00620,MEDIUM_RELIABILITY,0.86,2262.49,1999.64,UPI,7,FAILED,AUTHENTICATION_FAILURE,1
TXN_0006222,CUST_00620,MEDIUM_RELIABILITY,0.86,2262.49,2664.44,CARD,17,SUCCESS,,0
TXN_0006223,CUST_00620,MEDIUM_RELIABILITY,0.86,2262.49,3000.74,UPI,11,SUCCESS,,0
TXN_0006224,CUST_00620,MEDIUM_RELIABILITY,0.86,2262.49,2807.73,UPI,9,FAILED,USER_ABANDONMENT,1
TXN_0006225,CUST_00620,MEDIUM_RELIABILITY,0.86,2262.49,3203.74,WALLET,21,SUCCESS,,0
TXN_0006226,CUST_00620,MEDIUM_RELIABILITY,0.86,2262.49,1340.42,UPI,0,SUCCESS,,0
TXN_0006227,CUST_00620,MEDIUM_RELIABILITY,0.86,2262.49,2056.36,NET_BANKING,4,SUCCESS,,0
TXN_0006228,CUST_00620,MEDIUM_RELIABILITY,0.86,2262.49,1411.78,UPI,20,SUCCESS,,0
TXN_0006229,CUST_00620,MEDIUM_RELIABILITY,0.86,2262.49,1913.06,UPI,16,SUCCESS,,0
TXN_0006230,CUST_00621,MEDIUM_RELIABILITY,0.84,7877.67,11076.7,UPI,13,FAILED,INSUFFICIENT_FUNDS,0
TXN_0006231,CUST_00621,MEDIUM_RELIABILITY,0.84,7877.67,8217.93,WALLET,13,FAILED,INSUFFICIENT_FUNDS,1
TXN_0006232,CUST_00621,MEDIUM_RELIABILITY,0.84,7877.67,16092.06,UPI,19,SUCCESS,,0
TXN_0006233,CUST_00621,MEDIUM_RELIABILITY,0.84,7877.67,8487.11,UPI,13,SUCCESS,,0
TXN_0006234,CUST_00621,MEDIUM_RELIABILITY,0.84,7877.67,8065.76,UPI,16,SUCCESS,,0
TXN_0006235,CUST_00621,MEDIUM_RELIABILITY,0.84,7877.67,8212.26,NET_BANKING,14,SUCCESS,,0
TXN_0006236,CUST_00621,MEDIUM_RELIABILITY,0.84,7877.67,5867.89,UPI,12,SUCCESS,,0
TXN_0006237,CUST_00621,MEDIUM_RELIABILITY,0.84,7877.67,7695.42,CARD,21,SUCCESS,,0
TXN_0006238,CUST_00621,MEDIUM_RELIABILITY,0.84,7877.67,11431.41,WALLET,2,SUCCESS,,0
TXN_0006239,CUST_00622,HIGH_RELIABILITY,0.96,12826.97,13411.73,WALLET,2,SUCCESS,,0
TXN_0006240,CUST_00622,HIGH_RELIABILITY,0.96,12826.97,8755.9,CARD,9,SUCCESS,,0
TXN_0006241,CUST_00622,HIGH_RELIABILITY,0.96,12826.97,8080.56,NET_BANKING,11,SUCCESS,,0
TXN_0006242,CUST_00622,HIGH_RELIABILITY,0.96,12826.97,10517.08,CARD,13,SUCCESS,,0
TXN_0006243,CUST_00622,HIGH_RELIABILITY,0.96,12826.97,13205.95,CARD,0,SUCCESS,,0
TXN_0006244,CUST_00622,HIGH_RELIABILITY,0.96,12826.97,18951.01,WALLET,7,SUCCESS,,0
TXN_0006245,CUST_00622,HIGH_RELIABILITY,0.96,12826.97,5949.21,CARD,7,SUCCESS,,0
TXN_0006246,CUST_00622,HIGH_RELIABILITY,0.96,12826.97,11186.01,UPI,19,SUCCESS,,0
TXN_0006247,CUST_00622,HIGH_RELIABILITY,0.96,12826.97,13567.39,CARD,4,SUCCESS,,0
TXN_0006248,CUST_00622,HIGH_RELIABILITY,0.96,12826.97,3418.61,UPI,21,SUCCESS,,0
TXN_0006249,CUST_00622,HIGH_RELIABILITY,0.96,12826.97,8549.95,UPI,22,SUCCESS,,0
TXN_0006250,CUST_00622,HIGH_RELIABILITY,0.96,12826.97,9338.61,NET_BANKING,13,SUCCESS,,0
TXN_0006251,CUST_00622,HIGH_RELIABILITY,0.96,12826.97,8743.01,UPI,22,SUCCESS,,0
TXN_0006252,CUST_00623,HIGH_RELIABILITY,0.96,9767.08,10516.76,UPI,21,SUCCESS,,0
TXN_0006253,CUST_00623,HIGH_RELIABILITY,0.96,9767.08,9139.8,UPI,14,SUCCESS,,0
TXN_0006254,CUST_00623,HIGH_RELIABILITY,0.96,9767.08,7597.67,CARD,22,SUCCESS,,0
TXN_0006255,CUST_00623,HIGH_RELIABILITY,0.96,9767.08,11439.06,CARD,14,SUCCESS,,0
TXN_0006256,CUST_00623,HIGH_RELIABILITY,0.96,9767.08,16498.84,UPI,6,SUCCESS,,0
TXN_0006257,CUST_00623,HIGH_RELIABILITY,0.96,9767.08,16171.38,UPI,17,SUCCESS,,0
TXN_0006258,CUST_00623,HIGH_RELIABILITY,0.96,9767.08,2255.13,CARD,14,SUCCESS,,0
TXN_0006259,CUST_00623,HIGH_RELIABILITY,0.96,9767.08,12021.6,CARD,2,SUCCESS,,0
TXN_0006260,CUST_00623,HIGH_RELIABILITY,0.96,9767.08,9071.57,UPI,15,SUCCESS,,0
TXN_0006261,CUST_00623,HIGH_RELIABILITY,0.96,9767.08,10373.25,CARD,9,SUCCESS,,0
TXN_0006262,CUST_00623,HIGH_RELIABILITY,0.96,9767.08,8211.06,WALLET,22,SUCCESS,,0
TXN_0006263,CUST_00623,HIGH_RELIABILITY,0.96,9767.08,10226.48,UPI,17,SUCCESS,,0
TXN_0006264,CUST_00623,HIGH_RELIABILITY,0.96,9767.08,10358.6,UPI,16,SUCCESS,,0
TXN_0006265,CUST_00623,HIGH_RELIABILITY,0.96,9767.08,7505.21,UPI,0,SUCCESS,,0
TXN_0006266,CUST_00623,HIGH_RELIABILITY,0.96,9767.08,6265.12,WALLET,21,SUCCESS,,0
TXN_0006267,CUST_00624,MEDIUM_RELIABILITY,0.68,809.0,663.8,UPI,18,SUCCESS,,0
TXN_0006268,CUST_00624,MEDIUM_RELIABILITY,0.68,809.0,884.81,UPI,3,SUCCESS,,0
TXN_0006269,CUST_00624,MEDIUM_RELIABILITY,0.68,809.0,1002.84,NET_BANKING,19,FAILED,USER_ABANDONMENT,1
TXN_0006270,CUST_00624,MEDIUM_RELIABILITY,0.68,809.0,1085.14,CARD,17,FAILED,TECHNICAL_ERROR,1
TXN_0006271,CUST_00624,MEDIUM_RELIABILITY,0.68,809.0,649.08,CARD,20,SUCCESS,,0
TXN_0006272,CUST_00624,MEDIUM_RELIABILITY,0.68,809.0,900.85,CARD,3,SUCCESS,,0
TXN_0006273,CUST_00625,HIGH_RELIABILITY,0.98,9633.1,13341.85,NET_BANKING,0,SUCCESS,,0
TXN_0006274,CUST_00625,HIGH_RELIABILITY,0.98,9633.1,14124.42,CARD,12,SUCCESS,,0
TXN_0006275,CUST_00625,HIGH_RELIABILITY,0.98,9633.1,9406.4,NET_BANKING,19,FAILED,TEMPORARY_BANK_ERROR,0
TXN_0006276,CUST_00625,HIGH_RELIABILITY,0.98,9633.1,8781.8,UPI,15,SUCCESS,,0
TXN_0006277,CUST_00625,HIGH_RELIABILITY,0.98,9633.1,10369.55,CARD,4,SUCCESS,,0
TXN_0006278,CUST_00625,HIGH_RELIABILITY,0.98,9633.1,5203.0,CARD,7,SUCCESS,,0
TXN_0006279,CUST_00625,HIGH_RELIABILITY,0.98,9633.1,8887.08,WALLET,16,SUCCESS,,0
TXN_0006280,CUST_00626,MEDIUM_RELIABILITY,0.83,5074.46,6585.81,CARD,19,SUCCESS,,0
TXN_0006281,CUST_00626,MEDIUM_RELIABILITY,0.83,5074.46,6377.47,WALLET,7,SUCCESS,,0
TXN_0006282,CUST_00626,MEDIUM_RELIABILITY,0.83,5074.46,4525.88,UPI,15,SUCCESS,,0
TXN_0006283,CUST_00626,MEDIUM_RELIABILITY,0.83,5074.46,5516.38,CARD,13,SUCCESS,,0
TXN_0006284,CUST_00626,MEDIUM_RELIABILITY,0.83,5074.46,3400.6,NET_BANKING,7,SUCCESS,,0
TXN_0006285,CUST_00626,MEDIUM_RELIABILITY,0.83,5074.46,6502.4,UPI,11,SUCCESS,,0
TXN_0006286,CUST_00626,MEDIUM_RELIABILITY,0.83,5074.46,4916.5,UPI,15,SUCCESS,,0
TXN_0006287,CUST_00626,MEDIUM_RELIABILITY,0.83,5074.46,4514.34,CARD,5,SUCCESS,,0
TXN_0006288,CUST_00626,MEDIUM_RELIABILITY,0.83,5074.46,4340.24,CARD,6,FAILED,NETWORK_TIMEOUT,1
TXN_0006289,CUST_00626,MEDIUM_RELIABILITY,0.83,5074.46,4946.8,CARD,10,SUCCESS,,0
TXN_0006290,CUST_00626,MEDIUM_RELIABILITY,0.83,5074.46,4165.37,WALLET,11,FAILED,TEMPORARY_BANK_ERROR,0
TXN_0006291,CUST_00627,MEDIUM_RELIABILITY,0.68,1689.27,2133.98,CARD,23,FAILED,NETWORK_TIMEOUT,1
TXN_0006292,CUST_00627,MEDIUM_RELIABILITY,0.68,1689.27,1422.17,UPI,9,SUCCESS,,0
TXN_0006293,CUST_00627,MEDIUM_RELIABILITY,0.68,1689.27,2765.65,CARD,6,FAILED,TEMPORARY_BANK_ERROR,0
TXN_0006294,CUST_00627,MEDIUM_RELIABILITY,0.68,1689.27,2679.32,NET_BANKING,1,SUCCESS,,0
TXN_0006295,CUST_00627,MEDIUM_RELIABILITY,0.68,1689.27,1086.85,CARD,4,SUCCESS,,0
TXN_0006296,CUST_00627,MEDIUM_RELIABILITY,0.68,1689.27,1736.37,WALLET,10,SUCCESS,,0
TXN_0006297,CUST_00627,MEDIUM_RELIABILITY,0.68,1689.27,1249.62,UPI,17,SUCCESS,,0
TXN_0006298,CUST_00627,MEDIUM_RELIABILITY,0.68,1689.27,1468.55,UPI,20,SUCCESS,,0
TXN_0006299,CUST_00627,MEDIUM_RELIABILITY,0.68,1689.27,3042.33,NET_BANKING,17,SUCCESS,,0
TXN_0006300,CUST_00627,MEDIUM_RELIABILITY,0.68,1689.27,1481.44,CARD,18,SUCCESS,,0
TXN_0006301,CUST_00627,MEDIUM_RELIABILITY,0.68,1689.27,1932.68,NET_BANKING,14,SUCCESS,,0
TXN_0006302,CUST_00627,MEDIUM_RELIABILITY,0.68,1689.27,2055.05,CARD,4,FAILED,TECHNICAL_ERROR,1
TXN_0006303,CUST_00627,MEDIUM_RELIABILITY,0.68,1689.27,1013.14,CARD,11,SUCCESS,,0
TXN_0006304,CUST_00627,MEDIUM_RELIABILITY,0.68,1689.27,1111.48,UPI,13,SUCCESS,,0
TXN_0006305,CUST_00628,MEDIUM_RELIABILITY,0.8,4587.91,2374.66,NET_BANKING,0,SUCCESS,,0
TXN_0006306,CUST_00628,MEDIUM_RELIABILITY,0.8,4587.91,2962.01,WALLET,13,SUCCESS,,0
TXN_0006307,CUST_00628,MEDIUM_RELIABILITY,0.8,4587.91,100.0,UPI,9,SUCCESS,,0
TXN_0006308,CUST_00628,MEDIUM_RELIABILITY,0.8,4587.91,5587.31,UPI,6,SUCCESS,,0
TXN_0006309,CUST_00628,MEDIUM_RELIABILITY,0.8,4587.91,8357.69,CARD,15,FAILED,INSUFFICIENT_FUNDS,1
TXN_0006310,CUST_00628,MEDIUM_RELIABILITY,0.8,4587.91,4859.19,NET_BANKING,11,SUCCESS,,0
TXN_0006311,CUST_00628,MEDIUM_RELIABILITY,0.8,4587.91,1988.82,CARD,14,SUCCESS,,0
TXN_0006312,CUST_00628,MEDIUM_RELIABILITY,0.8,4587.91,3408.31,UPI,22,SUCCESS,,0
TXN_0006313,CUST_00628,MEDIUM_RELIABILITY,0.8,4587.91,3745.8,CARD,7,FAILED,NETWORK_TIMEOUT,0
TXN_0006314,CUST_00628,MEDIUM_RELIABILITY,0.8,4587.91,2720.48,CARD,22,FAILED,INSUFFICIENT_FUNDS,0
TXN_0006315,CUST_00628,MEDIUM_RELIABILITY,0.8,4587.91,6166.49,CARD,22,SUCCESS,,0
TXN_0006316,CUST_00628,MEDIUM_RELIABILITY,0.8,4587.91,6074.87,CARD,7,FAILED,NETWORK_TIMEOUT,0
TXN_0006317,CUST_00628,MEDIUM_RELIABILITY,0.8,4587.91,2467.47,WALLET,11,FAILED,NETWORK_TIMEOUT,1
TXN_0006318,CUST_00628,MEDIUM_RELIABILITY,0.8,4587.91,5918.55,CARD,18,SUCCESS,,0
TXN_0006319,CUST_00629,HIGH_RELIABILITY,0.9,7882.32,12696.25,UPI,14,SUCCESS,,0
TXN_0006320,CUST_00629,HIGH_RELIABILITY,0.9,7882.32,13880.95,UPI,12,SUCCESS,,0
TXN_0006321,CUST_00629,HIGH_RELIABILITY,0.9,7882.32,16916.13,CARD,12,FAILED,TEMPORARY_BANK_ERROR,1
TXN_0006322,CUST_00629,HIGH_RELIABILITY,0.9,7882.32,5038.4,CARD,17,SUCCESS,,0
TXN_0006323,CUST_00629,HIGH_RELIABILITY,0.9,7882.32,16786.88,UPI,20,SUCCESS,,0
TXN_0006324,CUST_00629,HIGH_RELIABILITY,0.9,7882.32,6765.53,CARD,19,FAILED,TEMPORARY_BANK_ERROR,0
TXN_0006325,CUST_00629,HIGH_RELIABILITY,0.9,7882.32,6014.32,UPI,5,SUCCESS,,0
TXN_0006326,CUST_00629,HIGH_RELIABILITY,0.9,7882.32,8913.56,UPI,21,FAILED,INSUFFICIENT_FUNDS,0
TXN_0006327,CUST_00629,HIGH_RELIABILITY,0.9,7882.32,6047.12,NET_BANKING,9,SUCCESS,,0
TXN_0006328,CUST_00629,HIGH_RELIABILITY,0.9,7882.32,9140.48,UPI,9,SUCCESS,,0
TXN_0006329,CUST_00629,HIGH_RELIABILITY,0.9,7882.32,3720.21,CARD,12,SUCCESS,,0
TXN_0006330,CUST_00630,MEDIUM_RELIABILITY,0.66,6028.73,5452.98,CARD,8,SUCCESS,,0
TXN_0006331,CUST_00630,MEDIUM_RELIABILITY,0.66,6028.73,9128.9,UPI,15,SUCCESS,,0
TXN_0006332,CUST_00630,MEDIUM_RELIABILITY,0.66,6028.73,5891.13,UPI,23,SUCCESS,,0
TXN_0006333,CUST_00630,MEDIUM_RELIABILITY,0.66,6028.73,6370.19,CARD,23,SUCCESS,,0
TXN_0006334,CUST_00630,MEDIUM_RELIABILITY,0.66,6028.73,7174.81,CARD,9,SUCCESS,,0
TXN_0006335,CUST_00631,MEDIUM_RELIABILITY,0.71,8076.81,11858.89,WALLET,0,SUCCESS,,0
TXN_0006336,CUST_00631,MEDIUM_RELIABILITY,0.71,8076.81,2729.24,UPI,20,SUCCESS,,0
TXN_0006337,CUST_00631,MEDIUM_RELIABILITY,0.71,8076.81,9965.25,WALLET,0,SUCCESS,,0
TXN_0006338,CUST_00631,MEDIUM_RELIABILITY,0.71,8076.81,7210.53,CARD,12,SUCCESS,,0
TXN_0006339,CUST_00631,MEDIUM_RELIABILITY,0.71,8076.81,8615.17,UPI,17,SUCCESS,,0
TXN_0006340,CUST_00631,MEDIUM_RELIABILITY,0.71,8076.81,11501.22,UPI,14,SUCCESS,,0
TXN_0006341,CUST_00631,MEDIUM_RELIABILITY,0.71,8076.81,4218.72,CARD,12,SUCCESS,,0
TXN_0006342,CUST_00631,MEDIUM_RELIABILITY,0.71,8076.81,4805.24,UPI,2,FAILED,TECHNICAL_ERROR,1
TXN_0006343,CUST_00632,HIGH_RELIABILITY,0.91,7373.08,1665.05,UPI,1,SUCCESS,,0
TXN_0006344,CUST_00632,HIGH_RELIABILITY,0.91,7373.08,5753.48,NET_BANKING,4,SUCCESS,,0
TXN_0006345,CUST_00632,HIGH_RELIABILITY,0.91,7373.08,11296.83,CARD,7,SUCCESS,,0
TXN_0006346,CUST_00632,HIGH_RELIABILITY,0.91,7373.08,7017.44,CARD,1,FAILED,TECHNICAL_ERROR,1
TXN_0006347,CUST_00632,HIGH_RELIABILITY,0.91,7373.08,3420.74,WALLET,17,SUCCESS,,0
TXN_0006348,CUST_00632,HIGH_RELIABILITY,0.91,7373.08,5940.7,UPI,11,SUCCESS,,0
TXN_0006349,CUST_00632,HIGH_RELIABILITY,0.91,7373.08,2985.03,UPI,15,SUCCESS,,0
TXN_0006350,CUST_00632,HIGH_RELIABILITY,0.91,7373.08,4054.65,CARD,10,SUCCESS,,0
TXN_0006351,CUST_00633,LOW_RELIABILITY,0.35,692.64,800.36,UPI,12,FAILED,NETWORK_TIMEOUT,1
TXN_0006352,CUST_00633,LOW_RELIABILITY,0.35,692.64,367.41,UPI,11,FAILED,NETWORK_TIMEOUT,0
TXN_0006353,CUST_00633,LOW_RELIABILITY,0.35,692.64,1000.9,UPI,9,FAILED,USER_ABANDONMENT,1
TXN_0006354,CUST_00633,LOW_RELIABILITY,0.35,692.64,672.94,UPI,12,FAILED,USER_ABANDONMENT,0
TXN_0006355,CUST_00633,LOW_RELIABILITY,0.35,692.64,716.35,UPI,18,SUCCESS,,0
TXN_0006356,CUST_00633,LOW_RELIABILITY,0.35,692.64,615.52,UPI,20,FAILED,INSUFFICIENT_FUNDS,0
TXN_0006357,CUST_00633,LOW_RELIABILITY,0.35,692.64,906.76,CARD,5,SUCCESS,,0
TXN_0006358,CUST_00633,LOW_RELIABILITY,0.35,692.64,909.62,CARD,14,FAILED,USER_ABANDONMENT,1
TXN_0006359,CUST_00633,LOW_RELIABILITY,0.35,692.64,785.47,UPI,1,FAILED,TECHNICAL_ERROR,3
TXN_0006360,CUST_00634,MEDIUM_RELIABILITY,0.74,5059.42,6202.42,UPI,5,SUCCESS,,0
TXN_0006361,CUST_00634,MEDIUM_RELIABILITY,0.74,5059.42,4630.2,UPI,2,SUCCESS,,0
TXN_0006362,CUST_00634,MEDIUM_RELIABILITY,0.74,5059.42,6156.71,WALLET,8,SUCCESS,,0
TXN_0006363,CUST_00634,MEDIUM_RELIABILITY,0.74,5059.42,4375.63,WALLET,8,SUCCESS,,0
TXN_0006364,CUST_00634,MEDIUM_RELIABILITY,0.74,5059.42,5063.94,UPI,4,FAILED,TECHNICAL_ERROR,0
TXN_0006365,CUST_00634,MEDIUM_RELIABILITY,0.74,5059.42,4503.6,UPI,15,SUCCESS,,0
TXN_0006366,CUST_00634,MEDIUM_RELIABILITY,0.74,5059.42,4134.12,WALLET,2,FAILED,NETWORK_TIMEOUT,0
TXN_0006367,CUST_00634,MEDIUM_RELIABILITY,0.74,5059.42,3664.82,CARD,2,SUCCESS,,0
TXN_0006368,CUST_00634,MEDIUM_RELIABILITY,0.74,5059.42,6005.92,CARD,18,SUCCESS,,0
TXN_0006369,CUST_00634,MEDIUM_RELIABILITY,0.74,5059.42,7711.78,UPI,2,FAILED,AUTHENTICATION_FAILURE,0
TXN_0006370,CUST_00634,MEDIUM_RELIABILITY,0.74,5059.42,7429.46,CARD,14,SUCCESS,,0
TXN_0006371,CUST_00634,MEDIUM_RELIABILITY,0.74,5059.42,2516.42,UPI,2,FAILED,AUTHENTICATION_FAILURE,0
TXN_0006372,CUST_00634,MEDIUM_RELIABILITY,0.74,5059.42,7668.47,CARD,9,FAILED,INSUFFICIENT_FUNDS,0
TXN_0006373,CUST_00635,MEDIUM_RELIABILITY,0.78,3270.79,2854.54,CARD,1,SUCCESS,,0
TXN_0006374,CUST_00635,MEDIUM_RELIABILITY,0.78,3270.79,4056.74,NET_BANKING,16,FAILED,TEMPORARY_BANK_ERROR,1
TXN_0006375,CUST_00635,MEDIUM_RELIABILITY,0.78,3270.79,2085.17,CARD,7,FAILED,TEMPORARY_BANK_ERROR,0
TXN_0006376,CUST_00635,MEDIUM_RELIABILITY,0.78,3270.79,3456.54,UPI,2,SUCCESS,,0
TXN_0006377,CUST_00635,MEDIUM_RELIABILITY,0.78,3270.79,3681.24,UPI,17,SUCCESS,,0
TXN_0006378,CUST_00635,MEDIUM_RELIABILITY,0.78,3270.79,1328.46,CARD,0,SUCCESS,,0
TXN_0006379,CUST_00636,HIGH_RELIABILITY,0.96,13041.71,16214.85,UPI,14,SUCCESS,,0
TXN_0006380,CUST_00636,HIGH_RELIABILITY,0.96,13041.71,20063.03,CARD,12,SUCCESS,,0
TXN_0006381,CUST_00636,HIGH_RELIABILITY,0.96,13041.71,12130.63,UPI,9,SUCCESS,,0
TXN_0006382,CUST_00636,HIGH_RELIABILITY,0.96,13041.71,20137.28,NET_BANKING,1,SUCCESS,,0
TXN_0006383,CUST_00636,HIGH_RELIABILITY,0.96,13041.71,12052.14,CARD,0,SUCCESS,,0
TXN_0006384,CUST_00636,HIGH_RELIABILITY,0.96,13041.71,17473.72,UPI,18,SUCCESS,,0
TXN_0006385,CUST_00636,HIGH_RELIABILITY,0.96,13041.71,1468.13,UPI,23,SUCCESS,,0
TXN_0006386,CUST_00636,HIGH_RELIABILITY,0.96,13041.71,25659.71,WALLET,5,SUCCESS,,0
TXN_0006387,CUST_00636,HIGH_RELIABILITY,0.96,13041.71,20843.04,UPI,12,FAILED,TEMPORARY_BANK_ERROR,0
TXN_0006388,CUST_00636,HIGH_RELIABILITY,0.96,13041.71,11556.91,WALLET,13,SUCCESS,,0
TXN_0006389,CUST_00636,HIGH_RELIABILITY,0.96,13041.71,2753.94,WALLET,22,SUCCESS,,0
TXN_0006390,CUST_00636,HIGH_RELIABILITY,0.96,13041.71,14544.26,WALLET,0,SUCCESS,,0
TXN_0006391,CUST_00636,HIGH_RELIABILITY,0.96,13041.71,5509.21,WALLET,4,SUCCESS,,0
TXN_0006392,CUST_00637,HIGH_RELIABILITY,0.97,1554.66,1831.3,UPI,4,FAILED,NETWORK_TIMEOUT,0
TXN_0006393,CUST_00637,HIGH_RELIABILITY,0.97,1554.66,1810.6,UPI,8,SUCCESS,,0
TXN_0006394,CUST_00637,HIGH_RELIABILITY,0.97,1554.66,969.24,CARD,4,FAILED,TECHNICAL_ERROR,0
TXN_0006395,CUST_00637,HIGH_RELIABILITY,0.97,1554.66,2251.75,NET_BANKING,6,SUCCESS,,0
TXN_0006396,CUST_00637,HIGH_RELIABILITY,0.97,1554.66,2055.62,CARD,4,SUCCESS,,0
TXN_0006397,CUST_00637,HIGH_RELIABILITY,0.97,1554.66,2161.49,UPI,1,SUCCESS,,0
TXN_0006398,CUST_00638,HIGH_RELIABILITY,0.93,2469.02,2477.77,UPI,18,SUCCESS,,0
TXN_0006399,CUST_00638,HIGH_RELIABILITY,0.93,2469.02,1071.04,CARD,1,SUCCESS,,0
TXN_0006400,CUST_00638,HIGH_RELIABILITY,0.93,2469.02,3434.77,UPI,0,SUCCESS,,0
TXN_0006401,CUST_00638,HIGH_RELIABILITY,0.93,2469.02,2202.0,CARD,19,SUCCESS,,0
TXN_0006402,CUST_00638,HIGH_RELIABILITY,0.93,2469.02,1096.46,NET_BANKING,3,SUCCESS,,0
TXN_0006403,CUST_00638,HIGH_RELIABILITY,0.93,2469.02,3804.3,UPI,9,SUCCESS,,0
TXN_0006404,CUST_00638,HIGH_RELIABILITY,0.93,2469.02,4542.41,CARD,6,SUCCESS,,0
TXN_0006405,CUST_00638,HIGH_RELIABILITY,0.93,2469.02,2428.28,UPI,5,SUCCESS,,0
TXN_0006406,CUST_00638,HIGH_RELIABILITY,0.93,2469.02,4601.39,WALLET,3,SUCCESS,,0
TXN_0006407,CUST_00638,HIGH_RELIABILITY,0.93,2469.02,2559.2,UPI,23,SUCCESS,,0
TXN_0006408,CUST_00639,MEDIUM_RELIABILITY,0.7,9873.29,8370.75,NET_BANKING,13,SUCCESS,,0
TXN_0006409,CUST_00639,MEDIUM_RELIABILITY,0.7,9873.29,7383.41,UPI,6,SUCCESS,,0
TXN_0006410,CUST_00639,MEDIUM_RELIABILITY,0.7,9873.29,16338.65,CARD,9,SUCCESS,,0
TXN_0006411,CUST_00639,MEDIUM_RELIABILITY,0.7,9873.29,6792.26,UPI,14,SUCCESS,,0
TXN_0006412,CUST_00639,MEDIUM_RELIABILITY,0.7,9873.29,12777.1,UPI,8,SUCCESS,,0
TXN_0006413,CUST_00639,MEDIUM_RELIABILITY,0.7,9873.29,7664.98,UPI,6,FAILED,AUTHENTICATION_FAILURE,1
TXN_0006414,CUST_00639,MEDIUM_RELIABILITY,0.7,9873.29,8055.39,CARD,11,FAILED,AUTHENTICATION_FAILURE,1
TXN_0006415,CUST_00639,MEDIUM_RELIABILITY,0.7,9873.29,13942.07,CARD,7,FAILED,INSUFFICIENT_FUNDS,1
TXN_0006416,CUST_00639,MEDIUM_RELIABILITY,0.7,9873.29,8372.4,UPI,19,SUCCESS,,0
TXN_0006417,CUST_00639,MEDIUM_RELIABILITY,0.7,9873.29,8274.63,UPI,12,SUCCESS,,0
TXN_0006418,CUST_00640,MEDIUM_RELIABILITY,0.68,5239.44,7613.54,UPI,5,SUCCESS,,0
TXN_0006419,CUST_00640,MEDIUM_RELIABILITY,0.68,5239.44,8587.23,WALLET,12,SUCCESS,,0
TXN_0006420,CUST_00640,MEDIUM_RELIABILITY,0.68,5239.44,6590.57,UPI,2,FAILED,USER_ABANDONMENT,0
TXN_0006421,CUST_00640,MEDIUM_RELIABILITY,0.68,5239.44,3867.19,UPI,7,SUCCESS,,0
TXN_0006422,CUST_00640,MEDIUM_RELIABILITY,0.68,5239.44,4169.32,CARD,19,SUCCESS,,0
TXN_0006423,CUST_00640,MEDIUM_RELIABILITY,0.68,5239.44,5406.92,UPI,3,FAILED,USER_ABANDONMENT,0
TXN_0006424,CUST_00641,MEDIUM_RELIABILITY,0.79,7173.42,8094.29,UPI,18,SUCCESS,,0
TXN_0006425,CUST_00641,MEDIUM_RELIABILITY,0.79,7173.42,4338.87,UPI,14,SUCCESS,,0
TXN_0006426,CUST_00641,MEDIUM_RELIABILITY,0.79,7173.42,9248.08,WALLET,12,SUCCESS,,0
TXN_0006427,CUST_00641,MEDIUM_RELIABILITY,0.79,7173.42,7418.79,UPI,7,SUCCESS,,0
TXN_0006428,CUST_00641,MEDIUM_RELIABILITY,0.79,7173.42,2250.42,CARD,22,SUCCESS,,0
TXN_0006429,CUST_00641,MEDIUM_RELIABILITY,0.79,7173.42,4507.99,WALLET,4,SUCCESS,,0
TXN_0006430,CUST_00641,MEDIUM_RELIABILITY,0.79,7173.42,5726.89,NET_BANKING,18,SUCCESS,,0
TXN_0006431,CUST_00641,MEDIUM_RELIABILITY,0.79,7173.42,6964.36,UPI,7,FAILED,TEMPORARY_BANK_ERROR,2
TXN_0006432,CUST_00642,MEDIUM_RELIABILITY,0.77,592.82,1040.82,CARD,18,FAILED,TEMPORARY_BANK_ERROR,0
TXN_0006433,CUST_00642,MEDIUM_RELIABILITY,0.77,592.82,649.3,UPI,14,SUCCESS,,0
TXN_0006434,CUST_00642,MEDIUM_RELIABILITY,0.77,592.82,393.45,CARD,13,SUCCESS,,0
TXN_0006435,CUST_00642,MEDIUM_RELIABILITY,0.77,592.82,645.14,CARD,17,SUCCESS,,0
TXN_0006436,CUST_00642,MEDIUM_RELIABILITY,0.77,592.82,509.33,UPI,6,SUCCESS,,0
TXN_0006437,CUST_00642,MEDIUM_RELIABILITY,0.77,592.82,669.83,UPI,17,SUCCESS,,0
TXN_0006438,CUST_00642,MEDIUM_RELIABILITY,0.77,592.82,730.49,CARD,7,SUCCESS,,0
TXN_0006439,CUST_00642,MEDIUM_RELIABILITY,0.77,592.82,879.56,UPI,3,SUCCESS,,0
TXN_0006440,CUST_00642,MEDIUM_RELIABILITY,0.77,592.82,587.06,CARD,9,SUCCESS,,0
TXN_0006441,CUST_00642,MEDIUM_RELIABILITY,0.77,592.82,981.46,CARD,7,SUCCESS,,0
TXN_0006442,CUST_00642,MEDIUM_RELIABILITY,0.77,592.82,808.14,NET_BANKING,17,SUCCESS,,0
TXN_0006443,CUST_00643,MEDIUM_RELIABILITY,0.72,5418.26,3885.02,UPI,11,SUCCESS,,0
TXN_0006444,CUST_00643,MEDIUM_RELIABILITY,0.72,5418.26,10207.69,CARD,16,FAILED,NETWORK_TIMEOUT,1
TXN_0006445,CUST_00643,MEDIUM_RELIABILITY,0.72,5418.26,6126.96,CARD,22,SUCCESS,,0
TXN_0006446,CUST_00643,MEDIUM_RELIABILITY,0.72,5418.26,3608.29,UPI,0,SUCCESS,,0
TXN_0006447,CUST_00643,MEDIUM_RELIABILITY,0.72,5418.26,9000.63,UPI,4,SUCCESS,,0
TXN_0006448,CUST_00643,MEDIUM_RELIABILITY,0.72,5418.26,9921.44,CARD,5,SUCCESS,,0
TXN_0006449,CUST_00644,HIGH_RELIABILITY,0.89,5908.78,5830.72,WALLET,8,SUCCESS,,0
TXN_0006450,CUST_00644,HIGH_RELIABILITY,0.89,5908.78,4718.4,UPI,15,SUCCESS,,0
TXN_0006451,CUST_00644,HIGH_RELIABILITY,0.89,5908.78,5501.37,WALLET,0,SUCCESS,,0
TXN_0006452,CUST_00644,HIGH_RELIABILITY,0.89,5908.78,7598.06,UPI,23,SUCCESS,,0
TXN_0006453,CUST_00644,HIGH_RELIABILITY,0.89,5908.78,8929.01,UPI,4,SUCCESS,,0
TXN_0006454,CUST_00645,HIGH_RELIABILITY,0.88,2100.1,2579.33,UPI,6,SUCCESS,,0
TXN_0006455,CUST_00645,HIGH_RELIABILITY,0.88,2100.1,2185.55,UPI,14,SUCCESS,,0
TXN_0006456,CUST_00645,HIGH_RELIABILITY,0.88,2100.1,3358.49,UPI,8,SUCCESS,,0
TXN_0006457,CUST_00645,HIGH_RELIABILITY,0.88,2100.1,1837.3,CARD,20,SUCCESS,,0
TXN_0006458,CUST_00645,HIGH_RELIABILITY,0.88,2100.1,2966.11,NET_BANKING,9,SUCCESS,,0
TXN_0006459,CUST_00645,HIGH_RELIABILITY,0.88,2100.1,1858.12,UPI,6,SUCCESS,,0
TXN_0006460,CUST_00645,HIGH_RELIABILITY,0.88,2100.1,2462.18,CARD,23,SUCCESS,,0
TXN_0006461,CUST_00645,HIGH_RELIABILITY,0.88,2100.1,2004.7,NET_BANKING,18,SUCCESS,,0
TXN_0006462,CUST_00645,HIGH_RELIABILITY,0.88,2100.1,2053.18,UPI,6,SUCCESS,,0
TXN_0006463,CUST_00646,MEDIUM_RELIABILITY,0.74,1760.8,1495.0,UPI,21,FAILED,AUTHENTICATION_FAILURE,0
TXN_0006464,CUST_00646,MEDIUM_RELIABILITY,0.74,1760.8,2708.01,UPI,12,SUCCESS,,0
TXN_0006465,CUST_00646,MEDIUM_RELIABILITY,0.74,1760.8,1244.59,CARD,2,SUCCESS,,0
TXN_0006466,CUST_00646,MEDIUM_RELIABILITY,0.74,1760.8,1239.44,CARD,21,FAILED,AUTHENTICATION_FAILURE,0
TXN_0006467,CUST_00646,MEDIUM_RELIABILITY,0.74,1760.8,3254.66,UPI,7,SUCCESS,,0
TXN_0006468,CUST_00646,MEDIUM_RELIABILITY,0.74,1760.8,2449.52,UPI,12,FAILED,NETWORK_TIMEOUT,1
TXN_0006469,CUST_00646,MEDIUM_RELIABILITY,0.74,1760.8,100.0,UPI,12,SUCCESS,,0
TXN_0006470,CUST_00646,MEDIUM_RELIABILITY,0.74,1760.8,1362.68,UPI,19,SUCCESS,,0
TXN_0006471,CUST_00646,MEDIUM_RELIABILITY,0.74,1760.8,484.58,CARD,2,FAILED,TEMPORARY_BANK_ERROR,3
TXN_0006472,CUST_00646,MEDIUM_RELIABILITY,0.74,1760.8,1091.21,UPI,21,SUCCESS,,0
TXN_0006473,CUST_00646,MEDIUM_RELIABILITY,0.74,1760.8,100.0,CARD,6,SUCCESS,,0
TXN_0006474,CUST_00646,MEDIUM_RELIABILITY,0.74,1760.8,1664.32,UPI,3,SUCCESS,,0
TXN_0006475,CUST_00646,MEDIUM_RELIABILITY,0.74,1760.8,956.51,NET_BANKING,17,SUCCESS,,0
TXN_0006476,CUST_00646,MEDIUM_RELIABILITY,0.74,1760.8,1802.99,UPI,23,FAILED,TEMPORARY_BANK_ERROR,0
TXN_0006477,CUST_00647,MEDIUM_RELIABILITY,0.77,7049.92,2467.13,UPI,2,SUCCESS,,0
TXN_0006478,CUST_00647,MEDIUM_RELIABILITY,0.77,7049.92,7283.73,WALLET,2,FAILED,TEMPORARY_BANK_ERROR,0
TXN_0006479,CUST_00647,MEDIUM_RELIABILITY,0.77,7049.92,5879.87,CARD,18,SUCCESS,,0
TXN_0006480,CUST_00647,MEDIUM_RELIABILITY,0.77,7049.92,11285.38,UPI,0,FAILED,NETWORK_TIMEOUT,2
TXN_0006481,CUST_00647,MEDIUM_RELIABILITY,0.77,7049.92,11029.9,UPI,1,FAILED,INSUFFICIENT_FUNDS,2
TXN_0006482,CUST_00647,MEDIUM_RELIABILITY,0.77,7049.92,9264.57,NET_BANKING,3,SUCCESS,,0
TXN_0006483,CUST_00647,MEDIUM_RELIABILITY,0.77,7049.92,6128.88,CARD,1,SUCCESS,,0
TXN_0006484,CUST_00647,MEDIUM_RELIABILITY,0.77,7049.92,12648.63,UPI,19,SUCCESS,,0
TXN_0006485,CUST_00647,MEDIUM_RELIABILITY,0.77,7049.92,2670.41,UPI,4,FAILED,USER_ABANDONMENT,0
TXN_0006486,CUST_00647,MEDIUM_RELIABILITY,0.77,7049.92,3091.93,CARD,23,SUCCESS,,0
TXN_0006487,CUST_00647,MEDIUM_RELIABILITY,0.77,7049.92,6813.65,UPI,8,SUCCESS,,0
TXN_0006488,CUST_00647,MEDIUM_RELIABILITY,0.77,7049.92,13406.24,WALLET,6,SUCCESS,,0
TXN_0006489,CUST_00647,MEDIUM_RELIABILITY,0.77,7049.92,6479.33,UPI,1,SUCCESS,,0
TXN_0006490,CUST_00647,MEDIUM_RELIABILITY,0.77,7049.92,6533.17,CARD,21,FAILED,USER_ABANDONMENT,2
TXN_0006491,CUST_00648,MEDIUM_RELIABILITY,0.83,2401.43,1016.37,UPI,17,SUCCESS,,0
TXN_0006492,CUST_00648,MEDIUM_RELIABILITY,0.83,2401.43,3310.06,UPI,15,FAILED,AUTHENTICATION_FAILURE,0
TXN_0006493,CUST_00648,MEDIUM_RELIABILITY,0.83,2401.43,3317.02,CARD,6,SUCCESS,,0
TXN_0006494,CUST_00648,MEDIUM_RELIABILITY,0.83,2401.43,3159.39,NET_BANKING,3,SUCCESS,,0
TXN_0006495,CUST_00648,MEDIUM_RELIABILITY,0.83,2401.43,1797.02,UPI,0,SUCCESS,,0
TXN_0006496,CUST_00648,MEDIUM_RELIABILITY,0.83,2401.43,1722.59,UPI,14,SUCCESS,,0
TXN_0006497,CUST_00649,MEDIUM_RELIABILITY,0.69,1493.39,720.94,UPI,16,SUCCESS,,0
TXN_0006498,CUST_00649,MEDIUM_RELIABILITY,0.69,1493.39,1543.49,CARD,9,FAILED,TEMPORARY_BANK_ERROR,0
TXN_0006499,CUST_00649,MEDIUM_RELIABILITY,0.69,1493.39,848.0,NET_BANKING,9,FAILED,TECHNICAL_ERROR,2
TXN_0006500,CUST_00649,MEDIUM_RELIABILITY,0.69,1493.39,790.05,UPI,19,FAILED,NETWORK_TIMEOUT,1
TXN_0006501,CUST_00649,MEDIUM_RELIABILITY,0.69,1493.39,1240.3,UPI,12,FAILED,NETWORK_TIMEOUT,1
TXN_0006502,CUST_00650,MEDIUM_RELIABILITY,0.79,7211.52,5800.5,CARD,2,FAILED,INSUFFICIENT_FUNDS,0
TXN_0006503,CUST_00650,MEDIUM_RELIABILITY,0.79,7211.52,5659.66,WALLET,21,SUCCESS,,0
TXN_0006504,CUST_00650,MEDIUM_RELIABILITY,0.79,7211.52,8557.03,UPI,18,SUCCESS,,0
TXN_0006505,CUST_00650,MEDIUM_RELIABILITY,0.79,7211.52,7439.54,UPI,20,FAILED,NETWORK_TIMEOUT,2
TXN_0006506,CUST_00650,MEDIUM_RELIABILITY,0.79,7211.52,6380.3,UPI,7,FAILED,NETWORK_TIMEOUT,0
TXN_0006507,CUST_00650,MEDIUM_RELIABILITY,0.79,7211.52,7739.44,UPI,21,SUCCESS,,0
TXN_0006508,CUST_00650,MEDIUM_RELIABILITY,0.79,7211.52,4351.35,CARD,12,FAILED,INSUFFICIENT_FUNDS,1
TXN_0006509,CUST_00650,MEDIUM_RELIABILITY,0.79,7211.52,7515.21,UPI,10,FAILED,AUTHENTICATION_FAILURE,1
TXN_0006510,CUST_00651,HIGH_RELIABILITY,0.88,14106.97,14956.79,UPI,20,SUCCESS,,0
TXN_0006511,CUST_00651,HIGH_RELIABILITY,0.88,14106.97,5625.6,CARD,2,SUCCESS,,0
TXN_0006512,CUST_00651,HIGH_RELIABILITY,0.88,14106.97,19725.46,CARD,17,SUCCESS,,0
TXN_0006513,CUST_00651,HIGH_RELIABILITY,0.88,14106.97,9133.23,CARD,16,SUCCESS,,0
TXN_0006514,CUST_00651,HIGH_RELIABILITY,0.88,14106.97,14616.57,WALLET,13,SUCCESS,,0
TXN_0006515,CUST_00651,HIGH_RELIABILITY,0.88,14106.97,20677.5,UPI,18,SUCCESS,,0
TXN_0006516,CUST_00652,HIGH_RELIABILITY,0.89,8578.15,11754.39,UPI,1,FAILED,TEMPORARY_BANK_ERROR,3
TXN_0006517,CUST_00652,HIGH_RELIABILITY,0.89,8578.15,8695.96,CARD,10,SUCCESS,,0
TXN_0006518,CUST_00652,HIGH_RELIABILITY,0.89,8578.15,7334.32,UPI,21,SUCCESS,,0
TXN_0006519,CUST_00652,HIGH_RELIABILITY,0.89,8578.15,11829.31,UPI,11,SUCCESS,,0
TXN_0006520,CUST_00652,HIGH_RELIABILITY,0.89,8578.15,10893.2,UPI,4,SUCCESS,,0
TXN_0006521,CUST_00652,HIGH_RELIABILITY,0.89,8578.15,6456.38,UPI,20,SUCCESS,,0
TXN_0006522,CUST_00652,HIGH_RELIABILITY,0.89,8578.15,5850.66,CARD,12,SUCCESS,,0
TXN_0006523,CUST_00652,HIGH_RELIABILITY,0.89,8578.15,1467.36,NET_BANKING,11,SUCCESS,,0
TXN_0006524,CUST_00652,HIGH_RELIABILITY,0.89,8578.15,9106.67,UPI,12,SUCCESS,,0
TXN_0006525,CUST_00652,HIGH_RELIABILITY,0.89,8578.15,8294.39,CARD,21,FAILED,NETWORK_TIMEOUT,3
TXN_0006526,CUST_00652,HIGH_RELIABILITY,0.89,8578.15,12476.72,WALLET,3,SUCCESS,,0
TXN_0006527,CUST_00652,HIGH_RELIABILITY,0.89,8578.15,9810.16,UPI,12,SUCCESS,,0
TXN_0006528,CUST_00652,HIGH_RELIABILITY,0.89,8578.15,13156.24,WALLET,13,SUCCESS,,0
TXN_0006529,CUST_00652,HIGH_RELIABILITY,0.89,8578.15,6185.31,UPI,22,SUCCESS,,0
TXN_0006530,CUST_00653,MEDIUM_RELIABILITY,0.81,8774.21,12768.76,NET_BANKING,0,SUCCESS,,0
TXN_0006531,CUST_00653,MEDIUM_RELIABILITY,0.81,8774.21,6917.88,WALLET,13,SUCCESS,,0
TXN_0006532,CUST_00653,MEDIUM_RELIABILITY,0.81,8774.21,11503.33,CARD,21,SUCCESS,,0
TXN_0006533,CUST_00653,MEDIUM_RELIABILITY,0.81,8774.21,3654.43,WALLET,3,SUCCESS,,0
TXN_0006534,CUST_00653,MEDIUM_RELIABILITY,0.81,8774.21,9599.46,CARD,0,SUCCESS,,0
TXN_0006535,CUST_00653,MEDIUM_RELIABILITY,0.81,8774.21,1808.58,UPI,16,SUCCESS,,0
TXN_0006536,CUST_00654,MEDIUM_RELIABILITY,0.81,8116.42,7249.14,UPI,21,FAILED,TEMPORARY_BANK_ERROR,0
TXN_0006537,CUST_00654,MEDIUM_RELIABILITY,0.81,8116.42,9546.06,UPI,17,FAILED,TEMPORARY_BANK_ERROR,0
TXN_0006538,CUST_00654,MEDIUM_RELIABILITY,0.81,8116.42,6425.06,UPI,4,SUCCESS,,0
TXN_0006539,CUST_00654,MEDIUM_RELIABILITY,0.81,8116.42,4706.1,UPI,19,SUCCESS,,0
TXN_0006540,CUST_00654,MEDIUM_RELIABILITY,0.81,8116.42,10863.4,UPI,0,SUCCESS,,0
TXN_0006541,CUST_00654,MEDIUM_RELIABILITY,0.81,8116.42,7780.52,UPI,17,SUCCESS,,0
TXN_0006542,CUST_00655,HIGH_RELIABILITY,0.92,12407.55,9977.8,NET_BANKING,7,SUCCESS,,0
TXN_0006543,CUST_00655,HIGH_RELIABILITY,0.92,12407.55,12615.48,NET_BANKING,22,SUCCESS,,0
TXN_0006544,CUST_00655,HIGH_RELIABILITY,0.92,12407.55,25493.39,UPI,21,FAILED,USER_ABANDONMENT,1
TXN_0006545,CUST_00655,HIGH_RELIABILITY,0.92,12407.55,18132.41,UPI,14,SUCCESS,,0
TXN_0006546,CUST_00655,HIGH_RELIABILITY,0.92,12407.55,18177.43,UPI,20,SUCCESS,,0
TXN_0006547,CUST_00655,HIGH_RELIABILITY,0.92,12407.55,14569.18,UPI,0,SUCCESS,,0
TXN_0006548,CUST_00655,HIGH_RELIABILITY,0.92,12407.55,13233.82,UPI,3,SUCCESS,,0
TXN_0006549,CUST_00655,HIGH_RELIABILITY,0.92,12407.55,515.75,WALLET,11,SUCCESS,,0
TXN_0006550,CUST_00655,HIGH_RELIABILITY,0.92,12407.55,9037.76,CARD,1,SUCCESS,,0
TXN_0006551,CUST_00655,HIGH_RELIABILITY,0.92,12407.55,10022.45,CARD,7,FAILED,TECHNICAL_ERROR,0
TXN_0006552,CUST_00655,HIGH_RELIABILITY,0.92,12407.55,3102.42,UPI,9,SUCCESS,,0
TXN_0006553,CUST_00655,HIGH_RELIABILITY,0.92,12407.55,6663.27,UPI,22,SUCCESS,,0
TXN_0006554,CUST_00655,HIGH_RELIABILITY,0.92,12407.55,2576.62,UPI,2,SUCCESS,,0
TXN_0006555,CUST_00655,HIGH_RELIABILITY,0.92,12407.55,12217.35,NET_BANKING,4,SUCCESS,,0
TXN_0006556,CUST_00656,HIGH_RELIABILITY,0.89,13527.43,17957.75,NET_BANKING,3,SUCCESS,,0
TXN_0006557,CUST_00656,HIGH_RELIABILITY,0.89,13527.43,19516.16,UPI,15,SUCCESS,,0
TXN_0006558,CUST_00656,HIGH_RELIABILITY,0.89,13527.43,15771.82,NET_BANKING,9,SUCCESS,,0
TXN_0006559,CUST_00656,HIGH_RELIABILITY,0.89,13527.43,8314.52,CARD,17,FAILED,TEMPORARY_BANK_ERROR,0
TXN_0006560,CUST_00656,HIGH_RELIABILITY,0.89,13527.43,3073.08,CARD,19,SUCCESS,,0
TXN_0006561,CUST_00656,HIGH_RELIABILITY,0.89,13527.43,4021.06,UPI,11,SUCCESS,,0
TXN_0006562,CUST_00656,HIGH_RELIABILITY,0.89,13527.43,6661.0,WALLET,20,SUCCESS,,0
TXN_0006563,CUST_00656,HIGH_RELIABILITY,0.89,13527.43,8717.84,UPI,7,SUCCESS,,0
TXN_0006564,CUST_00656,HIGH_RELIABILITY,0.89,13527.43,12663.04,CARD,3,SUCCESS,,0
TXN_0006565,CUST_00656,HIGH_RELIABILITY,0.89,13527.43,8039.82,UPI,21,SUCCESS,,0
TXN_0006566,CUST_00656,HIGH_RELIABILITY,0.89,13527.43,15361.62,WALLET,14,SUCCESS,,0
TXN_0006567,CUST_00656,HIGH_RELIABILITY,0.89,13527.43,12270.6,WALLET,7,SUCCESS,,0
TXN_0006568,CUST_00656,HIGH_RELIABILITY,0.89,13527.43,13584.49,UPI,18,FAILED,USER_ABANDONMENT,0
TXN_0006569,CUST_00657,MEDIUM_RELIABILITY,0.77,8264.33,12033.69,WALLET,11,SUCCESS,,0
TXN_0006570,CUST_00657,MEDIUM_RELIABILITY,0.77,8264.33,4362.8,UPI,0,SUCCESS,,0
TXN_0006571,CUST_00657,MEDIUM_RELIABILITY,0.77,8264.33,9648.46,UPI,18,SUCCESS,,0
TXN_0006572,CUST_00657,MEDIUM_RELIABILITY,0.77,8264.33,8218.14,UPI,13,SUCCESS,,0
TXN_0006573,CUST_00657,MEDIUM_RELIABILITY,0.77,8264.33,7161.91,UPI,20,FAILED,NETWORK_TIMEOUT,2
TXN_0006574,CUST_00657,MEDIUM_RELIABILITY,0.77,8264.33,11190.75,CARD,17,SUCCESS,,0
TXN_0006575,CUST_00657,MEDIUM_RELIABILITY,0.77,8264.33,11170.12,UPI,23,FAILED,NETWORK_TIMEOUT,0
TXN_0006576,CUST_00657,MEDIUM_RELIABILITY,0.77,8264.33,5135.49,UPI,8,SUCCESS,,0
TXN_0006577,CUST_00657,MEDIUM_RELIABILITY,0.77,8264.33,7662.16,NET_BANKING,2,SUCCESS,,0
TXN_0006578,CUST_00657,MEDIUM_RELIABILITY,0.77,8264.33,9193.94,UPI,13,FAILED,TEMPORARY_BANK_ERROR,1
TXN_0006579,CUST_00658,LOW_RELIABILITY,0.48,4576.33,4076.58,UPI,17,FAILED,NETWORK_TIMEOUT,1
TXN_0006580,CUST_00658,LOW_RELIABILITY,0.48,4576.33,5647.23,CARD,6,FAILED,NETWORK_TIMEOUT,1
TXN_0006581,CUST_00658,LOW_RELIABILITY,0.48,4576.33,5091.06,CARD,12,FAILED,NETWORK_TIMEOUT,1
TXN_0006582,CUST_00658,LOW_RELIABILITY,0.48,4576.33,7930.89,CARD,5,FAILED,USER_ABANDONMENT,0
TXN_0006583,CUST_00658,LOW_RELIABILITY,0.48,4576.33,1775.11,UPI,5,FAILED,TEMPORARY_BANK_ERROR,0
TXN_0006584,CUST_00658,LOW_RELIABILITY,0.48,4576.33,4352.21,UPI,16,FAILED,TEMPORARY_BANK_ERROR,0
TXN_0006585,CUST_00659,HIGH_RELIABILITY,0.94,11242.25,7156.81,UPI,23,SUCCESS,,0
TXN_0006586,CUST_00659,HIGH_RELIABILITY,0.94,11242.25,13958.86,UPI,12,SUCCESS,,0
TXN_0006587,CUST_00659,HIGH_RELIABILITY,0.94,11242.25,3969.99,UPI,10,SUCCESS,,0
TXN_0006588,CUST_00659,HIGH_RELIABILITY,0.94,11242.25,12799.58,UPI,18,SUCCESS,,0
TXN_0006589,CUST_00659,HIGH_RELIABILITY,0.94,11242.25,8408.99,UPI,15,SUCCESS,,0
TXN_0006590,CUST_00659,HIGH_RELIABILITY,0.94,11242.25,7940.8,UPI,5,SUCCESS,,0
TXN_0006591,CUST_00659,HIGH_RELIABILITY,0.94,11242.25,4737.49,UPI,1,SUCCESS,,0
TXN_0006592,CUST_00660,MEDIUM_RELIABILITY,0.67,1073.34,873.67,UPI,4,SUCCESS,,0
TXN_0006593,CUST_00660,MEDIUM_RELIABILITY,0.67,1073.34,1538.96,UPI,19,FAILED,TEMPORARY_BANK_ERROR,0
TXN_0006594,CUST_00660,MEDIUM_RELIABILITY,0.67,1073.34,1062.53,UPI,20,SUCCESS,,0
TXN_0006595,CUST_00660,MEDIUM_RELIABILITY,0.67,1073.34,1342.83,NET_BANKING,16,SUCCESS,,0
TXN_0006596,CUST_00660,MEDIUM_RELIABILITY,0.67,1073.34,1788.03,UPI,0,SUCCESS,,0
TXN_0006597,CUST_00660,MEDIUM_RELIABILITY,0.67,1073.34,1186.58,UPI,13,SUCCESS,,0
TXN_0006598,CUST_00660,MEDIUM_RELIABILITY,0.67,1073.34,833.43,WALLET,22,SUCCESS,,0
TXN_0006599,CUST_00660,MEDIUM_RELIABILITY,0.67,1073.34,1273.95,UPI,5,FAILED,NETWORK_TIMEOUT,0
TXN_0006600,CUST_00661,HIGH_RELIABILITY,0.91,3233.63,2529.61,NET_BANKING,0,SUCCESS,,0
TXN_0006601,CUST_00661,HIGH_RELIABILITY,0.91,3233.63,2581.18,UPI,17,SUCCESS,,0
TXN_0006602,CUST_00661,HIGH_RELIABILITY,0.91,3233.63,1267.72,UPI,3,SUCCESS,,0
TXN_0006603,CUST_00661,HIGH_RELIABILITY,0.91,3233.63,4431.7,UPI,5,SUCCESS,,0
TXN_0006604,CUST_00661,HIGH_RELIABILITY,0.91,3233.63,2734.35,UPI,6,SUCCESS,,0
TXN_0006605,CUST_00661,HIGH_RELIABILITY,0.91,3233.63,3469.17,WALLET,0,SUCCESS,,0
TXN_0006606,CUST_00661,HIGH_RELIABILITY,0.91,3233.63,1893.66,WALLET,11,SUCCESS,,0
TXN_0006607,CUST_00662,LOW_RELIABILITY,0.6,1690.66,1985.48,UPI,7,SUCCESS,,0
TXN_0006608,CUST_00662,LOW_RELIABILITY,0.6,1690.66,1175.39,CARD,9,SUCCESS,,0
TXN_0006609,CUST_00662,LOW_RELIABILITY,0.6,1690.66,1594.83,WALLET,11,FAILED,TEMPORARY_BANK_ERROR,0
TXN_0006610,CUST_00662,LOW_RELIABILITY,0.6,1690.66,2284.3,CARD,1,FAILED,TEMPORARY_BANK_ERROR,0
TXN_0006611,CUST_00662,LOW_RELIABILITY,0.6,1690.66,2225.42,UPI,7,SUCCESS,,0
TXN_0006612,CUST_00662,LOW_RELIABILITY,0.6,1690.66,1675.76,CARD,19,FAILED,TEMPORARY_BANK_ERROR,0
TXN_0006613,CUST_00662,LOW_RELIABILITY,0.6,1690.66,494.94,CARD,20,FAILED,TEMPORARY_BANK_ERROR,0
TXN_0006614,CUST_00662,LOW_RELIABILITY,0.6,1690.66,3714.59,NET_BANKING,12,SUCCESS,,0
TXN_0006615,CUST_00663,LOW_RELIABILITY,0.63,2490.89,4230.39,UPI,15,FAILED,AUTHENTICATION_FAILURE,0
TXN_0006616,CUST_00663,LOW_RELIABILITY,0.63,2490.89,3210.93,CARD,0,SUCCESS,,0
TXN_0006617,CUST_00663,LOW_RELIABILITY,0.63,2490.89,1740.43,CARD,19,SUCCESS,,0
TXN_0006618,CUST_00663,LOW_RELIABILITY,0.63,2490.89,2377.71,UPI,0,FAILED,USER_ABANDONMENT,1
TXN_0006619,CUST_00663,LOW_RELIABILITY,0.63,2490.89,1949.45,WALLET,4,SUCCESS,,0
TXN_0006620,CUST_00663,LOW_RELIABILITY,0.63,2490.89,3750.14,UPI,12,SUCCESS,,0
TXN_0006621,CUST_00663,LOW_RELIABILITY,0.63,2490.89,2752.44,CARD,17,SUCCESS,,0
TXN_0006622,CUST_00663,LOW_RELIABILITY,0.63,2490.89,1709.58,UPI,12,FAILED,AUTHENTICATION_FAILURE,1
TXN_0006623,CUST_00663,LOW_RELIABILITY,0.63,2490.89,2021.85,UPI,23,FAILED,NETWORK_TIMEOUT,1
TXN_0006624,CUST_00663,LOW_RELIABILITY,0.63,2490.89,3607.99,UPI,19,SUCCESS,,0
TXN_0006625,CUST_00663,LOW_RELIABILITY,0.63,2490.89,4085.16,UPI,2,SUCCESS,,0
TXN_0006626,CUST_00663,LOW_RELIABILITY,0.63,2490.89,4013.65,WALLET,13,SUCCESS,,0
TXN_0006627,CUST_00663,LOW_RELIABILITY,0.63,2490.89,3245.16,CARD,10,FAILED,TEMPORARY_BANK_ERROR,0
TXN_0006628,CUST_00663,LOW_RELIABILITY,0.63,2490.89,2239.19,NET_BANKING,13,FAILED,TEMPORARY_BANK_ERROR,0
TXN_0006629,CUST_00663,LOW_RELIABILITY,0.63,2490.89,100.0,CARD,22,SUCCESS,,0
TXN_0006630,CUST_00664,HIGH_RELIABILITY,0.9,12055.78,13488.78,CARD,13,SUCCESS,,0
TXN_0006631,CUST_00664,HIGH_RELIABILITY,0.9,12055.78,12046.96,NET_BANKING,19,FAILED,TEMPORARY_BANK_ERROR,0
TXN_0006632,CUST_00664,HIGH_RELIABILITY,0.9,12055.78,12730.82,UPI,15,SUCCESS,,0
TXN_0006633,CUST_00664,HIGH_RELIABILITY,0.9,12055.78,12315.69,CARD,14,FAILED,INSUFFICIENT_FUNDS,0
TXN_0006634,CUST_00664,HIGH_RELIABILITY,0.9,12055.78,5660.13,UPI,10,SUCCESS,,0
TXN_0006635,CUST_00664,HIGH_RELIABILITY,0.9,12055.78,14743.78,UPI,21,SUCCESS,,0
TXN_0006636,CUST_00664,HIGH_RELIABILITY,0.9,12055.78,15104.52,CARD,18,SUCCESS,,0
TXN_0006637,CUST_00664,HIGH_RELIABILITY,0.9,12055.78,15346.23,NET_BANKING,12,SUCCESS,,0
TXN_0006638,CUST_00664,HIGH_RELIABILITY,0.9,12055.78,16620.47,CARD,9,SUCCESS,,0
TXN_0006639,CUST_00664,HIGH_RELIABILITY,0.9,12055.78,14968.71,UPI,7,SUCCESS,,0
TXN_0006640,CUST_00664,HIGH_RELIABILITY,0.9,12055.78,10078.49,UPI,9,SUCCESS,,0
TXN_0006641,CUST_00664,HIGH_RELIABILITY,0.9,12055.78,11714.18,CARD,6,FAILED,TEMPORARY_BANK_ERROR,1
TXN_0006642,CUST_00665,MEDIUM_RELIABILITY,0.79,5232.86,5423.6,NET_BANKING,7,SUCCESS,,0
TXN_0006643,CUST_00665,MEDIUM_RELIABILITY,0.79,5232.86,5458.29,CARD,22,FAILED,TEMPORARY_BANK_ERROR,1
TXN_0006644,CUST_00665,MEDIUM_RELIABILITY,0.79,5232.86,7322.27,UPI,8,SUCCESS,,0
TXN_0006645,CUST_00665,MEDIUM_RELIABILITY,0.79,5232.86,6580.15,CARD,20,SUCCESS,,0
TXN_0006646,CUST_00665,MEDIUM_RELIABILITY,0.79,5232.86,9581.04,UPI,19,FAILED,TECHNICAL_ERROR,1
TXN_0006647,CUST_00665,MEDIUM_RELIABILITY,0.79,5232.86,9851.32,CARD,8,FAILED,AUTHENTICATION_FAILURE,0
TXN_0006648,CUST_00665,MEDIUM_RELIABILITY,0.79,5232.86,5399.58,CARD,13,SUCCESS,,0
TXN_0006649,CUST_00665,MEDIUM_RELIABILITY,0.79,5232.86,100.0,UPI,10,SUCCESS,,0
TXN_0006650,CUST_00665,MEDIUM_RELIABILITY,0.79,5232.86,7821.73,WALLET,4,FAILED,TEMPORARY_BANK_ERROR,0
TXN_0006651,CUST_00665,MEDIUM_RELIABILITY,0.79,5232.86,4101.77,NET_BANKING,12,SUCCESS,,0
TXN_0006652,CUST_00665,MEDIUM_RELIABILITY,0.79,5232.86,3555.24,UPI,13,SUCCESS,,0
TXN_0006653,CUST_00665,MEDIUM_RELIABILITY,0.79,5232.86,4398.86,UPI,14,SUCCESS,,0
TXN_0006654,CUST_00666,HIGH_RELIABILITY,0.94,11068.82,9091.3,NET_BANKING,11,FAILED,TEMPORARY_BANK_ERROR,0
TXN_0006655,CUST_00666,HIGH_RELIABILITY,0.94,11068.82,13779.66,UPI,11,SUCCESS,,0
TXN_0006656,CUST_00666,HIGH_RELIABILITY,0.94,11068.82,4164.37,NET_BANKING,7,SUCCESS,,0
TXN_0006657,CUST_00666,HIGH_RELIABILITY,0.94,11068.82,6297.18,NET_BANKING,21,SUCCESS,,0
TXN_0006658,CUST_00666,HIGH_RELIABILITY,0.94,11068.82,12588.16,WALLET,12,SUCCESS,,0
TXN_0006659,CUST_00666,HIGH_RELIABILITY,0.94,11068.82,13826.92,WALLET,8,SUCCESS,,0
TXN_0006660,CUST_00666,HIGH_RELIABILITY,0.94,11068.82,13909.26,CARD,18,SUCCESS,,0
TXN_0006661,CUST_00666,HIGH_RELIABILITY,0.94,11068.82,7584.19,UPI,18,SUCCESS,,0
TXN_0006662,CUST_00667,HIGH_RELIABILITY,0.91,14948.67,9099.16,NET_BANKING,0,SUCCESS,,0
TXN_0006663,CUST_00667,HIGH_RELIABILITY,0.91,14948.67,11919.26,CARD,10,FAILED,NETWORK_TIMEOUT,0
TXN_0006664,CUST_00667,HIGH_RELIABILITY,0.91,14948.67,16382.98,CARD,10,SUCCESS,,0
TXN_0006665,CUST_00667,HIGH_RELIABILITY,0.91,14948.67,23831.03,WALLET,3,SUCCESS,,0
TXN_0006666,CUST_00667,HIGH_RELIABILITY,0.91,14948.67,2706.08,CARD,13,SUCCESS,,0
TXN_0006667,CUST_00667,HIGH_RELIABILITY,0.91,14948.67,13628.83,NET_BANKING,13,SUCCESS,,0
TXN_0006668,CUST_00667,HIGH_RELIABILITY,0.91,14948.67,6979.96,UPI,7,SUCCESS,,0
TXN_0006669,CUST_00667,HIGH_RELIABILITY,0.91,14948.67,5069.14,CARD,19,SUCCESS,,0
TXN_0006670,CUST_00667,HIGH_RELIABILITY,0.91,14948.67,20730.56,NET_BANKING,8,SUCCESS,,0
TXN_0006671,CUST_00667,HIGH_RELIABILITY,0.91,14948.67,18205.24,UPI,4,FAILED,INSUFFICIENT_FUNDS,0
TXN_0006672,CUST_00668,MEDIUM_RELIABILITY,0.86,6678.09,7878.63,UPI,0,SUCCESS,,0
TXN_0006673,CUST_00668,MEDIUM_RELIABILITY,0.86,6678.09,9138.37,NET_BANKING,9,SUCCESS,,0
TXN_0006674,CUST_00668,MEDIUM_RELIABILITY,0.86,6678.09,5396.65,CARD,22,SUCCESS,,0
TXN_0006675,CUST_00668,MEDIUM_RELIABILITY,0.86,6678.09,5522.41,CARD,23,SUCCESS,,0
TXN_0006676,CUST_00668,MEDIUM_RELIABILITY,0.86,6678.09,12516.69,UPI,11,SUCCESS,,0
TXN_0006677,CUST_00668,MEDIUM_RELIABILITY,0.86,6678.09,6019.44,CARD,14,SUCCESS,,0
TXN_0006678,CUST_00668,MEDIUM_RELIABILITY,0.86,6678.09,8641.8,UPI,3,SUCCESS,,0
TXN_0006679,CUST_00668,MEDIUM_RELIABILITY,0.86,6678.09,6695.14,UPI,20,FAILED,TEMPORARY_BANK_ERROR,0
TXN_0006680,CUST_00668,MEDIUM_RELIABILITY,0.86,6678.09,1740.96,CARD,4,FAILED,INSUFFICIENT_FUNDS,1
TXN_0006681,CUST_00668,MEDIUM_RELIABILITY,0.86,6678.09,1216.4,WALLET,4,SUCCESS,,0
TXN_0006682,CUST_00668,MEDIUM_RELIABILITY,0.86,6678.09,5131.49,UPI,20,SUCCESS,,0
TXN_0006683,CUST_00668,MEDIUM_RELIABILITY,0.86,6678.09,9499.19,UPI,1,SUCCESS,,0
TXN_0006684,CUST_00668,MEDIUM_RELIABILITY,0.86,6678.09,8783.8,CARD,8,SUCCESS,,0
TXN_0006685,CUST_00668,MEDIUM_RELIABILITY,0.86,6678.09,9119.81,CARD,12,SUCCESS,,0
TXN_0006686,CUST_00668,MEDIUM_RELIABILITY,0.86,6678.09,4041.46,NET_BANKING,14,FAILED,TEMPORARY_BANK_ERROR,1
TXN_0006687,CUST_00669,MEDIUM_RELIABILITY,0.69,6962.17,11462.16,UPI,16,SUCCESS,,0
TXN_0006688,CUST_00669,MEDIUM_RELIABILITY,0.69,6962.17,4275.07,UPI,2,SUCCESS,,0
TXN_0006689,CUST_00669,MEDIUM_RELIABILITY,0.69,6962.17,7554.86,NET_BANKING,4,FAILED,TECHNICAL_ERROR,0
TXN_0006690,CUST_00669,MEDIUM_RELIABILITY,0.69,6962.17,6933.34,NET_BANKING,21,SUCCESS,,0
TXN_0006691,CUST_00669,MEDIUM_RELIABILITY,0.69,6962.17,6477.95,CARD,8,FAILED,USER_ABANDONMENT,1
TXN_0006692,CUST_00669,MEDIUM_RELIABILITY,0.69,6962.17,10689.97,NET_BANKING,6,FAILED,AUTHENTICATION_FAILURE,0
TXN_0006693,CUST_00669,MEDIUM_RELIABILITY,0.69,6962.17,4998.53,CARD,18,SUCCESS,,0
TXN_0006694,CUST_00669,MEDIUM_RELIABILITY,0.69,6962.17,3203.7,WALLET,16,FAILED,TECHNICAL_ERROR,0
TXN_0006695,CUST_00669,MEDIUM_RELIABILITY,0.69,6962.17,7017.85,UPI,23,SUCCESS,,0
TXN_0006696,CUST_00669,MEDIUM_RELIABILITY,0.69,6962.17,5848.71,UPI,6,SUCCESS,,0
TXN_0006697,CUST_00669,MEDIUM_RELIABILITY,0.69,6962.17,16367.74,NET_BANKING,20,SUCCESS,,0
TXN_0006698,CUST_00669,MEDIUM_RELIABILITY,0.69,6962.17,8846.15,CARD,9,SUCCESS,,0
TXN_0006699,CUST_00669,MEDIUM_RELIABILITY,0.69,6962.17,5822.21,NET_BANKING,19,FAILED,INSUFFICIENT_FUNDS,0
TXN_0006700,CUST_00669,MEDIUM_RELIABILITY,0.69,6962.17,4021.04,UPI,18,SUCCESS,,0
TXN_0006701,CUST_00669,MEDIUM_RELIABILITY,0.69,6962.17,1725.81,UPI,6,FAILED,INSUFFICIENT_FUNDS,1
TXN_0006702,CUST_00670,MEDIUM_RELIABILITY,0.67,791.2,466.74,WALLET,6,SUCCESS,,0
TXN_0006703,CUST_00670,MEDIUM_RELIABILITY,0.67,791.2,827.58,NET_BANKING,0,FAILED,USER_ABANDONMENT,0
TXN_0006704,CUST_00670,MEDIUM_RELIABILITY,0.67,791.2,1242.92,UPI,11,SUCCESS,,0
TXN_0006705,CUST_00670,MEDIUM_RELIABILITY,0.67,791.2,1146.19,CARD,22,SUCCESS,,0
TXN_0006706,CUST_00670,MEDIUM_RELIABILITY,0.67,791.2,863.7,CARD,17,SUCCESS,,0
TXN_0006707,CUST_00670,MEDIUM_RELIABILITY,0.67,791.2,688.92,UPI,16,SUCCESS,,0
TXN_0006708,CUST_00671,MEDIUM_RELIABILITY,0.71,4894.92,5421.25,CARD,23,SUCCESS,,0
TXN_0006709,CUST_00671,MEDIUM_RELIABILITY,0.71,4894.92,3879.44,UPI,20,FAILED,NETWORK_TIMEOUT,0
TXN_0006710,CUST_00671,MEDIUM_RELIABILITY,0.71,4894.92,8259.42,UPI,12,SUCCESS,,0
TXN_0006711,CUST_00671,MEDIUM_RELIABILITY,0.71,4894.92,4524.49,CARD,2,SUCCESS,,0
TXN_0006712,CUST_00671,MEDIUM_RELIABILITY,0.71,4894.92,4725.87,NET_BANKING,6,SUCCESS,,0
TXN_0006713,CUST_00671,MEDIUM_RELIABILITY,0.71,4894.92,556.41,CARD,8,SUCCESS,,0
TXN_0006714,CUST_00671,MEDIUM_RELIABILITY,0.71,4894.92,4512.26,UPI,9,SUCCESS,,0
TXN_0006715,CUST_00671,MEDIUM_RELIABILITY,0.71,4894.92,6532.73,UPI,1,FAILED,INSUFFICIENT_FUNDS,0
TXN_0006716,CUST_00671,MEDIUM_RELIABILITY,0.71,4894.92,2804.35,WALLET,16,SUCCESS,,0
TXN_0006717,CUST_00671,MEDIUM_RELIABILITY,0.71,4894.92,3425.03,UPI,14,FAILED,USER_ABANDONMENT,0
TXN_0006718,CUST_00671,MEDIUM_RELIABILITY,0.71,4894.92,6447.02,UPI,2,SUCCESS,,0
TXN_0006719,CUST_00671,MEDIUM_RELIABILITY,0.71,4894.92,2003.67,CARD,4,SUCCESS,,0
TXN_0006720,CUST_00671,MEDIUM_RELIABILITY,0.71,4894.92,6966.06,NET_BANKING,21,FAILED,USER_ABANDONMENT,0
TXN_0006721,CUST_00671,MEDIUM_RELIABILITY,0.71,4894.92,3853.0,CARD,22,FAILED,AUTHENTICATION_FAILURE,0
TXN_0006722,CUST_00672,LOW_RELIABILITY,0.6,5144.75,4345.12,UPI,12,SUCCESS,,0
TXN_0006723,CUST_00672,LOW_RELIABILITY,0.6,5144.75,2831.92,NET_BANKING,13,FAILED,INSUFFICIENT_FUNDS,0
TXN_0006724,CUST_00672,LOW_RELIABILITY,0.6,5144.75,5922.73,NET_BANKING,14,FAILED,AUTHENTICATION_FAILURE,0
TXN_0006725,CUST_00672,LOW_RELIABILITY,0.6,5144.75,10206.92,CARD,5,FAILED,INSUFFICIENT_FUNDS,0
TXN_0006726,CUST_00672,LOW_RELIABILITY,0.6,5144.75,6752.99,UPI,0,FAILED,TECHNICAL_ERROR,0
TXN_0006727,CUST_00672,LOW_RELIABILITY,0.6,5144.75,3366.14,UPI,11,SUCCESS,,0
TXN_0006728,CUST_00673,MEDIUM_RELIABILITY,0.81,4542.19,6605.47,CARD,13,SUCCESS,,0
TXN_0006729,CUST_00673,MEDIUM_RELIABILITY,0.81,4542.19,3966.82,CARD,17,SUCCESS,,0
TXN_0006730,CUST_00673,MEDIUM_RELIABILITY,0.81,4542.19,7039.46,UPI,7,SUCCESS,,0
TXN_0006731,CUST_00673,MEDIUM_RELIABILITY,0.81,4542.19,6007.82,CARD,18,SUCCESS,,0
TXN_0006732,CUST_00673,MEDIUM_RELIABILITY,0.81,4542.19,100.0,CARD,9,FAILED,NETWORK_TIMEOUT,0
TXN_0006733,CUST_00673,MEDIUM_RELIABILITY,0.81,4542.19,2717.9,CARD,22,SUCCESS,,0
TXN_0006734,CUST_00674,MEDIUM_RELIABILITY,0.73,4024.87,5545.28,UPI,21,SUCCESS,,0
TXN_0006735,CUST_00674,MEDIUM_RELIABILITY,0.73,4024.87,4269.03,NET_BANKING,13,SUCCESS,,0
TXN_0006736,CUST_00674,MEDIUM_RELIABILITY,0.73,4024.87,2376.68,CARD,6,FAILED,USER_ABANDONMENT,0
TXN_0006737,CUST_00674,MEDIUM_RELIABILITY,0.73,4024.87,3004.82,UPI,16,SUCCESS,,0
TXN_0006738,CUST_00674,MEDIUM_RELIABILITY,0.73,4024.87,955.93,UPI,14,FAILED,USER_ABANDONMENT,0
TXN_0006739,CUST_00674,MEDIUM_RELIABILITY,0.73,4024.87,3882.59,CARD,20,FAILED,NETWORK_TIMEOUT,1
TXN_0006740,CUST_00674,MEDIUM_RELIABILITY,0.73,4024.87,7583.97,NET_BANKING,22,FAILED,NETWORK_TIMEOUT,2
TXN_0006741,CUST_00674,MEDIUM_RELIABILITY,0.73,4024.87,5320.77,UPI,9,SUCCESS,,0
TXN_0006742,CUST_00674,MEDIUM_RELIABILITY,0.73,4024.87,7551.33,WALLET,0,SUCCESS,,0
TXN_0006743,CUST_00674,MEDIUM_RELIABILITY,0.73,4024.87,5445.48,CARD,6,SUCCESS,,0
TXN_0006744,CUST_00674,MEDIUM_RELIABILITY,0.73,4024.87,5679.06,UPI,18,SUCCESS,,0
TXN_0006745,CUST_00674,MEDIUM_RELIABILITY,0.73,4024.87,7203.03,UPI,23,SUCCESS,,0
TXN_0006746,CUST_00674,MEDIUM_RELIABILITY,0.73,4024.87,4632.24,CARD,7,SUCCESS,,0
TXN_0006747,CUST_00675,LOW_RELIABILITY,0.64,472.74,437.34,WALLET,15,SUCCESS,,0
TXN_0006748,CUST_00675,LOW_RELIABILITY,0.64,472.74,668.01,WALLET,3,FAILED,AUTHENTICATION_FAILURE,0
TXN_0006749,CUST_00675,LOW_RELIABILITY,0.64,472.74,747.66,UPI,22,SUCCESS,,0
TXN_0006750,CUST_00675,LOW_RELIABILITY,0.64,472.74,381.98,CARD,12,FAILED,AUTHENTICATION_FAILURE,0
TXN_0006751,CUST_00675,LOW_RELIABILITY,0.64,472.74,336.29,UPI,2,FAILED,TEMPORARY_BANK_ERROR,0
TXN_0006752,CUST_00675,LOW_RELIABILITY,0.64,472.74,499.0,NET_BANKING,4,FAILED,AUTHENTICATION_FAILURE,0
TXN_0006753,CUST_00675,LOW_RELIABILITY,0.64,472.74,629.97,NET_BANKING,1,FAILED,AUTHENTICATION_FAILURE,1
TXN_0006754,CUST_00676,HIGH_RELIABILITY,0.98,9101.46,12006.98,UPI,15,SUCCESS,,0
TXN_0006755,CUST_00676,HIGH_RELIABILITY,0.98,9101.46,3916.66,CARD,22,SUCCESS,,0
TXN_0006756,CUST_00676,HIGH_RELIABILITY,0.98,9101.46,16060.82,WALLET,21,SUCCESS,,0
TXN_0006757,CUST_00676,HIGH_RELIABILITY,0.98,9101.46,6767.25,CARD,3,SUCCESS,,0
TXN_0006758,CUST_00676,HIGH_RELIABILITY,0.98,9101.46,8136.47,CARD,13,SUCCESS,,0
TXN_0006759,CUST_00676,HIGH_RELIABILITY,0.98,9101.46,5815.27,UPI,14,SUCCESS,,0
TXN_0006760,CUST_00676,HIGH_RELIABILITY,0.98,9101.46,18924.95,UPI,19,SUCCESS,,0
TXN_0006761,CUST_00676,HIGH_RELIABILITY,0.98,9101.46,9982.74,UPI,7,SUCCESS,,0
TXN_0006762,CUST_00676,HIGH_RELIABILITY,0.98,9101.46,6003.41,NET_BANKING,0,FAILED,AUTHENTICATION_FAILURE,0
TXN_0006763,CUST_00676,HIGH_RELIABILITY,0.98,9101.46,12246.65,WALLET,9,SUCCESS,,0
TXN_0006764,CUST_00676,HIGH_RELIABILITY,0.98,9101.46,11901.56,WALLET,12,SUCCESS,,0
TXN_0006765,CUST_00676,HIGH_RELIABILITY,0.98,9101.46,8418.02,UPI,14,SUCCESS,,0
TXN_0006766,CUST_00676,HIGH_RELIABILITY,0.98,9101.46,12161.76,WALLET,5,SUCCESS,,0
TXN_0006767,CUST_00676,HIGH_RELIABILITY,0.98,9101.46,6096.92,UPI,2,SUCCESS,,0
TXN_0006768,CUST_00676,HIGH_RELIABILITY,0.98,9101.46,7306.95,UPI,19,SUCCESS,,0
TXN_0006769,CUST_00677,HIGH_RELIABILITY,0.93,11153.61,2185.14,UPI,22,SUCCESS,,0
TXN_0006770,CUST_00677,HIGH_RELIABILITY,0.93,11153.61,5246.88,CARD,13,FAILED,TEMPORARY_BANK_ERROR,0
TXN_0006771,CUST_00677,HIGH_RELIABILITY,0.93,11153.61,19218.25,CARD,3,FAILED,TECHNICAL_ERROR,0
TXN_0006772,CUST_00677,HIGH_RELIABILITY,0.93,11153.61,18476.75,CARD,1,FAILED,AUTHENTICATION_FAILURE,2
TXN_0006773,CUST_00677,HIGH_RELIABILITY,0.93,11153.61,11447.12,UPI,0,SUCCESS,,0
TXN_0006774,CUST_00677,HIGH_RELIABILITY,0.93,11153.61,18572.69,UPI,11,SUCCESS,,0
TXN_0006775,CUST_00677,HIGH_RELIABILITY,0.93,11153.61,10439.45,CARD,21,SUCCESS,,0
TXN_0006776,CUST_00677,HIGH_RELIABILITY,0.93,11153.61,10067.65,CARD,10,SUCCESS,,0
TXN_0006777,CUST_00677,HIGH_RELIABILITY,0.93,11153.61,11405.73,NET_BANKING,6,SUCCESS,,0
TXN_0006778,CUST_00677,HIGH_RELIABILITY,0.93,11153.61,10596.28,UPI,16,SUCCESS,,0
TXN_0006779,CUST_00677,HIGH_RELIABILITY,0.93,11153.61,10193.52,UPI,2,SUCCESS,,0
TXN_0006780,CUST_00677,HIGH_RELIABILITY,0.93,11153.61,16254.82,UPI,18,SUCCESS,,0
TXN_0006781,CUST_00678,LOW_RELIABILITY,0.49,6139.28,6507.97,UPI,8,FAILED,TECHNICAL_ERROR,1
TXN_0006782,CUST_00678,LOW_RELIABILITY,0.49,6139.28,7888.93,WALLET,20,FAILED,NETWORK_TIMEOUT,1
TXN_0006783,CUST_00678,LOW_RELIABILITY,0.49,6139.28,8672.05,NET_BANKING,0,SUCCESS,,0
TXN_0006784,CUST_00678,LOW_RELIABILITY,0.49,6139.28,7092.55,UPI,15,SUCCESS,,0
TXN_0006785,CUST_00678,LOW_RELIABILITY,0.49,6139.28,3756.57,NET_BANKING,13,FAILED,TEMPORARY_BANK_ERROR,0
TXN_0006786,CUST_00678,LOW_RELIABILITY,0.49,6139.28,2817.03,UPI,17,FAILED,USER_ABANDONMENT,0
TXN_0006787,CUST_00678,LOW_RELIABILITY,0.49,6139.28,6504.64,UPI,23,FAILED,TEMPORARY_BANK_ERROR,0
TXN_0006788,CUST_00678,LOW_RELIABILITY,0.49,6139.28,5718.72,NET_BANKING,22,SUCCESS,,0
TXN_0006789,CUST_00678,LOW_RELIABILITY,0.49,6139.28,6353.89,CARD,4,FAILED,NETWORK_TIMEOUT,0
TXN_0006790,CUST_00678,LOW_RELIABILITY,0.49,6139.28,6099.86,UPI,23,FAILED,TEMPORARY_BANK_ERROR,0
TXN_0006791,CUST_00678,LOW_RELIABILITY,0.49,6139.28,12483.79,UPI,10,FAILED,USER_ABANDONMENT,0
TXN_0006792,CUST_00678,LOW_RELIABILITY,0.49,6139.28,2872.63,UPI,20,FAILED,TEMPORARY_BANK_ERROR,1
TXN_0006793,CUST_00678,LOW_RELIABILITY,0.49,6139.28,1252.55,CARD,7,FAILED,NETWORK_TIMEOUT,1
TXN_0006794,CUST_00678,LOW_RELIABILITY,0.49,6139.28,6955.5,UPI,19,SUCCESS,,0
TXN_0006795,CUST_00679,HIGH_RELIABILITY,0.98,6904.09,5864.55,NET_BANKING,2,SUCCESS,,0
TXN_0006796,CUST_00679,HIGH_RELIABILITY,0.98,6904.09,7776.95,UPI,1,SUCCESS,,0
TXN_0006797,CUST_00679,HIGH_RELIABILITY,0.98,6904.09,8516.56,CARD,19,SUCCESS,,0
TXN_0006798,CUST_00679,HIGH_RELIABILITY,0.98,6904.09,10450.32,UPI,14,SUCCESS,,0
TXN_0006799,CUST_00679,HIGH_RELIABILITY,0.98,6904.09,2741.68,CARD,9,SUCCESS,,0
TXN_0006800,CUST_00679,HIGH_RELIABILITY,0.98,6904.09,5366.64,CARD,1,SUCCESS,,0
TXN_0006801,CUST_00679,HIGH_RELIABILITY,0.98,6904.09,8088.17,CARD,7,SUCCESS,,0
TXN_0006802,CUST_00679,HIGH_RELIABILITY,0.98,6904.09,9031.83,WALLET,2,SUCCESS,,0
TXN_0006803,CUST_00680,MEDIUM_RELIABILITY,0.71,6127.33,11503.33,NET_BANKING,19,SUCCESS,,0
TXN_0006804,CUST_00680,MEDIUM_RELIABILITY,0.71,6127.33,8469.7,CARD,7,FAILED,NETWORK_TIMEOUT,0
TXN_0006805,CUST_00680,MEDIUM_RELIABILITY,0.71,6127.33,5988.15,UPI,13,FAILED,USER_ABANDONMENT,0
TXN_0006806,CUST_00680,MEDIUM_RELIABILITY,0.71,6127.33,3944.93,CARD,20,FAILED,AUTHENTICATION_FAILURE,0
TXN_0006807,CUST_00680,MEDIUM_RELIABILITY,0.71,6127.33,4744.29,WALLET,21,SUCCESS,,0
TXN_0006808,CUST_00680,MEDIUM_RELIABILITY,0.71,6127.33,4674.66,CARD,11,SUCCESS,,0
TXN_0006809,CUST_00680,MEDIUM_RELIABILITY,0.71,6127.33,7733.26,NET_BANKING,18,FAILED,INSUFFICIENT_FUNDS,1
TXN_0006810,CUST_00680,MEDIUM_RELIABILITY,0.71,6127.33,6757.21,UPI,14,SUCCESS,,0
TXN_0006811,CUST_00680,MEDIUM_RELIABILITY,0.71,6127.33,2883.15,NET_BANKING,22,FAILED,TECHNICAL_ERROR,2
TXN_0006812,CUST_00680,MEDIUM_RELIABILITY,0.71,6127.33,5058.97,UPI,11,SUCCESS,,0
TXN_0006813,CUST_00680,MEDIUM_RELIABILITY,0.71,6127.33,8278.14,WALLET,21,SUCCESS,,0
TXN_0006814,CUST_00680,MEDIUM_RELIABILITY,0.71,6127.33,6989.23,UPI,19,SUCCESS,,0
TXN_0006815,CUST_00680,MEDIUM_RELIABILITY,0.71,6127.33,7521.04,WALLET,19,SUCCESS,,0
TXN_0006816,CUST_00680,MEDIUM_RELIABILITY,0.71,6127.33,7065.85,CARD,4,FAILED,INSUFFICIENT_FUNDS,0
TXN_0006817,CUST_00681,HIGH_RELIABILITY,0.98,3949.27,6518.56,UPI,13,SUCCESS,,0
TXN_0006818,CUST_00681,HIGH_RELIABILITY,0.98,3949.27,4322.15,CARD,13,SUCCESS,,0
TXN_0006819,CUST_00681,HIGH_RELIABILITY,0.98,3949.27,3339.47,UPI,0,SUCCESS,,0
TXN_0006820,CUST_00681,HIGH_RELIABILITY,0.98,3949.27,2502.64,UPI,15,SUCCESS,,0
TXN_0006821,CUST_00681,HIGH_RELIABILITY,0.98,3949.27,4343.58,CARD,3,SUCCESS,,0
TXN_0006822,CUST_00681,HIGH_RELIABILITY,0.98,3949.27,100.0,CARD,4,SUCCESS,,0
TXN_0006823,CUST_00681,HIGH_RELIABILITY,0.98,3949.27,3658.15,CARD,6,SUCCESS,,0
TXN_0006824,CUST_00681,HIGH_RELIABILITY,0.98,3949.27,3624.1,UPI,17,SUCCESS,,0
TXN_0006825,CUST_00681,HIGH_RELIABILITY,0.98,3949.27,1793.8,CARD,11,FAILED,AUTHENTICATION_FAILURE,0
TXN_0006826,CUST_00682,MEDIUM_RELIABILITY,0.79,6499.82,4086.4,UPI,12,FAILED,TEMPORARY_BANK_ERROR,0
TXN_0006827,CUST_00682,MEDIUM_RELIABILITY,0.79,6499.82,8604.87,UPI,16,SUCCESS,,0
TXN_0006828,CUST_00682,MEDIUM_RELIABILITY,0.79,6499.82,7099.65,CARD,18,SUCCESS,,0
TXN_0006829,CUST_00682,MEDIUM_RELIABILITY,0.79,6499.82,6764.46,UPI,20,SUCCESS,,0
TXN_0006830,CUST_00682,MEDIUM_RELIABILITY,0.79,6499.82,7296.3,WALLET,10,FAILED,INSUFFICIENT_FUNDS,1
TXN_0006831,CUST_00682,MEDIUM_RELIABILITY,0.79,6499.82,6740.65,CARD,22,SUCCESS,,0
TXN_0006832,CUST_00682,MEDIUM_RELIABILITY,0.79,6499.82,9731.17,CARD,14,SUCCESS,,0
TXN_0006833,CUST_00682,MEDIUM_RELIABILITY,0.79,6499.82,6820.73,CARD,10,SUCCESS,,0
TXN_0006834,CUST_00682,MEDIUM_RELIABILITY,0.79,6499.82,2708.57,UPI,10,SUCCESS,,0
TXN_0006835,CUST_00682,MEDIUM_RELIABILITY,0.79,6499.82,10738.04,CARD,14,FAILED,NETWORK_TIMEOUT,1
TXN_0006836,CUST_00682,MEDIUM_RELIABILITY,0.79,6499.82,7462.68,CARD,9,FAILED,USER_ABANDONMENT,2
TXN_0006837,CUST_00682,MEDIUM_RELIABILITY,0.79,6499.82,4967.8,UPI,23,SUCCESS,,0
TXN_0006838,CUST_00682,MEDIUM_RELIABILITY,0.79,6499.82,3241.07,UPI,2,SUCCESS,,0
TXN_0006839,CUST_00682,MEDIUM_RELIABILITY,0.79,6499.82,7529.17,WALLET,9,FAILED,NETWORK_TIMEOUT,2
TXN_0006840,CUST_00682,MEDIUM_RELIABILITY,0.79,6499.82,6195.18,NET_BANKING,10,SUCCESS,,0
TXN_0006841,CUST_00683,HIGH_RELIABILITY,0.96,2841.95,4631.41,UPI,2,SUCCESS,,0
TXN_0006842,CUST_00683,HIGH_RELIABILITY,0.96,2841.95,2448.73,UPI,11,SUCCESS,,0
TXN_0006843,CUST_00683,HIGH_RELIABILITY,0.96,2841.95,1890.03,UPI,2,SUCCESS,,0
TXN_0006844,CUST_00683,HIGH_RELIABILITY,0.96,2841.95,3860.27,UPI,20,SUCCESS,,0
TXN_0006845,CUST_00683,HIGH_RELIABILITY,0.96,2841.95,3893.79,WALLET,16,SUCCESS,,0
TXN_0006846,CUST_00683,HIGH_RELIABILITY,0.96,2841.95,3033.67,UPI,20,SUCCESS,,0
TXN_0006847,CUST_00683,HIGH_RELIABILITY,0.96,2841.95,3610.82,UPI,22,SUCCESS,,0
TXN_0006848,CUST_00683,HIGH_RELIABILITY,0.96,2841.95,2799.11,UPI,19,SUCCESS,,0
TXN_0006849,CUST_00683,HIGH_RELIABILITY,0.96,2841.95,3107.8,UPI,14,SUCCESS,,0
TXN_0006850,CUST_00683,HIGH_RELIABILITY,0.96,2841.95,4166.29,NET_BANKING,11,SUCCESS,,0
TXN_0006851,CUST_00683,HIGH_RELIABILITY,0.96,2841.95,3552.8,WALLET,20,SUCCESS,,0
TXN_0006852,CUST_00683,HIGH_RELIABILITY,0.96,2841.95,2649.52,UPI,4,SUCCESS,,0
TXN_0006853,CUST_00683,HIGH_RELIABILITY,0.96,2841.95,4379.29,UPI,3,SUCCESS,,0
TXN_0006854,CUST_00683,HIGH_RELIABILITY,0.96,2841.95,153.63,UPI,20,FAILED,INSUFFICIENT_FUNDS,0
TXN_0006855,CUST_00684,HIGH_RELIABILITY,0.96,13726.46,24993.54,UPI,8,SUCCESS,,0
TXN_0006856,CUST_00684,HIGH_RELIABILITY,0.96,13726.46,4359.75,NET_BANKING,0,SUCCESS,,0
TXN_0006857,CUST_00684,HIGH_RELIABILITY,0.96,13726.46,10283.35,CARD,11,SUCCESS,,0
TXN_0006858,CUST_00684,HIGH_RELIABILITY,0.96,13726.46,13501.8,UPI,7,SUCCESS,,0
TXN_0006859,CUST_00684,HIGH_RELIABILITY,0.96,13726.46,12922.2,UPI,6,SUCCESS,,0
TXN_0006860,CUST_00684,HIGH_RELIABILITY,0.96,13726.46,19252.24,CARD,0,SUCCESS,,0
TXN_0006861,CUST_00684,HIGH_RELIABILITY,0.96,13726.46,7918.32,NET_BANKING,0,SUCCESS,,0
TXN_0006862,CUST_00684,HIGH_RELIABILITY,0.96,13726.46,15158.22,CARD,6,FAILED,TEMPORARY_BANK_ERROR,0
TXN_0006863,CUST_00684,HIGH_RELIABILITY,0.96,13726.46,10551.74,UPI,12,SUCCESS,,0
TXN_0006864,CUST_00684,HIGH_RELIABILITY,0.96,13726.46,15346.96,UPI,8,SUCCESS,,0
TXN_0006865,CUST_00684,HIGH_RELIABILITY,0.96,13726.46,13370.82,CARD,11,SUCCESS,,0
TXN_0006866,CUST_00684,HIGH_RELIABILITY,0.96,13726.46,14236.73,WALLET,23,SUCCESS,,0
TXN_0006867,CUST_00684,HIGH_RELIABILITY,0.96,13726.46,10707.05,WALLET,22,SUCCESS,,0
TXN_0006868,CUST_00684,HIGH_RELIABILITY,0.96,13726.46,10925.91,CARD,22,SUCCESS,,0
TXN_0006869,CUST_00684,HIGH_RELIABILITY,0.96,13726.46,15303.75,CARD,8,SUCCESS,,0
TXN_0006870,CUST_00685,MEDIUM_RELIABILITY,0.69,2756.66,3797.26,WALLET,11,SUCCESS,,0
TXN_0006871,CUST_00685,MEDIUM_RELIABILITY,0.69,2756.66,2096.96,CARD,15,FAILED,AUTHENTICATION_FAILURE,0
TXN_0006872,CUST_00685,MEDIUM_RELIABILITY,0.69,2756.66,1798.7,CARD,6,SUCCESS,,0
TXN_0006873,CUST_00685,MEDIUM_RELIABILITY,0.69,2756.66,3433.1,UPI,11,FAILED,NETWORK_TIMEOUT,0
TXN_0006874,CUST_00685,MEDIUM_RELIABILITY,0.69,2756.66,2720.82,UPI,13,SUCCESS,,0
TXN_0006875,CUST_00685,MEDIUM_RELIABILITY,0.69,2756.66,3672.42,WALLET,21,SUCCESS,,0
TXN_0006876,CUST_00685,MEDIUM_RELIABILITY,0.69,2756.66,1757.87,UPI,16,FAILED,AUTHENTICATION_FAILURE,0
TXN_0006877,CUST_00685,MEDIUM_RELIABILITY,0.69,2756.66,794.54,UPI,9,SUCCESS,,0
TXN_0006878,CUST_00685,MEDIUM_RELIABILITY,0.69,2756.66,2168.94,NET_BANKING,21,SUCCESS,,0
TXN_0006879,CUST_00685,MEDIUM_RELIABILITY,0.69,2756.66,1911.63,UPI,17,SUCCESS,,0
TXN_0006880,CUST_00685,MEDIUM_RELIABILITY,0.69,2756.66,2669.78,CARD,13,SUCCESS,,0
TXN_0006881,CUST_00685,MEDIUM_RELIABILITY,0.69,2756.66,2054.43,UPI,12,SUCCESS,,0
TXN_0006882,CUST_00685,MEDIUM_RELIABILITY,0.69,2756.66,3573.75,CARD,7,FAILED,USER_ABANDONMENT,1
TXN_0006883,CUST_00685,MEDIUM_RELIABILITY,0.69,2756.66,2438.93,CARD,16,SUCCESS,,0
TXN_0006884,CUST_00685,MEDIUM_RELIABILITY,0.69,2756.66,2922.58,WALLET,19,FAILED,TEMPORARY_BANK_ERROR,2
TXN_0006885,CUST_00686,MEDIUM_RELIABILITY,0.86,2219.28,2359.21,NET_BANKING,19,SUCCESS,,0
TXN_0006886,CUST_00686,MEDIUM_RELIABILITY,0.86,2219.28,2392.34,CARD,20,SUCCESS,,0
TXN_0006887,CUST_00686,MEDIUM_RELIABILITY,0.86,2219.28,2197.86,UPI,23,SUCCESS,,0
TXN_0006888,CUST_00686,MEDIUM_RELIABILITY,0.86,2219.28,2672.55,CARD,10,SUCCESS,,0
TXN_0006889,CUST_00686,MEDIUM_RELIABILITY,0.86,2219.28,1512.97,UPI,0,SUCCESS,,0
TXN_0006890,CUST_00686,MEDIUM_RELIABILITY,0.86,2219.28,3461.56,NET_BANKING,10,SUCCESS,,0
TXN_0006891,CUST_00686,MEDIUM_RELIABILITY,0.86,2219.28,2009.3,UPI,23,FAILED,TEMPORARY_BANK_ERROR,0
TXN_0006892,CUST_00686,MEDIUM_RELIABILITY,0.86,2219.28,1055.0,CARD,23,SUCCESS,,0
TXN_0006893,CUST_00686,MEDIUM_RELIABILITY,0.86,2219.28,2386.23,UPI,6,SUCCESS,,0
TXN_0006894,CUST_00686,MEDIUM_RELIABILITY,0.86,2219.28,1463.68,WALLET,19,SUCCESS,,0
TXN_0006895,CUST_00686,MEDIUM_RELIABILITY,0.86,2219.28,2809.91,CARD,22,SUCCESS,,0
TXN_0006896,CUST_00687,HIGH_RELIABILITY,0.97,7891.89,14867.08,WALLET,15,SUCCESS,,0
TXN_0006897,CUST_00687,HIGH_RELIABILITY,0.97,7891.89,5408.87,NET_BANKING,18,SUCCESS,,0
TXN_0006898,CUST_00687,HIGH_RELIABILITY,0.97,7891.89,8941.11,CARD,11,SUCCESS,,0
TXN_0006899,CUST_00687,HIGH_RELIABILITY,0.97,7891.89,2350.19,WALLET,0,SUCCESS,,0
TXN_0006900,CUST_00687,HIGH_RELIABILITY,0.97,7891.89,9324.76,WALLET,2,SUCCESS,,0
TXN_0006901,CUST_00687,HIGH_RELIABILITY,0.97,7891.89,5095.91,UPI,11,SUCCESS,,0
TXN_0006902,CUST_00687,HIGH_RELIABILITY,0.97,7891.89,5919.44,UPI,4,SUCCESS,,0
TXN_0006903,CUST_00687,HIGH_RELIABILITY,0.97,7891.89,4415.4,CARD,9,SUCCESS,,0
TXN_0006904,CUST_00688,MEDIUM_RELIABILITY,0.7,8772.12,11341.13,CARD,17,FAILED,TEMPORARY_BANK_ERROR,0
TXN_0006905,CUST_00688,MEDIUM_RELIABILITY,0.7,8772.12,12306.6,UPI,14,SUCCESS,,0
TXN_0006906,CUST_00688,MEDIUM_RELIABILITY,0.7,8772.12,8854.18,NET_BANKING,21,SUCCESS,,0
TXN_0006907,CUST_00688,MEDIUM_RELIABILITY,0.7,8772.12,5738.98,UPI,7,SUCCESS,,0
TXN_0006908,CUST_00688,MEDIUM_RELIABILITY,0.7,8772.12,14349.51,CARD,10,FAILED,AUTHENTICATION_FAILURE,1
TXN_0006909,CUST_00689,HIGH_RELIABILITY,0.93,8207.44,5743.86,UPI,7,SUCCESS,,0
TXN_0006910,CUST_00689,HIGH_RELIABILITY,0.93,8207.44,1109.54,CARD,8,SUCCESS,,0
TXN_0006911,CUST_00689,HIGH_RELIABILITY,0.93,8207.44,9712.32,UPI,11,SUCCESS,,0
TXN_0006912,CUST_00689,HIGH_RELIABILITY,0.93,8207.44,4580.49,CARD,8,SUCCESS,,0
TXN_0006913,CUST_00689,HIGH_RELIABILITY,0.93,8207.44,11453.02,UPI,21,SUCCESS,,0
TXN_0006914,CUST_00689,HIGH_RELIABILITY,0.93,8207.44,6956.17,UPI,21,SUCCESS,,0
TXN_0006915,CUST_00690,HIGH_RELIABILITY,0.92,9301.31,11547.44,CARD,15,SUCCESS,,0
TXN_0006916,CUST_00690,HIGH_RELIABILITY,0.92,9301.31,14515.63,UPI,22,SUCCESS,,0
TXN_0006917,CUST_00690,HIGH_RELIABILITY,0.92,9301.31,4803.72,UPI,10,SUCCESS,,0
TXN_0006918,CUST_00690,HIGH_RELIABILITY,0.92,9301.31,7195.73,UPI,13,SUCCESS,,0
TXN_0006919,CUST_00690,HIGH_RELIABILITY,0.92,9301.31,9019.77,NET_BANKING,20,FAILED,TEMPORARY_BANK_ERROR,0
TXN_0006920,CUST_00691,HIGH_RELIABILITY,0.9,6475.14,10457.48,CARD,9,SUCCESS,,0
TXN_0006921,CUST_00691,HIGH_RELIABILITY,0.9,6475.14,4769.89,UPI,21,SUCCESS,,0
TXN_0006922,CUST_00691,HIGH_RELIABILITY,0.9,6475.14,4935.34,CARD,1,SUCCESS,,0
TXN_0006923,CUST_00691,HIGH_RELIABILITY,0.9,6475.14,7713.55,UPI,15,SUCCESS,,0
TXN_0006924,CUST_00691,HIGH_RELIABILITY,0.9,6475.14,4980.09,NET_BANKING,13,SUCCESS,,0
TXN_0006925,CUST_00691,HIGH_RELIABILITY,0.9,6475.14,6870.19,UPI,8,SUCCESS,,0
TXN_0006926,CUST_00691,HIGH_RELIABILITY,0.9,6475.14,2456.57,WALLET,4,SUCCESS,,0
TXN_0006927,CUST_00691,HIGH_RELIABILITY,0.9,6475.14,12210.38,CARD,15,SUCCESS,,0
TXN_0006928,CUST_00691,HIGH_RELIABILITY,0.9,6475.14,2984.5,UPI,23,SUCCESS,,0
TXN_0006929,CUST_00691,HIGH_RELIABILITY,0.9,6475.14,5641.78,CARD,13,SUCCESS,,0
TXN_0006930,CUST_00691,HIGH_RELIABILITY,0.9,6475.14,6391.01,UPI,13,FAILED,NETWORK_TIMEOUT,0
TXN_0006931,CUST_00691,HIGH_RELIABILITY,0.9,6475.14,11429.11,WALLET,20,SUCCESS,,0
TXN_0006932,CUST_00692,MEDIUM_RELIABILITY,0.86,2952.27,1387.75,UPI,19,SUCCESS,,0
TXN_0006933,CUST_00692,MEDIUM_RELIABILITY,0.86,2952.27,5294.84,UPI,7,FAILED,USER_ABANDONMENT,0
TXN_0006934,CUST_00692,MEDIUM_RELIABILITY,0.86,2952.27,3846.43,NET_BANKING,7,SUCCESS,,0
TXN_0006935,CUST_00692,MEDIUM_RELIABILITY,0.86,2952.27,3444.82,CARD,2,SUCCESS,,0
TXN_0006936,CUST_00692,MEDIUM_RELIABILITY,0.86,2952.27,1789.51,CARD,1,SUCCESS,,0
TXN_0006937,CUST_00692,MEDIUM_RELIABILITY,0.86,2952.27,3626.74,UPI,10,SUCCESS,,0
TXN_0006938,CUST_00692,MEDIUM_RELIABILITY,0.86,2952.27,2097.9,NET_BANKING,17,FAILED,USER_ABANDONMENT,2
TXN_0006939,CUST_00693,MEDIUM_RELIABILITY,0.79,3589.31,5407.89,UPI,21,SUCCESS,,0
TXN_0006940,CUST_00693,MEDIUM_RELIABILITY,0.79,3589.31,2195.13,WALLET,6,SUCCESS,,0
TXN_0006941,CUST_00693,MEDIUM_RELIABILITY,0.79,3589.31,3426.85,UPI,16,SUCCESS,,0
TXN_0006942,CUST_00693,MEDIUM_RELIABILITY,0.79,3589.31,2792.09,CARD,1,SUCCESS,,0
TXN_0006943,CUST_00693,MEDIUM_RELIABILITY,0.79,3589.31,2171.5,UPI,2,SUCCESS,,0
TXN_0006944,CUST_00693,MEDIUM_RELIABILITY,0.79,3589.31,4653.64,CARD,1,FAILED,INSUFFICIENT_FUNDS,0
TXN_0006945,CUST_00693,MEDIUM_RELIABILITY,0.79,3589.31,4358.08,UPI,1,SUCCESS,,0
TXN_0006946,CUST_00693,MEDIUM_RELIABILITY,0.79,3589.31,5325.11,UPI,5,SUCCESS,,0
TXN_0006947,CUST_00693,MEDIUM_RELIABILITY,0.79,3589.31,1033.9,UPI,7,SUCCESS,,0
TXN_0006948,CUST_00693,MEDIUM_RELIABILITY,0.79,3589.31,5117.17,CARD,11,SUCCESS,,0
TXN_0006949,CUST_00693,MEDIUM_RELIABILITY,0.79,3589.31,7186.44,CARD,19,SUCCESS,,0
TXN_0006950,CUST_00694,HIGH_RELIABILITY,0.97,2832.23,2320.57,CARD,9,SUCCESS,,0
TXN_0006951,CUST_00694,HIGH_RELIABILITY,0.97,2832.23,4979.23,CARD,20,SUCCESS,,0
TXN_0006952,CUST_00694,HIGH_RELIABILITY,0.97,2832.23,2534.1,NET_BANKING,16,SUCCESS,,0
TXN_0006953,CUST_00694,HIGH_RELIABILITY,0.97,2832.23,1277.44,UPI,9,SUCCESS,,0
TXN_0006954,CUST_00694,HIGH_RELIABILITY,0.97,2832.23,2485.98,NET_BANKING,11,SUCCESS,,0
TXN_0006955,CUST_00694,HIGH_RELIABILITY,0.97,2832.23,4019.73,NET_BANKING,1,SUCCESS,,0
TXN_0006956,CUST_00695,HIGH_RELIABILITY,0.99,7353.05,4887.79,CARD,18,SUCCESS,,0
TXN_0006957,CUST_00695,HIGH_RELIABILITY,0.99,7353.05,5587.32,UPI,20,SUCCESS,,0
TXN_0006958,CUST_00695,HIGH_RELIABILITY,0.99,7353.05,9098.78,UPI,4,SUCCESS,,0
TXN_0006959,CUST_00695,HIGH_RELIABILITY,0.99,7353.05,7362.05,UPI,21,SUCCESS,,0
TXN_0006960,CUST_00695,HIGH_RELIABILITY,0.99,7353.05,9072.55,CARD,12,SUCCESS,,0
TXN_0006961,CUST_00695,HIGH_RELIABILITY,0.99,7353.05,8052.56,WALLET,2,SUCCESS,,0
TXN_0006962,CUST_00695,HIGH_RELIABILITY,0.99,7353.05,8763.73,UPI,5,SUCCESS,,0
TXN_0006963,CUST_00696,HIGH_RELIABILITY,0.91,2028.95,1678.1,UPI,19,FAILED,TEMPORARY_BANK_ERROR,0
TXN_0006964,CUST_00696,HIGH_RELIABILITY,0.91,2028.95,2217.02,UPI,19,SUCCESS,,0
TXN_0006965,CUST_00696,HIGH_RELIABILITY,0.91,2028.95,1276.31,UPI,17,SUCCESS,,0
TXN_0006966,CUST_00696,HIGH_RELIABILITY,0.91,2028.95,3074.62,CARD,2,SUCCESS,,0
TXN_0006967,CUST_00696,HIGH_RELIABILITY,0.91,2028.95,1514.19,UPI,21,SUCCESS,,0
TXN_0006968,CUST_00696,HIGH_RELIABILITY,0.91,2028.95,2945.1,NET_BANKING,3,SUCCESS,,0
TXN_0006969,CUST_00696,HIGH_RELIABILITY,0.91,2028.95,1839.36,UPI,18,SUCCESS,,0
TXN_0006970,CUST_00696,HIGH_RELIABILITY,0.91,2028.95,2192.89,CARD,0,SUCCESS,,0
TXN_0006971,CUST_00696,HIGH_RELIABILITY,0.91,2028.95,1627.25,UPI,19,SUCCESS,,0
TXN_0006972,CUST_00696,HIGH_RELIABILITY,0.91,2028.95,1204.39,NET_BANKING,2,SUCCESS,,0
TXN_0006973,CUST_00696,HIGH_RELIABILITY,0.91,2028.95,612.94,UPI,8,SUCCESS,,0
TXN_0006974,CUST_00697,MEDIUM_RELIABILITY,0.69,5437.85,3142.37,UPI,5,FAILED,USER_ABANDONMENT,0
TXN_0006975,CUST_00697,MEDIUM_RELIABILITY,0.69,5437.85,4733.3,NET_BANKING,7,SUCCESS,,0
TXN_0006976,CUST_00697,MEDIUM_RELIABILITY,0.69,5437.85,5898.72,CARD,1,SUCCESS,,0
TXN_0006977,CUST_00697,MEDIUM_RELIABILITY,0.69,5437.85,7635.57,CARD,9,SUCCESS,,0
TXN_0006978,CUST_00697,MEDIUM_RELIABILITY,0.69,5437.85,4468.27,NET_BANKING,5,SUCCESS,,0
TXN_0006979,CUST_00698,MEDIUM_RELIABILITY,0.72,8374.39,5420.04,UPI,12,FAILED,INSUFFICIENT_FUNDS,0
TXN_0006980,CUST_00698,MEDIUM_RELIABILITY,0.72,8374.39,3541.65,UPI,23,SUCCESS,,0
TXN_0006981,CUST_00698,MEDIUM_RELIABILITY,0.72,8374.39,9982.49,UPI,21,SUCCESS,,0
TXN_0006982,CUST_00698,MEDIUM_RELIABILITY,0.72,8374.39,13007.75,CARD,9,SUCCESS,,0
TXN_0006983,CUST_00698,MEDIUM_RELIABILITY,0.72,8374.39,12616.29,CARD,23,FAILED,AUTHENTICATION_FAILURE,0
TXN_0006984,CUST_00698,MEDIUM_RELIABILITY,0.72,8374.39,10752.49,UPI,2,SUCCESS,,0
TXN_0006985,CUST_00698,MEDIUM_RELIABILITY,0.72,8374.39,10513.35,NET_BANKING,21,FAILED,TEMPORARY_BANK_ERROR,0
TXN_0006986,CUST_00698,MEDIUM_RELIABILITY,0.72,8374.39,14061.02,NET_BANKING,3,FAILED,NETWORK_TIMEOUT,0
TXN_0006987,CUST_00698,MEDIUM_RELIABILITY,0.72,8374.39,9486.78,CARD,5,FAILED,TEMPORARY_BANK_ERROR,0
TXN_0006988,CUST_00698,MEDIUM_RELIABILITY,0.72,8374.39,10538.77,CARD,11,SUCCESS,,0
TXN_0006989,CUST_00698,MEDIUM_RELIABILITY,0.72,8374.39,7299.84,UPI,17,SUCCESS,,0
TXN_0006990,CUST_00698,MEDIUM_RELIABILITY,0.72,8374.39,3811.88,CARD,2,SUCCESS,,0
TXN_0006991,CUST_00698,MEDIUM_RELIABILITY,0.72,8374.39,6083.66,CARD,16,FAILED,AUTHENTICATION_FAILURE,0
TXN_0006992,CUST_00699,HIGH_RELIABILITY,0.93,4482.0,4465.58,NET_BANKING,7,SUCCESS,,0
TXN_0006993,CUST_00699,HIGH_RELIABILITY,0.93,4482.0,4590.98,CARD,21,FAILED,TECHNICAL_ERROR,0
TXN_0006994,CUST_00699,HIGH_RELIABILITY,0.93,4482.0,7935.45,UPI,12,SUCCESS,,0
TXN_0006995,CUST_00699,HIGH_RELIABILITY,0.93,4482.0,4627.71,CARD,16,SUCCESS,,0
TXN_0006996,CUST_00699,HIGH_RELIABILITY,0.93,4482.0,6595.43,UPI,15,SUCCESS,,0
TXN_0006997,CUST_00699,HIGH_RELIABILITY,0.93,4482.0,3701.99,UPI,1,FAILED,TEMPORARY_BANK_ERROR,0
TXN_0006998,CUST_00699,HIGH_RELIABILITY,0.93,4482.0,3923.23,CARD,1,SUCCESS,,0
TXN_0006999,CUST_00699,HIGH_RELIABILITY,0.93,4482.0,2099.36,WALLET,14,SUCCESS,,0
TXN_0007000,CUST_00699,HIGH_RELIABILITY,0.93,4482.0,3151.15,UPI,17,SUCCESS,,0
TXN_0007001,CUST_00699,HIGH_RELIABILITY,0.93,4482.0,5426.77,NET_BANKING,20,SUCCESS,,0
TXN_0007002,CUST_00699,HIGH_RELIABILITY,0.93,4482.0,4495.55,NET_BANKING,10,SUCCESS,,0
TXN_0007003,CUST_00700,LOW_RELIABILITY,0.53,5006.09,6894.26,CARD,16,FAILED,AUTHENTICATION_FAILURE,2
TXN_0007004,CUST_00700,LOW_RELIABILITY,0.53,5006.09,5369.04,CARD,2,SUCCESS,,0
TXN_0007005,CUST_00700,LOW_RELIABILITY,0.53,5006.09,4300.32,NET_BANKING,9,FAILED,TECHNICAL_ERROR,0
TXN_0007006,CUST_00700,LOW_RELIABILITY,0.53,5006.09,9307.92,CARD,19,FAILED,NETWORK_TIMEOUT,1
TXN_0007007,CUST_00700,LOW_RELIABILITY,0.53,5006.09,4818.05,CARD,14,FAILED,TEMPORARY_BANK_ERROR,0
TXN_0007008,CUST_00700,LOW_RELIABILITY,0.53,5006.09,7334.93,CARD,3,SUCCESS,,0
TXN_0007009,CUST_00700,LOW_RELIABILITY,0.53,5006.09,4202.69,CARD,16,FAILED,TEMPORARY_BANK_ERROR,0
TXN_0007010,CUST_00700,LOW_RELIABILITY,0.53,5006.09,6427.02,CARD,12,FAILED,AUTHENTICATION_FAILURE,1
TXN_0007011,CUST_00701,HIGH_RELIABILITY,0.9,3346.67,4588.97,WALLET,14,SUCCESS,,0
TXN_0007012,CUST_00701,HIGH_RELIABILITY,0.9,3346.67,3625.77,WALLET,11,SUCCESS,,0
TXN_0007013,CUST_00701,HIGH_RELIABILITY,0.9,3346.67,194.8,UPI,3,SUCCESS,,0
TXN_0007014,CUST_00701,HIGH_RELIABILITY,0.9,3346.67,3371.1,NET_BANKING,16,SUCCESS,,0
TXN_0007015,CUST_00701,HIGH_RELIABILITY,0.9,3346.67,4993.85,UPI,1,SUCCESS,,0
TXN_0007016,CUST_00701,HIGH_RELIABILITY,0.9,3346.67,4052.79,UPI,21,SUCCESS,,0
TXN_0007017,CUST_00701,HIGH_RELIABILITY,0.9,3346.67,3943.5,CARD,9,SUCCESS,,0
TXN_0007018,CUST_00701,HIGH_RELIABILITY,0.9,3346.67,1041.14,WALLET,9,SUCCESS,,0
TXN_0007019,CUST_00701,HIGH_RELIABILITY,0.9,3346.67,2382.22,UPI,12,SUCCESS,,0
TXN_0007020,CUST_00701,HIGH_RELIABILITY,0.9,3346.67,3897.34,UPI,23,SUCCESS,,0
TXN_0007021,CUST_00701,HIGH_RELIABILITY,0.9,3346.67,3896.04,UPI,21,SUCCESS,,0
TXN_0007022,CUST_00702,LOW_RELIABILITY,0.36,5207.53,7737.7,UPI,3,SUCCESS,,0
TXN_0007023,CUST_00702,LOW_RELIABILITY,0.36,5207.53,4905.77,UPI,21,FAILED,TEMPORARY_BANK_ERROR,0
TXN_0007024,CUST_00702,LOW_RELIABILITY,0.36,5207.53,6052.87,UPI,12,SUCCESS,,0
TXN_0007025,CUST_00702,LOW_RELIABILITY,0.36,5207.53,5241.64,CARD,6,SUCCESS,,0
TXN_0007026,CUST_00702,LOW_RELIABILITY,0.36,5207.53,3151.72,UPI,15,FAILED,NETWORK_TIMEOUT,0
TXN_0007027,CUST_00702,LOW_RELIABILITY,0.36,5207.53,508.69,CARD,18,FAILED,INSUFFICIENT_FUNDS,0
TXN_0007028,CUST_00702,LOW_RELIABILITY,0.36,5207.53,6105.33,UPI,12,FAILED,USER_ABANDONMENT,0
TXN_0007029,CUST_00702,LOW_RELIABILITY,0.36,5207.53,5569.86,UPI,17,FAILED,AUTHENTICATION_FAILURE,2
TXN_0007030,CUST_00702,LOW_RELIABILITY,0.36,5207.53,3919.86,UPI,23,FAILED,USER_ABANDONMENT,1
TXN_0007031,CUST_00702,LOW_RELIABILITY,0.36,5207.53,1834.77,CARD,5,SUCCESS,,0
TXN_0007032,CUST_00702,LOW_RELIABILITY,0.36,5207.53,6519.28,UPI,22,SUCCESS,,0
TXN_0007033,CUST_00702,LOW_RELIABILITY,0.36,5207.53,4653.62,CARD,21,SUCCESS,,0
TXN_0007034,CUST_00703,MEDIUM_RELIABILITY,0.8,5008.99,6124.74,WALLET,12,SUCCESS,,0
TXN_0007035,CUST_00703,MEDIUM_RELIABILITY,0.8,5008.99,8743.79,UPI,2,FAILED,NETWORK_TIMEOUT,0
TXN_0007036,CUST_00703,MEDIUM_RELIABILITY,0.8,5008.99,718.43,WALLET,4,SUCCESS,,0
TXN_0007037,CUST_00703,MEDIUM_RELIABILITY,0.8,5008.99,3607.27,UPI,14,FAILED,INSUFFICIENT_FUNDS,0
TXN_0007038,CUST_00703,MEDIUM_RELIABILITY,0.8,5008.99,4589.49,UPI,6,FAILED,INSUFFICIENT_FUNDS,0
TXN_0007039,CUST_00703,MEDIUM_RELIABILITY,0.8,5008.99,7923.87,CARD,12,SUCCESS,,0
TXN_0007040,CUST_00703,MEDIUM_RELIABILITY,0.8,5008.99,1730.3,NET_BANKING,15,SUCCESS,,0
TXN_0007041,CUST_00703,MEDIUM_RELIABILITY,0.8,5008.99,8887.67,UPI,19,SUCCESS,,0
TXN_0007042,CUST_00703,MEDIUM_RELIABILITY,0.8,5008.99,5281.19,NET_BANKING,16,SUCCESS,,0
TXN_0007043,CUST_00703,MEDIUM_RELIABILITY,0.8,5008.99,4816.64,NET_BANKING,15,SUCCESS,,0
TXN_0007044,CUST_00703,MEDIUM_RELIABILITY,0.8,5008.99,4612.16,CARD,14,SUCCESS,,0
TXN_0007045,CUST_00703,MEDIUM_RELIABILITY,0.8,5008.99,4134.9,UPI,5,SUCCESS,,0
TXN_0007046,CUST_00704,HIGH_RELIABILITY,0.97,12279.38,17427.47,UPI,3,SUCCESS,,0
TXN_0007047,CUST_00704,HIGH_RELIABILITY,0.97,12279.38,7031.07,CARD,13,SUCCESS,,0
TXN_0007048,CUST_00704,HIGH_RELIABILITY,0.97,12279.38,13975.97,WALLET,11,SUCCESS,,0
TXN_0007049,CUST_00704,HIGH_RELIABILITY,0.97,12279.38,10392.37,UPI,19,SUCCESS,,0
TXN_0007050,CUST_00704,HIGH_RELIABILITY,0.97,12279.38,8535.97,UPI,0,SUCCESS,,0
TXN_0007051,CUST_00704,HIGH_RELIABILITY,0.97,12279.38,24981.05,CARD,20,SUCCESS,,0
TXN_0007052,CUST_00704,HIGH_RELIABILITY,0.97,12279.38,14337.65,NET_BANKING,22,SUCCESS,,0
TXN_0007053,CUST_00705,MEDIUM_RELIABILITY,0.78,8748.58,10894.66,UPI,13,FAILED,TEMPORARY_BANK_ERROR,0
TXN_0007054,CUST_00705,MEDIUM_RELIABILITY,0.78,8748.58,12730.15,WALLET,11,SUCCESS,,0
TXN_0007055,CUST_00705,MEDIUM_RELIABILITY,0.78,8748.58,3774.66,UPI,5,SUCCESS,,0
TXN_0007056,CUST_00705,MEDIUM_RELIABILITY,0.78,8748.58,14880.61,NET_BANKING,3,SUCCESS,,0
TXN_0007057,CUST_00705,MEDIUM_RELIABILITY,0.78,8748.58,100.0,UPI,13,FAILED,TECHNICAL_ERROR,0
TXN_0007058,CUST_00705,MEDIUM_RELIABILITY,0.78,8748.58,6058.33,UPI,6,SUCCESS,,0
TXN_0007059,CUST_00705,MEDIUM_RELIABILITY,0.78,8748.58,7142.23,CARD,18,SUCCESS,,0
TXN_0007060,CUST_00705,MEDIUM_RELIABILITY,0.78,8748.58,10784.28,NET_BANKING,1,SUCCESS,,0
TXN_0007061,CUST_00706,HIGH_RELIABILITY,0.9,2566.87,2791.44,CARD,3,SUCCESS,,0
TXN_0007062,CUST_00706,HIGH_RELIABILITY,0.9,2566.87,2395.59,CARD,0,SUCCESS,,0
TXN_0007063,CUST_00706,HIGH_RELIABILITY,0.9,2566.87,2554.55,UPI,15,SUCCESS,,0
TXN_0007064,CUST_00706,HIGH_RELIABILITY,0.9,2566.87,1562.69,NET_BANKING,22,SUCCESS,,0
TXN_0007065,CUST_00706,HIGH_RELIABILITY,0.9,2566.87,1029.59,UPI,22,SUCCESS,,0
TXN_0007066,CUST_00706,HIGH_RELIABILITY,0.9,2566.87,3312.81,WALLET,7,FAILED,INSUFFICIENT_FUNDS,0
TXN_0007067,CUST_00706,HIGH_RELIABILITY,0.9,2566.87,3279.13,UPI,1,SUCCESS,,0
TXN_0007068,CUST_00707,MEDIUM_RELIABILITY,0.71,1042.33,1702.96,UPI,19,SUCCESS,,0
TXN_0007069,CUST_00707,MEDIUM_RELIABILITY,0.71,1042.33,712.95,UPI,21,FAILED,NETWORK_TIMEOUT,0
TXN_0007070,CUST_00707,MEDIUM_RELIABILITY,0.71,1042.33,1331.19,CARD,10,SUCCESS,,0
TXN_0007071,CUST_00707,MEDIUM_RELIABILITY,0.71,1042.33,924.04,UPI,13,SUCCESS,,0
TXN_0007072,CUST_00707,MEDIUM_RELIABILITY,0.71,1042.33,1538.68,NET_BANKING,7,SUCCESS,,0
TXN_0007073,CUST_00708,MEDIUM_RELIABILITY,0.77,9397.75,13239.41,CARD,3,FAILED,USER_ABANDONMENT,3
TXN_0007074,CUST_00708,MEDIUM_RELIABILITY,0.77,9397.75,10191.71,UPI,20,FAILED,TECHNICAL_ERROR,1
TXN_0007075,CUST_00708,MEDIUM_RELIABILITY,0.77,9397.75,8121.42,NET_BANKING,3,SUCCESS,,0
TXN_0007076,CUST_00708,MEDIUM_RELIABILITY,0.77,9397.75,13009.99,UPI,19,SUCCESS,,0
TXN_0007077,CUST_00708,MEDIUM_RELIABILITY,0.77,9397.75,11829.53,UPI,17,SUCCESS,,0
TXN_0007078,CUST_00708,MEDIUM_RELIABILITY,0.77,9397.75,6824.87,UPI,23,SUCCESS,,0
TXN_0007079,CUST_00708,MEDIUM_RELIABILITY,0.77,9397.75,4406.42,WALLET,8,SUCCESS,,0
TXN_0007080,CUST_00708,MEDIUM_RELIABILITY,0.77,9397.75,8313.13,NET_BANKING,5,SUCCESS,,0
TXN_0007081,CUST_00708,MEDIUM_RELIABILITY,0.77,9397.75,15094.34,UPI,22,SUCCESS,,0
TXN_0007082,CUST_00708,MEDIUM_RELIABILITY,0.77,9397.75,13707.51,CARD,12,SUCCESS,,0
TXN_0007083,CUST_00708,MEDIUM_RELIABILITY,0.77,9397.75,5216.4,UPI,17,SUCCESS,,0
TXN_0007084,CUST_00708,MEDIUM_RELIABILITY,0.77,9397.75,5008.03,CARD,8,SUCCESS,,0
TXN_0007085,CUST_00708,MEDIUM_RELIABILITY,0.77,9397.75,14189.41,UPI,6,SUCCESS,,0
TXN_0007086,CUST_00708,MEDIUM_RELIABILITY,0.77,9397.75,5128.78,CARD,10,FAILED,NETWORK_TIMEOUT,0
TXN_0007087,CUST_00709,LOW_RELIABILITY,0.36,1030.35,1240.25,CARD,0,SUCCESS,,0
TXN_0007088,CUST_00709,LOW_RELIABILITY,0.36,1030.35,776.44,NET_BANKING,19,FAILED,AUTHENTICATION_FAILURE,0
TXN_0007089,CUST_00709,LOW_RELIABILITY,0.36,1030.35,1696.8,WALLET,1,SUCCESS,,0
TXN_0007090,CUST_00709,LOW_RELIABILITY,0.36,1030.35,712.83,UPI,21,FAILED,USER_ABANDONMENT,0
TXN_0007091,CUST_00709,LOW_RELIABILITY,0.36,1030.35,1501.58,CARD,20,FAILED,AUTHENTICATION_FAILURE,0
TXN_0007092,CUST_00710,MEDIUM_RELIABILITY,0.75,9371.81,10064.79,CARD,5,SUCCESS,,0
TXN_0007093,CUST_00710,MEDIUM_RELIABILITY,0.75,9371.81,10317.22,CARD,20,SUCCESS,,0
TXN_0007094,CUST_00710,MEDIUM_RELIABILITY,0.75,9371.81,1985.67,UPI,20,SUCCESS,,0
TXN_0007095,CUST_00710,MEDIUM_RELIABILITY,0.75,9371.81,1113.7,WALLET,13,SUCCESS,,0
TXN_0007096,CUST_00710,MEDIUM_RELIABILITY,0.75,9371.81,8544.97,UPI,6,FAILED,INSUFFICIENT_FUNDS,0
TXN_0007097,CUST_00710,MEDIUM_RELIABILITY,0.75,9371.81,10297.39,UPI,0,SUCCESS,,0
TXN_0007098,CUST_00710,MEDIUM_RELIABILITY,0.75,9371.81,5153.75,UPI,15,SUCCESS,,0
TXN_0007099,CUST_00710,MEDIUM_RELIABILITY,0.75,9371.81,5290.6,CARD,0,SUCCESS,,0
TXN_0007100,CUST_00710,MEDIUM_RELIABILITY,0.75,9371.81,11476.62,UPI,4,SUCCESS,,0
TXN_0007101,CUST_00710,MEDIUM_RELIABILITY,0.75,9371.81,11481.8,CARD,23,SUCCESS,,0
TXN_0007102,CUST_00710,MEDIUM_RELIABILITY,0.75,9371.81,8855.46,UPI,22,SUCCESS,,0
TXN_0007103,CUST_00710,MEDIUM_RELIABILITY,0.75,9371.81,12296.57,NET_BANKING,23,FAILED,USER_ABANDONMENT,0
TXN_0007104,CUST_00710,MEDIUM_RELIABILITY,0.75,9371.81,4970.05,WALLET,5,SUCCESS,,0
TXN_0007105,CUST_00710,MEDIUM_RELIABILITY,0.75,9371.81,8037.51,UPI,9,SUCCESS,,0
TXN_0007106,CUST_00711,HIGH_RELIABILITY,0.91,8101.29,13441.26,NET_BANKING,3,SUCCESS,,0
TXN_0007107,CUST_00711,HIGH_RELIABILITY,0.91,8101.29,8322.69,UPI,8,SUCCESS,,0
TXN_0007108,CUST_00711,HIGH_RELIABILITY,0.91,8101.29,8510.61,NET_BANKING,17,SUCCESS,,0
TXN_0007109,CUST_00711,HIGH_RELIABILITY,0.91,8101.29,15573.75,UPI,21,SUCCESS,,0
TXN_0007110,CUST_00711,HIGH_RELIABILITY,0.91,8101.29,3566.7,UPI,22,SUCCESS,,0
TXN_0007111,CUST_00711,HIGH_RELIABILITY,0.91,8101.29,10682.14,NET_BANKING,11,FAILED,INSUFFICIENT_FUNDS,0
TXN_0007112,CUST_00712,MEDIUM_RELIABILITY,0.66,1909.26,3180.05,CARD,2,FAILED,AUTHENTICATION_FAILURE,0
TXN_0007113,CUST_00712,MEDIUM_RELIABILITY,0.66,1909.26,1661.16,UPI,10,SUCCESS,,0
TXN_0007114,CUST_00712,MEDIUM_RELIABILITY,0.66,1909.26,2565.76,UPI,19,SUCCESS,,0
TXN_0007115,CUST_00712,MEDIUM_RELIABILITY,0.66,1909.26,1159.29,UPI,9,SUCCESS,,0
TXN_0007116,CUST_00712,MEDIUM_RELIABILITY,0.66,1909.26,1384.8,UPI,17,SUCCESS,,0
TXN_0007117,CUST_00712,MEDIUM_RELIABILITY,0.66,1909.26,2203.26,UPI,6,SUCCESS,,0
TXN_0007118,CUST_00712,MEDIUM_RELIABILITY,0.66,1909.26,2519.13,UPI,20,FAILED,USER_ABANDONMENT,3
TXN_0007119,CUST_00712,MEDIUM_RELIABILITY,0.66,1909.26,2765.32,CARD,19,FAILED,TECHNICAL_ERROR,0
TXN_0007120,CUST_00712,MEDIUM_RELIABILITY,0.66,1909.26,3107.99,NET_BANKING,21,SUCCESS,,0
TXN_0007121,CUST_00712,MEDIUM_RELIABILITY,0.66,1909.26,1857.75,NET_BANKING,0,SUCCESS,,0
TXN_0007122,CUST_00713,LOW_RELIABILITY,0.64,6762.81,9991.68,UPI,19,FAILED,AUTHENTICATION_FAILURE,0
TXN_0007123,CUST_00713,LOW_RELIABILITY,0.64,6762.81,5836.83,UPI,20,SUCCESS,,0
TXN_0007124,CUST_00713,LOW_RELIABILITY,0.64,6762.81,9203.08,UPI,12,SUCCESS,,0
TXN_0007125,CUST_00713,LOW_RELIABILITY,0.64,6762.81,7324.09,UPI,21,SUCCESS,,0
TXN_0007126,CUST_00713,LOW_RELIABILITY,0.64,6762.81,7968.42,UPI,5,SUCCESS,,0
TXN_0007127,CUST_00713,LOW_RELIABILITY,0.64,6762.81,7908.45,CARD,7,FAILED,NETWORK_TIMEOUT,0
TXN_0007128,CUST_00713,LOW_RELIABILITY,0.64,6762.81,2421.88,UPI,2,SUCCESS,,0
TXN_0007129,CUST_00713,LOW_RELIABILITY,0.64,6762.81,3721.92,CARD,6,SUCCESS,,0
TXN_0007130,CUST_00713,LOW_RELIABILITY,0.64,6762.81,7040.2,UPI,19,SUCCESS,,0
TXN_0007131,CUST_00713,LOW_RELIABILITY,0.64,6762.81,2198.51,NET_BANKING,9,FAILED,AUTHENTICATION_FAILURE,2
TXN_0007132,CUST_00714,MEDIUM_RELIABILITY,0.65,9542.21,12714.85,UPI,13,SUCCESS,,0
TXN_0007133,CUST_00714,MEDIUM_RELIABILITY,0.65,9542.21,12868.84,CARD,6,FAILED,TEMPORARY_BANK_ERROR,1
TXN_0007134,CUST_00714,MEDIUM_RELIABILITY,0.65,9542.21,10790.98,CARD,17,SUCCESS,,0
TXN_0007135,CUST_00714,MEDIUM_RELIABILITY,0.65,9542.21,5262.97,WALLET,8,FAILED,NETWORK_TIMEOUT,2
TXN_0007136,CUST_00714,MEDIUM_RELIABILITY,0.65,9542.21,14810.04,CARD,12,SUCCESS,,0
TXN_0007137,CUST_00714,MEDIUM_RELIABILITY,0.65,9542.21,17318.01,CARD,23,FAILED,NETWORK_TIMEOUT,1
TXN_0007138,CUST_00714,MEDIUM_RELIABILITY,0.65,9542.21,10103.59,NET_BANKING,5,FAILED,AUTHENTICATION_FAILURE,0
TXN_0007139,CUST_00714,MEDIUM_RELIABILITY,0.65,9542.21,11490.86,WALLET,4,SUCCESS,,0
TXN_0007140,CUST_00714,MEDIUM_RELIABILITY,0.65,9542.21,10312.22,UPI,14,FAILED,NETWORK_TIMEOUT,1
TXN_0007141,CUST_00715,MEDIUM_RELIABILITY,0.79,8745.22,10600.5,NET_BANKING,5,SUCCESS,,0
TXN_0007142,CUST_00715,MEDIUM_RELIABILITY,0.79,8745.22,8326.99,NET_BANKING,20,SUCCESS,,0
TXN_0007143,CUST_00715,MEDIUM_RELIABILITY,0.79,8745.22,8624.31,CARD,19,SUCCESS,,0
TXN_0007144,CUST_00715,MEDIUM_RELIABILITY,0.79,8745.22,11913.5,CARD,15,SUCCESS,,0
TXN_0007145,CUST_00715,MEDIUM_RELIABILITY,0.79,8745.22,16950.42,NET_BANKING,7,SUCCESS,,0
TXN_0007146,CUST_00715,MEDIUM_RELIABILITY,0.79,8745.22,3847.65,NET_BANKING,19,SUCCESS,,0
TXN_0007147,CUST_00715,MEDIUM_RELIABILITY,0.79,8745.22,8382.07,UPI,10,FAILED,INSUFFICIENT_FUNDS,1
TXN_0007148,CUST_00715,MEDIUM_RELIABILITY,0.79,8745.22,4615.87,CARD,10,FAILED,INSUFFICIENT_FUNDS,1
TXN_0007149,CUST_00715,MEDIUM_RELIABILITY,0.79,8745.22,14314.26,CARD,0,FAILED,INSUFFICIENT_FUNDS,0
TXN_0007150,CUST_00715,MEDIUM_RELIABILITY,0.79,8745.22,6689.26,UPI,17,SUCCESS,,0
TXN_0007151,CUST_00715,MEDIUM_RELIABILITY,0.79,8745.22,3696.78,CARD,8,SUCCESS,,0
TXN_0007152,CUST_00715,MEDIUM_RELIABILITY,0.79,8745.22,10977.65,CARD,19,SUCCESS,,0
TXN_0007153,CUST_00715,MEDIUM_RELIABILITY,0.79,8745.22,14846.97,CARD,16,SUCCESS,,0
TXN_0007154,CUST_00715,MEDIUM_RELIABILITY,0.79,8745.22,11066.54,UPI,18,SUCCESS,,0
TXN_0007155,CUST_00716,HIGH_RELIABILITY,0.93,8218.34,8891.58,UPI,0,SUCCESS,,0
TXN_0007156,CUST_00716,HIGH_RELIABILITY,0.93,8218.34,9563.32,UPI,22,SUCCESS,,0
TXN_0007157,CUST_00716,HIGH_RELIABILITY,0.93,8218.34,12869.4,CARD,13,SUCCESS,,0
TXN_0007158,CUST_00716,HIGH_RELIABILITY,0.93,8218.34,5344.55,UPI,8,SUCCESS,,0
TXN_0007159,CUST_00716,HIGH_RELIABILITY,0.93,8218.34,7850.66,WALLET,2,FAILED,AUTHENTICATION_FAILURE,1
TXN_0007160,CUST_00716,HIGH_RELIABILITY,0.93,8218.34,6730.2,UPI,22,SUCCESS,,0
TXN_0007161,CUST_00716,HIGH_RELIABILITY,0.93,8218.34,4379.17,UPI,10,SUCCESS,,0
TXN_0007162,CUST_00716,HIGH_RELIABILITY,0.93,8218.34,7138.86,NET_BANKING,13,SUCCESS,,0
TXN_0007163,CUST_00716,HIGH_RELIABILITY,0.93,8218.34,11859.79,UPI,20,SUCCESS,,0
TXN_0007164,CUST_00716,HIGH_RELIABILITY,0.93,8218.34,10080.95,CARD,16,SUCCESS,,0
TXN_0007165,CUST_00716,HIGH_RELIABILITY,0.93,8218.34,10336.41,UPI,3,SUCCESS,,0
TXN_0007166,CUST_00716,HIGH_RELIABILITY,0.93,8218.34,8699.85,CARD,8,SUCCESS,,0
TXN_0007167,CUST_00716,HIGH_RELIABILITY,0.93,8218.34,9938.68,CARD,5,SUCCESS,,0
TXN_0007168,CUST_00716,HIGH_RELIABILITY,0.93,8218.34,5586.53,CARD,11,SUCCESS,,0
TXN_0007169,CUST_00717,HIGH_RELIABILITY,0.93,10336.1,9056.45,WALLET,18,SUCCESS,,0
TXN_0007170,CUST_00717,HIGH_RELIABILITY,0.93,10336.1,11129.93,UPI,8,SUCCESS,,0
TXN_0007171,CUST_00717,HIGH_RELIABILITY,0.93,10336.1,11483.47,WALLET,20,SUCCESS,,0
TXN_0007172,CUST_00717,HIGH_RELIABILITY,0.93,10336.1,11659.9,UPI,22,SUCCESS,,0
TXN_0007173,CUST_00717,HIGH_RELIABILITY,0.93,10336.1,9764.16,WALLET,15,SUCCESS,,0
TXN_0007174,CUST_00717,HIGH_RELIABILITY,0.93,10336.1,8775.67,UPI,22,SUCCESS,,0
TXN_0007175,CUST_00717,HIGH_RELIABILITY,0.93,10336.1,23391.72,UPI,5,SUCCESS,,0
TXN_0007176,CUST_00717,HIGH_RELIABILITY,0.93,10336.1,14085.16,UPI,15,SUCCESS,,0
TXN_0007177,CUST_00717,HIGH_RELIABILITY,0.93,10336.1,12044.23,CARD,5,SUCCESS,,0
TXN_0007178,CUST_00717,HIGH_RELIABILITY,0.93,10336.1,9371.91,NET_BANKING,3,SUCCESS,,0
TXN_0007179,CUST_00717,HIGH_RELIABILITY,0.93,10336.1,8470.56,UPI,4,SUCCESS,,0
TXN_0007180,CUST_00717,HIGH_RELIABILITY,0.93,10336.1,9795.31,WALLET,21,SUCCESS,,0
TXN_0007181,CUST_00717,HIGH_RELIABILITY,0.93,10336.1,11546.78,CARD,22,SUCCESS,,0
TXN_0007182,CUST_00717,HIGH_RELIABILITY,0.93,10336.1,2561.55,UPI,5,SUCCESS,,0
TXN_0007183,CUST_00717,HIGH_RELIABILITY,0.93,10336.1,3847.55,NET_BANKING,9,SUCCESS,,0
TXN_0007184,CUST_00718,HIGH_RELIABILITY,0.9,1419.63,1057.98,CARD,7,SUCCESS,,0
TXN_0007185,CUST_00718,HIGH_RELIABILITY,0.9,1419.63,1537.25,UPI,7,SUCCESS,,0
TXN_0007186,CUST_00718,HIGH_RELIABILITY,0.9,1419.63,1283.76,UPI,17,SUCCESS,,0
TXN_0007187,CUST_00718,HIGH_RELIABILITY,0.9,1419.63,2258.98,CARD,6,SUCCESS,,0
TXN_0007188,CUST_00718,HIGH_RELIABILITY,0.9,1419.63,577.85,UPI,0,SUCCESS,,0
TXN_0007189,CUST_00718,HIGH_RELIABILITY,0.9,1419.63,992.98,UPI,2,SUCCESS,,0
TXN_0007190,CUST_00719,MEDIUM_RELIABILITY,0.72,7194.47,11568.97,UPI,18,SUCCESS,,0
TXN_0007191,CUST_00719,MEDIUM_RELIABILITY,0.72,7194.47,7571.8,UPI,19,SUCCESS,,0
TXN_0007192,CUST_00719,MEDIUM_RELIABILITY,0.72,7194.47,9740.86,UPI,9,SUCCESS,,0
TXN_0007193,CUST_00719,MEDIUM_RELIABILITY,0.72,7194.47,13097.52,CARD,11,FAILED,USER_ABANDONMENT,1
TXN_0007194,CUST_00719,MEDIUM_RELIABILITY,0.72,7194.47,5197.85,CARD,16,SUCCESS,,0
TXN_0007195,CUST_00719,MEDIUM_RELIABILITY,0.72,7194.47,6908.66,CARD,6,SUCCESS,,0
TXN_0007196,CUST_00719,MEDIUM_RELIABILITY,0.72,7194.47,6410.48,UPI,1,SUCCESS,,0
TXN_0007197,CUST_00720,LOW_RELIABILITY,0.41,4779.34,1042.67,UPI,9,SUCCESS,,0
TXN_0007198,CUST_00720,LOW_RELIABILITY,0.41,4779.34,4185.94,UPI,19,FAILED,INSUFFICIENT_FUNDS,0
TXN_0007199,CUST_00720,LOW_RELIABILITY,0.41,4779.34,6463.7,CARD,22,FAILED,TEMPORARY_BANK_ERROR,0
TXN_0007200,CUST_00720,LOW_RELIABILITY,0.41,4779.34,5812.8,WALLET,6,FAILED,NETWORK_TIMEOUT,0
TXN_0007201,CUST_00720,LOW_RELIABILITY,0.41,4779.34,5962.86,CARD,23,SUCCESS,,0
TXN_0007202,CUST_00720,LOW_RELIABILITY,0.41,4779.34,4061.47,UPI,7,SUCCESS,,0
TXN_0007203,CUST_00720,LOW_RELIABILITY,0.41,4779.34,3525.06,NET_BANKING,9,FAILED,NETWORK_TIMEOUT,0
TXN_0007204,CUST_00720,LOW_RELIABILITY,0.41,4779.34,7205.82,UPI,21,FAILED,TEMPORARY_BANK_ERROR,0
TXN_0007205,CUST_00720,LOW_RELIABILITY,0.41,4779.34,3828.6,UPI,17,FAILED,TEMPORARY_BANK_ERROR,1
TXN_0007206,CUST_00720,LOW_RELIABILITY,0.41,4779.34,5341.55,WALLET,19,FAILED,INSUFFICIENT_FUNDS,1
TXN_0007207,CUST_00720,LOW_RELIABILITY,0.41,4779.34,5091.59,WALLET,11,SUCCESS,,0
TXN_0007208,CUST_00721,MEDIUM_RELIABILITY,0.86,1392.06,2205.98,UPI,7,SUCCESS,,0
TXN_0007209,CUST_00721,MEDIUM_RELIABILITY,0.86,1392.06,1932.97,NET_BANKING,22,SUCCESS,,0
TXN_0007210,CUST_00721,MEDIUM_RELIABILITY,0.86,1392.06,670.83,CARD,6,SUCCESS,,0
TXN_0007211,CUST_00721,MEDIUM_RELIABILITY,0.86,1392.06,730.8,CARD,8,SUCCESS,,0
TXN_0007212,CUST_00721,MEDIUM_RELIABILITY,0.86,1392.06,1714.41,NET_BANKING,7,SUCCESS,,0
TXN_0007213,CUST_00721,MEDIUM_RELIABILITY,0.86,1392.06,1356.24,CARD,17,SUCCESS,,0
TXN_0007214,CUST_00721,MEDIUM_RELIABILITY,0.86,1392.06,1138.61,UPI,4,FAILED,USER_ABANDONMENT,0
TXN_0007215,CUST_00721,MEDIUM_RELIABILITY,0.86,1392.06,1957.59,UPI,9,SUCCESS,,0
TXN_0007216,CUST_00721,MEDIUM_RELIABILITY,0.86,1392.06,1496.44,UPI,9,FAILED,NETWORK_TIMEOUT,0
TXN_0007217,CUST_00721,MEDIUM_RELIABILITY,0.86,1392.06,1421.27,UPI,6,FAILED,INSUFFICIENT_FUNDS,1
TXN_0007218,CUST_00721,MEDIUM_RELIABILITY,0.86,1392.06,1826.29,CARD,1,SUCCESS,,0
TXN_0007219,CUST_00721,MEDIUM_RELIABILITY,0.86,1392.06,1183.19,UPI,1,SUCCESS,,0
TXN_0007220,CUST_00721,MEDIUM_RELIABILITY,0.86,1392.06,2265.45,UPI,11,SUCCESS,,0
TXN_0007221,CUST_00721,MEDIUM_RELIABILITY,0.86,1392.06,953.26,UPI,23,SUCCESS,,0
TXN_0007222,CUST_00721,MEDIUM_RELIABILITY,0.86,1392.06,1757.85,UPI,7,SUCCESS,,0
TXN_0007223,CUST_00722,HIGH_RELIABILITY,0.95,7212.5,11349.11,CARD,13,SUCCESS,,0
TXN_0007224,CUST_00722,HIGH_RELIABILITY,0.95,7212.5,3239.0,UPI,5,SUCCESS,,0
TXN_0007225,CUST_00722,HIGH_RELIABILITY,0.95,7212.5,6221.98,NET_BANKING,4,SUCCESS,,0
TXN_0007226,CUST_00722,HIGH_RELIABILITY,0.95,7212.5,10507.77,UPI,1,SUCCESS,,0
TXN_0007227,CUST_00722,HIGH_RELIABILITY,0.95,7212.5,10551.15,WALLET,21,SUCCESS,,0
TXN_0007228,CUST_00722,HIGH_RELIABILITY,0.95,7212.5,6717.74,NET_BANKING,1,SUCCESS,,0
TXN_0007229,CUST_00722,HIGH_RELIABILITY,0.95,7212.5,5092.97,UPI,18,SUCCESS,,0
TXN_0007230,CUST_00722,HIGH_RELIABILITY,0.95,7212.5,9970.37,UPI,23,SUCCESS,,0
TXN_0007231,CUST_00722,HIGH_RELIABILITY,0.95,7212.5,10627.04,UPI,21,SUCCESS,,0
TXN_0007232,CUST_00722,HIGH_RELIABILITY,0.95,7212.5,3852.45,UPI,2,SUCCESS,,0
TXN_0007233,CUST_00723,MEDIUM_RELIABILITY,0.84,2182.92,1131.7,CARD,18,SUCCESS,,0
TXN_0007234,CUST_00723,MEDIUM_RELIABILITY,0.84,2182.92,2379.61,NET_BANKING,2,FAILED,TEMPORARY_BANK_ERROR,2
TXN_0007235,CUST_00723,MEDIUM_RELIABILITY,0.84,2182.92,2732.46,CARD,23,SUCCESS,,0
TXN_0007236,CUST_00723,MEDIUM_RELIABILITY,0.84,2182.92,1921.78,NET_BANKING,8,SUCCESS,,0
TXN_0007237,CUST_00723,MEDIUM_RELIABILITY,0.84,2182.92,2776.06,UPI,23,SUCCESS,,0
TXN_0007238,CUST_00723,MEDIUM_RELIABILITY,0.84,2182.92,1562.85,UPI,2,SUCCESS,,0
TXN_0007239,CUST_00723,MEDIUM_RELIABILITY,0.84,2182.92,336.44,NET_BANKING,13,SUCCESS,,0
TXN_0007240,CUST_00723,MEDIUM_RELIABILITY,0.84,2182.92,1812.78,CARD,8,SUCCESS,,0
TXN_0007241,CUST_00723,MEDIUM_RELIABILITY,0.84,2182.92,2238.13,CARD,13,SUCCESS,,0
TXN_0007242,CUST_00723,MEDIUM_RELIABILITY,0.84,2182.92,1942.07,CARD,12,SUCCESS,,0
TXN_0007243,CUST_00723,MEDIUM_RELIABILITY,0.84,2182.92,1171.26,UPI,19,FAILED,NETWORK_TIMEOUT,0
TXN_0007244,CUST_00723,MEDIUM_RELIABILITY,0.84,2182.92,597.55,UPI,19,SUCCESS,,0
TXN_0007245,CUST_00723,MEDIUM_RELIABILITY,0.84,2182.92,1734.03,UPI,20,SUCCESS,,0
TXN_0007246,CUST_00723,MEDIUM_RELIABILITY,0.84,2182.92,2966.72,UPI,5,SUCCESS,,0
TXN_0007247,CUST_00724,MEDIUM_RELIABILITY,0.8,8462.1,12714.13,UPI,5,SUCCESS,,0
TXN_0007248,CUST_00724,MEDIUM_RELIABILITY,0.8,8462.1,12482.32,UPI,13,SUCCESS,,0
TXN_0007249,CUST_00724,MEDIUM_RELIABILITY,0.8,8462.1,5700.38,NET_BANKING,10,SUCCESS,,0
TXN_0007250,CUST_00724,MEDIUM_RELIABILITY,0.8,8462.1,4556.99,CARD,7,SUCCESS,,0
TXN_0007251,CUST_00724,MEDIUM_RELIABILITY,0.8,8462.1,10143.13,UPI,4,FAILED,TEMPORARY_BANK_ERROR,0
TXN_0007252,CUST_00724,MEDIUM_RELIABILITY,0.8,8462.1,10611.81,NET_BANKING,17,SUCCESS,,0
TXN_0007253,CUST_00724,MEDIUM_RELIABILITY,0.8,8462.1,9816.61,UPI,15,SUCCESS,,0
TXN_0007254,CUST_00724,MEDIUM_RELIABILITY,0.8,8462.1,1644.82,NET_BANKING,6,SUCCESS,,0
TXN_0007255,CUST_00725,MEDIUM_RELIABILITY,0.86,6990.86,4566.75,UPI,23,SUCCESS,,0
TXN_0007256,CUST_00725,MEDIUM_RELIABILITY,0.86,6990.86,6907.84,UPI,8,SUCCESS,,0
TXN_0007257,CUST_00725,MEDIUM_RELIABILITY,0.86,6990.86,8353.29,NET_BANKING,4,FAILED,NETWORK_TIMEOUT,0
TXN_0007258,CUST_00725,MEDIUM_RELIABILITY,0.86,6990.86,9136.52,UPI,23,SUCCESS,,0
TXN_0007259,CUST_00725,MEDIUM_RELIABILITY,0.86,6990.86,7394.24,UPI,23,SUCCESS,,0
TXN_0007260,CUST_00725,MEDIUM_RELIABILITY,0.86,6990.86,7915.85,CARD,20,SUCCESS,,0
TXN_0007261,CUST_00726,HIGH_RELIABILITY,0.93,9649.86,9977.44,WALLET,17,SUCCESS,,0
TXN_0007262,CUST_00726,HIGH_RELIABILITY,0.93,9649.86,12296.31,CARD,13,SUCCESS,,0
TXN_0007263,CUST_00726,HIGH_RELIABILITY,0.93,9649.86,10857.5,WALLET,15,SUCCESS,,0
TXN_0007264,CUST_00726,HIGH_RELIABILITY,0.93,9649.86,9903.6,UPI,2,SUCCESS,,0
TXN_0007265,CUST_00726,HIGH_RELIABILITY,0.93,9649.86,8613.97,WALLET,2,SUCCESS,,0
TXN_0007266,CUST_00726,HIGH_RELIABILITY,0.93,9649.86,9963.64,UPI,4,SUCCESS,,0
TXN_0007267,CUST_00726,HIGH_RELIABILITY,0.93,9649.86,11520.36,UPI,8,SUCCESS,,0
TXN_0007268,CUST_00726,HIGH_RELIABILITY,0.93,9649.86,10682.3,WALLET,10,SUCCESS,,0
TXN_0007269,CUST_00726,HIGH_RELIABILITY,0.93,9649.86,11119.83,UPI,6,SUCCESS,,0
TXN_0007270,CUST_00726,HIGH_RELIABILITY,0.93,9649.86,14832.69,WALLET,17,SUCCESS,,0
TXN_0007271,CUST_00727,HIGH_RELIABILITY,0.98,8988.54,9941.91,CARD,15,SUCCESS,,0
TXN_0007272,CUST_00727,HIGH_RELIABILITY,0.98,8988.54,6655.12,UPI,19,SUCCESS,,0
TXN_0007273,CUST_00727,HIGH_RELIABILITY,0.98,8988.54,12165.47,UPI,18,SUCCESS,,0
TXN_0007274,CUST_00727,HIGH_RELIABILITY,0.98,8988.54,4076.49,CARD,21,SUCCESS,,0
TXN_0007275,CUST_00727,HIGH_RELIABILITY,0.98,8988.54,5100.41,UPI,5,SUCCESS,,0
TXN_0007276,CUST_00727,HIGH_RELIABILITY,0.98,8988.54,10196.05,CARD,12,SUCCESS,,0
TXN_0007277,CUST_00727,HIGH_RELIABILITY,0.98,8988.54,10845.2,NET_BANKING,3,SUCCESS,,0
TXN_0007278,CUST_00728,HIGH_RELIABILITY,0.88,14033.28,7044.42,NET_BANKING,5,SUCCESS,,0
TXN_0007279,CUST_00728,HIGH_RELIABILITY,0.88,14033.28,11884.41,UPI,3,SUCCESS,,0
TXN_0007280,CUST_00728,HIGH_RELIABILITY,0.88,14033.28,10631.14,UPI,18,FAILED,USER_ABANDONMENT,1
TXN_0007281,CUST_00728,HIGH_RELIABILITY,0.88,14033.28,11301.41,CARD,6,SUCCESS,,0
TXN_0007282,CUST_00728,HIGH_RELIABILITY,0.88,14033.28,19329.99,UPI,8,SUCCESS,,0
TXN_0007283,CUST_00728,HIGH_RELIABILITY,0.88,14033.28,17999.12,UPI,4,SUCCESS,,0
TXN_0007284,CUST_00728,HIGH_RELIABILITY,0.88,14033.28,13925.94,WALLET,5,SUCCESS,,0
TXN_0007285,CUST_00728,HIGH_RELIABILITY,0.88,14033.28,10968.63,UPI,22,SUCCESS,,0
TXN_0007286,CUST_00728,HIGH_RELIABILITY,0.88,14033.28,6457.28,UPI,14,SUCCESS,,0
TXN_0007287,CUST_00728,HIGH_RELIABILITY,0.88,14033.28,22005.22,UPI,1,SUCCESS,,0
TXN_0007288,CUST_00729,HIGH_RELIABILITY,0.96,10471.19,12951.24,UPI,16,SUCCESS,,0
TXN_0007289,CUST_00729,HIGH_RELIABILITY,0.96,10471.19,7511.32,CARD,6,SUCCESS,,0
TXN_0007290,CUST_00729,HIGH_RELIABILITY,0.96,10471.19,13485.22,WALLET,9,SUCCESS,,0
TXN_0007291,CUST_00729,HIGH_RELIABILITY,0.96,10471.19,10177.06,UPI,7,SUCCESS,,0
TXN_0007292,CUST_00729,HIGH_RELIABILITY,0.96,10471.19,9268.64,NET_BANKING,11,SUCCESS,,0
TXN_0007293,CUST_00729,HIGH_RELIABILITY,0.96,10471.19,12294.06,NET_BANKING,2,SUCCESS,,0
TXN_0007294,CUST_00730,MEDIUM_RELIABILITY,0.7,6759.41,4754.57,UPI,9,FAILED,NETWORK_TIMEOUT,0
TXN_0007295,CUST_00730,MEDIUM_RELIABILITY,0.7,6759.41,5829.97,CARD,3,SUCCESS,,0
TXN_0007296,CUST_00730,MEDIUM_RELIABILITY,0.7,6759.41,7087.81,CARD,23,SUCCESS,,0
TXN_0007297,CUST_00730,MEDIUM_RELIABILITY,0.7,6759.41,5409.01,CARD,9,SUCCESS,,0
TXN_0007298,CUST_00730,MEDIUM_RELIABILITY,0.7,6759.41,8568.46,UPI,14,SUCCESS,,0
TXN_0007299,CUST_00731,LOW_RELIABILITY,0.46,4628.38,8088.68,UPI,9,FAILED,USER_ABANDONMENT,0
TXN_0007300,CUST_00731,LOW_RELIABILITY,0.46,4628.38,3231.91,CARD,5,SUCCESS,,0
TXN_0007301,CUST_00731,LOW_RELIABILITY,0.46,4628.38,1545.65,UPI,13,SUCCESS,,0
TXN_0007302,CUST_00731,LOW_RELIABILITY,0.46,4628.38,922.45,NET_BANKING,19,FAILED,TEMPORARY_BANK_ERROR,0
TXN_0007303,CUST_00731,LOW_RELIABILITY,0.46,4628.38,4349.81,CARD,19,SUCCESS,,0
TXN_0007304,CUST_00731,LOW_RELIABILITY,0.46,4628.38,3400.63,NET_BANKING,0,FAILED,TEMPORARY_BANK_ERROR,1
TXN_0007305,CUST_00731,LOW_RELIABILITY,0.46,4628.38,5013.2,UPI,20,FAILED,INSUFFICIENT_FUNDS,0
TXN_0007306,CUST_00731,LOW_RELIABILITY,0.46,4628.38,4873.86,NET_BANKING,22,SUCCESS,,0
TXN_0007307,CUST_00731,LOW_RELIABILITY,0.46,4628.38,1660.26,CARD,5,SUCCESS,,0
TXN_0007308,CUST_00731,LOW_RELIABILITY,0.46,4628.38,1268.39,UPI,23,FAILED,INSUFFICIENT_FUNDS,0
TXN_0007309,CUST_00731,LOW_RELIABILITY,0.46,4628.38,5176.26,CARD,4,FAILED,TEMPORARY_BANK_ERROR,1
TXN_0007310,CUST_00732,HIGH_RELIABILITY,0.89,10209.83,10762.91,WALLET,12,SUCCESS,,0
TXN_0007311,CUST_00732,HIGH_RELIABILITY,0.89,10209.83,8470.82,NET_BANKING,19,SUCCESS,,0
TXN_0007312,CUST_00732,HIGH_RELIABILITY,0.89,10209.83,3442.17,UPI,4,FAILED,TEMPORARY_BANK_ERROR,0
TXN_0007313,CUST_00732,HIGH_RELIABILITY,0.89,10209.83,12134.96,CARD,22,FAILED,TEMPORARY_BANK_ERROR,0
TXN_0007314,CUST_00732,HIGH_RELIABILITY,0.89,10209.83,15404.18,UPI,21,SUCCESS,,0
TXN_0007315,CUST_00732,HIGH_RELIABILITY,0.89,10209.83,11345.09,CARD,20,SUCCESS,,0
TXN_0007316,CUST_00732,HIGH_RELIABILITY,0.89,10209.83,6748.8,UPI,4,SUCCESS,,0
TXN_0007317,CUST_00732,HIGH_RELIABILITY,0.89,10209.83,10391.78,CARD,22,SUCCESS,,0
TXN_0007318,CUST_00732,HIGH_RELIABILITY,0.89,10209.83,4630.71,UPI,1,SUCCESS,,0
TXN_0007319,CUST_00732,HIGH_RELIABILITY,0.89,10209.83,14530.47,CARD,8,SUCCESS,,0
TXN_0007320,CUST_00733,HIGH_RELIABILITY,0.99,1674.97,1729.8,CARD,4,SUCCESS,,0
TXN_0007321,CUST_00733,HIGH_RELIABILITY,0.99,1674.97,490.33,UPI,14,SUCCESS,,0
TXN_0007322,CUST_00733,HIGH_RELIABILITY,0.99,1674.97,1473.52,UPI,11,SUCCESS,,0
TXN_0007323,CUST_00733,HIGH_RELIABILITY,0.99,1674.97,1985.38,UPI,22,SUCCESS,,0
TXN_0007324,CUST_00733,HIGH_RELIABILITY,0.99,1674.97,1451.83,UPI,16,SUCCESS,,0
TXN_0007325,CUST_00733,HIGH_RELIABILITY,0.99,1674.97,1490.12,NET_BANKING,0,SUCCESS,,0
TXN_0007326,CUST_00733,HIGH_RELIABILITY,0.99,1674.97,854.64,UPI,20,SUCCESS,,0
TXN_0007327,CUST_00733,HIGH_RELIABILITY,0.99,1674.97,2054.55,UPI,12,SUCCESS,,0
TXN_0007328,CUST_00733,HIGH_RELIABILITY,0.99,1674.97,1240.5,CARD,5,SUCCESS,,0
TXN_0007329,CUST_00733,HIGH_RELIABILITY,0.99,1674.97,230.18,NET_BANKING,8,FAILED,AUTHENTICATION_FAILURE,1
TXN_0007330,CUST_00733,HIGH_RELIABILITY,0.99,1674.97,1426.23,NET_BANKING,8,SUCCESS,,0
TXN_0007331,CUST_00733,HIGH_RELIABILITY,0.99,1674.97,2332.33,NET_BANKING,22,SUCCESS,,0
TXN_0007332,CUST_00733,HIGH_RELIABILITY,0.99,1674.97,1415.73,WALLET,1,SUCCESS,,0
TXN_0007333,CUST_00733,HIGH_RELIABILITY,0.99,1674.97,2839.4,UPI,2,SUCCESS,,0
TXN_0007334,CUST_00734,HIGH_RELIABILITY,0.99,6696.71,7845.78,CARD,13,SUCCESS,,0
TXN_0007335,CUST_00734,HIGH_RELIABILITY,0.99,6696.71,7604.14,CARD,6,FAILED,TECHNICAL_ERROR,0
TXN_0007336,CUST_00734,HIGH_RELIABILITY,0.99,6696.71,6352.77,NET_BANKING,13,SUCCESS,,0
TXN_0007337,CUST_00734,HIGH_RELIABILITY,0.99,6696.71,6513.79,UPI,17,SUCCESS,,0
TXN_0007338,CUST_00734,HIGH_RELIABILITY,0.99,6696.71,5991.08,CARD,16,SUCCESS,,0
TXN_0007339,CUST_00734,HIGH_RELIABILITY,0.99,6696.71,5887.03,NET_BANKING,11,SUCCESS,,0
TXN_0007340,CUST_00734,HIGH_RELIABILITY,0.99,6696.71,8118.74,WALLET,19,SUCCESS,,0
TXN_0007341,CUST_00734,HIGH_RELIABILITY,0.99,6696.71,4189.91,UPI,6,SUCCESS,,0
TXN_0007342,CUST_00734,HIGH_RELIABILITY,0.99,6696.71,3814.73,WALLET,13,SUCCESS,,0
TXN_0007343,CUST_00734,HIGH_RELIABILITY,0.99,6696.71,3688.03,NET_BANKING,4,SUCCESS,,0
TXN_0007344,CUST_00734,HIGH_RELIABILITY,0.99,6696.71,12176.37,UPI,2,SUCCESS,,0
TXN_0007345,CUST_00734,HIGH_RELIABILITY,0.99,6696.71,8117.33,NET_BANKING,6,SUCCESS,,0
TXN_0007346,CUST_00734,HIGH_RELIABILITY,0.99,6696.71,7512.35,UPI,8,SUCCESS,,0
TXN_0007347,CUST_00734,HIGH_RELIABILITY,0.99,6696.71,3863.96,CARD,21,SUCCESS,,0
TXN_0007348,CUST_00735,HIGH_RELIABILITY,0.98,11953.4,14933.82,NET_BANKING,19,FAILED,INSUFFICIENT_FUNDS,0
TXN_0007349,CUST_00735,HIGH_RELIABILITY,0.98,11953.4,11396.03,UPI,23,SUCCESS,,0
TXN_0007350,CUST_00735,HIGH_RELIABILITY,0.98,11953.4,12977.42,NET_BANKING,16,SUCCESS,,0
TXN_0007351,CUST_00735,HIGH_RELIABILITY,0.98,11953.4,7283.83,WALLET,10,SUCCESS,,0
TXN_0007352,CUST_00735,HIGH_RELIABILITY,0.98,11953.4,12719.7,CARD,22,SUCCESS,,0
TXN_0007353,CUST_00735,HIGH_RELIABILITY,0.98,11953.4,9926.9,UPI,18,SUCCESS,,0
TXN_0007354,CUST_00736,MEDIUM_RELIABILITY,0.77,7515.27,5213.76,UPI,18,SUCCESS,,0
TXN_0007355,CUST_00736,MEDIUM_RELIABILITY,0.77,7515.27,9722.07,WALLET,7,SUCCESS,,0
TXN_0007356,CUST_00736,MEDIUM_RELIABILITY,0.77,7515.27,2892.75,UPI,7,SUCCESS,,0
TXN_0007357,CUST_00736,MEDIUM_RELIABILITY,0.77,7515.27,9213.05,NET_BANKING,23,SUCCESS,,0
TXN_0007358,CUST_00736,MEDIUM_RELIABILITY,0.77,7515.27,9572.91,UPI,1,SUCCESS,,0
TXN_0007359,CUST_00736,MEDIUM_RELIABILITY,0.77,7515.27,4870.97,UPI,7,FAILED,AUTHENTICATION_FAILURE,0
TXN_0007360,CUST_00737,MEDIUM_RELIABILITY,0.84,4339.33,2915.46,UPI,16,SUCCESS,,0
TXN_0007361,CUST_00737,MEDIUM_RELIABILITY,0.84,4339.33,3952.22,UPI,20,SUCCESS,,0
TXN_0007362,CUST_00737,MEDIUM_RELIABILITY,0.84,4339.33,4828.87,NET_BANKING,10,SUCCESS,,0
TXN_0007363,CUST_00737,MEDIUM_RELIABILITY,0.84,4339.33,4074.01,CARD,18,SUCCESS,,0
TXN_0007364,CUST_00737,MEDIUM_RELIABILITY,0.84,4339.33,5091.88,UPI,21,SUCCESS,,0
TXN_0007365,CUST_00737,MEDIUM_RELIABILITY,0.84,4339.33,7399.39,CARD,5,SUCCESS,,0
TXN_0007366,CUST_00737,MEDIUM_RELIABILITY,0.84,4339.33,3458.07,UPI,5,SUCCESS,,0
TXN_0007367,CUST_00737,MEDIUM_RELIABILITY,0.84,4339.33,1362.24,WALLET,3,SUCCESS,,0
TXN_0007368,CUST_00737,MEDIUM_RELIABILITY,0.84,4339.33,5772.91,UPI,11,SUCCESS,,0
TXN_0007369,CUST_00737,MEDIUM_RELIABILITY,0.84,4339.33,7261.11,UPI,16,SUCCESS,,0
TXN_0007370,CUST_00737,MEDIUM_RELIABILITY,0.84,4339.33,5021.07,UPI,23,SUCCESS,,0
TXN_0007371,CUST_00737,MEDIUM_RELIABILITY,0.84,4339.33,2451.29,WALLET,13,SUCCESS,,0
TXN_0007372,CUST_00737,MEDIUM_RELIABILITY,0.84,4339.33,4124.29,UPI,15,SUCCESS,,0
TXN_0007373,CUST_00738,MEDIUM_RELIABILITY,0.72,6842.14,3780.9,WALLET,8,SUCCESS,,0
TXN_0007374,CUST_00738,MEDIUM_RELIABILITY,0.72,6842.14,8601.54,CARD,15,SUCCESS,,0
TXN_0007375,CUST_00738,MEDIUM_RELIABILITY,0.72,6842.14,3143.85,CARD,18,SUCCESS,,0
TXN_0007376,CUST_00738,MEDIUM_RELIABILITY,0.72,6842.14,6020.73,CARD,10,FAILED,TEMPORARY_BANK_ERROR,1
TXN_0007377,CUST_00738,MEDIUM_RELIABILITY,0.72,6842.14,4093.41,UPI,15,SUCCESS,,0
TXN_0007378,CUST_00738,MEDIUM_RELIABILITY,0.72,6842.14,7189.24,UPI,22,SUCCESS,,0
TXN_0007379,CUST_00738,MEDIUM_RELIABILITY,0.72,6842.14,5839.52,CARD,16,SUCCESS,,0
TXN_0007380,CUST_00738,MEDIUM_RELIABILITY,0.72,6842.14,7325.91,CARD,17,SUCCESS,,0
TXN_0007381,CUST_00738,MEDIUM_RELIABILITY,0.72,6842.14,6903.31,WALLET,2,SUCCESS,,0
TXN_0007382,CUST_00738,MEDIUM_RELIABILITY,0.72,6842.14,4141.8,UPI,20,SUCCESS,,0
TXN_0007383,CUST_00738,MEDIUM_RELIABILITY,0.72,6842.14,8557.81,CARD,21,SUCCESS,,0
TXN_0007384,CUST_00738,MEDIUM_RELIABILITY,0.72,6842.14,6708.68,WALLET,13,SUCCESS,,0
TXN_0007385,CUST_00738,MEDIUM_RELIABILITY,0.72,6842.14,4136.68,NET_BANKING,23,SUCCESS,,0
TXN_0007386,CUST_00738,MEDIUM_RELIABILITY,0.72,6842.14,12975.23,NET_BANKING,19,SUCCESS,,0
TXN_0007387,CUST_00739,MEDIUM_RELIABILITY,0.83,7741.71,9217.06,UPI,8,SUCCESS,,0
TXN_0007388,CUST_00739,MEDIUM_RELIABILITY,0.83,7741.71,7267.11,UPI,10,FAILED,NETWORK_TIMEOUT,1
TXN_0007389,CUST_00739,MEDIUM_RELIABILITY,0.83,7741.71,12124.15,UPI,3,SUCCESS,,0
TXN_0007390,CUST_00739,MEDIUM_RELIABILITY,0.83,7741.71,13445.23,UPI,19,SUCCESS,,0
TXN_0007391,CUST_00739,MEDIUM_RELIABILITY,0.83,7741.71,7291.61,WALLET,0,SUCCESS,,0
TXN_0007392,CUST_00739,MEDIUM_RELIABILITY,0.83,7741.71,8817.49,UPI,6,SUCCESS,,0
TXN_0007393,CUST_00739,MEDIUM_RELIABILITY,0.83,7741.71,4682.18,CARD,5,FAILED,TEMPORARY_BANK_ERROR,1
TXN_0007394,CUST_00739,MEDIUM_RELIABILITY,0.83,7741.71,7285.9,NET_BANKING,2,SUCCESS,,0
TXN_0007395,CUST_00739,MEDIUM_RELIABILITY,0.83,7741.71,7125.28,UPI,15,SUCCESS,,0
TXN_0007396,CUST_00740,HIGH_RELIABILITY,0.97,7098.17,7622.94,UPI,8,SUCCESS,,0
TXN_0007397,CUST_00740,HIGH_RELIABILITY,0.97,7098.17,8042.97,CARD,17,SUCCESS,,0
TXN_0007398,CUST_00740,HIGH_RELIABILITY,0.97,7098.17,8687.67,UPI,21,SUCCESS,,0
TXN_0007399,CUST_00740,HIGH_RELIABILITY,0.97,7098.17,7772.9,CARD,13,SUCCESS,,0
TXN_0007400,CUST_00740,HIGH_RELIABILITY,0.97,7098.17,3660.55,CARD,16,SUCCESS,,0
TXN_0007401,CUST_00740,HIGH_RELIABILITY,0.97,7098.17,4433.61,UPI,22,SUCCESS,,0
TXN_0007402,CUST_00740,HIGH_RELIABILITY,0.97,7098.17,5546.77,UPI,20,SUCCESS,,0
TXN_0007403,CUST_00741,HIGH_RELIABILITY,0.97,2682.93,2380.04,UPI,6,SUCCESS,,0
TXN_0007404,CUST_00741,HIGH_RELIABILITY,0.97,2682.93,3810.59,UPI,0,SUCCESS,,0
TXN_0007405,CUST_00741,HIGH_RELIABILITY,0.97,2682.93,1434.9,NET_BANKING,7,SUCCESS,,0
TXN_0007406,CUST_00741,HIGH_RELIABILITY,0.97,2682.93,2299.36,UPI,16,SUCCESS,,0
TXN_0007407,CUST_00741,HIGH_RELIABILITY,0.97,2682.93,3705.67,WALLET,15,SUCCESS,,0
TXN_0007408,CUST_00742,HIGH_RELIABILITY,0.94,1080.62,951.0,UPI,8,SUCCESS,,0
TXN_0007409,CUST_00742,HIGH_RELIABILITY,0.94,1080.62,1279.63,UPI,7,SUCCESS,,0
TXN_0007410,CUST_00742,HIGH_RELIABILITY,0.94,1080.62,1020.3,NET_BANKING,1,SUCCESS,,0
TXN_0007411,CUST_00742,HIGH_RELIABILITY,0.94,1080.62,1191.61,UPI,8,SUCCESS,,0
TXN_0007412,CUST_00742,HIGH_RELIABILITY,0.94,1080.62,981.86,NET_BANKING,12,SUCCESS,,0
TXN_0007413,CUST_00742,HIGH_RELIABILITY,0.94,1080.62,1368.96,UPI,4,FAILED,NETWORK_TIMEOUT,0
TXN_0007414,CUST_00742,HIGH_RELIABILITY,0.94,1080.62,412.77,WALLET,9,SUCCESS,,0
TXN_0007415,CUST_00742,HIGH_RELIABILITY,0.94,1080.62,923.58,UPI,19,SUCCESS,,0
TXN_0007416,CUST_00742,HIGH_RELIABILITY,0.94,1080.62,1208.81,CARD,11,SUCCESS,,0
TXN_0007417,CUST_00742,HIGH_RELIABILITY,0.94,1080.62,1311.31,CARD,21,SUCCESS,,0
TXN_0007418,CUST_00743,MEDIUM_RELIABILITY,0.72,3981.38,6358.98,UPI,1,FAILED,TEMPORARY_BANK_ERROR,2
TXN_0007419,CUST_00743,MEDIUM_RELIABILITY,0.72,3981.38,3358.65,UPI,10,SUCCESS,,0
TXN_0007420,CUST_00743,MEDIUM_RELIABILITY,0.72,3981.38,6337.53,NET_BANKING,20,SUCCESS,,0
TXN_0007421,CUST_00743,MEDIUM_RELIABILITY,0.72,3981.38,2931.85,UPI,7,SUCCESS,,0
TXN_0007422,CUST_00743,MEDIUM_RELIABILITY,0.72,3981.38,6097.32,CARD,14,SUCCESS,,0
TXN_0007423,CUST_00743,MEDIUM_RELIABILITY,0.72,3981.38,5283.24,UPI,4,FAILED,TEMPORARY_BANK_ERROR,0
TXN_0007424,CUST_00743,MEDIUM_RELIABILITY,0.72,3981.38,2526.65,UPI,19,SUCCESS,,0
TXN_0007425,CUST_00743,MEDIUM_RELIABILITY,0.72,3981.38,4470.36,CARD,16,FAILED,AUTHENTICATION_FAILURE,0
TXN_0007426,CUST_00743,MEDIUM_RELIABILITY,0.72,3981.38,3899.78,CARD,0,SUCCESS,,0
TXN_0007427,CUST_00743,MEDIUM_RELIABILITY,0.72,3981.38,4977.66,NET_BANKING,2,SUCCESS,,0
TXN_0007428,CUST_00743,MEDIUM_RELIABILITY,0.72,3981.38,3625.81,NET_BANKING,22,SUCCESS,,0
TXN_0007429,CUST_00743,MEDIUM_RELIABILITY,0.72,3981.38,3492.07,UPI,16,FAILED,NETWORK_TIMEOUT,0
TXN_0007430,CUST_00743,MEDIUM_RELIABILITY,0.72,3981.38,6161.73,UPI,21,SUCCESS,,0
TXN_0007431,CUST_00744,MEDIUM_RELIABILITY,0.74,7106.94,6826.3,UPI,9,SUCCESS,,0
TXN_0007432,CUST_00744,MEDIUM_RELIABILITY,0.74,7106.94,9456.27,UPI,6,SUCCESS,,0
TXN_0007433,CUST_00744,MEDIUM_RELIABILITY,0.74,7106.94,6466.32,UPI,8,SUCCESS,,0
TXN_0007434,CUST_00744,MEDIUM_RELIABILITY,0.74,7106.94,11844.89,UPI,21,SUCCESS,,0
TXN_0007435,CUST_00744,MEDIUM_RELIABILITY,0.74,7106.94,5178.59,CARD,20,SUCCESS,,0
TXN_0007436,CUST_00744,MEDIUM_RELIABILITY,0.74,7106.94,5361.07,CARD,8,SUCCESS,,0
TXN_0007437,CUST_00744,MEDIUM_RELIABILITY,0.74,7106.94,11440.8,UPI,12,SUCCESS,,0
TXN_0007438,CUST_00744,MEDIUM_RELIABILITY,0.74,7106.94,5842.06,CARD,1,SUCCESS,,0
TXN_0007439,CUST_00744,MEDIUM_RELIABILITY,0.74,7106.94,11658.44,UPI,9,SUCCESS,,0
TXN_0007440,CUST_00745,MEDIUM_RELIABILITY,0.74,4762.59,6461.58,CARD,22,FAILED,USER_ABANDONMENT,0
TXN_0007441,CUST_00745,MEDIUM_RELIABILITY,0.74,4762.59,4467.98,NET_BANKING,17,SUCCESS,,0
TXN_0007442,CUST_00745,MEDIUM_RELIABILITY,0.74,4762.59,1308.2,CARD,10,SUCCESS,,0
TXN_0007443,CUST_00745,MEDIUM_RELIABILITY,0.74,4762.59,4725.79,NET_BANKING,5,SUCCESS,,0
TXN_0007444,CUST_00745,MEDIUM_RELIABILITY,0.74,4762.59,4956.2,CARD,18,FAILED,INSUFFICIENT_FUNDS,2
TXN_0007445,CUST_00745,MEDIUM_RELIABILITY,0.74,4762.59,6986.18,CARD,22,FAILED,USER_ABANDONMENT,0
TXN_0007446,CUST_00745,MEDIUM_RELIABILITY,0.74,4762.59,7788.64,UPI,14,SUCCESS,,0
TXN_0007447,CUST_00745,MEDIUM_RELIABILITY,0.74,4762.59,3457.66,WALLET,21,FAILED,TEMPORARY_BANK_ERROR,0
TXN_0007448,CUST_00745,MEDIUM_RELIABILITY,0.74,4762.59,6288.87,UPI,14,SUCCESS,,0
TXN_0007449,CUST_00746,MEDIUM_RELIABILITY,0.7,4045.89,5284.58,CARD,8,FAILED,TEMPORARY_BANK_ERROR,2
TXN_0007450,CUST_00746,MEDIUM_RELIABILITY,0.7,4045.89,5783.05,UPI,17,SUCCESS,,0
TXN_0007451,CUST_00746,MEDIUM_RELIABILITY,0.7,4045.89,4852.95,UPI,11,SUCCESS,,0
TXN_0007452,CUST_00746,MEDIUM_RELIABILITY,0.7,4045.89,902.24,CARD,12,FAILED,TEMPORARY_BANK_ERROR,0
TXN_0007453,CUST_00746,MEDIUM_RELIABILITY,0.7,4045.89,3794.36,WALLET,20,SUCCESS,,0
TXN_0007454,CUST_00746,MEDIUM_RELIABILITY,0.7,4045.89,2175.54,UPI,17,SUCCESS,,0
TXN_0007455,CUST_00746,MEDIUM_RELIABILITY,0.7,4045.89,3718.0,CARD,14,FAILED,AUTHENTICATION_FAILURE,0
TXN_0007456,CUST_00746,MEDIUM_RELIABILITY,0.7,4045.89,5631.89,NET_BANKING,17,SUCCESS,,0
TXN_0007457,CUST_00746,MEDIUM_RELIABILITY,0.7,4045.89,4539.73,UPI,17,FAILED,USER_ABANDONMENT,1
TXN_0007458,CUST_00747,HIGH_RELIABILITY,0.9,2024.74,2954.57,CARD,19,SUCCESS,,0
TXN_0007459,CUST_00747,HIGH_RELIABILITY,0.9,2024.74,2301.53,CARD,16,FAILED,NETWORK_TIMEOUT,0
TXN_0007460,CUST_00747,HIGH_RELIABILITY,0.9,2024.74,973.23,NET_BANKING,16,SUCCESS,,0
TXN_0007461,CUST_00747,HIGH_RELIABILITY,0.9,2024.74,100.0,UPI,20,SUCCESS,,0
TXN_0007462,CUST_00747,HIGH_RELIABILITY,0.9,2024.74,2145.26,UPI,5,SUCCESS,,0
TXN_0007463,CUST_00747,HIGH_RELIABILITY,0.9,2024.74,1851.48,CARD,20,SUCCESS,,0
TXN_0007464,CUST_00747,HIGH_RELIABILITY,0.9,2024.74,1233.52,CARD,14,FAILED,TEMPORARY_BANK_ERROR,0
TXN_0007465,CUST_00747,HIGH_RELIABILITY,0.9,2024.74,647.41,UPI,18,SUCCESS,,0
TXN_0007466,CUST_00747,HIGH_RELIABILITY,0.9,2024.74,1429.67,UPI,22,FAILED,AUTHENTICATION_FAILURE,0
TXN_0007467,CUST_00747,HIGH_RELIABILITY,0.9,2024.74,1867.22,CARD,23,SUCCESS,,0
TXN_0007468,CUST_00748,HIGH_RELIABILITY,0.95,10354.98,13113.04,WALLET,3,SUCCESS,,0
TXN_0007469,CUST_00748,HIGH_RELIABILITY,0.95,10354.98,11136.29,CARD,18,SUCCESS,,0
TXN_0007470,CUST_00748,HIGH_RELIABILITY,0.95,10354.98,17015.58,UPI,22,SUCCESS,,0
TXN_0007471,CUST_00748,HIGH_RELIABILITY,0.95,10354.98,6065.52,WALLET,11,SUCCESS,,0
TXN_0007472,CUST_00748,HIGH_RELIABILITY,0.95,10354.98,14004.32,UPI,3,SUCCESS,,0
TXN_0007473,CUST_00748,HIGH_RELIABILITY,0.95,10354.98,10550.89,UPI,12,SUCCESS,,0
TXN_0007474,CUST_00748,HIGH_RELIABILITY,0.95,10354.98,13232.29,UPI,11,SUCCESS,,0
TXN_0007475,CUST_00748,HIGH_RELIABILITY,0.95,10354.98,8546.94,UPI,1,SUCCESS,,0
TXN_0007476,CUST_00749,MEDIUM_RELIABILITY,0.79,4903.19,7005.05,CARD,12,SUCCESS,,0
TXN_0007477,CUST_00749,MEDIUM_RELIABILITY,0.79,4903.19,5482.21,NET_BANKING,8,SUCCESS,,0
TXN_0007478,CUST_00749,MEDIUM_RELIABILITY,0.79,4903.19,3570.61,CARD,13,SUCCESS,,0
TXN_0007479,CUST_00749,MEDIUM_RELIABILITY,0.79,4903.19,4879.61,UPI,16,SUCCESS,,0
TXN_0007480,CUST_00749,MEDIUM_RELIABILITY,0.79,4903.19,4433.35,CARD,12,SUCCESS,,0
TXN_0007481,CUST_00749,MEDIUM_RELIABILITY,0.79,4903.19,5862.6,UPI,23,SUCCESS,,0
TXN_0007482,CUST_00749,MEDIUM_RELIABILITY,0.79,4903.19,2589.32,CARD,7,SUCCESS,,0
TXN_0007483,CUST_00749,MEDIUM_RELIABILITY,0.79,4903.19,4845.62,NET_BANKING,18,SUCCESS,,0
TXN_0007484,CUST_00749,MEDIUM_RELIABILITY,0.79,4903.19,5678.5,UPI,7,SUCCESS,,0
TXN_0007485,CUST_00749,MEDIUM_RELIABILITY,0.79,4903.19,4967.96,UPI,13,SUCCESS,,0
TXN_0007486,CUST_00749,MEDIUM_RELIABILITY,0.79,4903.19,7544.91,UPI,21,SUCCESS,,0
TXN_0007487,CUST_00749,MEDIUM_RELIABILITY,0.79,4903.19,6421.26,CARD,19,SUCCESS,,0
TXN_0007488,CUST_00750,MEDIUM_RELIABILITY,0.73,8701.67,8675.63,UPI,4,FAILED,INSUFFICIENT_FUNDS,0
TXN_0007489,CUST_00750,MEDIUM_RELIABILITY,0.73,8701.67,9455.89,UPI,6,FAILED,NETWORK_TIMEOUT,0
TXN_0007490,CUST_00750,MEDIUM_RELIABILITY,0.73,8701.67,9730.78,UPI,0,FAILED,TEMPORARY_BANK_ERROR,1
TXN_0007491,CUST_00750,MEDIUM_RELIABILITY,0.73,8701.67,10105.42,WALLET,9,FAILED,INSUFFICIENT_FUNDS,3
TXN_0007492,CUST_00750,MEDIUM_RELIABILITY,0.73,8701.67,2347.16,UPI,12,SUCCESS,,0
TXN_0007493,CUST_00750,MEDIUM_RELIABILITY,0.73,8701.67,7652.16,WALLET,10,SUCCESS,,0
TXN_0007494,CUST_00750,MEDIUM_RELIABILITY,0.73,8701.67,3534.83,NET_BANKING,18,SUCCESS,,0
TXN_0007495,CUST_00750,MEDIUM_RELIABILITY,0.73,8701.67,13150.94,NET_BANKING,2,SUCCESS,,0
TXN_0007496,CUST_00750,MEDIUM_RELIABILITY,0.73,8701.67,8489.87,UPI,0,FAILED,USER_ABANDONMENT,3
TXN_0007497,CUST_00750,MEDIUM_RELIABILITY,0.73,8701.67,8028.71,CARD,21,FAILED,INSUFFICIENT_FUNDS,1
TXN_0007498,CUST_00750,MEDIUM_RELIABILITY,0.73,8701.67,11823.12,NET_BANKING,20,SUCCESS,,0
TXN_0007499,CUST_00750,MEDIUM_RELIABILITY,0.73,8701.67,10171.64,UPI,4,SUCCESS,,0
TXN_0007500,CUST_00751,MEDIUM_RELIABILITY,0.76,5052.23,2771.38,CARD,10,FAILED,TECHNICAL_ERROR,0
TXN_0007501,CUST_00751,MEDIUM_RELIABILITY,0.76,5052.23,4908.94,NET_BANKING,15,SUCCESS,,0
TXN_0007502,CUST_00751,MEDIUM_RELIABILITY,0.76,5052.23,4374.89,WALLET,22,SUCCESS,,0
TXN_0007503,CUST_00751,MEDIUM_RELIABILITY,0.76,5052.23,1526.72,UPI,16,SUCCESS,,0
TXN_0007504,CUST_00751,MEDIUM_RELIABILITY,0.76,5052.23,3657.26,CARD,13,SUCCESS,,0
TXN_0007505,CUST_00752,LOW_RELIABILITY,0.36,2520.49,2335.45,UPI,4,SUCCESS,,0
TXN_0007506,CUST_00752,LOW_RELIABILITY,0.36,2520.49,2404.6,WALLET,5,FAILED,INSUFFICIENT_FUNDS,0
TXN_0007507,CUST_00752,LOW_RELIABILITY,0.36,2520.49,1026.11,NET_BANKING,12,FAILED,TEMPORARY_BANK_ERROR,0
TXN_0007508,CUST_00752,LOW_RELIABILITY,0.36,2520.49,3681.59,CARD,18,SUCCESS,,0
TXN_0007509,CUST_00752,LOW_RELIABILITY,0.36,2520.49,2417.55,UPI,10,SUCCESS,,0
TXN_0007510,CUST_00752,LOW_RELIABILITY,0.36,2520.49,2558.35,NET_BANKING,12,SUCCESS,,0
TXN_0007511,CUST_00753,LOW_RELIABILITY,0.46,2911.99,3378.66,CARD,8,SUCCESS,,0
TXN_0007512,CUST_00753,LOW_RELIABILITY,0.46,2911.99,1994.04,UPI,11,SUCCESS,,0
TXN_0007513,CUST_00753,LOW_RELIABILITY,0.46,2911.99,3443.55,UPI,21,SUCCESS,,0
TXN_0007514,CUST_00753,LOW_RELIABILITY,0.46,2911.99,2484.42,UPI,2,FAILED,TEMPORARY_BANK_ERROR,1
TXN_0007515,CUST_00753,LOW_RELIABILITY,0.46,2911.99,1867.65,CARD,22,FAILED,TEMPORARY_BANK_ERROR,2
TXN_0007516,CUST_00753,LOW_RELIABILITY,0.46,2911.99,3579.94,UPI,0,SUCCESS,,0
TXN_0007517,CUST_00753,LOW_RELIABILITY,0.46,2911.99,4649.49,UPI,6,SUCCESS,,0
TXN_0007518,CUST_00753,LOW_RELIABILITY,0.46,2911.99,3756.27,CARD,17,FAILED,INSUFFICIENT_FUNDS,0
TXN_0007519,CUST_00753,LOW_RELIABILITY,0.46,2911.99,3987.07,WALLET,13,FAILED,AUTHENTICATION_FAILURE,0
TXN_0007520,CUST_00753,LOW_RELIABILITY,0.46,2911.99,2305.56,NET_BANKING,15,SUCCESS,,0
TXN_0007521,CUST_00754,MEDIUM_RELIABILITY,0.78,5569.22,2010.22,UPI,4,FAILED,TECHNICAL_ERROR,0
TXN_0007522,CUST_00754,MEDIUM_RELIABILITY,0.78,5569.22,8888.78,CARD,6,FAILED,NETWORK_TIMEOUT,0
TXN_0007523,CUST_00754,MEDIUM_RELIABILITY,0.78,5569.22,10146.04,UPI,5,SUCCESS,,0
TXN_0007524,CUST_00754,MEDIUM_RELIABILITY,0.78,5569.22,9006.11,CARD,12,FAILED,TEMPORARY_BANK_ERROR,0
TXN_0007525,CUST_00754,MEDIUM_RELIABILITY,0.78,5569.22,4821.19,NET_BANKING,9,SUCCESS,,0
TXN_0007526,CUST_00754,MEDIUM_RELIABILITY,0.78,5569.22,2997.05,CARD,23,SUCCESS,,0
TXN_0007527,CUST_00754,MEDIUM_RELIABILITY,0.78,5569.22,3195.21,WALLET,21,SUCCESS,,0
TXN_0007528,CUST_00754,MEDIUM_RELIABILITY,0.78,5569.22,1818.39,UPI,17,SUCCESS,,0
TXN_0007529,CUST_00754,MEDIUM_RELIABILITY,0.78,5569.22,5330.01,CARD,4,SUCCESS,,0
TXN_0007530,CUST_00755,MEDIUM_RELIABILITY,0.78,7766.39,12754.52,UPI,13,SUCCESS,,0
TXN_0007531,CUST_00755,MEDIUM_RELIABILITY,0.78,7766.39,7326.31,CARD,2,SUCCESS,,0
TXN_0007532,CUST_00755,MEDIUM_RELIABILITY,0.78,7766.39,8705.57,UPI,3,SUCCESS,,0
TXN_0007533,CUST_00755,MEDIUM_RELIABILITY,0.78,7766.39,12039.76,UPI,17,SUCCESS,,0
TXN_0007534,CUST_00755,MEDIUM_RELIABILITY,0.78,7766.39,6511.05,CARD,17,FAILED,NETWORK_TIMEOUT,0
TXN_0007535,CUST_00755,MEDIUM_RELIABILITY,0.78,7766.39,14089.88,NET_BANKING,7,FAILED,USER_ABANDONMENT,1
TXN_0007536,CUST_00755,MEDIUM_RELIABILITY,0.78,7766.39,13954.94,UPI,9,SUCCESS,,0
TXN_0007537,CUST_00755,MEDIUM_RELIABILITY,0.78,7766.39,7359.09,NET_BANKING,8,SUCCESS,,0
TXN_0007538,CUST_00755,MEDIUM_RELIABILITY,0.78,7766.39,5972.25,CARD,3,SUCCESS,,0
TXN_0007539,CUST_00755,MEDIUM_RELIABILITY,0.78,7766.39,9932.4,UPI,1,SUCCESS,,0
TXN_0007540,CUST_00756,HIGH_RELIABILITY,0.97,11053.72,9517.14,NET_BANKING,19,SUCCESS,,0
TXN_0007541,CUST_00756,HIGH_RELIABILITY,0.97,11053.72,5940.02,UPI,8,SUCCESS,,0
TXN_0007542,CUST_00756,HIGH_RELIABILITY,0.97,11053.72,16718.7,CARD,18,SUCCESS,,0
TXN_0007543,CUST_00756,HIGH_RELIABILITY,0.97,11053.72,16432.23,NET_BANKING,20,FAILED,NETWORK_TIMEOUT,0
TXN_0007544,CUST_00756,HIGH_RELIABILITY,0.97,11053.72,11741.31,CARD,3,SUCCESS,,0
TXN_0007545,CUST_00756,HIGH_RELIABILITY,0.97,11053.72,5469.98,CARD,21,FAILED,INSUFFICIENT_FUNDS,1
TXN_0007546,CUST_00756,HIGH_RELIABILITY,0.97,11053.72,5617.38,UPI,18,SUCCESS,,0
TXN_0007547,CUST_00756,HIGH_RELIABILITY,0.97,11053.72,11527.83,UPI,17,SUCCESS,,0
TXN_0007548,CUST_00756,HIGH_RELIABILITY,0.97,11053.72,8843.55,UPI,0,SUCCESS,,0
TXN_0007549,CUST_00756,HIGH_RELIABILITY,0.97,11053.72,9545.58,UPI,10,SUCCESS,,0
TXN_0007550,CUST_00756,HIGH_RELIABILITY,0.97,11053.72,15572.32,UPI,7,SUCCESS,,0
TXN_0007551,CUST_00756,HIGH_RELIABILITY,0.97,11053.72,14295.46,UPI,4,SUCCESS,,0
TXN_0007552,CUST_00756,HIGH_RELIABILITY,0.97,11053.72,17147.16,UPI,5,SUCCESS,,0
TXN_0007553,CUST_00756,HIGH_RELIABILITY,0.97,11053.72,6673.69,UPI,5,SUCCESS,,0
TXN_0007554,CUST_00756,HIGH_RELIABILITY,0.97,11053.72,9536.3,CARD,0,SUCCESS,,0
TXN_0007555,CUST_00757,MEDIUM_RELIABILITY,0.86,673.21,877.59,CARD,8,SUCCESS,,0
TXN_0007556,CUST_00757,MEDIUM_RELIABILITY,0.86,673.21,793.87,UPI,19,SUCCESS,,0
TXN_0007557,CUST_00757,MEDIUM_RELIABILITY,0.86,673.21,1085.86,NET_BANKING,11,SUCCESS,,0
TXN_0007558,CUST_00757,MEDIUM_RELIABILITY,0.86,673.21,786.45,NET_BANKING,9,SUCCESS,,0
TXN_0007559,CUST_00757,MEDIUM_RELIABILITY,0.86,673.21,1170.88,NET_BANKING,20,FAILED,NETWORK_TIMEOUT,0
TXN_0007560,CUST_00757,MEDIUM_RELIABILITY,0.86,673.21,818.63,NET_BANKING,10,SUCCESS,,0
TXN_0007561,CUST_00757,MEDIUM_RELIABILITY,0.86,673.21,959.23,CARD,10,SUCCESS,,0
TXN_0007562,CUST_00757,MEDIUM_RELIABILITY,0.86,673.21,586.09,UPI,6,SUCCESS,,0
TXN_0007563,CUST_00757,MEDIUM_RELIABILITY,0.86,673.21,677.06,CARD,3,FAILED,TEMPORARY_BANK_ERROR,0
TXN_0007564,CUST_00757,MEDIUM_RELIABILITY,0.86,673.21,918.51,UPI,2,SUCCESS,,0
TXN_0007565,CUST_00757,MEDIUM_RELIABILITY,0.86,673.21,1107.56,CARD,6,FAILED,NETWORK_TIMEOUT,0
TXN_0007566,CUST_00757,MEDIUM_RELIABILITY,0.86,673.21,869.58,CARD,22,SUCCESS,,0
TXN_0007567,CUST_00757,MEDIUM_RELIABILITY,0.86,673.21,650.81,CARD,7,SUCCESS,,0
TXN_0007568,CUST_00758,LOW_RELIABILITY,0.41,251.43,389.95,CARD,15,SUCCESS,,0
TXN_0007569,CUST_00758,LOW_RELIABILITY,0.41,251.43,100.0,UPI,15,SUCCESS,,0
TXN_0007570,CUST_00758,LOW_RELIABILITY,0.41,251.43,108.39,UPI,11,FAILED,NETWORK_TIMEOUT,0
TXN_0007571,CUST_00758,LOW_RELIABILITY,0.41,251.43,319.98,CARD,2,FAILED,TECHNICAL_ERROR,1
TXN_0007572,CUST_00758,LOW_RELIABILITY,0.41,251.43,252.85,UPI,2,SUCCESS,,0
TXN_0007573,CUST_00758,LOW_RELIABILITY,0.41,251.43,312.33,UPI,7,SUCCESS,,0
TXN_0007574,CUST_00758,LOW_RELIABILITY,0.41,251.43,257.91,CARD,18,FAILED,TEMPORARY_BANK_ERROR,0
TXN_0007575,CUST_00758,LOW_RELIABILITY,0.41,251.43,308.85,UPI,17,FAILED,USER_ABANDONMENT,0
TXN_0007576,CUST_00758,LOW_RELIABILITY,0.41,251.43,169.52,NET_BANKING,13,SUCCESS,,0
TXN_0007577,CUST_00758,LOW_RELIABILITY,0.41,251.43,308.8,UPI,8,FAILED,NETWORK_TIMEOUT,3
TXN_0007578,CUST_00758,LOW_RELIABILITY,0.41,251.43,351.44,NET_BANKING,18,SUCCESS,,0
TXN_0007579,CUST_00758,LOW_RELIABILITY,0.41,251.43,374.18,CARD,20,SUCCESS,,0
TXN_0007580,CUST_00758,LOW_RELIABILITY,0.41,251.43,453.94,UPI,2,SUCCESS,,0
TXN_0007581,CUST_00758,LOW_RELIABILITY,0.41,251.43,275.98,CARD,7,FAILED,TEMPORARY_BANK_ERROR,0
TXN_0007582,CUST_00759,MEDIUM_RELIABILITY,0.79,9031.29,10020.8,CARD,23,SUCCESS,,0
TXN_0007583,CUST_00759,MEDIUM_RELIABILITY,0.79,9031.29,3528.81,UPI,15,SUCCESS,,0
TXN_0007584,CUST_00759,MEDIUM_RELIABILITY,0.79,9031.29,7111.56,UPI,10,FAILED,TEMPORARY_BANK_ERROR,0
TXN_0007585,CUST_00759,MEDIUM_RELIABILITY,0.79,9031.29,8333.78,NET_BANKING,1,SUCCESS,,0
TXN_0007586,CUST_00759,MEDIUM_RELIABILITY,0.79,9031.29,12825.59,CARD,14,SUCCESS,,0
TXN_0007587,CUST_00759,MEDIUM_RELIABILITY,0.79,9031.29,6824.04,UPI,3,SUCCESS,,0
TXN_0007588,CUST_00759,MEDIUM_RELIABILITY,0.79,9031.29,11908.08,WALLET,12,FAILED,NETWORK_TIMEOUT,0
TXN_0007589,CUST_00759,MEDIUM_RELIABILITY,0.79,9031.29,9025.43,CARD,14,SUCCESS,,0
TXN_0007590,CUST_00759,MEDIUM_RELIABILITY,0.79,9031.29,8391.27,NET_BANKING,11,SUCCESS,,0
TXN_0007591,CUST_00759,MEDIUM_RELIABILITY,0.79,9031.29,9930.42,CARD,9,SUCCESS,,0
TXN_0007592,CUST_00759,MEDIUM_RELIABILITY,0.79,9031.29,7618.23,UPI,3,FAILED,TEMPORARY_BANK_ERROR,3
TXN_0007593,CUST_00760,HIGH_RELIABILITY,0.91,13978.48,11579.56,CARD,9,SUCCESS,,0
TXN_0007594,CUST_00760,HIGH_RELIABILITY,0.91,13978.48,4446.35,UPI,21,SUCCESS,,0
TXN_0007595,CUST_00760,HIGH_RELIABILITY,0.91,13978.48,12592.07,UPI,14,SUCCESS,,0
TXN_0007596,CUST_00760,HIGH_RELIABILITY,0.91,13978.48,11294.79,CARD,14,SUCCESS,,0
TXN_0007597,CUST_00760,HIGH_RELIABILITY,0.91,13978.48,11093.43,UPI,18,SUCCESS,,0
TXN_0007598,CUST_00760,HIGH_RELIABILITY,0.91,13978.48,16309.38,CARD,8,SUCCESS,,0
TXN_0007599,CUST_00760,HIGH_RELIABILITY,0.91,13978.48,17661.15,CARD,6,SUCCESS,,0
TXN_0007600,CUST_00760,HIGH_RELIABILITY,0.91,13978.48,15276.77,CARD,8,SUCCESS,,0
TXN_0007601,CUST_00760,HIGH_RELIABILITY,0.91,13978.48,19544.24,UPI,11,SUCCESS,,0
TXN_0007602,CUST_00760,HIGH_RELIABILITY,0.91,13978.48,17196.67,UPI,13,SUCCESS,,0
TXN_0007603,CUST_00760,HIGH_RELIABILITY,0.91,13978.48,12328.71,CARD,19,SUCCESS,,0
TXN_0007604,CUST_00760,HIGH_RELIABILITY,0.91,13978.48,11390.47,NET_BANKING,20,SUCCESS,,0
TXN_0007605,CUST_00760,HIGH_RELIABILITY,0.91,13978.48,15727.59,UPI,6,SUCCESS,,0
TXN_0007606,CUST_00760,HIGH_RELIABILITY,0.91,13978.48,17186.64,WALLET,17,SUCCESS,,0
TXN_0007607,CUST_00761,MEDIUM_RELIABILITY,0.66,9377.14,14620.25,NET_BANKING,14,SUCCESS,,0
TXN_0007608,CUST_00761,MEDIUM_RELIABILITY,0.66,9377.14,13845.06,NET_BANKING,14,SUCCESS,,0
TXN_0007609,CUST_00761,MEDIUM_RELIABILITY,0.66,9377.14,7346.15,CARD,20,FAILED,INSUFFICIENT_FUNDS,1
TXN_0007610,CUST_00761,MEDIUM_RELIABILITY,0.66,9377.14,8994.53,UPI,7,SUCCESS,,0
TXN_0007611,CUST_00761,MEDIUM_RELIABILITY,0.66,9377.14,11894.03,CARD,23,SUCCESS,,0
TXN_0007612,CUST_00761,MEDIUM_RELIABILITY,0.66,9377.14,13383.05,WALLET,2,SUCCESS,,0
TXN_0007613,CUST_00761,MEDIUM_RELIABILITY,0.66,9377.14,12899.08,UPI,14,SUCCESS,,0
TXN_0007614,CUST_00761,MEDIUM_RELIABILITY,0.66,9377.14,9137.54,WALLET,3,FAILED,INSUFFICIENT_FUNDS,0
TXN_0007615,CUST_00761,MEDIUM_RELIABILITY,0.66,9377.14,4673.48,CARD,1,SUCCESS,,0
TXN_0007616,CUST_00761,MEDIUM_RELIABILITY,0.66,9377.14,5630.27,WALLET,20,SUCCESS,,0
TXN_0007617,CUST_00761,MEDIUM_RELIABILITY,0.66,9377.14,10399.75,UPI,5,FAILED,AUTHENTICATION_FAILURE,1
TXN_0007618,CUST_00761,MEDIUM_RELIABILITY,0.66,9377.14,10660.78,UPI,4,FAILED,INSUFFICIENT_FUNDS,0
TXN_0007619,CUST_00761,MEDIUM_RELIABILITY,0.66,9377.14,5256.15,UPI,0,SUCCESS,,0
TXN_0007620,CUST_00761,MEDIUM_RELIABILITY,0.66,9377.14,9544.31,NET_BANKING,0,SUCCESS,,0
TXN_0007621,CUST_00762,MEDIUM_RELIABILITY,0.73,1463.5,1833.02,CARD,8,SUCCESS,,0
TXN_0007622,CUST_00762,MEDIUM_RELIABILITY,0.73,1463.5,789.57,CARD,0,SUCCESS,,0
TXN_0007623,CUST_00762,MEDIUM_RELIABILITY,0.73,1463.5,2110.37,UPI,4,FAILED,NETWORK_TIMEOUT,2
TXN_0007624,CUST_00762,MEDIUM_RELIABILITY,0.73,1463.5,1242.49,UPI,4,SUCCESS,,0
TXN_0007625,CUST_00762,MEDIUM_RELIABILITY,0.73,1463.5,2199.71,UPI,16,SUCCESS,,0
TXN_0007626,CUST_00762,MEDIUM_RELIABILITY,0.73,1463.5,1151.22,CARD,1,FAILED,NETWORK_TIMEOUT,2
TXN_0007627,CUST_00762,MEDIUM_RELIABILITY,0.73,1463.5,862.51,UPI,17,SUCCESS,,0
TXN_0007628,CUST_00762,MEDIUM_RELIABILITY,0.73,1463.5,1195.31,CARD,10,FAILED,TEMPORARY_BANK_ERROR,0
TXN_0007629,CUST_00762,MEDIUM_RELIABILITY,0.73,1463.5,1407.8,NET_BANKING,16,SUCCESS,,0
TXN_0007630,CUST_00762,MEDIUM_RELIABILITY,0.73,1463.5,1236.08,UPI,11,SUCCESS,,0
TXN_0007631,CUST_00762,MEDIUM_RELIABILITY,0.73,1463.5,1337.05,UPI,4,SUCCESS,,0
TXN_0007632,CUST_00763,HIGH_RELIABILITY,0.93,4594.87,5208.68,UPI,14,SUCCESS,,0
TXN_0007633,CUST_00763,HIGH_RELIABILITY,0.93,4594.87,4280.25,WALLET,4,SUCCESS,,0
TXN_0007634,CUST_00763,HIGH_RELIABILITY,0.93,4594.87,4473.36,NET_BANKING,15,SUCCESS,,0
TXN_0007635,CUST_00763,HIGH_RELIABILITY,0.93,4594.87,1453.4,WALLET,13,SUCCESS,,0
TXN_0007636,CUST_00763,HIGH_RELIABILITY,0.93,4594.87,5314.79,CARD,14,SUCCESS,,0
TXN_0007637,CUST_00764,LOW_RELIABILITY,0.43,2289.57,2207.88,CARD,1,FAILED,INSUFFICIENT_FUNDS,0
TXN_0007638,CUST_00764,LOW_RELIABILITY,0.43,2289.57,3764.32,UPI,2,SUCCESS,,0
TXN_0007639,CUST_00764,LOW_RELIABILITY,0.43,2289.57,1429.09,UPI,2,SUCCESS,,0
TXN_0007640,CUST_00764,LOW_RELIABILITY,0.43,2289.57,633.48,CARD,10,FAILED,TECHNICAL_ERROR,2
TXN_0007641,CUST_00764,LOW_RELIABILITY,0.43,2289.57,2855.61,WALLET,18,SUCCESS,,0
TXN_0007642,CUST_00765,MEDIUM_RELIABILITY,0.83,5622.03,6401.3,NET_BANKING,18,SUCCESS,,0
TXN_0007643,CUST_00765,MEDIUM_RELIABILITY,0.83,5622.03,3354.25,CARD,16,SUCCESS,,0
TXN_0007644,CUST_00765,MEDIUM_RELIABILITY,0.83,5622.03,2181.91,NET_BANKING,22,FAILED,USER_ABANDONMENT,1
TXN_0007645,CUST_00765,MEDIUM_RELIABILITY,0.83,5622.03,9079.35,CARD,13,FAILED,USER_ABANDONMENT,0
TXN_0007646,CUST_00765,MEDIUM_RELIABILITY,0.83,5622.03,8802.1,CARD,12,SUCCESS,,0
TXN_0007647,CUST_00765,MEDIUM_RELIABILITY,0.83,5622.03,100.0,UPI,0,SUCCESS,,0
TXN_0007648,CUST_00765,MEDIUM_RELIABILITY,0.83,5622.03,4591.57,NET_BANKING,17,SUCCESS,,0
TXN_0007649,CUST_00765,MEDIUM_RELIABILITY,0.83,5622.03,9364.49,UPI,0,FAILED,TEMPORARY_BANK_ERROR,0
TXN_0007650,CUST_00765,MEDIUM_RELIABILITY,0.83,5622.03,4551.45,CARD,9,SUCCESS,,0
TXN_0007651,CUST_00765,MEDIUM_RELIABILITY,0.83,5622.03,4518.74,UPI,0,FAILED,TEMPORARY_BANK_ERROR,1
TXN_0007652,CUST_00765,MEDIUM_RELIABILITY,0.83,5622.03,4986.16,NET_BANKING,2,SUCCESS,,0
TXN_0007653,CUST_00765,MEDIUM_RELIABILITY,0.83,5622.03,3101.34,CARD,9,SUCCESS,,0
TXN_0007654,CUST_00765,MEDIUM_RELIABILITY,0.83,5622.03,1788.31,UPI,12,SUCCESS,,0
TXN_0007655,CUST_00766,MEDIUM_RELIABILITY,0.72,6298.17,8949.82,CARD,21,SUCCESS,,0
TXN_0007656,CUST_00766,MEDIUM_RELIABILITY,0.72,6298.17,1655.32,UPI,8,SUCCESS,,0
TXN_0007657,CUST_00766,MEDIUM_RELIABILITY,0.72,6298.17,6921.11,UPI,14,SUCCESS,,0
TXN_0007658,CUST_00766,MEDIUM_RELIABILITY,0.72,6298.17,8531.7,CARD,3,SUCCESS,,0
TXN_0007659,CUST_00766,MEDIUM_RELIABILITY,0.72,6298.17,2642.14,UPI,21,SUCCESS,,0
TXN_0007660,CUST_00766,MEDIUM_RELIABILITY,0.72,6298.17,3969.69,UPI,5,SUCCESS,,0
TXN_0007661,CUST_00766,MEDIUM_RELIABILITY,0.72,6298.17,9354.49,UPI,23,SUCCESS,,0
TXN_0007662,CUST_00766,MEDIUM_RELIABILITY,0.72,6298.17,7640.67,CARD,10,FAILED,INSUFFICIENT_FUNDS,2
TXN_0007663,CUST_00766,MEDIUM_RELIABILITY,0.72,6298.17,4743.06,UPI,0,SUCCESS,,0
TXN_0007664,CUST_00766,MEDIUM_RELIABILITY,0.72,6298.17,9326.96,UPI,15,FAILED,TEMPORARY_BANK_ERROR,0
TXN_0007665,CUST_00766,MEDIUM_RELIABILITY,0.72,6298.17,9337.76,UPI,22,SUCCESS,,0
TXN_0007666,CUST_00766,MEDIUM_RELIABILITY,0.72,6298.17,6975.99,UPI,2,SUCCESS,,0
TXN_0007667,CUST_00767,MEDIUM_RELIABILITY,0.81,3089.93,1977.36,UPI,19,FAILED,TEMPORARY_BANK_ERROR,0
TXN_0007668,CUST_00767,MEDIUM_RELIABILITY,0.81,3089.93,2578.92,UPI,21,SUCCESS,,0
TXN_0007669,CUST_00767,MEDIUM_RELIABILITY,0.81,3089.93,3443.9,CARD,3,SUCCESS,,0
TXN_0007670,CUST_00767,MEDIUM_RELIABILITY,0.81,3089.93,2856.83,CARD,3,SUCCESS,,0
TXN_0007671,CUST_00767,MEDIUM_RELIABILITY,0.81,3089.93,4250.45,CARD,18,SUCCESS,,0
TXN_0007672,CUST_00767,MEDIUM_RELIABILITY,0.81,3089.93,1199.17,CARD,15,SUCCESS,,0
TXN_0007673,CUST_00767,MEDIUM_RELIABILITY,0.81,3089.93,1243.06,UPI,4,SUCCESS,,0
TXN_0007674,CUST_00767,MEDIUM_RELIABILITY,0.81,3089.93,3313.48,CARD,1,FAILED,INSUFFICIENT_FUNDS,0
TXN_0007675,CUST_00767,MEDIUM_RELIABILITY,0.81,3089.93,2482.39,CARD,4,SUCCESS,,0
TXN_0007676,CUST_00767,MEDIUM_RELIABILITY,0.81,3089.93,2314.92,CARD,18,SUCCESS,,0
TXN_0007677,CUST_00768,HIGH_RELIABILITY,0.93,2706.41,792.38,NET_BANKING,18,SUCCESS,,0
TXN_0007678,CUST_00768,HIGH_RELIABILITY,0.93,2706.41,2727.57,UPI,15,SUCCESS,,0
TXN_0007679,CUST_00768,HIGH_RELIABILITY,0.93,2706.41,2649.3,CARD,18,SUCCESS,,0
TXN_0007680,CUST_00768,HIGH_RELIABILITY,0.93,2706.41,3413.84,UPI,20,SUCCESS,,0
TXN_0007681,CUST_00768,HIGH_RELIABILITY,0.93,2706.41,2781.01,WALLET,3,SUCCESS,,0
TXN_0007682,CUST_00769,HIGH_RELIABILITY,0.9,10535.65,9976.82,NET_BANKING,20,SUCCESS,,0
TXN_0007683,CUST_00769,HIGH_RELIABILITY,0.9,10535.65,15495.84,UPI,5,SUCCESS,,0
TXN_0007684,CUST_00769,HIGH_RELIABILITY,0.9,10535.65,5004.57,WALLET,14,SUCCESS,,0
TXN_0007685,CUST_00769,HIGH_RELIABILITY,0.9,10535.65,12796.13,WALLET,9,SUCCESS,,0
TXN_0007686,CUST_00769,HIGH_RELIABILITY,0.9,10535.65,3493.0,UPI,9,SUCCESS,,0
TXN_0007687,CUST_00769,HIGH_RELIABILITY,0.9,10535.65,7002.58,UPI,14,SUCCESS,,0
TXN_0007688,CUST_00769,HIGH_RELIABILITY,0.9,10535.65,5425.2,CARD,5,SUCCESS,,0
TXN_0007689,CUST_00769,HIGH_RELIABILITY,0.9,10535.65,13830.96,UPI,2,SUCCESS,,0
TXN_0007690,CUST_00770,MEDIUM_RELIABILITY,0.69,5489.05,5345.43,UPI,2,FAILED,AUTHENTICATION_FAILURE,3
TXN_0007691,CUST_00770,MEDIUM_RELIABILITY,0.69,5489.05,5459.4,WALLET,15,SUCCESS,,0
TXN_0007692,CUST_00770,MEDIUM_RELIABILITY,0.69,5489.05,3059.08,UPI,20,SUCCESS,,0
TXN_0007693,CUST_00770,MEDIUM_RELIABILITY,0.69,5489.05,4831.04,NET_BANKING,15,FAILED,AUTHENTICATION_FAILURE,0
TXN_0007694,CUST_00770,MEDIUM_RELIABILITY,0.69,5489.05,3812.77,CARD,6,SUCCESS,,0
TXN_0007695,CUST_00770,MEDIUM_RELIABILITY,0.69,5489.05,6330.97,UPI,9,SUCCESS,,0
TXN_0007696,CUST_00770,MEDIUM_RELIABILITY,0.69,5489.05,3312.99,CARD,15,FAILED,TECHNICAL_ERROR,0
TXN_0007697,CUST_00770,MEDIUM_RELIABILITY,0.69,5489.05,8408.77,CARD,10,SUCCESS,,0
TXN_0007698,CUST_00770,MEDIUM_RELIABILITY,0.69,5489.05,1810.11,NET_BANKING,9,FAILED,INSUFFICIENT_FUNDS,1
TXN_0007699,CUST_00770,MEDIUM_RELIABILITY,0.69,5489.05,3718.24,UPI,5,SUCCESS,,0
TXN_0007700,CUST_00770,MEDIUM_RELIABILITY,0.69,5489.05,9171.54,CARD,7,FAILED,INSUFFICIENT_FUNDS,0
TXN_0007701,CUST_00770,MEDIUM_RELIABILITY,0.69,5489.05,4533.65,UPI,9,SUCCESS,,0
TXN_0007702,CUST_00770,MEDIUM_RELIABILITY,0.69,5489.05,2602.08,NET_BANKING,1,SUCCESS,,0
TXN_0007703,CUST_00771,MEDIUM_RELIABILITY,0.81,1515.33,1648.12,CARD,0,SUCCESS,,0
TXN_0007704,CUST_00771,MEDIUM_RELIABILITY,0.81,1515.33,1227.18,UPI,11,SUCCESS,,0
TXN_0007705,CUST_00771,MEDIUM_RELIABILITY,0.81,1515.33,1008.68,CARD,4,SUCCESS,,0
TXN_0007706,CUST_00771,MEDIUM_RELIABILITY,0.81,1515.33,851.09,UPI,12,SUCCESS,,0
TXN_0007707,CUST_00771,MEDIUM_RELIABILITY,0.81,1515.33,3193.33,WALLET,4,FAILED,NETWORK_TIMEOUT,0
TXN_0007708,CUST_00772,LOW_RELIABILITY,0.51,1944.63,1748.96,UPI,19,FAILED,INSUFFICIENT_FUNDS,0
TXN_0007709,CUST_00772,LOW_RELIABILITY,0.51,1944.63,446.82,WALLET,20,SUCCESS,,0
TXN_0007710,CUST_00772,LOW_RELIABILITY,0.51,1944.63,3106.52,WALLET,21,FAILED,INSUFFICIENT_FUNDS,0
TXN_0007711,CUST_00772,LOW_RELIABILITY,0.51,1944.63,2419.95,CARD,14,FAILED,TEMPORARY_BANK_ERROR,0
TXN_0007712,CUST_00772,LOW_RELIABILITY,0.51,1944.63,1348.43,UPI,15,SUCCESS,,0
TXN_0007713,CUST_00773,LOW_RELIABILITY,0.63,3488.11,2186.18,UPI,0,SUCCESS,,0
TXN_0007714,CUST_00773,LOW_RELIABILITY,0.63,3488.11,4427.77,CARD,16,FAILED,TECHNICAL_ERROR,1
TXN_0007715,CUST_00773,LOW_RELIABILITY,0.63,3488.11,3143.6,UPI,10,SUCCESS,,0
TXN_0007716,CUST_00773,LOW_RELIABILITY,0.63,3488.11,800.9,WALLET,8,SUCCESS,,0
TXN_0007717,CUST_00773,LOW_RELIABILITY,0.63,3488.11,5981.75,UPI,5,SUCCESS,,0
TXN_0007718,CUST_00773,LOW_RELIABILITY,0.63,3488.11,2882.59,CARD,20,SUCCESS,,0
TXN_0007719,CUST_00773,LOW_RELIABILITY,0.63,3488.11,5574.8,CARD,21,SUCCESS,,0
TXN_0007720,CUST_00773,LOW_RELIABILITY,0.63,3488.11,5271.84,CARD,15,SUCCESS,,0
TXN_0007721,CUST_00773,LOW_RELIABILITY,0.63,3488.11,2091.46,UPI,11,FAILED,INSUFFICIENT_FUNDS,1
TXN_0007722,CUST_00773,LOW_RELIABILITY,0.63,3488.11,4929.66,UPI,5,SUCCESS,,0
TXN_0007723,CUST_00774,HIGH_RELIABILITY,0.97,8703.17,6435.32,CARD,7,SUCCESS,,0
TXN_0007724,CUST_00774,HIGH_RELIABILITY,0.97,8703.17,2204.68,UPI,23,SUCCESS,,0
TXN_0007725,CUST_00774,HIGH_RELIABILITY,0.97,8703.17,7225.03,CARD,0,SUCCESS,,0
TXN_0007726,CUST_00774,HIGH_RELIABILITY,0.97,8703.17,10087.45,CARD,20,FAILED,NETWORK_TIMEOUT,0
TXN_0007727,CUST_00774,HIGH_RELIABILITY,0.97,8703.17,7092.26,UPI,20,SUCCESS,,0
TXN_0007728,CUST_00774,HIGH_RELIABILITY,0.97,8703.17,7634.25,UPI,16,SUCCESS,,0
TXN_0007729,CUST_00774,HIGH_RELIABILITY,0.97,8703.17,12684.23,NET_BANKING,22,SUCCESS,,0
TXN_0007730,CUST_00774,HIGH_RELIABILITY,0.97,8703.17,9073.9,UPI,1,SUCCESS,,0
TXN_0007731,CUST_00774,HIGH_RELIABILITY,0.97,8703.17,5767.42,UPI,20,SUCCESS,,0
TXN_0007732,CUST_00774,HIGH_RELIABILITY,0.97,8703.17,11147.13,UPI,15,SUCCESS,,0
TXN_0007733,CUST_00774,HIGH_RELIABILITY,0.97,8703.17,9391.33,CARD,23,SUCCESS,,0
TXN_0007734,CUST_00774,HIGH_RELIABILITY,0.97,8703.17,100.0,UPI,11,SUCCESS,,0
TXN_0007735,CUST_00775,HIGH_RELIABILITY,0.88,9864.12,11554.25,WALLET,7,SUCCESS,,0
TXN_0007736,CUST_00775,HIGH_RELIABILITY,0.88,9864.12,11410.14,UPI,7,SUCCESS,,0
TXN_0007737,CUST_00775,HIGH_RELIABILITY,0.88,9864.12,9943.51,UPI,0,SUCCESS,,0
TXN_0007738,CUST_00775,HIGH_RELIABILITY,0.88,9864.12,13382.46,NET_BANKING,23,SUCCESS,,0
TXN_0007739,CUST_00775,HIGH_RELIABILITY,0.88,9864.12,7211.09,CARD,5,SUCCESS,,0
TXN_0007740,CUST_00775,HIGH_RELIABILITY,0.88,9864.12,11191.83,CARD,5,SUCCESS,,0
TXN_0007741,CUST_00775,HIGH_RELIABILITY,0.88,9864.12,3681.45,CARD,7,SUCCESS,,0
TXN_0007742,CUST_00775,HIGH_RELIABILITY,0.88,9864.12,11470.36,UPI,16,FAILED,TEMPORARY_BANK_ERROR,0
TXN_0007743,CUST_00775,HIGH_RELIABILITY,0.88,9864.12,17570.21,CARD,8,SUCCESS,,0
TXN_0007744,CUST_00776,HIGH_RELIABILITY,0.98,9422.57,5672.93,NET_BANKING,21,SUCCESS,,0
TXN_0007745,CUST_00776,HIGH_RELIABILITY,0.98,9422.57,6558.85,UPI,7,SUCCESS,,0
TXN_0007746,CUST_00776,HIGH_RELIABILITY,0.98,9422.57,6746.5,UPI,5,SUCCESS,,0
TXN_0007747,CUST_00776,HIGH_RELIABILITY,0.98,9422.57,9912.54,NET_BANKING,8,FAILED,INSUFFICIENT_FUNDS,0
TXN_0007748,CUST_00776,HIGH_RELIABILITY,0.98,9422.57,5415.96,CARD,14,SUCCESS,,0
TXN_0007749,CUST_00776,HIGH_RELIABILITY,0.98,9422.57,11010.26,UPI,11,SUCCESS,,0
TXN_0007750,CUST_00776,HIGH_RELIABILITY,0.98,9422.57,12614.33,WALLET,12,SUCCESS,,0
TXN_0007751,CUST_00776,HIGH_RELIABILITY,0.98,9422.57,11436.54,UPI,4,SUCCESS,,0
TXN_0007752,CUST_00776,HIGH_RELIABILITY,0.98,9422.57,2757.36,NET_BANKING,15,SUCCESS,,0
TXN_0007753,CUST_00776,HIGH_RELIABILITY,0.98,9422.57,13173.38,UPI,11,SUCCESS,,0
TXN_0007754,CUST_00776,HIGH_RELIABILITY,0.98,9422.57,12955.53,NET_BANKING,1,SUCCESS,,0
TXN_0007755,CUST_00776,HIGH_RELIABILITY,0.98,9422.57,12551.47,WALLET,8,SUCCESS,,0
TXN_0007756,CUST_00776,HIGH_RELIABILITY,0.98,9422.57,10827.82,CARD,8,SUCCESS,,0
TXN_0007757,CUST_00776,HIGH_RELIABILITY,0.98,9422.57,10252.47,NET_BANKING,21,SUCCESS,,0
TXN_0007758,CUST_00776,HIGH_RELIABILITY,0.98,9422.57,13313.67,WALLET,12,SUCCESS,,0
TXN_0007759,CUST_00777,MEDIUM_RELIABILITY,0.83,8899.96,15747.64,CARD,5,SUCCESS,,0
TXN_0007760,CUST_00777,MEDIUM_RELIABILITY,0.83,8899.96,5507.15,UPI,2,FAILED,TEMPORARY_BANK_ERROR,1
TXN_0007761,CUST_00777,MEDIUM_RELIABILITY,0.83,8899.96,12738.07,UPI,15,SUCCESS,,0
TXN_0007762,CUST_00777,MEDIUM_RELIABILITY,0.83,8899.96,8593.03,UPI,2,SUCCESS,,0
TXN_0007763,CUST_00777,MEDIUM_RELIABILITY,0.83,8899.96,8438.33,NET_BANKING,23,SUCCESS,,0
TXN_0007764,CUST_00777,MEDIUM_RELIABILITY,0.83,8899.96,3429.94,UPI,0,SUCCESS,,0
TXN_0007765,CUST_00778,HIGH_RELIABILITY,0.91,3968.63,3516.54,CARD,9,SUCCESS,,0
TXN_0007766,CUST_00778,HIGH_RELIABILITY,0.91,3968.63,2385.52,UPI,2,SUCCESS,,0
TXN_0007767,CUST_00778,HIGH_RELIABILITY,0.91,3968.63,3232.28,NET_BANKING,3,SUCCESS,,0
TXN_0007768,CUST_00778,HIGH_RELIABILITY,0.91,3968.63,2225.31,CARD,10,SUCCESS,,0
TXN_0007769,CUST_00778,HIGH_RELIABILITY,0.91,3968.63,3256.01,WALLET,12,SUCCESS,,0
TXN_0007770,CUST_00778,HIGH_RELIABILITY,0.91,3968.63,3323.95,UPI,16,SUCCESS,,0
TXN_0007771,CUST_00778,HIGH_RELIABILITY,0.91,3968.63,4122.22,UPI,8,SUCCESS,,0
TXN_0007772,CUST_00778,HIGH_RELIABILITY,0.91,3968.63,1405.29,UPI,13,SUCCESS,,0
TXN_0007773,CUST_00779,LOW_RELIABILITY,0.53,2994.99,1263.27,UPI,2,SUCCESS,,0
TXN_0007774,CUST_00779,LOW_RELIABILITY,0.53,2994.99,3428.56,NET_BANKING,21,FAILED,TECHNICAL_ERROR,0
TXN_0007775,CUST_00779,LOW_RELIABILITY,0.53,2994.99,2039.66,UPI,0,SUCCESS,,0
TXN_0007776,CUST_00779,LOW_RELIABILITY,0.53,2994.99,4282.27,UPI,13,SUCCESS,,0
TXN_0007777,CUST_00779,LOW_RELIABILITY,0.53,2994.99,3264.86,UPI,9,FAILED,NETWORK_TIMEOUT,0
TXN_0007778,CUST_00779,LOW_RELIABILITY,0.53,2994.99,3721.89,UPI,11,SUCCESS,,0
TXN_0007779,CUST_00779,LOW_RELIABILITY,0.53,2994.99,4684.99,UPI,14,FAILED,TEMPORARY_BANK_ERROR,0
TXN_0007780,CUST_00779,LOW_RELIABILITY,0.53,2994.99,2623.96,UPI,13,FAILED,TECHNICAL_ERROR,0
TXN_0007781,CUST_00779,LOW_RELIABILITY,0.53,2994.99,2306.76,NET_BANKING,1,FAILED,TEMPORARY_BANK_ERROR,0
TXN_0007782,CUST_00779,LOW_RELIABILITY,0.53,2994.99,4039.29,NET_BANKING,23,FAILED,TEMPORARY_BANK_ERROR,0
TXN_0007783,CUST_00779,LOW_RELIABILITY,0.53,2994.99,3605.39,UPI,16,SUCCESS,,0
TXN_0007784,CUST_00780,MEDIUM_RELIABILITY,0.83,9050.22,8372.07,UPI,19,SUCCESS,,0
TXN_0007785,CUST_00780,MEDIUM_RELIABILITY,0.83,9050.22,14087.42,UPI,12,SUCCESS,,0
TXN_0007786,CUST_00780,MEDIUM_RELIABILITY,0.83,9050.22,8281.88,UPI,7,SUCCESS,,0
TXN_0007787,CUST_00780,MEDIUM_RELIABILITY,0.83,9050.22,9168.86,UPI,16,SUCCESS,,0
TXN_0007788,CUST_00780,MEDIUM_RELIABILITY,0.83,9050.22,9127.05,CARD,11,FAILED,USER_ABANDONMENT,0
TXN_0007789,CUST_00780,MEDIUM_RELIABILITY,0.83,9050.22,5666.91,UPI,19,FAILED,NETWORK_TIMEOUT,0
TXN_0007790,CUST_00780,MEDIUM_RELIABILITY,0.83,9050.22,9331.09,CARD,10,SUCCESS,,0
TXN_0007791,CUST_00780,MEDIUM_RELIABILITY,0.83,9050.22,14106.61,NET_BANKING,17,SUCCESS,,0
TXN_0007792,CUST_00780,MEDIUM_RELIABILITY,0.83,9050.22,10661.04,UPI,5,SUCCESS,,0
TXN_0007793,CUST_00780,MEDIUM_RELIABILITY,0.83,9050.22,9162.67,UPI,4,SUCCESS,,0
TXN_0007794,CUST_00780,MEDIUM_RELIABILITY,0.83,9050.22,8464.61,UPI,0,SUCCESS,,0
TXN_0007795,CUST_00780,MEDIUM_RELIABILITY,0.83,9050.22,10247.99,WALLET,3,SUCCESS,,0
TXN_0007796,CUST_00780,MEDIUM_RELIABILITY,0.83,9050.22,11764.44,WALLET,9,SUCCESS,,0
TXN_0007797,CUST_00781,MEDIUM_RELIABILITY,0.73,2750.27,3420.5,UPI,6,SUCCESS,,0
TXN_0007798,CUST_00781,MEDIUM_RELIABILITY,0.73,2750.27,2385.18,UPI,14,SUCCESS,,0
TXN_0007799,CUST_00781,MEDIUM_RELIABILITY,0.73,2750.27,3107.56,CARD,22,SUCCESS,,0
TXN_0007800,CUST_00781,MEDIUM_RELIABILITY,0.73,2750.27,3278.26,WALLET,7,FAILED,NETWORK_TIMEOUT,0
TXN_0007801,CUST_00781,MEDIUM_RELIABILITY,0.73,2750.27,1642.25,NET_BANKING,19,SUCCESS,,0
TXN_0007802,CUST_00781,MEDIUM_RELIABILITY,0.73,2750.27,2935.34,WALLET,11,FAILED,NETWORK_TIMEOUT,3
TXN_0007803,CUST_00781,MEDIUM_RELIABILITY,0.73,2750.27,372.6,CARD,6,SUCCESS,,0
TXN_0007804,CUST_00781,MEDIUM_RELIABILITY,0.73,2750.27,3281.11,NET_BANKING,8,SUCCESS,,0
TXN_0007805,CUST_00781,MEDIUM_RELIABILITY,0.73,2750.27,3476.72,UPI,1,SUCCESS,,0
TXN_0007806,CUST_00781,MEDIUM_RELIABILITY,0.73,2750.27,3572.65,UPI,16,SUCCESS,,0
TXN_0007807,CUST_00781,MEDIUM_RELIABILITY,0.73,2750.27,2315.68,UPI,2,SUCCESS,,0
TXN_0007808,CUST_00781,MEDIUM_RELIABILITY,0.73,2750.27,3090.25,UPI,15,SUCCESS,,0
TXN_0007809,CUST_00781,MEDIUM_RELIABILITY,0.73,2750.27,4316.77,UPI,9,SUCCESS,,0
TXN_0007810,CUST_00781,MEDIUM_RELIABILITY,0.73,2750.27,4305.57,UPI,21,SUCCESS,,0
TXN_0007811,CUST_00781,MEDIUM_RELIABILITY,0.73,2750.27,2718.18,UPI,12,FAILED,NETWORK_TIMEOUT,2
TXN_0007812,CUST_00782,MEDIUM_RELIABILITY,0.82,3110.66,3284.01,CARD,20,SUCCESS,,0
TXN_0007813,CUST_00782,MEDIUM_RELIABILITY,0.82,3110.66,4492.93,UPI,4,FAILED,TEMPORARY_BANK_ERROR,0
TXN_0007814,CUST_00782,MEDIUM_RELIABILITY,0.82,3110.66,1243.27,NET_BANKING,11,SUCCESS,,0
TXN_0007815,CUST_00782,MEDIUM_RELIABILITY,0.82,3110.66,2708.67,NET_BANKING,6,SUCCESS,,0
TXN_0007816,CUST_00782,MEDIUM_RELIABILITY,0.82,3110.66,4772.46,CARD,15,SUCCESS,,0
TXN_0007817,CUST_00782,MEDIUM_RELIABILITY,0.82,3110.66,4324.07,UPI,21,SUCCESS,,0
TXN_0007818,CUST_00783,LOW_RELIABILITY,0.59,3081.42,3536.56,CARD,17,SUCCESS,,0
TXN_0007819,CUST_00783,LOW_RELIABILITY,0.59,3081.42,1225.38,CARD,5,SUCCESS,,0
TXN_0007820,CUST_00783,LOW_RELIABILITY,0.59,3081.42,3019.9,UPI,9,SUCCESS,,0
TXN_0007821,CUST_00783,LOW_RELIABILITY,0.59,3081.42,2354.31,CARD,0,SUCCESS,,0
TXN_0007822,CUST_00783,LOW_RELIABILITY,0.59,3081.42,3489.45,UPI,21,FAILED,TECHNICAL_ERROR,3
TXN_0007823,CUST_00783,LOW_RELIABILITY,0.59,3081.42,2083.85,UPI,10,FAILED,TEMPORARY_BANK_ERROR,0
TXN_0007824,CUST_00783,LOW_RELIABILITY,0.59,3081.42,1817.15,CARD,1,SUCCESS,,0
TXN_0007825,CUST_00783,LOW_RELIABILITY,0.59,3081.42,536.33,CARD,1,SUCCESS,,0
TXN_0007826,CUST_00783,LOW_RELIABILITY,0.59,3081.42,4587.38,CARD,17,SUCCESS,,0
TXN_0007827,CUST_00783,LOW_RELIABILITY,0.59,3081.42,2588.68,CARD,15,FAILED,INSUFFICIENT_FUNDS,0
TXN_0007828,CUST_00783,LOW_RELIABILITY,0.59,3081.42,3275.11,CARD,9,FAILED,NETWORK_TIMEOUT,0
TXN_0007829,CUST_00784,HIGH_RELIABILITY,0.95,2337.49,2335.4,UPI,7,SUCCESS,,0
TXN_0007830,CUST_00784,HIGH_RELIABILITY,0.95,2337.49,1339.44,UPI,0,SUCCESS,,0
TXN_0007831,CUST_00784,HIGH_RELIABILITY,0.95,2337.49,1160.27,UPI,10,SUCCESS,,0
TXN_0007832,CUST_00784,HIGH_RELIABILITY,0.95,2337.49,1397.52,UPI,7,SUCCESS,,0
TXN_0007833,CUST_00784,HIGH_RELIABILITY,0.95,2337.49,1661.33,CARD,22,SUCCESS,,0
TXN_0007834,CUST_00784,HIGH_RELIABILITY,0.95,2337.49,2680.27,UPI,18,SUCCESS,,0
TXN_0007835,CUST_00784,HIGH_RELIABILITY,0.95,2337.49,1593.5,CARD,10,SUCCESS,,0
TXN_0007836,CUST_00784,HIGH_RELIABILITY,0.95,2337.49,3970.45,UPI,12,SUCCESS,,0
TXN_0007837,CUST_00784,HIGH_RELIABILITY,0.95,2337.49,3297.87,CARD,22,SUCCESS,,0
TXN_0007838,CUST_00785,MEDIUM_RELIABILITY,0.79,4791.79,6341.19,CARD,12,FAILED,NETWORK_TIMEOUT,0
TXN_0007839,CUST_00785,MEDIUM_RELIABILITY,0.79,4791.79,4562.44,UPI,12,FAILED,TEMPORARY_BANK_ERROR,0
TXN_0007840,CUST_00785,MEDIUM_RELIABILITY,0.79,4791.79,7694.24,UPI,9,FAILED,NETWORK_TIMEOUT,0
TXN_0007841,CUST_00785,MEDIUM_RELIABILITY,0.79,4791.79,4373.94,NET_BANKING,3,FAILED,TEMPORARY_BANK_ERROR,0
TXN_0007842,CUST_00785,MEDIUM_RELIABILITY,0.79,4791.79,4731.87,CARD,1,SUCCESS,,0
TXN_0007843,CUST_00785,MEDIUM_RELIABILITY,0.79,4791.79,5117.58,UPI,16,SUCCESS,,0
TXN_0007844,CUST_00786,HIGH_RELIABILITY,0.94,3352.2,4293.26,NET_BANKING,16,SUCCESS,,0
TXN_0007845,CUST_00786,HIGH_RELIABILITY,0.94,3352.2,4206.22,UPI,2,SUCCESS,,0
TXN_0007846,CUST_00786,HIGH_RELIABILITY,0.94,3352.2,2715.11,UPI,22,SUCCESS,,0
TXN_0007847,CUST_00786,HIGH_RELIABILITY,0.94,3352.2,2637.52,UPI,5,SUCCESS,,0
TXN_0007848,CUST_00786,HIGH_RELIABILITY,0.94,3352.2,4210.23,UPI,16,SUCCESS,,0
TXN_0007849,CUST_00786,HIGH_RELIABILITY,0.94,3352.2,4311.25,NET_BANKING,15,SUCCESS,,0
TXN_0007850,CUST_00786,HIGH_RELIABILITY,0.94,3352.2,2824.76,UPI,17,SUCCESS,,0
TXN_0007851,CUST_00787,HIGH_RELIABILITY,0.96,13079.16,4775.53,UPI,10,SUCCESS,,0
TXN_0007852,CUST_00787,HIGH_RELIABILITY,0.96,13079.16,11994.55,UPI,10,SUCCESS,,0
TXN_0007853,CUST_00787,HIGH_RELIABILITY,0.96,13079.16,16341.24,NET_BANKING,9,SUCCESS,,0
TXN_0007854,CUST_00787,HIGH_RELIABILITY,0.96,13079.16,22524.49,UPI,4,SUCCESS,,0
TXN_0007855,CUST_00787,HIGH_RELIABILITY,0.96,13079.16,6811.85,WALLET,22,SUCCESS,,0
TXN_0007856,CUST_00787,HIGH_RELIABILITY,0.96,13079.16,10847.48,UPI,17,SUCCESS,,0
TXN_0007857,CUST_00787,HIGH_RELIABILITY,0.96,13079.16,11041.93,UPI,2,SUCCESS,,0
TXN_0007858,CUST_00787,HIGH_RELIABILITY,0.96,13079.16,20172.28,CARD,14,SUCCESS,,0
TXN_0007859,CUST_00788,HIGH_RELIABILITY,0.9,2340.0,2307.29,UPI,2,SUCCESS,,0
TXN_0007860,CUST_00788,HIGH_RELIABILITY,0.9,2340.0,1490.74,NET_BANKING,17,FAILED,TEMPORARY_BANK_ERROR,1
TXN_0007861,CUST_00788,HIGH_RELIABILITY,0.9,2340.0,2862.94,CARD,3,SUCCESS,,0
TXN_0007862,CUST_00788,HIGH_RELIABILITY,0.9,2340.0,1961.26,NET_BANKING,19,SUCCESS,,0
TXN_0007863,CUST_00788,HIGH_RELIABILITY,0.9,2340.0,1193.97,CARD,13,FAILED,TEMPORARY_BANK_ERROR,0
TXN_0007864,CUST_00788,HIGH_RELIABILITY,0.9,2340.0,1504.36,WALLET,2,SUCCESS,,0
TXN_0007865,CUST_00788,HIGH_RELIABILITY,0.9,2340.0,3963.06,CARD,23,FAILED,TEMPORARY_BANK_ERROR,0
TXN_0007866,CUST_00788,HIGH_RELIABILITY,0.9,2340.0,2699.62,NET_BANKING,4,SUCCESS,,0
TXN_0007867,CUST_00788,HIGH_RELIABILITY,0.9,2340.0,2440.86,NET_BANKING,12,SUCCESS,,0
TXN_0007868,CUST_00788,HIGH_RELIABILITY,0.9,2340.0,2106.1,CARD,4,SUCCESS,,0
TXN_0007869,CUST_00789,HIGH_RELIABILITY,0.88,9987.6,11154.75,UPI,17,SUCCESS,,0
TXN_0007870,CUST_00789,HIGH_RELIABILITY,0.88,9987.6,11107.15,UPI,2,SUCCESS,,0
TXN_0007871,CUST_00789,HIGH_RELIABILITY,0.88,9987.6,11154.83,UPI,2,SUCCESS,,0
TXN_0007872,CUST_00789,HIGH_RELIABILITY,0.88,9987.6,10446.41,UPI,2,SUCCESS,,0
TXN_0007873,CUST_00789,HIGH_RELIABILITY,0.88,9987.6,13458.48,UPI,17,SUCCESS,,0
TXN_0007874,CUST_00789,HIGH_RELIABILITY,0.88,9987.6,10079.9,UPI,10,SUCCESS,,0
TXN_0007875,CUST_00789,HIGH_RELIABILITY,0.88,9987.6,6080.7,CARD,7,SUCCESS,,0
TXN_0007876,CUST_00789,HIGH_RELIABILITY,0.88,9987.6,7540.95,CARD,14,SUCCESS,,0
TXN_0007877,CUST_00789,HIGH_RELIABILITY,0.88,9987.6,2081.34,CARD,9,SUCCESS,,0
TXN_0007878,CUST_00789,HIGH_RELIABILITY,0.88,9987.6,18084.82,UPI,11,SUCCESS,,0
TXN_0007879,CUST_00789,HIGH_RELIABILITY,0.88,9987.6,13434.34,CARD,8,SUCCESS,,0
TXN_0007880,CUST_00789,HIGH_RELIABILITY,0.88,9987.6,6671.44,NET_BANKING,12,SUCCESS,,0
TXN_0007881,CUST_00790,HIGH_RELIABILITY,0.95,8653.76,7678.15,CARD,16,SUCCESS,,0
TXN_0007882,CUST_00790,HIGH_RELIABILITY,0.95,8653.76,6449.21,UPI,0,SUCCESS,,0
TXN_0007883,CUST_00790,HIGH_RELIABILITY,0.95,8653.76,13993.29,UPI,11,SUCCESS,,0
TXN_0007884,CUST_00790,HIGH_RELIABILITY,0.95,8653.76,3738.85,UPI,10,SUCCESS,,0
TXN_0007885,CUST_00790,HIGH_RELIABILITY,0.95,8653.76,9050.02,WALLET,4,SUCCESS,,0
TXN_0007886,CUST_00790,HIGH_RELIABILITY,0.95,8653.76,8278.09,CARD,15,SUCCESS,,0
TXN_0007887,CUST_00790,HIGH_RELIABILITY,0.95,8653.76,11515.87,NET_BANKING,14,SUCCESS,,0
TXN_0007888,CUST_00790,HIGH_RELIABILITY,0.95,8653.76,8293.73,UPI,6,SUCCESS,,0
TXN_0007889,CUST_00790,HIGH_RELIABILITY,0.95,8653.76,2567.71,WALLET,8,SUCCESS,,0
TXN_0007890,CUST_00791,LOW_RELIABILITY,0.42,2858.16,2571.07,CARD,16,FAILED,INSUFFICIENT_FUNDS,0
TXN_0007891,CUST_00791,LOW_RELIABILITY,0.42,2858.16,1746.72,CARD,22,FAILED,AUTHENTICATION_FAILURE,3
TXN_0007892,CUST_00791,LOW_RELIABILITY,0.42,2858.16,2949.14,UPI,5,SUCCESS,,0
TXN_0007893,CUST_00791,LOW_RELIABILITY,0.42,2858.16,4497.8,UPI,9,FAILED,USER_ABANDONMENT,0
TXN_0007894,CUST_00791,LOW_RELIABILITY,0.42,2858.16,869.54,UPI,14,FAILED,TECHNICAL_ERROR,1
TXN_0007895,CUST_00791,LOW_RELIABILITY,0.42,2858.16,1943.29,CARD,11,FAILED,TECHNICAL_ERROR,0
TXN_0007896,CUST_00791,LOW_RELIABILITY,0.42,2858.16,2226.29,CARD,1,FAILED,TECHNICAL_ERROR,1
TXN_0007897,CUST_00791,LOW_RELIABILITY,0.42,2858.16,2421.85,CARD,9,FAILED,TEMPORARY_BANK_ERROR,0
TXN_0007898,CUST_00791,LOW_RELIABILITY,0.42,2858.16,3704.32,UPI,12,SUCCESS,,0
TXN_0007899,CUST_00791,LOW_RELIABILITY,0.42,2858.16,2659.75,UPI,8,FAILED,TECHNICAL_ERROR,0
TXN_0007900,CUST_00791,LOW_RELIABILITY,0.42,2858.16,3333.53,CARD,17,FAILED,INSUFFICIENT_FUNDS,0
TXN_0007901,CUST_00791,LOW_RELIABILITY,0.42,2858.16,2142.74,CARD,8,FAILED,INSUFFICIENT_FUNDS,0
TXN_0007902,CUST_00791,LOW_RELIABILITY,0.42,2858.16,3121.02,NET_BANKING,7,FAILED,TEMPORARY_BANK_ERROR,3
TXN_0007903,CUST_00791,LOW_RELIABILITY,0.42,2858.16,3747.39,WALLET,14,SUCCESS,,0
TXN_0007904,CUST_00791,LOW_RELIABILITY,0.42,2858.16,2020.95,UPI,2,FAILED,TECHNICAL_ERROR,1
TXN_0007905,CUST_00792,MEDIUM_RELIABILITY,0.78,5219.29,6850.54,CARD,10,SUCCESS,,0
TXN_0007906,CUST_00792,MEDIUM_RELIABILITY,0.78,5219.29,5328.63,UPI,6,SUCCESS,,0
TXN_0007907,CUST_00792,MEDIUM_RELIABILITY,0.78,5219.29,7401.91,NET_BANKING,1,SUCCESS,,0
TXN_0007908,CUST_00792,MEDIUM_RELIABILITY,0.78,5219.29,4798.78,UPI,2,SUCCESS,,0
TXN_0007909,CUST_00792,MEDIUM_RELIABILITY,0.78,5219.29,6015.22,CARD,13,SUCCESS,,0
TXN_0007910,CUST_00792,MEDIUM_RELIABILITY,0.78,5219.29,5134.52,WALLET,8,SUCCESS,,0
TXN_0007911,CUST_00792,MEDIUM_RELIABILITY,0.78,5219.29,5018.43,UPI,2,SUCCESS,,0
TXN_0007912,CUST_00792,MEDIUM_RELIABILITY,0.78,5219.29,5759.86,UPI,11,SUCCESS,,0
TXN_0007913,CUST_00793,LOW_RELIABILITY,0.64,1127.79,1369.95,UPI,8,FAILED,TEMPORARY_BANK_ERROR,1
TXN_0007914,CUST_00793,LOW_RELIABILITY,0.64,1127.79,564.09,UPI,18,SUCCESS,,0
TXN_0007915,CUST_00793,LOW_RELIABILITY,0.64,1127.79,1774.53,WALLET,10,SUCCESS,,0
TXN_0007916,CUST_00793,LOW_RELIABILITY,0.64,1127.79,288.87,UPI,18,SUCCESS,,0
TXN_0007917,CUST_00793,LOW_RELIABILITY,0.64,1127.79,818.86,CARD,21,FAILED,TEMPORARY_BANK_ERROR,0
TXN_0007918,CUST_00793,LOW_RELIABILITY,0.64,1127.79,1085.26,UPI,0,SUCCESS,,0
TXN_0007919,CUST_00793,LOW_RELIABILITY,0.64,1127.79,1313.81,NET_BANKING,9,SUCCESS,,0
TXN_0007920,CUST_00793,LOW_RELIABILITY,0.64,1127.79,1838.83,NET_BANKING,18,FAILED,INSUFFICIENT_FUNDS,3
TXN_0007921,CUST_00793,LOW_RELIABILITY,0.64,1127.79,289.48,UPI,12,SUCCESS,,0
TXN_0007922,CUST_00793,LOW_RELIABILITY,0.64,1127.79,898.76,WALLET,19,SUCCESS,,0
TXN_0007923,CUST_00793,LOW_RELIABILITY,0.64,1127.79,168.34,NET_BANKING,7,FAILED,INSUFFICIENT_FUNDS,3
TXN_0007924,CUST_00793,LOW_RELIABILITY,0.64,1127.79,1142.06,NET_BANKING,13,SUCCESS,,0
TXN_0007925,CUST_00793,LOW_RELIABILITY,0.64,1127.79,1250.35,UPI,16,SUCCESS,,0
TXN_0007926,CUST_00793,LOW_RELIABILITY,0.64,1127.79,1845.42,CARD,6,SUCCESS,,0
TXN_0007927,CUST_00794,HIGH_RELIABILITY,0.96,6660.46,6981.85,NET_BANKING,16,SUCCESS,,0
TXN_0007928,CUST_00794,HIGH_RELIABILITY,0.96,6660.46,9441.94,UPI,21,SUCCESS,,0
TXN_0007929,CUST_00794,HIGH_RELIABILITY,0.96,6660.46,8215.91,CARD,15,SUCCESS,,0
TXN_0007930,CUST_00794,HIGH_RELIABILITY,0.96,6660.46,5500.88,UPI,14,SUCCESS,,0
TXN_0007931,CUST_00794,HIGH_RELIABILITY,0.96,6660.46,2906.73,UPI,2,SUCCESS,,0
TXN_0007932,CUST_00794,HIGH_RELIABILITY,0.96,6660.46,7393.12,WALLET,8,SUCCESS,,0
TXN_0007933,CUST_00794,HIGH_RELIABILITY,0.96,6660.46,2685.23,NET_BANKING,15,SUCCESS,,0
TXN_0007934,CUST_00794,HIGH_RELIABILITY,0.96,6660.46,10111.13,UPI,1,SUCCESS,,0
TXN_0007935,CUST_00794,HIGH_RELIABILITY,0.96,6660.46,6228.7,UPI,17,SUCCESS,,0
TXN_0007936,CUST_00794,HIGH_RELIABILITY,0.96,6660.46,9844.63,CARD,7,SUCCESS,,0
TXN_0007937,CUST_00794,HIGH_RELIABILITY,0.96,6660.46,5381.08,CARD,4,SUCCESS,,0
TXN_0007938,CUST_00794,HIGH_RELIABILITY,0.96,6660.46,7376.73,CARD,12,SUCCESS,,0
TXN_0007939,CUST_00794,HIGH_RELIABILITY,0.96,6660.46,7218.2,UPI,22,SUCCESS,,0
TXN_0007940,CUST_00795,LOW_RELIABILITY,0.47,5079.66,4988.14,CARD,11,SUCCESS,,0
TXN_0007941,CUST_00795,LOW_RELIABILITY,0.47,5079.66,4200.55,UPI,12,FAILED,INSUFFICIENT_FUNDS,1
TXN_0007942,CUST_00795,LOW_RELIABILITY,0.47,5079.66,5877.08,UPI,3,SUCCESS,,0
TXN_0007943,CUST_00795,LOW_RELIABILITY,0.47,5079.66,3197.82,CARD,20,SUCCESS,,0
TXN_0007944,CUST_00795,LOW_RELIABILITY,0.47,5079.66,2622.25,UPI,0,SUCCESS,,0
TXN_0007945,CUST_00795,LOW_RELIABILITY,0.47,5079.66,7604.92,UPI,22,FAILED,AUTHENTICATION_FAILURE,0
TXN_0007946,CUST_00795,LOW_RELIABILITY,0.47,5079.66,6557.17,NET_BANKING,3,SUCCESS,,0
TXN_0007947,CUST_00795,LOW_RELIABILITY,0.47,5079.66,5213.54,WALLET,12,SUCCESS,,0
TXN_0007948,CUST_00795,LOW_RELIABILITY,0.47,5079.66,8463.0,CARD,4,FAILED,TEMPORARY_BANK_ERROR,1
TXN_0007949,CUST_00795,LOW_RELIABILITY,0.47,5079.66,4535.6,CARD,10,FAILED,TECHNICAL_ERROR,0
TXN_0007950,CUST_00795,LOW_RELIABILITY,0.47,5079.66,7767.21,UPI,1,SUCCESS,,0
TXN_0007951,CUST_00795,LOW_RELIABILITY,0.47,5079.66,5436.4,NET_BANKING,3,SUCCESS,,0
TXN_0007952,CUST_00795,LOW_RELIABILITY,0.47,5079.66,2997.51,CARD,2,SUCCESS,,0
TXN_0007953,CUST_00796,HIGH_RELIABILITY,0.96,14877.58,25875.33,UPI,2,SUCCESS,,0
TXN_0007954,CUST_00796,HIGH_RELIABILITY,0.96,14877.58,20773.33,CARD,17,SUCCESS,,0
TXN_0007955,CUST_00796,HIGH_RELIABILITY,0.96,14877.58,14157.38,UPI,23,SUCCESS,,0
TXN_0007956,CUST_00796,HIGH_RELIABILITY,0.96,14877.58,19205.0,CARD,4,SUCCESS,,0
TXN_0007957,CUST_00796,HIGH_RELIABILITY,0.96,14877.58,12475.13,NET_BANKING,0,FAILED,AUTHENTICATION_FAILURE,0
TXN_0007958,CUST_00796,HIGH_RELIABILITY,0.96,14877.58,19811.87,CARD,6,SUCCESS,,0
TXN_0007959,CUST_00796,HIGH_RELIABILITY,0.96,14877.58,648.19,UPI,12,SUCCESS,,0
TXN_0007960,CUST_00796,HIGH_RELIABILITY,0.96,14877.58,8808.71,CARD,21,SUCCESS,,0
TXN_0007961,CUST_00796,HIGH_RELIABILITY,0.96,14877.58,20705.19,NET_BANKING,22,SUCCESS,,0
TXN_0007962,CUST_00796,HIGH_RELIABILITY,0.96,14877.58,13391.87,NET_BANKING,15,SUCCESS,,0
TXN_0007963,CUST_00796,HIGH_RELIABILITY,0.96,14877.58,16112.67,CARD,6,SUCCESS,,0
TXN_0007964,CUST_00797,HIGH_RELIABILITY,0.89,2457.54,1133.63,CARD,16,FAILED,AUTHENTICATION_FAILURE,2
TXN_0007965,CUST_00797,HIGH_RELIABILITY,0.89,2457.54,4274.02,CARD,20,SUCCESS,,0
TXN_0007966,CUST_00797,HIGH_RELIABILITY,0.89,2457.54,3627.85,WALLET,11,SUCCESS,,0
TXN_0007967,CUST_00797,HIGH_RELIABILITY,0.89,2457.54,2260.26,CARD,2,SUCCESS,,0
TXN_0007968,CUST_00797,HIGH_RELIABILITY,0.89,2457.54,2059.72,UPI,2,SUCCESS,,0
TXN_0007969,CUST_00797,HIGH_RELIABILITY,0.89,2457.54,3469.66,CARD,4,SUCCESS,,0
TXN_0007970,CUST_00797,HIGH_RELIABILITY,0.89,2457.54,4406.34,UPI,6,SUCCESS,,0
TXN_0007971,CUST_00797,HIGH_RELIABILITY,0.89,2457.54,3395.1,CARD,12,SUCCESS,,0
TXN_0007972,CUST_00797,HIGH_RELIABILITY,0.89,2457.54,4592.46,UPI,12,FAILED,INSUFFICIENT_FUNDS,3
TXN_0007973,CUST_00798,LOW_RELIABILITY,0.56,4133.03,2608.19,NET_BANKING,4,FAILED,NETWORK_TIMEOUT,0
TXN_0007974,CUST_00798,LOW_RELIABILITY,0.56,4133.03,2778.41,CARD,19,FAILED,INSUFFICIENT_FUNDS,0
TXN_0007975,CUST_00798,LOW_RELIABILITY,0.56,4133.03,2167.46,CARD,18,FAILED,USER_ABANDONMENT,0
TXN_0007976,CUST_00798,LOW_RELIABILITY,0.56,4133.03,4863.35,UPI,7,FAILED,USER_ABANDONMENT,1
TXN_0007977,CUST_00798,LOW_RELIABILITY,0.56,4133.03,4423.34,CARD,23,FAILED,TEMPORARY_BANK_ERROR,0
TXN_0007978,CUST_00798,LOW_RELIABILITY,0.56,4133.03,3881.82,NET_BANKING,17,FAILED,USER_ABANDONMENT,1
TXN_0007979,CUST_00798,LOW_RELIABILITY,0.56,4133.03,5470.91,NET_BANKING,3,FAILED,USER_ABANDONMENT,0
TXN_0007980,CUST_00798,LOW_RELIABILITY,0.56,4133.03,6170.33,CARD,19,SUCCESS,,0
TXN_0007981,CUST_00799,LOW_RELIABILITY,0.43,740.05,288.42,UPI,5,SUCCESS,,0
TXN_0007982,CUST_00799,LOW_RELIABILITY,0.43,740.05,563.33,UPI,19,FAILED,NETWORK_TIMEOUT,0
TXN_0007983,CUST_00799,LOW_RELIABILITY,0.43,740.05,982.83,CARD,7,SUCCESS,,0
TXN_0007984,CUST_00799,LOW_RELIABILITY,0.43,740.05,601.59,CARD,13,SUCCESS,,0
TXN_0007985,CUST_00799,LOW_RELIABILITY,0.43,740.05,503.77,CARD,13,FAILED,USER_ABANDONMENT,2
TXN_0007986,CUST_00799,LOW_RELIABILITY,0.43,740.05,1041.56,UPI,7,FAILED,NETWORK_TIMEOUT,0
TXN_0007987,CUST_00799,LOW_RELIABILITY,0.43,740.05,358.33,CARD,0,FAILED,INSUFFICIENT_FUNDS,0
TXN_0007988,CUST_00799,LOW_RELIABILITY,0.43,740.05,650.78,UPI,22,FAILED,AUTHENTICATION_FAILURE,1
TXN_0007989,CUST_00799,LOW_RELIABILITY,0.43,740.05,837.34,UPI,20,SUCCESS,,0
TXN_0007990,CUST_00799,LOW_RELIABILITY,0.43,740.05,570.19,CARD,5,SUCCESS,,0
TXN_0007991,CUST_00799,LOW_RELIABILITY,0.43,740.05,971.88,CARD,19,FAILED,TECHNICAL_ERROR,0
TXN_0007992,CUST_00799,LOW_RELIABILITY,0.43,740.05,571.65,CARD,0,SUCCESS,,0
TXN_0007993,CUST_00799,LOW_RELIABILITY,0.43,740.05,1157.03,UPI,12,SUCCESS,,0
TXN_0007994,CUST_00799,LOW_RELIABILITY,0.43,740.05,702.83,CARD,3,FAILED,USER_ABANDONMENT,3
TXN_0007995,CUST_00800,MEDIUM_RELIABILITY,0.67,8994.81,11409.99,CARD,6,FAILED,NETWORK_TIMEOUT,0
TXN_0007996,CUST_00800,MEDIUM_RELIABILITY,0.67,8994.81,11678.95,CARD,0,FAILED,NETWORK_TIMEOUT,1
TXN_0007997,CUST_00800,MEDIUM_RELIABILITY,0.67,8994.81,6736.97,CARD,15,SUCCESS,,0
TXN_0007998,CUST_00800,MEDIUM_RELIABILITY,0.67,8994.81,1606.52,UPI,14,SUCCESS,,0
TXN_0007999,CUST_00800,MEDIUM_RELIABILITY,0.67,8994.81,10292.78,NET_BANKING,6,SUCCESS,,0
TXN_0008000,CUST_00800,MEDIUM_RELIABILITY,0.67,8994.81,9254.9,UPI,15,SUCCESS,,0
TXN_0008001,CUST_00800,MEDIUM_RELIABILITY,0.67,8994.81,10994.63,UPI,11,FAILED,TECHNICAL_ERROR,1
TXN_0008002,CUST_00800,MEDIUM_RELIABILITY,0.67,8994.81,8179.78,UPI,14,FAILED,TEMPORARY_BANK_ERROR,0
TXN_0008003,CUST_00800,MEDIUM_RELIABILITY,0.67,8994.81,7446.16,CARD,12,SUCCESS,,0
TXN_0008004,CUST_00800,MEDIUM_RELIABILITY,0.67,8994.81,16221.14,CARD,6,SUCCESS,,0
TXN_0008005,CUST_00800,MEDIUM_RELIABILITY,0.67,8994.81,3697.39,UPI,11,SUCCESS,,0
TXN_0008006,CUST_00801,MEDIUM_RELIABILITY,0.69,3572.03,4620.71,CARD,13,FAILED,TEMPORARY_BANK_ERROR,2
TXN_0008007,CUST_00801,MEDIUM_RELIABILITY,0.69,3572.03,2751.03,UPI,5,FAILED,TEMPORARY_BANK_ERROR,0
TXN_0008008,CUST_00801,MEDIUM_RELIABILITY,0.69,3572.03,3092.27,UPI,12,SUCCESS,,0
TXN_0008009,CUST_00801,MEDIUM_RELIABILITY,0.69,3572.03,3118.95,UPI,16,SUCCESS,,0
TXN_0008010,CUST_00801,MEDIUM_RELIABILITY,0.69,3572.03,2424.07,CARD,5,SUCCESS,,0
TXN_0008011,CUST_00801,MEDIUM_RELIABILITY,0.69,3572.03,4388.2,WALLET,17,FAILED,INSUFFICIENT_FUNDS,3
TXN_0008012,CUST_00801,MEDIUM_RELIABILITY,0.69,3572.03,5559.0,NET_BANKING,5,SUCCESS,,0
TXN_0008013,CUST_00801,MEDIUM_RELIABILITY,0.69,3572.03,4243.59,UPI,15,SUCCESS,,0
TXN_0008014,CUST_00801,MEDIUM_RELIABILITY,0.69,3572.03,3719.74,CARD,6,FAILED,INSUFFICIENT_FUNDS,0
TXN_0008015,CUST_00801,MEDIUM_RELIABILITY,0.69,3572.03,2162.59,UPI,11,SUCCESS,,0
TXN_0008016,CUST_00801,MEDIUM_RELIABILITY,0.69,3572.03,4310.48,UPI,11,FAILED,TEMPORARY_BANK_ERROR,0
TXN_0008017,CUST_00801,MEDIUM_RELIABILITY,0.69,3572.03,6653.05,UPI,14,SUCCESS,,0
TXN_0008018,CUST_00801,MEDIUM_RELIABILITY,0.69,3572.03,3028.09,CARD,4,SUCCESS,,0
TXN_0008019,CUST_00801,MEDIUM_RELIABILITY,0.69,3572.03,3034.82,UPI,21,FAILED,AUTHENTICATION_FAILURE,0
TXN_0008020,CUST_00801,MEDIUM_RELIABILITY,0.69,3572.03,2770.34,CARD,13,SUCCESS,,0
TXN_0008021,CUST_00802,MEDIUM_RELIABILITY,0.7,3872.46,3114.37,CARD,10,FAILED,INSUFFICIENT_FUNDS,1
TXN_0008022,CUST_00802,MEDIUM_RELIABILITY,0.7,3872.46,100.0,UPI,2,SUCCESS,,0
TXN_0008023,CUST_00802,MEDIUM_RELIABILITY,0.7,3872.46,4499.85,UPI,11,SUCCESS,,0
TXN_0008024,CUST_00802,MEDIUM_RELIABILITY,0.7,3872.46,2562.71,UPI,3,SUCCESS,,0
TXN_0008025,CUST_00802,MEDIUM_RELIABILITY,0.7,3872.46,1378.19,CARD,8,SUCCESS,,0
TXN_0008026,CUST_00802,MEDIUM_RELIABILITY,0.7,3872.46,5039.14,UPI,5,FAILED,TEMPORARY_BANK_ERROR,0
TXN_0008027,CUST_00802,MEDIUM_RELIABILITY,0.7,3872.46,2196.43,UPI,14,FAILED,TEMPORARY_BANK_ERROR,0
TXN_0008028,CUST_00802,MEDIUM_RELIABILITY,0.7,3872.46,3347.87,CARD,16,FAILED,AUTHENTICATION_FAILURE,0
TXN_0008029,CUST_00803,MEDIUM_RELIABILITY,0.67,5431.07,8616.81,CARD,20,FAILED,TECHNICAL_ERROR,0
TXN_0008030,CUST_00803,MEDIUM_RELIABILITY,0.67,5431.07,2369.65,UPI,3,SUCCESS,,0
TXN_0008031,CUST_00803,MEDIUM_RELIABILITY,0.67,5431.07,2101.61,NET_BANKING,4,SUCCESS,,0
TXN_0008032,CUST_00803,MEDIUM_RELIABILITY,0.67,5431.07,6016.12,CARD,19,FAILED,NETWORK_TIMEOUT,0
TXN_0008033,CUST_00803,MEDIUM_RELIABILITY,0.67,5431.07,7928.25,UPI,13,SUCCESS,,0
TXN_0008034,CUST_00803,MEDIUM_RELIABILITY,0.67,5431.07,2010.93,NET_BANKING,15,SUCCESS,,0
TXN_0008035,CUST_00803,MEDIUM_RELIABILITY,0.67,5431.07,6316.75,UPI,7,FAILED,TEMPORARY_BANK_ERROR,0
TXN_0008036,CUST_00803,MEDIUM_RELIABILITY,0.67,5431.07,6693.25,WALLET,2,SUCCESS,,0
TXN_0008037,CUST_00803,MEDIUM_RELIABILITY,0.67,5431.07,957.69,UPI,13,SUCCESS,,0
TXN_0008038,CUST_00804,MEDIUM_RELIABILITY,0.66,8103.39,10691.62,CARD,0,SUCCESS,,0
TXN_0008039,CUST_00804,MEDIUM_RELIABILITY,0.66,8103.39,10944.78,UPI,23,FAILED,TEMPORARY_BANK_ERROR,0
TXN_0008040,CUST_00804,MEDIUM_RELIABILITY,0.66,8103.39,7092.78,CARD,15,SUCCESS,,0
TXN_0008041,CUST_00804,MEDIUM_RELIABILITY,0.66,8103.39,12162.69,UPI,13,SUCCESS,,0
TXN_0008042,CUST_00804,MEDIUM_RELIABILITY,0.66,8103.39,11787.05,UPI,0,SUCCESS,,0
TXN_0008043,CUST_00804,MEDIUM_RELIABILITY,0.66,8103.39,8437.63,UPI,3,SUCCESS,,0
TXN_0008044,CUST_00804,MEDIUM_RELIABILITY,0.66,8103.39,6640.09,UPI,0,SUCCESS,,0
TXN_0008045,CUST_00804,MEDIUM_RELIABILITY,0.66,8103.39,4950.11,WALLET,13,SUCCESS,,0
TXN_0008046,CUST_00804,MEDIUM_RELIABILITY,0.66,8103.39,7981.63,WALLET,13,FAILED,AUTHENTICATION_FAILURE,0
TXN_0008047,CUST_00804,MEDIUM_RELIABILITY,0.66,8103.39,9950.18,UPI,5,SUCCESS,,0
TXN_0008048,CUST_00804,MEDIUM_RELIABILITY,0.66,8103.39,7052.62,UPI,22,FAILED,TEMPORARY_BANK_ERROR,1
TXN_0008049,CUST_00804,MEDIUM_RELIABILITY,0.66,8103.39,980.51,WALLET,1,FAILED,USER_ABANDONMENT,0
TXN_0008050,CUST_00804,MEDIUM_RELIABILITY,0.66,8103.39,12215.74,CARD,14,SUCCESS,,0
TXN_0008051,CUST_00804,MEDIUM_RELIABILITY,0.66,8103.39,8719.97,UPI,8,SUCCESS,,0
TXN_0008052,CUST_00805,MEDIUM_RELIABILITY,0.7,5630.11,4775.18,CARD,12,FAILED,NETWORK_TIMEOUT,2
TXN_0008053,CUST_00805,MEDIUM_RELIABILITY,0.7,5630.11,7560.47,UPI,11,FAILED,TEMPORARY_BANK_ERROR,0
TXN_0008054,CUST_00805,MEDIUM_RELIABILITY,0.7,5630.11,9063.66,UPI,5,SUCCESS,,0
TXN_0008055,CUST_00805,MEDIUM_RELIABILITY,0.7,5630.11,100.0,UPI,21,SUCCESS,,0
TXN_0008056,CUST_00805,MEDIUM_RELIABILITY,0.7,5630.11,6608.09,UPI,14,SUCCESS,,0
TXN_0008057,CUST_00805,MEDIUM_RELIABILITY,0.7,5630.11,2417.23,CARD,5,SUCCESS,,0
TXN_0008058,CUST_00805,MEDIUM_RELIABILITY,0.7,5630.11,6754.13,UPI,14,FAILED,INSUFFICIENT_FUNDS,3
TXN_0008059,CUST_00805,MEDIUM_RELIABILITY,0.7,5630.11,5918.21,UPI,11,SUCCESS,,0
TXN_0008060,CUST_00805,MEDIUM_RELIABILITY,0.7,5630.11,7061.79,CARD,16,FAILED,AUTHENTICATION_FAILURE,0
TXN_0008061,CUST_00806,LOW_RELIABILITY,0.61,4625.97,3702.17,UPI,9,SUCCESS,,0
TXN_0008062,CUST_00806,LOW_RELIABILITY,0.61,4625.97,1159.75,UPI,19,SUCCESS,,0
TXN_0008063,CUST_00806,LOW_RELIABILITY,0.61,4625.97,3792.61,UPI,22,FAILED,AUTHENTICATION_FAILURE,0
TXN_0008064,CUST_00806,LOW_RELIABILITY,0.61,4625.97,5378.8,CARD,19,SUCCESS,,0
TXN_0008065,CUST_00806,LOW_RELIABILITY,0.61,4625.97,6504.84,UPI,23,SUCCESS,,0
TXN_0008066,CUST_00806,LOW_RELIABILITY,0.61,4625.97,2457.63,CARD,14,FAILED,INSUFFICIENT_FUNDS,1
TXN_0008067,CUST_00806,LOW_RELIABILITY,0.61,4625.97,6526.43,NET_BANKING,3,SUCCESS,,0
TXN_0008068,CUST_00806,LOW_RELIABILITY,0.61,4625.97,3427.15,NET_BANKING,18,SUCCESS,,0
TXN_0008069,CUST_00806,LOW_RELIABILITY,0.61,4625.97,5296.64,UPI,22,FAILED,NETWORK_TIMEOUT,0
TXN_0008070,CUST_00806,LOW_RELIABILITY,0.61,4625.97,3682.47,UPI,8,FAILED,USER_ABANDONMENT,0
TXN_0008071,CUST_00806,LOW_RELIABILITY,0.61,4625.97,4963.06,WALLET,0,SUCCESS,,0
TXN_0008072,CUST_00806,LOW_RELIABILITY,0.61,4625.97,6276.29,WALLET,11,SUCCESS,,0
TXN_0008073,CUST_00806,LOW_RELIABILITY,0.61,4625.97,2355.52,CARD,1,SUCCESS,,0
TXN_0008074,CUST_00807,LOW_RELIABILITY,0.5,2405.47,1751.27,NET_BANKING,21,SUCCESS,,0
TXN_0008075,CUST_00807,LOW_RELIABILITY,0.5,2405.47,2583.44,UPI,3,SUCCESS,,0
TXN_0008076,CUST_00807,LOW_RELIABILITY,0.5,2405.47,4716.24,UPI,22,SUCCESS,,0
TXN_0008077,CUST_00807,LOW_RELIABILITY,0.5,2405.47,1574.92,NET_BANKING,1,FAILED,INSUFFICIENT_FUNDS,0
TXN_0008078,CUST_00807,LOW_RELIABILITY,0.5,2405.47,4368.46,UPI,23,FAILED,AUTHENTICATION_FAILURE,1
TXN_0008079,CUST_00807,LOW_RELIABILITY,0.5,2405.47,4334.1,NET_BANKING,18,SUCCESS,,0
TXN_0008080,CUST_00808,MEDIUM_RELIABILITY,0.72,6860.13,6593.1,UPI,15,SUCCESS,,0
TXN_0008081,CUST_00808,MEDIUM_RELIABILITY,0.72,6860.13,6041.98,WALLET,23,FAILED,TEMPORARY_BANK_ERROR,1
TXN_0008082,CUST_00808,MEDIUM_RELIABILITY,0.72,6860.13,4961.07,CARD,20,SUCCESS,,0
TXN_0008083,CUST_00808,MEDIUM_RELIABILITY,0.72,6860.13,6672.98,NET_BANKING,19,FAILED,TEMPORARY_BANK_ERROR,2
TXN_0008084,CUST_00808,MEDIUM_RELIABILITY,0.72,6860.13,3000.02,UPI,12,SUCCESS,,0
TXN_0008085,CUST_00808,MEDIUM_RELIABILITY,0.72,6860.13,6650.93,WALLET,7,FAILED,AUTHENTICATION_FAILURE,1
TXN_0008086,CUST_00808,MEDIUM_RELIABILITY,0.72,6860.13,10967.65,NET_BANKING,21,SUCCESS,,0
TXN_0008087,CUST_00808,MEDIUM_RELIABILITY,0.72,6860.13,5183.28,NET_BANKING,16,SUCCESS,,0
TXN_0008088,CUST_00809,LOW_RELIABILITY,0.64,4700.51,4247.9,WALLET,17,SUCCESS,,0
TXN_0008089,CUST_00809,LOW_RELIABILITY,0.64,4700.51,1502.02,CARD,16,SUCCESS,,0
TXN_0008090,CUST_00809,LOW_RELIABILITY,0.64,4700.51,5403.82,CARD,8,SUCCESS,,0
TXN_0008091,CUST_00809,LOW_RELIABILITY,0.64,4700.51,5197.79,WALLET,14,SUCCESS,,0
TXN_0008092,CUST_00809,LOW_RELIABILITY,0.64,4700.51,4820.28,UPI,22,SUCCESS,,0
TXN_0008093,CUST_00809,LOW_RELIABILITY,0.64,4700.51,4292.83,CARD,20,FAILED,TEMPORARY_BANK_ERROR,0
TXN_0008094,CUST_00809,LOW_RELIABILITY,0.64,4700.51,4150.07,CARD,19,SUCCESS,,0
TXN_0008095,CUST_00809,LOW_RELIABILITY,0.64,4700.51,5644.18,WALLET,20,SUCCESS,,0
TXN_0008096,CUST_00809,LOW_RELIABILITY,0.64,4700.51,4646.33,NET_BANKING,10,SUCCESS,,0
TXN_0008097,CUST_00809,LOW_RELIABILITY,0.64,4700.51,5292.72,WALLET,21,FAILED,AUTHENTICATION_FAILURE,0
TXN_0008098,CUST_00809,LOW_RELIABILITY,0.64,4700.51,5104.72,NET_BANKING,1,SUCCESS,,0
TXN_0008099,CUST_00809,LOW_RELIABILITY,0.64,4700.51,6812.78,CARD,5,SUCCESS,,0
TXN_0008100,CUST_00809,LOW_RELIABILITY,0.64,4700.51,5973.4,UPI,20,SUCCESS,,0
TXN_0008101,CUST_00809,LOW_RELIABILITY,0.64,4700.51,5063.13,UPI,20,FAILED,USER_ABANDONMENT,1
TXN_0008102,CUST_00809,LOW_RELIABILITY,0.64,4700.51,7555.45,WALLET,3,SUCCESS,,0
TXN_0008103,CUST_00810,MEDIUM_RELIABILITY,0.77,7441.18,8692.1,WALLET,23,SUCCESS,,0
TXN_0008104,CUST_00810,MEDIUM_RELIABILITY,0.77,7441.18,11325.36,UPI,20,SUCCESS,,0
TXN_0008105,CUST_00810,MEDIUM_RELIABILITY,0.77,7441.18,9247.73,UPI,19,SUCCESS,,0
TXN_0008106,CUST_00810,MEDIUM_RELIABILITY,0.77,7441.18,1958.76,WALLET,20,SUCCESS,,0
TXN_0008107,CUST_00810,MEDIUM_RELIABILITY,0.77,7441.18,11324.98,CARD,1,SUCCESS,,0
TXN_0008108,CUST_00811,MEDIUM_RELIABILITY,0.75,1071.35,1129.28,CARD,18,SUCCESS,,0
TXN_0008109,CUST_00811,MEDIUM_RELIABILITY,0.75,1071.35,1049.09,UPI,10,SUCCESS,,0
TXN_0008110,CUST_00811,MEDIUM_RELIABILITY,0.75,1071.35,1191.92,NET_BANKING,21,SUCCESS,,0
TXN_0008111,CUST_00811,MEDIUM_RELIABILITY,0.75,1071.35,923.51,UPI,17,FAILED,NETWORK_TIMEOUT,0
TXN_0008112,CUST_00811,MEDIUM_RELIABILITY,0.75,1071.35,1168.64,NET_BANKING,9,SUCCESS,,0
TXN_0008113,CUST_00811,MEDIUM_RELIABILITY,0.75,1071.35,817.71,CARD,22,FAILED,TECHNICAL_ERROR,1
TXN_0008114,CUST_00811,MEDIUM_RELIABILITY,0.75,1071.35,1617.43,UPI,21,SUCCESS,,0
TXN_0008115,CUST_00811,MEDIUM_RELIABILITY,0.75,1071.35,1022.67,CARD,12,FAILED,TECHNICAL_ERROR,1
TXN_0008116,CUST_00811,MEDIUM_RELIABILITY,0.75,1071.35,907.4,UPI,21,FAILED,INSUFFICIENT_FUNDS,0
TXN_0008117,CUST_00811,MEDIUM_RELIABILITY,0.75,1071.35,674.98,CARD,12,SUCCESS,,0
TXN_0008118,CUST_00811,MEDIUM_RELIABILITY,0.75,1071.35,1186.53,UPI,6,SUCCESS,,0
TXN_0008119,CUST_00811,MEDIUM_RELIABILITY,0.75,1071.35,1151.53,CARD,9,FAILED,TECHNICAL_ERROR,0
TXN_0008120,CUST_00811,MEDIUM_RELIABILITY,0.75,1071.35,1237.81,CARD,10,FAILED,INSUFFICIENT_FUNDS,1
TXN_0008121,CUST_00811,MEDIUM_RELIABILITY,0.75,1071.35,631.13,UPI,5,FAILED,USER_ABANDONMENT,3
TXN_0008122,CUST_00812,LOW_RELIABILITY,0.51,6711.85,2413.09,NET_BANKING,10,FAILED,INSUFFICIENT_FUNDS,0
TXN_0008123,CUST_00812,LOW_RELIABILITY,0.51,6711.85,8391.4,CARD,10,SUCCESS,,0
TXN_0008124,CUST_00812,LOW_RELIABILITY,0.51,6711.85,10697.73,UPI,14,FAILED,INSUFFICIENT_FUNDS,0
TXN_0008125,CUST_00812,LOW_RELIABILITY,0.51,6711.85,3956.36,UPI,4,FAILED,NETWORK_TIMEOUT,0
TXN_0008126,CUST_00812,LOW_RELIABILITY,0.51,6711.85,10979.09,UPI,19,FAILED,TEMPORARY_BANK_ERROR,0
TXN_0008127,CUST_00812,LOW_RELIABILITY,0.51,6711.85,7474.08,UPI,11,FAILED,NETWORK_TIMEOUT,3
TXN_0008128,CUST_00812,LOW_RELIABILITY,0.51,6711.85,6692.89,WALLET,4,FAILED,NETWORK_TIMEOUT,0
TXN_0008129,CUST_00812,LOW_RELIABILITY,0.51,6711.85,5644.54,UPI,13,SUCCESS,,0
TXN_0008130,CUST_00812,LOW_RELIABILITY,0.51,6711.85,2994.78,UPI,11,SUCCESS,,0
TXN_0008131,CUST_00812,LOW_RELIABILITY,0.51,6711.85,9363.64,NET_BANKING,12,FAILED,TEMPORARY_BANK_ERROR,0
TXN_0008132,CUST_00812,LOW_RELIABILITY,0.51,6711.85,4629.55,UPI,21,SUCCESS,,0
TXN_0008133,CUST_00812,LOW_RELIABILITY,0.51,6711.85,4618.27,WALLET,4,FAILED,AUTHENTICATION_FAILURE,1
TXN_0008134,CUST_00812,LOW_RELIABILITY,0.51,6711.85,9374.91,NET_BANKING,10,FAILED,AUTHENTICATION_FAILURE,0
TXN_0008135,CUST_00812,LOW_RELIABILITY,0.51,6711.85,1656.53,UPI,4,SUCCESS,,0
TXN_0008136,CUST_00812,LOW_RELIABILITY,0.51,6711.85,2621.39,CARD,7,SUCCESS,,0
TXN_0008137,CUST_00813,LOW_RELIABILITY,0.4,4892.03,4856.54,UPI,12,FAILED,NETWORK_TIMEOUT,1
TXN_0008138,CUST_00813,LOW_RELIABILITY,0.4,4892.03,5465.93,UPI,0,SUCCESS,,0
TXN_0008139,CUST_00813,LOW_RELIABILITY,0.4,4892.03,5840.56,UPI,10,SUCCESS,,0
TXN_0008140,CUST_00813,LOW_RELIABILITY,0.4,4892.03,4301.47,UPI,10,FAILED,TECHNICAL_ERROR,0
TXN_0008141,CUST_00813,LOW_RELIABILITY,0.4,4892.03,9843.49,UPI,0,FAILED,NETWORK_TIMEOUT,0
TXN_0008142,CUST_00813,LOW_RELIABILITY,0.4,4892.03,4446.09,NET_BANKING,9,SUCCESS,,0
TXN_0008143,CUST_00813,LOW_RELIABILITY,0.4,4892.03,4440.42,UPI,20,FAILED,NETWORK_TIMEOUT,3
TXN_0008144,CUST_00813,LOW_RELIABILITY,0.4,4892.03,3332.48,CARD,19,FAILED,AUTHENTICATION_FAILURE,0
TXN_0008145,CUST_00813,LOW_RELIABILITY,0.4,4892.03,5134.49,UPI,5,SUCCESS,,0
TXN_0008146,CUST_00813,LOW_RELIABILITY,0.4,4892.03,6095.39,NET_BANKING,12,FAILED,AUTHENTICATION_FAILURE,3
TXN_0008147,CUST_00813,LOW_RELIABILITY,0.4,4892.03,7247.21,NET_BANKING,13,SUCCESS,,0
TXN_0008148,CUST_00813,LOW_RELIABILITY,0.4,4892.03,1977.78,CARD,5,SUCCESS,,0
TXN_0008149,CUST_00813,LOW_RELIABILITY,0.4,4892.03,4410.66,UPI,1,FAILED,NETWORK_TIMEOUT,0
TXN_0008150,CUST_00813,LOW_RELIABILITY,0.4,4892.03,5766.14,UPI,3,FAILED,INSUFFICIENT_FUNDS,0
TXN_0008151,CUST_00813,LOW_RELIABILITY,0.4,4892.03,6040.79,WALLET,14,FAILED,AUTHENTICATION_FAILURE,3
TXN_0008152,CUST_00814,LOW_RELIABILITY,0.41,3843.63,3853.7,UPI,1,FAILED,INSUFFICIENT_FUNDS,0
TXN_0008153,CUST_00814,LOW_RELIABILITY,0.41,3843.63,4677.58,UPI,1,FAILED,INSUFFICIENT_FUNDS,2
TXN_0008154,CUST_00814,LOW_RELIABILITY,0.41,3843.63,2599.89,WALLET,12,FAILED,TEMPORARY_BANK_ERROR,1
TXN_0008155,CUST_00814,LOW_RELIABILITY,0.41,3843.63,6238.83,CARD,21,SUCCESS,,0
TXN_0008156,CUST_00814,LOW_RELIABILITY,0.41,3843.63,5369.75,CARD,20,SUCCESS,,0
TXN_0008157,CUST_00814,LOW_RELIABILITY,0.41,3843.63,1775.87,UPI,19,FAILED,TECHNICAL_ERROR,1
TXN_0008158,CUST_00814,LOW_RELIABILITY,0.41,3843.63,2190.71,CARD,3,FAILED,NETWORK_TIMEOUT,0
TXN_0008159,CUST_00814,LOW_RELIABILITY,0.41,3843.63,2234.04,UPI,5,SUCCESS,,0
TXN_0008160,CUST_00814,LOW_RELIABILITY,0.41,3843.63,4885.98,UPI,1,SUCCESS,,0
TXN_0008161,CUST_00814,LOW_RELIABILITY,0.41,3843.63,1868.42,UPI,4,FAILED,AUTHENTICATION_FAILURE,0
TXN_0008162,CUST_00814,LOW_RELIABILITY,0.41,3843.63,3334.7,UPI,14,SUCCESS,,0
TXN_0008163,CUST_00814,LOW_RELIABILITY,0.41,3843.63,4542.72,UPI,19,FAILED,NETWORK_TIMEOUT,0
TXN_0008164,CUST_00814,LOW_RELIABILITY,0.41,3843.63,3741.9,NET_BANKING,5,SUCCESS,,0
TXN_0008165,CUST_00814,LOW_RELIABILITY,0.41,3843.63,4241.66,WALLET,1,FAILED,TEMPORARY_BANK_ERROR,1
TXN_0008166,CUST_00814,LOW_RELIABILITY,0.41,3843.63,2205.01,CARD,22,SUCCESS,,0
TXN_0008167,CUST_00815,MEDIUM_RELIABILITY,0.67,4778.52,5915.53,WALLET,5,SUCCESS,,0
TXN_0008168,CUST_00815,MEDIUM_RELIABILITY,0.67,4778.52,3606.42,CARD,1,SUCCESS,,0
TXN_0008169,CUST_00815,MEDIUM_RELIABILITY,0.67,4778.52,4158.04,UPI,22,SUCCESS,,0
TXN_0008170,CUST_00815,MEDIUM_RELIABILITY,0.67,4778.52,5232.92,CARD,10,FAILED,USER_ABANDONMENT,0
TXN_0008171,CUST_00815,MEDIUM_RELIABILITY,0.67,4778.52,4975.54,UPI,18,SUCCESS,,0
TXN_0008172,CUST_00816,MEDIUM_RELIABILITY,0.82,3801.93,3838.4,CARD,8,SUCCESS,,0
TXN_0008173,CUST_00816,MEDIUM_RELIABILITY,0.82,3801.93,2660.4,CARD,8,SUCCESS,,0
TXN_0008174,CUST_00816,MEDIUM_RELIABILITY,0.82,3801.93,3346.38,WALLET,5,SUCCESS,,0
TXN_0008175,CUST_00816,MEDIUM_RELIABILITY,0.82,3801.93,3805.25,UPI,17,SUCCESS,,0
TXN_0008176,CUST_00816,MEDIUM_RELIABILITY,0.82,3801.93,1710.74,UPI,15,SUCCESS,,0
TXN_0008177,CUST_00817,MEDIUM_RELIABILITY,0.8,8056.77,6566.16,UPI,14,FAILED,AUTHENTICATION_FAILURE,1
TXN_0008178,CUST_00817,MEDIUM_RELIABILITY,0.8,8056.77,9306.15,UPI,15,SUCCESS,,0
TXN_0008179,CUST_00817,MEDIUM_RELIABILITY,0.8,8056.77,3939.96,NET_BANKING,1,SUCCESS,,0
TXN_0008180,CUST_00817,MEDIUM_RELIABILITY,0.8,8056.77,11784.09,UPI,19,SUCCESS,,0
TXN_0008181,CUST_00817,MEDIUM_RELIABILITY,0.8,8056.77,12148.36,CARD,4,SUCCESS,,0
TXN_0008182,CUST_00817,MEDIUM_RELIABILITY,0.8,8056.77,4044.01,UPI,16,FAILED,INSUFFICIENT_FUNDS,0
TXN_0008183,CUST_00817,MEDIUM_RELIABILITY,0.8,8056.77,12431.98,WALLET,12,SUCCESS,,0
TXN_0008184,CUST_00817,MEDIUM_RELIABILITY,0.8,8056.77,7594.05,UPI,20,SUCCESS,,0
TXN_0008185,CUST_00817,MEDIUM_RELIABILITY,0.8,8056.77,9405.52,UPI,14,FAILED,NETWORK_TIMEOUT,2
TXN_0008186,CUST_00817,MEDIUM_RELIABILITY,0.8,8056.77,6456.21,UPI,16,SUCCESS,,0
TXN_0008187,CUST_00817,MEDIUM_RELIABILITY,0.8,8056.77,11031.47,UPI,12,SUCCESS,,0
TXN_0008188,CUST_00817,MEDIUM_RELIABILITY,0.8,8056.77,9365.49,UPI,16,FAILED,TEMPORARY_BANK_ERROR,1
TXN_0008189,CUST_00817,MEDIUM_RELIABILITY,0.8,8056.77,5432.99,WALLET,12,SUCCESS,,0
TXN_0008190,CUST_00818,LOW_RELIABILITY,0.62,1795.57,958.69,WALLET,18,SUCCESS,,0
TXN_0008191,CUST_00818,LOW_RELIABILITY,0.62,1795.57,746.74,CARD,4,SUCCESS,,0
TXN_0008192,CUST_00818,LOW_RELIABILITY,0.62,1795.57,1930.56,CARD,3,SUCCESS,,0
TXN_0008193,CUST_00818,LOW_RELIABILITY,0.62,1795.57,2206.73,NET_BANKING,8,FAILED,AUTHENTICATION_FAILURE,0
TXN_0008194,CUST_00818,LOW_RELIABILITY,0.62,1795.57,2263.11,UPI,21,FAILED,USER_ABANDONMENT,1
TXN_0008195,CUST_00818,LOW_RELIABILITY,0.62,1795.57,1710.83,UPI,19,FAILED,INSUFFICIENT_FUNDS,1
TXN_0008196,CUST_00818,LOW_RELIABILITY,0.62,1795.57,964.58,CARD,16,SUCCESS,,0
TXN_0008197,CUST_00818,LOW_RELIABILITY,0.62,1795.57,1305.68,WALLET,3,SUCCESS,,0
TXN_0008198,CUST_00818,LOW_RELIABILITY,0.62,1795.57,2623.22,CARD,23,SUCCESS,,0
TXN_0008199,CUST_00818,LOW_RELIABILITY,0.62,1795.57,1447.5,CARD,3,FAILED,TEMPORARY_BANK_ERROR,0
TXN_0008200,CUST_00818,LOW_RELIABILITY,0.62,1795.57,1898.58,UPI,1,SUCCESS,,0
TXN_0008201,CUST_00818,LOW_RELIABILITY,0.62,1795.57,1023.01,UPI,9,FAILED,NETWORK_TIMEOUT,0
TXN_0008202,CUST_00819,HIGH_RELIABILITY,0.92,3133.82,3555.74,CARD,19,SUCCESS,,0
TXN_0008203,CUST_00819,HIGH_RELIABILITY,0.92,3133.82,2560.1,CARD,20,SUCCESS,,0
TXN_0008204,CUST_00819,HIGH_RELIABILITY,0.92,3133.82,4445.9,UPI,21,FAILED,TECHNICAL_ERROR,0
TXN_0008205,CUST_00819,HIGH_RELIABILITY,0.92,3133.82,4103.5,WALLET,18,SUCCESS,,0
TXN_0008206,CUST_00819,HIGH_RELIABILITY,0.92,3133.82,2512.44,UPI,15,FAILED,TEMPORARY_BANK_ERROR,0
TXN_0008207,CUST_00819,HIGH_RELIABILITY,0.92,3133.82,2975.04,UPI,23,SUCCESS,,0
TXN_0008208,CUST_00819,HIGH_RELIABILITY,0.92,3133.82,2442.98,UPI,4,SUCCESS,,0
TXN_0008209,CUST_00819,HIGH_RELIABILITY,0.92,3133.82,1354.52,UPI,15,SUCCESS,,0
TXN_0008210,CUST_00819,HIGH_RELIABILITY,0.92,3133.82,2058.99,NET_BANKING,20,SUCCESS,,0
TXN_0008211,CUST_00819,HIGH_RELIABILITY,0.92,3133.82,3382.29,CARD,5,FAILED,TEMPORARY_BANK_ERROR,1
TXN_0008212,CUST_00820,HIGH_RELIABILITY,0.99,13978.01,15796.6,WALLET,15,SUCCESS,,0
TXN_0008213,CUST_00820,HIGH_RELIABILITY,0.99,13978.01,14808.57,CARD,19,SUCCESS,,0
TXN_0008214,CUST_00820,HIGH_RELIABILITY,0.99,13978.01,12290.96,CARD,21,SUCCESS,,0
TXN_0008215,CUST_00820,HIGH_RELIABILITY,0.99,13978.01,19194.98,CARD,10,SUCCESS,,0
TXN_0008216,CUST_00820,HIGH_RELIABILITY,0.99,13978.01,14333.29,NET_BANKING,13,SUCCESS,,0
TXN_0008217,CUST_00820,HIGH_RELIABILITY,0.99,13978.01,17910.05,NET_BANKING,14,SUCCESS,,0
TXN_0008218,CUST_00820,HIGH_RELIABILITY,0.99,13978.01,4060.47,UPI,5,SUCCESS,,0
TXN_0008219,CUST_00820,HIGH_RELIABILITY,0.99,13978.01,100.0,UPI,21,SUCCESS,,0
TXN_0008220,CUST_00820,HIGH_RELIABILITY,0.99,13978.01,15564.73,NET_BANKING,8,SUCCESS,,0
TXN_0008221,CUST_00820,HIGH_RELIABILITY,0.99,13978.01,6011.85,UPI,9,SUCCESS,,0
TXN_0008222,CUST_00820,HIGH_RELIABILITY,0.99,13978.01,12790.15,UPI,11,SUCCESS,,0
TXN_0008223,CUST_00820,HIGH_RELIABILITY,0.99,13978.01,12288.92,UPI,9,SUCCESS,,0
TXN_0008224,CUST_00820,HIGH_RELIABILITY,0.99,13978.01,22853.49,NET_BANKING,21,SUCCESS,,0
TXN_0008225,CUST_00820,HIGH_RELIABILITY,0.99,13978.01,16214.47,UPI,6,SUCCESS,,0
TXN_0008226,CUST_00821,HIGH_RELIABILITY,0.94,12788.47,13636.9,NET_BANKING,14,SUCCESS,,0
TXN_0008227,CUST_00821,HIGH_RELIABILITY,0.94,12788.47,17070.0,NET_BANKING,12,SUCCESS,,0
TXN_0008228,CUST_00821,HIGH_RELIABILITY,0.94,12788.47,14673.48,NET_BANKING,21,SUCCESS,,0
TXN_0008229,CUST_00821,HIGH_RELIABILITY,0.94,12788.47,10447.27,UPI,3,SUCCESS,,0
TXN_0008230,CUST_00821,HIGH_RELIABILITY,0.94,12788.47,18269.49,WALLET,0,SUCCESS,,0
TXN_0008231,CUST_00821,HIGH_RELIABILITY,0.94,12788.47,7111.67,UPI,15,SUCCESS,,0
TXN_0008232,CUST_00821,HIGH_RELIABILITY,0.94,12788.47,14442.0,NET_BANKING,14,SUCCESS,,0
TXN_0008233,CUST_00821,HIGH_RELIABILITY,0.94,12788.47,4872.05,CARD,11,SUCCESS,,0
TXN_0008234,CUST_00821,HIGH_RELIABILITY,0.94,12788.47,13831.72,CARD,12,SUCCESS,,0
TXN_0008235,CUST_00821,HIGH_RELIABILITY,0.94,12788.47,13775.69,UPI,8,SUCCESS,,0
TXN_0008236,CUST_00821,HIGH_RELIABILITY,0.94,12788.47,21364.19,UPI,1,SUCCESS,,0
TXN_0008237,CUST_00821,HIGH_RELIABILITY,0.94,12788.47,4783.02,NET_BANKING,10,SUCCESS,,0
TXN_0008238,CUST_00821,HIGH_RELIABILITY,0.94,12788.47,9714.7,UPI,23,FAILED,NETWORK_TIMEOUT,0
TXN_0008239,CUST_00821,HIGH_RELIABILITY,0.94,12788.47,16996.81,UPI,18,SUCCESS,,0
TXN_0008240,CUST_00822,HIGH_RELIABILITY,0.94,9730.2,11035.28,UPI,5,SUCCESS,,0
TXN_0008241,CUST_00822,HIGH_RELIABILITY,0.94,9730.2,10431.96,NET_BANKING,10,SUCCESS,,0
TXN_0008242,CUST_00822,HIGH_RELIABILITY,0.94,9730.2,6008.84,UPI,18,SUCCESS,,0
TXN_0008243,CUST_00822,HIGH_RELIABILITY,0.94,9730.2,7430.69,WALLET,2,SUCCESS,,0
TXN_0008244,CUST_00822,HIGH_RELIABILITY,0.94,9730.2,14576.0,UPI,22,SUCCESS,,0
TXN_0008245,CUST_00822,HIGH_RELIABILITY,0.94,9730.2,9529.72,NET_BANKING,2,SUCCESS,,0
TXN_0008246,CUST_00822,HIGH_RELIABILITY,0.94,9730.2,11191.13,UPI,21,SUCCESS,,0
TXN_0008247,CUST_00822,HIGH_RELIABILITY,0.94,9730.2,9281.88,CARD,17,SUCCESS,,0
TXN_0008248,CUST_00822,HIGH_RELIABILITY,0.94,9730.2,5125.54,CARD,19,SUCCESS,,0
TXN_0008249,CUST_00822,HIGH_RELIABILITY,0.94,9730.2,13364.66,UPI,7,SUCCESS,,0
TXN_0008250,CUST_00822,HIGH_RELIABILITY,0.94,9730.2,11688.82,CARD,3,SUCCESS,,0
TXN_0008251,CUST_00822,HIGH_RELIABILITY,0.94,9730.2,18703.92,UPI,21,SUCCESS,,0
TXN_0008252,CUST_00822,HIGH_RELIABILITY,0.94,9730.2,5777.48,CARD,20,SUCCESS,,0
TXN_0008253,CUST_00823,LOW_RELIABILITY,0.38,5335.84,7091.49,UPI,1,SUCCESS,,0
TXN_0008254,CUST_00823,LOW_RELIABILITY,0.38,5335.84,2536.56,UPI,13,FAILED,NETWORK_TIMEOUT,3
TXN_0008255,CUST_00823,LOW_RELIABILITY,0.38,5335.84,5671.67,CARD,4,FAILED,USER_ABANDONMENT,0
TXN_0008256,CUST_00823,LOW_RELIABILITY,0.38,5335.84,7420.03,NET_BANKING,18,FAILED,USER_ABANDONMENT,0
TXN_0008257,CUST_00823,LOW_RELIABILITY,0.38,5335.84,913.21,NET_BANKING,3,SUCCESS,,0
TXN_0008258,CUST_00823,LOW_RELIABILITY,0.38,5335.84,4898.45,UPI,2,SUCCESS,,0
TXN_0008259,CUST_00823,LOW_RELIABILITY,0.38,5335.84,4133.76,NET_BANKING,15,SUCCESS,,0
TXN_0008260,CUST_00823,LOW_RELIABILITY,0.38,5335.84,3837.63,UPI,23,FAILED,NETWORK_TIMEOUT,0
TXN_0008261,CUST_00823,LOW_RELIABILITY,0.38,5335.84,6158.01,UPI,18,FAILED,NETWORK_TIMEOUT,0
TXN_0008262,CUST_00823,LOW_RELIABILITY,0.38,5335.84,7727.76,CARD,8,SUCCESS,,0
TXN_0008263,CUST_00823,LOW_RELIABILITY,0.38,5335.84,5051.38,WALLET,5,FAILED,NETWORK_TIMEOUT,0
TXN_0008264,CUST_00823,LOW_RELIABILITY,0.38,5335.84,5774.42,CARD,17,FAILED,NETWORK_TIMEOUT,1
TXN_0008265,CUST_00823,LOW_RELIABILITY,0.38,5335.84,5579.81,CARD,5,FAILED,USER_ABANDONMENT,1
TXN_0008266,CUST_00824,LOW_RELIABILITY,0.39,5817.26,5821.46,WALLET,16,SUCCESS,,0
TXN_0008267,CUST_00824,LOW_RELIABILITY,0.39,5817.26,3282.46,CARD,17,FAILED,TECHNICAL_ERROR,0
TXN_0008268,CUST_00824,LOW_RELIABILITY,0.39,5817.26,8396.5,UPI,16,FAILED,NETWORK_TIMEOUT,0
TXN_0008269,CUST_00824,LOW_RELIABILITY,0.39,5817.26,6504.15,UPI,8,FAILED,TECHNICAL_ERROR,2
TXN_0008270,CUST_00824,LOW_RELIABILITY,0.39,5817.26,6736.11,UPI,18,SUCCESS,,0
TXN_0008271,CUST_00824,LOW_RELIABILITY,0.39,5817.26,3940.59,WALLET,13,SUCCESS,,0
TXN_0008272,CUST_00824,LOW_RELIABILITY,0.39,5817.26,4748.7,WALLET,22,FAILED,INSUFFICIENT_FUNDS,0
TXN_0008273,CUST_00824,LOW_RELIABILITY,0.39,5817.26,5407.41,CARD,21,SUCCESS,,0
TXN_0008274,CUST_00824,LOW_RELIABILITY,0.39,5817.26,2247.5,WALLET,18,FAILED,NETWORK_TIMEOUT,0
TXN_0008275,CUST_00824,LOW_RELIABILITY,0.39,5817.26,1889.37,CARD,3,FAILED,NETWORK_TIMEOUT,3
TXN_0008276,CUST_00824,LOW_RELIABILITY,0.39,5817.26,4419.38,UPI,9,FAILED,TEMPORARY_BANK_ERROR,1
TXN_0008277,CUST_00824,LOW_RELIABILITY,0.39,5817.26,7033.12,CARD,13,FAILED,USER_ABANDONMENT,3
TXN_0008278,CUST_00824,LOW_RELIABILITY,0.39,5817.26,4297.47,UPI,12,FAILED,TEMPORARY_BANK_ERROR,2
TXN_0008279,CUST_00824,LOW_RELIABILITY,0.39,5817.26,3446.6,NET_BANKING,1,SUCCESS,,0
TXN_0008280,CUST_00825,HIGH_RELIABILITY,0.97,10922.43,7363.09,UPI,13,SUCCESS,,0
TXN_0008281,CUST_00825,HIGH_RELIABILITY,0.97,10922.43,8933.05,UPI,0,SUCCESS,,0
TXN_0008282,CUST_00825,HIGH_RELIABILITY,0.97,10922.43,9376.43,WALLET,3,SUCCESS,,0
TXN_0008283,CUST_00825,HIGH_RELIABILITY,0.97,10922.43,20383.53,UPI,4,SUCCESS,,0
TXN_0008284,CUST_00825,HIGH_RELIABILITY,0.97,10922.43,15530.04,WALLET,7,SUCCESS,,0
TXN_0008285,CUST_00825,HIGH_RELIABILITY,0.97,10922.43,15399.64,UPI,14,SUCCESS,,0
TXN_0008286,CUST_00825,HIGH_RELIABILITY,0.97,10922.43,16027.92,UPI,20,SUCCESS,,0
TXN_0008287,CUST_00825,HIGH_RELIABILITY,0.97,10922.43,6558.61,WALLET,2,SUCCESS,,0
TXN_0008288,CUST_00825,HIGH_RELIABILITY,0.97,10922.43,5581.95,CARD,5,SUCCESS,,0
TXN_0008289,CUST_00825,HIGH_RELIABILITY,0.97,10922.43,6086.54,CARD,11,SUCCESS,,0
TXN_0008290,CUST_00825,HIGH_RELIABILITY,0.97,10922.43,16752.85,NET_BANKING,3,SUCCESS,,0
TXN_0008291,CUST_00825,HIGH_RELIABILITY,0.97,10922.43,8531.76,UPI,17,SUCCESS,,0
TXN_0008292,CUST_00826,MEDIUM_RELIABILITY,0.66,3379.72,1688.03,CARD,5,SUCCESS,,0
TXN_0008293,CUST_00826,MEDIUM_RELIABILITY,0.66,3379.72,2797.06,CARD,1,SUCCESS,,0
TXN_0008294,CUST_00826,MEDIUM_RELIABILITY,0.66,3379.72,3057.15,UPI,10,SUCCESS,,0
TXN_0008295,CUST_00826,MEDIUM_RELIABILITY,0.66,3379.72,3742.58,UPI,19,SUCCESS,,0
TXN_0008296,CUST_00826,MEDIUM_RELIABILITY,0.66,3379.72,3718.98,UPI,12,SUCCESS,,0
TXN_0008297,CUST_00826,MEDIUM_RELIABILITY,0.66,3379.72,2260.11,UPI,10,SUCCESS,,0
TXN_0008298,CUST_00826,MEDIUM_RELIABILITY,0.66,3379.72,4306.65,UPI,16,SUCCESS,,0
TXN_0008299,CUST_00826,MEDIUM_RELIABILITY,0.66,3379.72,2515.6,UPI,17,SUCCESS,,0
TXN_0008300,CUST_00826,MEDIUM_RELIABILITY,0.66,3379.72,3168.45,UPI,4,FAILED,TEMPORARY_BANK_ERROR,1
TXN_0008301,CUST_00826,MEDIUM_RELIABILITY,0.66,3379.72,4308.16,CARD,12,SUCCESS,,0
TXN_0008302,CUST_00826,MEDIUM_RELIABILITY,0.66,3379.72,2512.05,UPI,10,SUCCESS,,0
TXN_0008303,CUST_00826,MEDIUM_RELIABILITY,0.66,3379.72,2610.02,CARD,12,SUCCESS,,0
TXN_0008304,CUST_00827,LOW_RELIABILITY,0.43,2648.93,3275.84,CARD,9,FAILED,INSUFFICIENT_FUNDS,0
TXN_0008305,CUST_00827,LOW_RELIABILITY,0.43,2648.93,1740.1,CARD,17,SUCCESS,,0
TXN_0008306,CUST_00827,LOW_RELIABILITY,0.43,2648.93,2241.22,UPI,1,FAILED,TEMPORARY_BANK_ERROR,0
TXN_0008307,CUST_00827,LOW_RELIABILITY,0.43,2648.93,3237.78,UPI,21,FAILED,INSUFFICIENT_FUNDS,0
TXN_0008308,CUST_00827,LOW_RELIABILITY,0.43,2648.93,4825.39,WALLET,2,SUCCESS,,0
TXN_0008309,CUST_00827,LOW_RELIABILITY,0.43,2648.93,3290.4,NET_BANKING,5,FAILED,TEMPORARY_BANK_ERROR,0
TXN_0008310,CUST_00827,LOW_RELIABILITY,0.43,2648.93,3149.73,NET_BANKING,12,FAILED,TECHNICAL_ERROR,0
TXN_0008311,CUST_00827,LOW_RELIABILITY,0.43,2648.93,3211.35,UPI,23,FAILED,NETWORK_TIMEOUT,0
TXN_0008312,CUST_00827,LOW_RELIABILITY,0.43,2648.93,1511.81,CARD,21,SUCCESS,,0
TXN_0008313,CUST_00827,LOW_RELIABILITY,0.43,2648.93,2771.41,UPI,4,FAILED,AUTHENTICATION_FAILURE,3
TXN_0008314,CUST_00827,LOW_RELIABILITY,0.43,2648.93,2617.39,CARD,4,FAILED,TECHNICAL_ERROR,0
TXN_0008315,CUST_00827,LOW_RELIABILITY,0.43,2648.93,2989.67,CARD,8,FAILED,TEMPORARY_BANK_ERROR,1
TXN_0008316,CUST_00827,LOW_RELIABILITY,0.43,2648.93,2772.38,UPI,21,FAILED,USER_ABANDONMENT,0
TXN_0008317,CUST_00827,LOW_RELIABILITY,0.43,2648.93,3051.25,CARD,20,SUCCESS,,0
TXN_0008318,CUST_00828,HIGH_RELIABILITY,0.89,14117.41,12358.57,UPI,13,SUCCESS,,0
TXN_0008319,CUST_00828,HIGH_RELIABILITY,0.89,14117.41,14448.37,WALLET,4,SUCCESS,,0
TXN_0008320,CUST_00828,HIGH_RELIABILITY,0.89,14117.41,7183.91,NET_BANKING,14,SUCCESS,,0
TXN_0008321,CUST_00828,HIGH_RELIABILITY,0.89,14117.41,12310.91,CARD,1,FAILED,NETWORK_TIMEOUT,0
TXN_0008322,CUST_00828,HIGH_RELIABILITY,0.89,14117.41,21971.4,UPI,18,SUCCESS,,0
TXN_0008323,CUST_00828,HIGH_RELIABILITY,0.89,14117.41,15917.71,UPI,4,SUCCESS,,0
TXN_0008324,CUST_00828,HIGH_RELIABILITY,0.89,14117.41,13999.27,UPI,20,SUCCESS,,0
TXN_0008325,CUST_00828,HIGH_RELIABILITY,0.89,14117.41,24824.75,UPI,17,SUCCESS,,0
TXN_0008326,CUST_00828,HIGH_RELIABILITY,0.89,14117.41,6432.82,WALLET,14,SUCCESS,,0
TXN_0008327,CUST_00828,HIGH_RELIABILITY,0.89,14117.41,7852.35,UPI,22,SUCCESS,,0
TXN_0008328,CUST_00828,HIGH_RELIABILITY,0.89,14117.41,23789.03,UPI,23,SUCCESS,,0
TXN_0008329,CUST_00828,HIGH_RELIABILITY,0.89,14117.41,14376.95,UPI,10,SUCCESS,,0
TXN_0008330,CUST_00829,LOW_RELIABILITY,0.51,2277.57,2056.57,CARD,23,SUCCESS,,0
TXN_0008331,CUST_00829,LOW_RELIABILITY,0.51,2277.57,1185.06,CARD,18,SUCCESS,,0
TXN_0008332,CUST_00829,LOW_RELIABILITY,0.51,2277.57,2685.43,NET_BANKING,14,SUCCESS,,0
TXN_0008333,CUST_00829,LOW_RELIABILITY,0.51,2277.57,2773.59,UPI,3,FAILED,TECHNICAL_ERROR,0
TXN_0008334,CUST_00829,LOW_RELIABILITY,0.51,2277.57,1280.45,WALLET,11,SUCCESS,,0
TXN_0008335,CUST_00829,LOW_RELIABILITY,0.51,2277.57,2149.78,UPI,9,FAILED,INSUFFICIENT_FUNDS,0
TXN_0008336,CUST_00829,LOW_RELIABILITY,0.51,2277.57,1971.91,UPI,10,FAILED,TEMPORARY_BANK_ERROR,3
TXN_0008337,CUST_00829,LOW_RELIABILITY,0.51,2277.57,2510.77,UPI,21,SUCCESS,,0
TXN_0008338,CUST_00829,LOW_RELIABILITY,0.51,2277.57,1257.9,UPI,21,FAILED,AUTHENTICATION_FAILURE,0
TXN_0008339,CUST_00829,LOW_RELIABILITY,0.51,2277.57,3418.13,CARD,19,SUCCESS,,0
TXN_0008340,CUST_00829,LOW_RELIABILITY,0.51,2277.57,3111.91,WALLET,5,FAILED,INSUFFICIENT_FUNDS,0
TXN_0008341,CUST_00830,MEDIUM_RELIABILITY,0.74,4748.42,4058.62,WALLET,14,FAILED,AUTHENTICATION_FAILURE,0
TXN_0008342,CUST_00830,MEDIUM_RELIABILITY,0.74,4748.42,4337.36,UPI,21,SUCCESS,,0
TXN_0008343,CUST_00830,MEDIUM_RELIABILITY,0.74,4748.42,4489.3,WALLET,18,SUCCESS,,0
TXN_0008344,CUST_00830,MEDIUM_RELIABILITY,0.74,4748.42,3270.13,CARD,8,SUCCESS,,0
TXN_0008345,CUST_00830,MEDIUM_RELIABILITY,0.74,4748.42,3906.18,UPI,1,SUCCESS,,0
TXN_0008346,CUST_00830,MEDIUM_RELIABILITY,0.74,4748.42,4235.08,UPI,17,SUCCESS,,0
TXN_0008347,CUST_00830,MEDIUM_RELIABILITY,0.74,4748.42,7811.85,UPI,2,FAILED,AUTHENTICATION_FAILURE,0
TXN_0008348,CUST_00830,MEDIUM_RELIABILITY,0.74,4748.42,6546.4,WALLET,18,SUCCESS,,0
TXN_0008349,CUST_00830,MEDIUM_RELIABILITY,0.74,4748.42,6523.67,CARD,7,SUCCESS,,0
TXN_0008350,CUST_00830,MEDIUM_RELIABILITY,0.74,4748.42,5451.04,CARD,2,SUCCESS,,0
TXN_0008351,CUST_00830,MEDIUM_RELIABILITY,0.74,4748.42,2626.2,UPI,17,FAILED,NETWORK_TIMEOUT,0
TXN_0008352,CUST_00830,MEDIUM_RELIABILITY,0.74,4748.42,4669.61,UPI,17,SUCCESS,,0
TXN_0008353,CUST_00831,HIGH_RELIABILITY,0.95,8219.51,11410.29,UPI,21,FAILED,TEMPORARY_BANK_ERROR,1
TXN_0008354,CUST_00831,HIGH_RELIABILITY,0.95,8219.51,4082.58,UPI,8,SUCCESS,,0
TXN_0008355,CUST_00831,HIGH_RELIABILITY,0.95,8219.51,10312.37,UPI,12,SUCCESS,,0
TXN_0008356,CUST_00831,HIGH_RELIABILITY,0.95,8219.51,15855.79,UPI,20,SUCCESS,,0
TXN_0008357,CUST_00831,HIGH_RELIABILITY,0.95,8219.51,11710.56,UPI,14,SUCCESS,,0
TXN_0008358,CUST_00831,HIGH_RELIABILITY,0.95,8219.51,12868.56,UPI,12,SUCCESS,,0
TXN_0008359,CUST_00832,LOW_RELIABILITY,0.62,3579.35,3891.95,CARD,11,SUCCESS,,0
TXN_0008360,CUST_00832,LOW_RELIABILITY,0.62,3579.35,4965.18,WALLET,21,SUCCESS,,0
TXN_0008361,CUST_00832,LOW_RELIABILITY,0.62,3579.35,2551.57,UPI,15,FAILED,NETWORK_TIMEOUT,0
TXN_0008362,CUST_00832,LOW_RELIABILITY,0.62,3579.35,4718.82,WALLET,0,SUCCESS,,0
TXN_0008363,CUST_00832,LOW_RELIABILITY,0.62,3579.35,4516.26,UPI,20,FAILED,INSUFFICIENT_FUNDS,0
TXN_0008364,CUST_00832,LOW_RELIABILITY,0.62,3579.35,3994.43,CARD,2,SUCCESS,,0
TXN_0008365,CUST_00832,LOW_RELIABILITY,0.62,3579.35,5463.53,UPI,11,SUCCESS,,0
TXN_0008366,CUST_00832,LOW_RELIABILITY,0.62,3579.35,2807.95,WALLET,9,SUCCESS,,0
TXN_0008367,CUST_00832,LOW_RELIABILITY,0.62,3579.35,3311.53,CARD,19,FAILED,TEMPORARY_BANK_ERROR,0
TXN_0008368,CUST_00832,LOW_RELIABILITY,0.62,3579.35,3716.03,CARD,21,SUCCESS,,0
TXN_0008369,CUST_00832,LOW_RELIABILITY,0.62,3579.35,2105.21,UPI,1,SUCCESS,,0
TXN_0008370,CUST_00833,MEDIUM_RELIABILITY,0.87,8588.54,9368.15,NET_BANKING,20,SUCCESS,,0
TXN_0008371,CUST_00833,MEDIUM_RELIABILITY,0.87,8588.54,2683.3,UPI,2,SUCCESS,,0
TXN_0008372,CUST_00833,MEDIUM_RELIABILITY,0.87,8588.54,12185.26,UPI,2,SUCCESS,,0
TXN_0008373,CUST_00833,MEDIUM_RELIABILITY,0.87,8588.54,8748.76,CARD,2,SUCCESS,,0
TXN_0008374,CUST_00833,MEDIUM_RELIABILITY,0.87,8588.54,6799.06,WALLET,15,SUCCESS,,0
TXN_0008375,CUST_00833,MEDIUM_RELIABILITY,0.87,8588.54,5722.12,UPI,4,FAILED,TEMPORARY_BANK_ERROR,1
TXN_0008376,CUST_00833,MEDIUM_RELIABILITY,0.87,8588.54,7782.66,CARD,15,SUCCESS,,0
TXN_0008377,CUST_00833,MEDIUM_RELIABILITY,0.87,8588.54,10953.0,NET_BANKING,8,SUCCESS,,0
TXN_0008378,CUST_00833,MEDIUM_RELIABILITY,0.87,8588.54,10470.25,UPI,23,SUCCESS,,0
TXN_0008379,CUST_00833,MEDIUM_RELIABILITY,0.87,8588.54,6164.72,UPI,1,SUCCESS,,0
TXN_0008380,CUST_00833,MEDIUM_RELIABILITY,0.87,8588.54,5682.04,CARD,21,SUCCESS,,0
TXN_0008381,CUST_00833,MEDIUM_RELIABILITY,0.87,8588.54,10845.26,UPI,2,SUCCESS,,0
TXN_0008382,CUST_00833,MEDIUM_RELIABILITY,0.87,8588.54,6106.98,CARD,9,SUCCESS,,0
TXN_0008383,CUST_00833,MEDIUM_RELIABILITY,0.87,8588.54,8794.35,UPI,23,SUCCESS,,0
TXN_0008384,CUST_00833,MEDIUM_RELIABILITY,0.87,8588.54,9013.69,CARD,13,SUCCESS,,0
TXN_0008385,CUST_00834,MEDIUM_RELIABILITY,0.7,9340.65,10506.6,NET_BANKING,0,SUCCESS,,0
TXN_0008386,CUST_00834,MEDIUM_RELIABILITY,0.7,9340.65,12547.37,UPI,22,FAILED,INSUFFICIENT_FUNDS,0
TXN_0008387,CUST_00834,MEDIUM_RELIABILITY,0.7,9340.65,4621.89,CARD,21,FAILED,INSUFFICIENT_FUNDS,0
TXN_0008388,CUST_00834,MEDIUM_RELIABILITY,0.7,9340.65,2200.06,CARD,22,FAILED,TECHNICAL_ERROR,0
TXN_0008389,CUST_00834,MEDIUM_RELIABILITY,0.7,9340.65,7220.52,WALLET,2,FAILED,TECHNICAL_ERROR,0
TXN_0008390,CUST_00834,MEDIUM_RELIABILITY,0.7,9340.65,16071.63,UPI,9,SUCCESS,,0
TXN_0008391,CUST_00834,MEDIUM_RELIABILITY,0.7,9340.65,16896.02,UPI,19,FAILED,TECHNICAL_ERROR,0
TXN_0008392,CUST_00834,MEDIUM_RELIABILITY,0.7,9340.65,16182.4,NET_BANKING,23,SUCCESS,,0
TXN_0008393,CUST_00834,MEDIUM_RELIABILITY,0.7,9340.65,8619.62,WALLET,8,SUCCESS,,0
TXN_0008394,CUST_00834,MEDIUM_RELIABILITY,0.7,9340.65,2682.2,CARD,15,FAILED,TEMPORARY_BANK_ERROR,1
TXN_0008395,CUST_00834,MEDIUM_RELIABILITY,0.7,9340.65,586.45,CARD,22,FAILED,INSUFFICIENT_FUNDS,0
TXN_0008396,CUST_00834,MEDIUM_RELIABILITY,0.7,9340.65,7046.44,UPI,15,FAILED,USER_ABANDONMENT,0
TXN_0008397,CUST_00834,MEDIUM_RELIABILITY,0.7,9340.65,8600.6,UPI,0,SUCCESS,,0
TXN_0008398,CUST_00834,MEDIUM_RELIABILITY,0.7,9340.65,14200.12,CARD,22,SUCCESS,,0
TXN_0008399,CUST_00834,MEDIUM_RELIABILITY,0.7,9340.65,12583.0,CARD,7,FAILED,NETWORK_TIMEOUT,2
TXN_0008400,CUST_00835,MEDIUM_RELIABILITY,0.68,8265.77,9017.64,UPI,19,SUCCESS,,0
TXN_0008401,CUST_00835,MEDIUM_RELIABILITY,0.68,8265.77,5323.67,CARD,17,SUCCESS,,0
TXN_0008402,CUST_00835,MEDIUM_RELIABILITY,0.68,8265.77,5089.14,CARD,2,SUCCESS,,0
TXN_0008403,CUST_00835,MEDIUM_RELIABILITY,0.68,8265.77,9105.99,CARD,9,SUCCESS,,0
TXN_0008404,CUST_00835,MEDIUM_RELIABILITY,0.68,8265.77,10570.44,UPI,3,SUCCESS,,0
TXN_0008405,CUST_00835,MEDIUM_RELIABILITY,0.68,8265.77,9561.45,UPI,18,SUCCESS,,0
TXN_0008406,CUST_00835,MEDIUM_RELIABILITY,0.68,8265.77,4845.07,UPI,4,FAILED,TEMPORARY_BANK_ERROR,0
TXN_0008407,CUST_00835,MEDIUM_RELIABILITY,0.68,8265.77,10417.08,WALLET,23,SUCCESS,,0
TXN_0008408,CUST_00835,MEDIUM_RELIABILITY,0.68,8265.77,9673.96,UPI,14,SUCCESS,,0
TXN_0008409,CUST_00835,MEDIUM_RELIABILITY,0.68,8265.77,4725.82,UPI,13,SUCCESS,,0
TXN_0008410,CUST_00835,MEDIUM_RELIABILITY,0.68,8265.77,5672.56,CARD,15,FAILED,NETWORK_TIMEOUT,2
TXN_0008411,CUST_00835,MEDIUM_RELIABILITY,0.68,8265.77,10542.15,NET_BANKING,2,SUCCESS,,0
TXN_0008412,CUST_00835,MEDIUM_RELIABILITY,0.68,8265.77,7490.42,UPI,20,FAILED,INSUFFICIENT_FUNDS,0
TXN_0008413,CUST_00836,LOW_RELIABILITY,0.46,6170.23,10092.39,UPI,16,SUCCESS,,0
TXN_0008414,CUST_00836,LOW_RELIABILITY,0.46,6170.23,7407.06,CARD,1,FAILED,USER_ABANDONMENT,0
TXN_0008415,CUST_00836,LOW_RELIABILITY,0.46,6170.23,4969.18,CARD,5,FAILED,USER_ABANDONMENT,0
TXN_0008416,CUST_00836,LOW_RELIABILITY,0.46,6170.23,6145.04,WALLET,8,SUCCESS,,0
TXN_0008417,CUST_00836,LOW_RELIABILITY,0.46,6170.23,6326.67,UPI,15,FAILED,USER_ABANDONMENT,0
TXN_0008418,CUST_00836,LOW_RELIABILITY,0.46,6170.23,4372.5,UPI,1,SUCCESS,,0
TXN_0008419,CUST_00836,LOW_RELIABILITY,0.46,6170.23,3917.88,CARD,11,SUCCESS,,0
TXN_0008420,CUST_00836,LOW_RELIABILITY,0.46,6170.23,7901.32,UPI,22,SUCCESS,,0
TXN_0008421,CUST_00836,LOW_RELIABILITY,0.46,6170.23,8256.44,CARD,7,FAILED,NETWORK_TIMEOUT,1
TXN_0008422,CUST_00836,LOW_RELIABILITY,0.46,6170.23,7660.42,UPI,0,SUCCESS,,0
TXN_0008423,CUST_00836,LOW_RELIABILITY,0.46,6170.23,9910.17,CARD,20,FAILED,TEMPORARY_BANK_ERROR,1
TXN_0008424,CUST_00836,LOW_RELIABILITY,0.46,6170.23,4833.08,NET_BANKING,23,SUCCESS,,0
TXN_0008425,CUST_00836,LOW_RELIABILITY,0.46,6170.23,10302.48,UPI,22,SUCCESS,,0
TXN_0008426,CUST_00836,LOW_RELIABILITY,0.46,6170.23,3946.67,WALLET,0,SUCCESS,,0
TXN_0008427,CUST_00837,HIGH_RELIABILITY,0.98,12282.96,7307.45,CARD,6,SUCCESS,,0
TXN_0008428,CUST_00837,HIGH_RELIABILITY,0.98,12282.96,3635.96,UPI,14,SUCCESS,,0
TXN_0008429,CUST_00837,HIGH_RELIABILITY,0.98,12282.96,10092.69,UPI,19,SUCCESS,,0
TXN_0008430,CUST_00837,HIGH_RELIABILITY,0.98,12282.96,9808.08,WALLET,12,SUCCESS,,0
TXN_0008431,CUST_00837,HIGH_RELIABILITY,0.98,12282.96,14866.99,CARD,22,SUCCESS,,0
TXN_0008432,CUST_00837,HIGH_RELIABILITY,0.98,12282.96,13481.24,NET_BANKING,6,SUCCESS,,0
TXN_0008433,CUST_00837,HIGH_RELIABILITY,0.98,12282.96,6421.66,UPI,15,SUCCESS,,0
TXN_0008434,CUST_00837,HIGH_RELIABILITY,0.98,12282.96,10353.42,CARD,16,SUCCESS,,0
TXN_0008435,CUST_00837,HIGH_RELIABILITY,0.98,12282.96,10457.9,NET_BANKING,18,SUCCESS,,0
TXN_0008436,CUST_00837,HIGH_RELIABILITY,0.98,12282.96,3557.23,WALLET,8,SUCCESS,,0
TXN_0008437,CUST_00837,HIGH_RELIABILITY,0.98,12282.96,7463.39,CARD,6,SUCCESS,,0
TXN_0008438,CUST_00837,HIGH_RELIABILITY,0.98,12282.96,8495.81,UPI,6,SUCCESS,,0
TXN_0008439,CUST_00837,HIGH_RELIABILITY,0.98,12282.96,19326.62,NET_BANKING,12,SUCCESS,,0
TXN_0008440,CUST_00837,HIGH_RELIABILITY,0.98,12282.96,13223.59,CARD,15,SUCCESS,,0
TXN_0008441,CUST_00838,MEDIUM_RELIABILITY,0.82,3394.45,4293.53,CARD,17,FAILED,USER_ABANDONMENT,0
TXN_0008442,CUST_00838,MEDIUM_RELIABILITY,0.82,3394.45,1359.63,CARD,19,SUCCESS,,0
TXN_0008443,CUST_00838,MEDIUM_RELIABILITY,0.82,3394.45,5015.93,NET_BANKING,15,FAILED,INSUFFICIENT_FUNDS,2
TXN_0008444,CUST_00838,MEDIUM_RELIABILITY,0.82,3394.45,5161.06,WALLET,22,FAILED,NETWORK_TIMEOUT,2
TXN_0008445,CUST_00838,MEDIUM_RELIABILITY,0.82,3394.45,681.14,CARD,11,SUCCESS,,0
TXN_0008446,CUST_00838,MEDIUM_RELIABILITY,0.82,3394.45,2436.79,NET_BANKING,6,SUCCESS,,0
TXN_0008447,CUST_00838,MEDIUM_RELIABILITY,0.82,3394.45,4067.59,UPI,18,SUCCESS,,0
TXN_0008448,CUST_00838,MEDIUM_RELIABILITY,0.82,3394.45,4269.39,NET_BANKING,6,SUCCESS,,0
TXN_0008449,CUST_00838,MEDIUM_RELIABILITY,0.82,3394.45,2473.2,CARD,5,SUCCESS,,0
TXN_0008450,CUST_00838,MEDIUM_RELIABILITY,0.82,3394.45,2979.65,UPI,15,SUCCESS,,0
TXN_0008451,CUST_00838,MEDIUM_RELIABILITY,0.82,3394.45,2583.34,WALLET,17,SUCCESS,,0
TXN_0008452,CUST_00838,MEDIUM_RELIABILITY,0.82,3394.45,3544.37,UPI,18,SUCCESS,,0
TXN_0008453,CUST_00838,MEDIUM_RELIABILITY,0.82,3394.45,5019.96,UPI,7,SUCCESS,,0
TXN_0008454,CUST_00839,MEDIUM_RELIABILITY,0.67,4328.31,2993.39,UPI,7,SUCCESS,,0
TXN_0008455,CUST_00839,MEDIUM_RELIABILITY,0.67,4328.31,6061.05,UPI,16,FAILED,NETWORK_TIMEOUT,1
TXN_0008456,CUST_00839,MEDIUM_RELIABILITY,0.67,4328.31,2974.98,CARD,23,SUCCESS,,0
TXN_0008457,CUST_00839,MEDIUM_RELIABILITY,0.67,4328.31,2860.79,CARD,3,SUCCESS,,0
TXN_0008458,CUST_00839,MEDIUM_RELIABILITY,0.67,4328.31,5745.56,CARD,2,FAILED,NETWORK_TIMEOUT,0
TXN_0008459,CUST_00840,HIGH_RELIABILITY,0.9,10729.32,14686.02,UPI,5,SUCCESS,,0
TXN_0008460,CUST_00840,HIGH_RELIABILITY,0.9,10729.32,14383.34,CARD,1,FAILED,NETWORK_TIMEOUT,0
TXN_0008461,CUST_00840,HIGH_RELIABILITY,0.9,10729.32,5082.28,CARD,3,SUCCESS,,0
TXN_0008462,CUST_00840,HIGH_RELIABILITY,0.9,10729.32,8729.59,UPI,2,SUCCESS,,0
TXN_0008463,CUST_00840,HIGH_RELIABILITY,0.9,10729.32,14261.36,UPI,3,SUCCESS,,0
TXN_0008464,CUST_00840,HIGH_RELIABILITY,0.9,10729.32,10907.61,CARD,22,SUCCESS,,0
TXN_0008465,CUST_00840,HIGH_RELIABILITY,0.9,10729.32,6121.32,UPI,13,SUCCESS,,0
TXN_0008466,CUST_00840,HIGH_RELIABILITY,0.9,10729.32,12696.3,UPI,9,SUCCESS,,0
TXN_0008467,CUST_00840,HIGH_RELIABILITY,0.9,10729.32,7661.56,UPI,6,SUCCESS,,0
TXN_0008468,CUST_00840,HIGH_RELIABILITY,0.9,10729.32,18430.93,UPI,16,SUCCESS,,0
TXN_0008469,CUST_00841,HIGH_RELIABILITY,0.92,14658.54,23716.59,CARD,0,SUCCESS,,0
TXN_0008470,CUST_00841,HIGH_RELIABILITY,0.92,14658.54,18200.61,UPI,22,SUCCESS,,0
TXN_0008471,CUST_00841,HIGH_RELIABILITY,0.92,14658.54,22638.69,UPI,11,SUCCESS,,0
TXN_0008472,CUST_00841,HIGH_RELIABILITY,0.92,14658.54,15038.44,UPI,12,SUCCESS,,0
TXN_0008473,CUST_00841,HIGH_RELIABILITY,0.92,14658.54,19146.62,UPI,16,SUCCESS,,0
TXN_0008474,CUST_00841,HIGH_RELIABILITY,0.92,14658.54,23323.03,WALLET,7,SUCCESS,,0
TXN_0008475,CUST_00841,HIGH_RELIABILITY,0.92,14658.54,16098.0,UPI,8,SUCCESS,,0
TXN_0008476,CUST_00841,HIGH_RELIABILITY,0.92,14658.54,13162.27,UPI,21,SUCCESS,,0
TXN_0008477,CUST_00841,HIGH_RELIABILITY,0.92,14658.54,4663.63,CARD,8,SUCCESS,,0
TXN_0008478,CUST_00841,HIGH_RELIABILITY,0.92,14658.54,14171.09,NET_BANKING,11,SUCCESS,,0
TXN_0008479,CUST_00841,HIGH_RELIABILITY,0.92,14658.54,19486.61,NET_BANKING,0,FAILED,TECHNICAL_ERROR,2
TXN_0008480,CUST_00842,HIGH_RELIABILITY,0.95,12514.73,17248.47,CARD,13,SUCCESS,,0
TXN_0008481,CUST_00842,HIGH_RELIABILITY,0.95,12514.73,15039.53,UPI,15,SUCCESS,,0
TXN_0008482,CUST_00842,HIGH_RELIABILITY,0.95,12514.73,9805.05,WALLET,16,SUCCESS,,0
TXN_0008483,CUST_00842,HIGH_RELIABILITY,0.95,12514.73,2618.97,CARD,8,SUCCESS,,0
TXN_0008484,CUST_00842,HIGH_RELIABILITY,0.95,12514.73,10035.74,CARD,20,SUCCESS,,0
TXN_0008485,CUST_00842,HIGH_RELIABILITY,0.95,12514.73,10991.21,WALLET,14,SUCCESS,,0
TXN_0008486,CUST_00843,MEDIUM_RELIABILITY,0.68,8689.14,7601.51,UPI,16,FAILED,NETWORK_TIMEOUT,1
TXN_0008487,CUST_00843,MEDIUM_RELIABILITY,0.68,8689.14,10839.03,UPI,18,SUCCESS,,0
TXN_0008488,CUST_00843,MEDIUM_RELIABILITY,0.68,8689.14,15590.67,CARD,14,FAILED,AUTHENTICATION_FAILURE,0
TXN_0008489,CUST_00843,MEDIUM_RELIABILITY,0.68,8689.14,9118.49,UPI,22,SUCCESS,,0
TXN_0008490,CUST_00843,MEDIUM_RELIABILITY,0.68,8689.14,7935.85,UPI,21,SUCCESS,,0
TXN_0008491,CUST_00843,MEDIUM_RELIABILITY,0.68,8689.14,7788.17,UPI,17,FAILED,TEMPORARY_BANK_ERROR,1
TXN_0008492,CUST_00843,MEDIUM_RELIABILITY,0.68,8689.14,9121.46,NET_BANKING,0,FAILED,USER_ABANDONMENT,1
TXN_0008493,CUST_00843,MEDIUM_RELIABILITY,0.68,8689.14,5810.28,CARD,6,SUCCESS,,0
TXN_0008494,CUST_00844,MEDIUM_RELIABILITY,0.85,5127.09,5373.6,NET_BANKING,1,FAILED,NETWORK_TIMEOUT,1
TXN_0008495,CUST_00844,MEDIUM_RELIABILITY,0.85,5127.09,6051.63,WALLET,10,SUCCESS,,0
TXN_0008496,CUST_00844,MEDIUM_RELIABILITY,0.85,5127.09,5557.12,CARD,22,FAILED,USER_ABANDONMENT,0
TXN_0008497,CUST_00844,MEDIUM_RELIABILITY,0.85,5127.09,6065.43,UPI,9,SUCCESS,,0
TXN_0008498,CUST_00844,MEDIUM_RELIABILITY,0.85,5127.09,6016.64,UPI,18,SUCCESS,,0
TXN_0008499,CUST_00844,MEDIUM_RELIABILITY,0.85,5127.09,1493.22,UPI,2,SUCCESS,,0
TXN_0008500,CUST_00844,MEDIUM_RELIABILITY,0.85,5127.09,6433.21,NET_BANKING,15,SUCCESS,,0
TXN_0008501,CUST_00844,MEDIUM_RELIABILITY,0.85,5127.09,3750.95,CARD,11,SUCCESS,,0
TXN_0008502,CUST_00844,MEDIUM_RELIABILITY,0.85,5127.09,2879.7,UPI,10,SUCCESS,,0
TXN_0008503,CUST_00844,MEDIUM_RELIABILITY,0.85,5127.09,2862.04,UPI,0,FAILED,TECHNICAL_ERROR,1
TXN_0008504,CUST_00844,MEDIUM_RELIABILITY,0.85,5127.09,6016.21,WALLET,22,SUCCESS,,0
TXN_0008505,CUST_00844,MEDIUM_RELIABILITY,0.85,5127.09,4670.63,CARD,14,SUCCESS,,0
TXN_0008506,CUST_00845,LOW_RELIABILITY,0.53,5400.71,1767.18,CARD,21,SUCCESS,,0
TXN_0008507,CUST_00845,LOW_RELIABILITY,0.53,5400.71,6433.41,CARD,10,SUCCESS,,0
TXN_0008508,CUST_00845,LOW_RELIABILITY,0.53,5400.71,2290.75,UPI,21,FAILED,NETWORK_TIMEOUT,0
TXN_0008509,CUST_00845,LOW_RELIABILITY,0.53,5400.71,5702.76,UPI,5,FAILED,TECHNICAL_ERROR,0
TXN_0008510,CUST_00845,LOW_RELIABILITY,0.53,5400.71,5915.94,CARD,2,SUCCESS,,0
TXN_0008511,CUST_00845,LOW_RELIABILITY,0.53,5400.71,7313.81,CARD,1,FAILED,NETWORK_TIMEOUT,0
TXN_0008512,CUST_00845,LOW_RELIABILITY,0.53,5400.71,9249.66,WALLET,3,FAILED,AUTHENTICATION_FAILURE,0
TXN_0008513,CUST_00845,LOW_RELIABILITY,0.53,5400.71,2452.62,CARD,14,FAILED,TEMPORARY_BANK_ERROR,1
TXN_0008514,CUST_00845,LOW_RELIABILITY,0.53,5400.71,5287.35,UPI,8,SUCCESS,,0
TXN_0008515,CUST_00846,MEDIUM_RELIABILITY,0.69,5274.38,4691.38,UPI,9,FAILED,TECHNICAL_ERROR,0
TXN_0008516,CUST_00846,MEDIUM_RELIABILITY,0.69,5274.38,6189.48,CARD,20,SUCCESS,,0
TXN_0008517,CUST_00846,MEDIUM_RELIABILITY,0.69,5274.38,5729.39,NET_BANKING,10,SUCCESS,,0
TXN_0008518,CUST_00846,MEDIUM_RELIABILITY,0.69,5274.38,4530.59,NET_BANKING,17,FAILED,TEMPORARY_BANK_ERROR,0
TXN_0008519,CUST_00846,MEDIUM_RELIABILITY,0.69,5274.38,4344.19,CARD,15,SUCCESS,,0
TXN_0008520,CUST_00846,MEDIUM_RELIABILITY,0.69,5274.38,2918.95,NET_BANKING,21,SUCCESS,,0
TXN_0008521,CUST_00846,MEDIUM_RELIABILITY,0.69,5274.38,7358.52,WALLET,3,SUCCESS,,0
TXN_0008522,CUST_00846,MEDIUM_RELIABILITY,0.69,5274.38,6243.19,UPI,4,SUCCESS,,0
TXN_0008523,CUST_00846,MEDIUM_RELIABILITY,0.69,5274.38,7210.64,UPI,8,SUCCESS,,0
TXN_0008524,CUST_00846,MEDIUM_RELIABILITY,0.69,5274.38,4619.52,WALLET,15,FAILED,TEMPORARY_BANK_ERROR,0
TXN_0008525,CUST_00846,MEDIUM_RELIABILITY,0.69,5274.38,3888.62,UPI,23,SUCCESS,,0
TXN_0008526,CUST_00846,MEDIUM_RELIABILITY,0.69,5274.38,2999.4,UPI,16,SUCCESS,,0
TXN_0008527,CUST_00846,MEDIUM_RELIABILITY,0.69,5274.38,6031.61,WALLET,1,SUCCESS,,0
TXN_0008528,CUST_00846,MEDIUM_RELIABILITY,0.69,5274.38,3080.67,CARD,19,FAILED,TECHNICAL_ERROR,2
TXN_0008529,CUST_00847,MEDIUM_RELIABILITY,0.74,1890.55,3288.55,CARD,3,FAILED,NETWORK_TIMEOUT,0
TXN_0008530,CUST_00847,MEDIUM_RELIABILITY,0.74,1890.55,901.68,WALLET,8,FAILED,AUTHENTICATION_FAILURE,0
TXN_0008531,CUST_00847,MEDIUM_RELIABILITY,0.74,1890.55,2097.5,UPI,18,SUCCESS,,0
TXN_0008532,CUST_00847,MEDIUM_RELIABILITY,0.74,1890.55,3075.44,UPI,18,SUCCESS,,0
TXN_0008533,CUST_00847,MEDIUM_RELIABILITY,0.74,1890.55,2343.59,NET_BANKING,5,SUCCESS,,0
TXN_0008534,CUST_00847,MEDIUM_RELIABILITY,0.74,1890.55,2023.4,UPI,15,FAILED,AUTHENTICATION_FAILURE,1
TXN_0008535,CUST_00847,MEDIUM_RELIABILITY,0.74,1890.55,1158.16,CARD,17,SUCCESS,,0
TXN_0008536,CUST_00847,MEDIUM_RELIABILITY,0.74,1890.55,845.63,NET_BANKING,22,FAILED,INSUFFICIENT_FUNDS,1
TXN_0008537,CUST_00847,MEDIUM_RELIABILITY,0.74,1890.55,2472.88,CARD,9,SUCCESS,,0
TXN_0008538,CUST_00847,MEDIUM_RELIABILITY,0.74,1890.55,3029.53,NET_BANKING,23,SUCCESS,,0
TXN_0008539,CUST_00847,MEDIUM_RELIABILITY,0.74,1890.55,1558.68,UPI,15,SUCCESS,,0
TXN_0008540,CUST_00847,MEDIUM_RELIABILITY,0.74,1890.55,1029.17,NET_BANKING,20,FAILED,TEMPORARY_BANK_ERROR,0
TXN_0008541,CUST_00848,HIGH_RELIABILITY,0.92,1954.41,100.0,UPI,20,SUCCESS,,0
TXN_0008542,CUST_00848,HIGH_RELIABILITY,0.92,1954.41,1187.68,CARD,0,SUCCESS,,0
TXN_0008543,CUST_00848,HIGH_RELIABILITY,0.92,1954.41,1865.56,UPI,5,SUCCESS,,0
TXN_0008544,CUST_00848,HIGH_RELIABILITY,0.92,1954.41,3204.55,CARD,18,FAILED,NETWORK_TIMEOUT,0
TXN_0008545,CUST_00848,HIGH_RELIABILITY,0.92,1954.41,2480.64,CARD,4,SUCCESS,,0
TXN_0008546,CUST_00848,HIGH_RELIABILITY,0.92,1954.41,2192.91,UPI,23,SUCCESS,,0
TXN_0008547,CUST_00849,HIGH_RELIABILITY,0.88,2892.33,2429.42,WALLET,18,SUCCESS,,0
TXN_0008548,CUST_00849,HIGH_RELIABILITY,0.88,2892.33,2217.65,UPI,2,SUCCESS,,0
TXN_0008549,CUST_00849,HIGH_RELIABILITY,0.88,2892.33,4518.57,UPI,21,SUCCESS,,0
TXN_0008550,CUST_00849,HIGH_RELIABILITY,0.88,2892.33,3124.57,WALLET,22,FAILED,TEMPORARY_BANK_ERROR,1
TXN_0008551,CUST_00849,HIGH_RELIABILITY,0.88,2892.33,459.76,CARD,0,SUCCESS,,0
TXN_0008552,CUST_00849,HIGH_RELIABILITY,0.88,2892.33,2113.09,CARD,0,SUCCESS,,0
TXN_0008553,CUST_00849,HIGH_RELIABILITY,0.88,2892.33,1899.43,NET_BANKING,15,SUCCESS,,0
TXN_0008554,CUST_00849,HIGH_RELIABILITY,0.88,2892.33,2260.34,UPI,20,SUCCESS,,0
TXN_0008555,CUST_00849,HIGH_RELIABILITY,0.88,2892.33,3543.58,CARD,22,SUCCESS,,0
TXN_0008556,CUST_00849,HIGH_RELIABILITY,0.88,2892.33,2768.02,UPI,18,SUCCESS,,0
TXN_0008557,CUST_00849,HIGH_RELIABILITY,0.88,2892.33,2803.4,UPI,22,FAILED,TECHNICAL_ERROR,2
TXN_0008558,CUST_00849,HIGH_RELIABILITY,0.88,2892.33,4411.93,UPI,16,SUCCESS,,0
TXN_0008559,CUST_00849,HIGH_RELIABILITY,0.88,2892.33,2086.57,UPI,22,SUCCESS,,0
TXN_0008560,CUST_00850,MEDIUM_RELIABILITY,0.86,5720.53,9986.21,CARD,17,SUCCESS,,0
TXN_0008561,CUST_00850,MEDIUM_RELIABILITY,0.86,5720.53,4184.44,UPI,21,SUCCESS,,0
TXN_0008562,CUST_00850,MEDIUM_RELIABILITY,0.86,5720.53,5924.63,UPI,1,SUCCESS,,0
TXN_0008563,CUST_00850,MEDIUM_RELIABILITY,0.86,5720.53,5077.08,NET_BANKING,21,SUCCESS,,0
TXN_0008564,CUST_00850,MEDIUM_RELIABILITY,0.86,5720.53,6002.94,NET_BANKING,12,SUCCESS,,0
TXN_0008565,CUST_00850,MEDIUM_RELIABILITY,0.86,5720.53,6737.85,UPI,15,SUCCESS,,0
TXN_0008566,CUST_00850,MEDIUM_RELIABILITY,0.86,5720.53,6713.24,CARD,2,SUCCESS,,0
TXN_0008567,CUST_00850,MEDIUM_RELIABILITY,0.86,5720.53,3997.24,CARD,16,FAILED,TECHNICAL_ERROR,0
TXN_0008568,CUST_00850,MEDIUM_RELIABILITY,0.86,5720.53,3151.06,CARD,11,FAILED,TECHNICAL_ERROR,0
TXN_0008569,CUST_00850,MEDIUM_RELIABILITY,0.86,5720.53,11448.32,UPI,4,SUCCESS,,0
TXN_0008570,CUST_00850,MEDIUM_RELIABILITY,0.86,5720.53,4613.07,UPI,13,SUCCESS,,0
TXN_0008571,CUST_00850,MEDIUM_RELIABILITY,0.86,5720.53,7320.48,UPI,7,FAILED,TEMPORARY_BANK_ERROR,1
TXN_0008572,CUST_00851,MEDIUM_RELIABILITY,0.86,4608.73,1645.06,WALLET,8,SUCCESS,,0
TXN_0008573,CUST_00851,MEDIUM_RELIABILITY,0.86,4608.73,4093.27,WALLET,11,SUCCESS,,0
TXN_0008574,CUST_00851,MEDIUM_RELIABILITY,0.86,4608.73,4374.24,UPI,0,SUCCESS,,0
TXN_0008575,CUST_00851,MEDIUM_RELIABILITY,0.86,4608.73,5480.36,CARD,1,SUCCESS,,0
TXN_0008576,CUST_00851,MEDIUM_RELIABILITY,0.86,4608.73,100.0,CARD,8,SUCCESS,,0
TXN_0008577,CUST_00851,MEDIUM_RELIABILITY,0.86,4608.73,4915.01,UPI,12,SUCCESS,,0
TXN_0008578,CUST_00851,MEDIUM_RELIABILITY,0.86,4608.73,2489.19,UPI,16,SUCCESS,,0
TXN_0008579,CUST_00851,MEDIUM_RELIABILITY,0.86,4608.73,5206.66,CARD,8,SUCCESS,,0
TXN_0008580,CUST_00851,MEDIUM_RELIABILITY,0.86,4608.73,2698.27,CARD,11,FAILED,NETWORK_TIMEOUT,0
TXN_0008581,CUST_00851,MEDIUM_RELIABILITY,0.86,4608.73,3031.65,CARD,20,SUCCESS,,0
TXN_0008582,CUST_00851,MEDIUM_RELIABILITY,0.86,4608.73,4104.3,WALLET,1,SUCCESS,,0
TXN_0008583,CUST_00851,MEDIUM_RELIABILITY,0.86,4608.73,2668.77,UPI,6,SUCCESS,,0
TXN_0008584,CUST_00851,MEDIUM_RELIABILITY,0.86,4608.73,3732.09,WALLET,13,SUCCESS,,0
TXN_0008585,CUST_00851,MEDIUM_RELIABILITY,0.86,4608.73,2408.75,UPI,4,SUCCESS,,0
TXN_0008586,CUST_00851,MEDIUM_RELIABILITY,0.86,4608.73,1229.29,UPI,8,FAILED,INSUFFICIENT_FUNDS,0
TXN_0008587,CUST_00852,MEDIUM_RELIABILITY,0.72,5308.35,7469.82,UPI,16,FAILED,TEMPORARY_BANK_ERROR,1
TXN_0008588,CUST_00852,MEDIUM_RELIABILITY,0.72,5308.35,2556.4,NET_BANKING,7,SUCCESS,,0
TXN_0008589,CUST_00852,MEDIUM_RELIABILITY,0.72,5308.35,4928.95,UPI,10,SUCCESS,,0
TXN_0008590,CUST_00852,MEDIUM_RELIABILITY,0.72,5308.35,6906.99,UPI,1,FAILED,TEMPORARY_BANK_ERROR,0
TXN_0008591,CUST_00852,MEDIUM_RELIABILITY,0.72,5308.35,4002.61,NET_BANKING,22,SUCCESS,,0
TXN_0008592,CUST_00852,MEDIUM_RELIABILITY,0.72,5308.35,3556.24,UPI,17,SUCCESS,,0
TXN_0008593,CUST_00852,MEDIUM_RELIABILITY,0.72,5308.35,5788.73,UPI,20,FAILED,TECHNICAL_ERROR,0
TXN_0008594,CUST_00852,MEDIUM_RELIABILITY,0.72,5308.35,7682.1,CARD,0,FAILED,TEMPORARY_BANK_ERROR,2
TXN_0008595,CUST_00852,MEDIUM_RELIABILITY,0.72,5308.35,2825.5,UPI,3,SUCCESS,,0
TXN_0008596,CUST_00852,MEDIUM_RELIABILITY,0.72,5308.35,4989.54,CARD,16,FAILED,NETWORK_TIMEOUT,0
TXN_0008597,CUST_00852,MEDIUM_RELIABILITY,0.72,5308.35,1629.67,NET_BANKING,2,FAILED,INSUFFICIENT_FUNDS,2
TXN_0008598,CUST_00853,MEDIUM_RELIABILITY,0.75,1503.81,1267.29,WALLET,8,SUCCESS,,0
TXN_0008599,CUST_00853,MEDIUM_RELIABILITY,0.75,1503.81,1524.38,UPI,18,SUCCESS,,0
TXN_0008600,CUST_00853,MEDIUM_RELIABILITY,0.75,1503.81,989.73,CARD,20,SUCCESS,,0
TXN_0008601,CUST_00853,MEDIUM_RELIABILITY,0.75,1503.81,1228.92,WALLET,21,FAILED,TECHNICAL_ERROR,0
TXN_0008602,CUST_00853,MEDIUM_RELIABILITY,0.75,1503.81,656.73,UPI,0,SUCCESS,,0
TXN_0008603,CUST_00853,MEDIUM_RELIABILITY,0.75,1503.81,1550.17,CARD,12,SUCCESS,,0
TXN_0008604,CUST_00853,MEDIUM_RELIABILITY,0.75,1503.81,2138.84,NET_BANKING,11,SUCCESS,,0
TXN_0008605,CUST_00853,MEDIUM_RELIABILITY,0.75,1503.81,843.85,CARD,22,FAILED,NETWORK_TIMEOUT,1
TXN_0008606,CUST_00853,MEDIUM_RELIABILITY,0.75,1503.81,1129.26,CARD,7,SUCCESS,,0
TXN_0008607,CUST_00853,MEDIUM_RELIABILITY,0.75,1503.81,1806.1,CARD,13,SUCCESS,,0
TXN_0008608,CUST_00853,MEDIUM_RELIABILITY,0.75,1503.81,2232.91,UPI,22,FAILED,USER_ABANDONMENT,0
TXN_0008609,CUST_00853,MEDIUM_RELIABILITY,0.75,1503.81,605.62,WALLET,19,SUCCESS,,0
TXN_0008610,CUST_00853,MEDIUM_RELIABILITY,0.75,1503.81,1402.28,CARD,19,FAILED,AUTHENTICATION_FAILURE,0
TXN_0008611,CUST_00853,MEDIUM_RELIABILITY,0.75,1503.81,1674.12,WALLET,6,SUCCESS,,0
TXN_0008612,CUST_00853,MEDIUM_RELIABILITY,0.75,1503.81,1442.42,CARD,7,SUCCESS,,0
TXN_0008613,CUST_00854,HIGH_RELIABILITY,0.95,4024.53,100.0,WALLET,14,SUCCESS,,0
TXN_0008614,CUST_00854,HIGH_RELIABILITY,0.95,4024.53,4831.19,CARD,16,SUCCESS,,0
TXN_0008615,CUST_00854,HIGH_RELIABILITY,0.95,4024.53,6470.38,CARD,2,SUCCESS,,0
TXN_0008616,CUST_00854,HIGH_RELIABILITY,0.95,4024.53,4212.33,UPI,5,SUCCESS,,0
TXN_0008617,CUST_00854,HIGH_RELIABILITY,0.95,4024.53,2364.64,CARD,18,SUCCESS,,0
TXN_0008618,CUST_00854,HIGH_RELIABILITY,0.95,4024.53,3198.49,UPI,11,SUCCESS,,0
TXN_0008619,CUST_00854,HIGH_RELIABILITY,0.95,4024.53,6873.76,NET_BANKING,21,SUCCESS,,0
TXN_0008620,CUST_00854,HIGH_RELIABILITY,0.95,4024.53,5489.4,UPI,10,FAILED,NETWORK_TIMEOUT,2
TXN_0008621,CUST_00854,HIGH_RELIABILITY,0.95,4024.53,5054.85,CARD,16,SUCCESS,,0
TXN_0008622,CUST_00854,HIGH_RELIABILITY,0.95,4024.53,4598.29,CARD,1,SUCCESS,,0
TXN_0008623,CUST_00854,HIGH_RELIABILITY,0.95,4024.53,2960.22,CARD,9,SUCCESS,,0
TXN_0008624,CUST_00854,HIGH_RELIABILITY,0.95,4024.53,3701.65,CARD,9,SUCCESS,,0
TXN_0008625,CUST_00854,HIGH_RELIABILITY,0.95,4024.53,3899.09,CARD,17,SUCCESS,,0
TXN_0008626,CUST_00854,HIGH_RELIABILITY,0.95,4024.53,4909.24,UPI,18,SUCCESS,,0
TXN_0008627,CUST_00855,MEDIUM_RELIABILITY,0.79,6676.91,10706.88,UPI,23,FAILED,INSUFFICIENT_FUNDS,0
TXN_0008628,CUST_00855,MEDIUM_RELIABILITY,0.79,6676.91,9663.73,UPI,15,SUCCESS,,0
TXN_0008629,CUST_00855,MEDIUM_RELIABILITY,0.79,6676.91,2886.07,UPI,10,SUCCESS,,0
TXN_0008630,CUST_00855,MEDIUM_RELIABILITY,0.79,6676.91,7275.15,NET_BANKING,7,SUCCESS,,0
TXN_0008631,CUST_00855,MEDIUM_RELIABILITY,0.79,6676.91,8644.63,UPI,6,SUCCESS,,0
TXN_0008632,CUST_00855,MEDIUM_RELIABILITY,0.79,6676.91,8329.74,WALLET,7,SUCCESS,,0
TXN_0008633,CUST_00855,MEDIUM_RELIABILITY,0.79,6676.91,4996.38,UPI,10,SUCCESS,,0
TXN_0008634,CUST_00855,MEDIUM_RELIABILITY,0.79,6676.91,14459.81,UPI,6,SUCCESS,,0
TXN_0008635,CUST_00855,MEDIUM_RELIABILITY,0.79,6676.91,3266.12,UPI,23,SUCCESS,,0
TXN_0008636,CUST_00855,MEDIUM_RELIABILITY,0.79,6676.91,3783.97,UPI,21,SUCCESS,,0
TXN_0008637,CUST_00855,MEDIUM_RELIABILITY,0.79,6676.91,7300.79,UPI,15,FAILED,NETWORK_TIMEOUT,0
TXN_0008638,CUST_00855,MEDIUM_RELIABILITY,0.79,6676.91,12330.39,UPI,2,FAILED,TEMPORARY_BANK_ERROR,1
TXN_0008639,CUST_00855,MEDIUM_RELIABILITY,0.79,6676.91,4443.63,CARD,6,SUCCESS,,0
TXN_0008640,CUST_00855,MEDIUM_RELIABILITY,0.79,6676.91,5966.95,UPI,21,SUCCESS,,0
TXN_0008641,CUST_00856,MEDIUM_RELIABILITY,0.68,1082.82,1549.43,UPI,12,SUCCESS,,0
TXN_0008642,CUST_00856,MEDIUM_RELIABILITY,0.68,1082.82,1075.08,CARD,23,SUCCESS,,0
TXN_0008643,CUST_00856,MEDIUM_RELIABILITY,0.68,1082.82,937.89,UPI,23,FAILED,TECHNICAL_ERROR,0
TXN_0008644,CUST_00856,MEDIUM_RELIABILITY,0.68,1082.82,1327.81,CARD,19,SUCCESS,,0
TXN_0008645,CUST_00856,MEDIUM_RELIABILITY,0.68,1082.82,1200.86,UPI,12,FAILED,TEMPORARY_BANK_ERROR,0
TXN_0008646,CUST_00856,MEDIUM_RELIABILITY,0.68,1082.82,1529.13,CARD,9,SUCCESS,,0
TXN_0008647,CUST_00856,MEDIUM_RELIABILITY,0.68,1082.82,1642.19,UPI,23,SUCCESS,,0
TXN_0008648,CUST_00857,LOW_RELIABILITY,0.58,3326.64,3735.16,CARD,6,SUCCESS,,0
TXN_0008649,CUST_00857,LOW_RELIABILITY,0.58,3326.64,3714.84,CARD,13,FAILED,TECHNICAL_ERROR,0
TXN_0008650,CUST_00857,LOW_RELIABILITY,0.58,3326.64,3611.55,NET_BANKING,18,SUCCESS,,0
TXN_0008651,CUST_00857,LOW_RELIABILITY,0.58,3326.64,3977.5,UPI,15,SUCCESS,,0
TXN_0008652,CUST_00857,LOW_RELIABILITY,0.58,3326.64,3400.05,CARD,20,SUCCESS,,0
TXN_0008653,CUST_00858,MEDIUM_RELIABILITY,0.66,9951.23,9948.81,CARD,13,SUCCESS,,0
TXN_0008654,CUST_00858,MEDIUM_RELIABILITY,0.66,9951.23,14714.39,NET_BANKING,19,SUCCESS,,0
TXN_0008655,CUST_00858,MEDIUM_RELIABILITY,0.66,9951.23,15986.12,CARD,15,FAILED,NETWORK_TIMEOUT,2
TXN_0008656,CUST_00858,MEDIUM_RELIABILITY,0.66,9951.23,3950.43,NET_BANKING,21,SUCCESS,,0
TXN_0008657,CUST_00858,MEDIUM_RELIABILITY,0.66,9951.23,9991.12,CARD,17,FAILED,NETWORK_TIMEOUT,1
TXN_0008658,CUST_00858,MEDIUM_RELIABILITY,0.66,9951.23,7209.89,NET_BANKING,22,FAILED,NETWORK_TIMEOUT,0
TXN_0008659,CUST_00859,HIGH_RELIABILITY,0.89,10730.49,9395.74,UPI,15,SUCCESS,,0
TXN_0008660,CUST_00859,HIGH_RELIABILITY,0.89,10730.49,12458.17,CARD,7,SUCCESS,,0
TXN_0008661,CUST_00859,HIGH_RELIABILITY,0.89,10730.49,13603.85,NET_BANKING,1,SUCCESS,,0
TXN_0008662,CUST_00859,HIGH_RELIABILITY,0.89,10730.49,10249.22,NET_BANKING,22,SUCCESS,,0
TXN_0008663,CUST_00859,HIGH_RELIABILITY,0.89,10730.49,2518.06,CARD,18,FAILED,NETWORK_TIMEOUT,0
TXN_0008664,CUST_00859,HIGH_RELIABILITY,0.89,10730.49,6588.33,WALLET,2,SUCCESS,,0
TXN_0008665,CUST_00859,HIGH_RELIABILITY,0.89,10730.49,14578.44,UPI,9,SUCCESS,,0
TXN_0008666,CUST_00859,HIGH_RELIABILITY,0.89,10730.49,100.0,UPI,18,SUCCESS,,0
TXN_0008667,CUST_00859,HIGH_RELIABILITY,0.89,10730.49,15827.16,NET_BANKING,16,SUCCESS,,0
TXN_0008668,CUST_00860,MEDIUM_RELIABILITY,0.87,2772.21,3350.19,UPI,8,SUCCESS,,0
TXN_0008669,CUST_00860,MEDIUM_RELIABILITY,0.87,2772.21,4231.7,CARD,12,SUCCESS,,0
TXN_0008670,CUST_00860,MEDIUM_RELIABILITY,0.87,2772.21,2552.02,CARD,16,FAILED,TEMPORARY_BANK_ERROR,0
TXN_0008671,CUST_00860,MEDIUM_RELIABILITY,0.87,2772.21,486.35,UPI,1,SUCCESS,,0
TXN_0008672,CUST_00860,MEDIUM_RELIABILITY,0.87,2772.21,3249.43,CARD,18,SUCCESS,,0
TXN_0008673,CUST_00860,MEDIUM_RELIABILITY,0.87,2772.21,4185.65,UPI,12,SUCCESS,,0
TXN_0008674,CUST_00860,MEDIUM_RELIABILITY,0.87,2772.21,3797.62,WALLET,5,SUCCESS,,0
TXN_0008675,CUST_00860,MEDIUM_RELIABILITY,0.87,2772.21,2037.36,UPI,7,SUCCESS,,0
TXN_0008676,CUST_00860,MEDIUM_RELIABILITY,0.87,2772.21,2868.42,CARD,19,SUCCESS,,0
TXN_0008677,CUST_00860,MEDIUM_RELIABILITY,0.87,2772.21,2181.36,WALLET,5,SUCCESS,,0
TXN_0008678,CUST_00860,MEDIUM_RELIABILITY,0.87,2772.21,1863.74,CARD,12,FAILED,TEMPORARY_BANK_ERROR,0
TXN_0008679,CUST_00860,MEDIUM_RELIABILITY,0.87,2772.21,3831.63,UPI,17,FAILED,NETWORK_TIMEOUT,0
TXN_0008680,CUST_00861,HIGH_RELIABILITY,0.9,2699.39,1406.35,UPI,13,FAILED,NETWORK_TIMEOUT,1
TXN_0008681,CUST_00861,HIGH_RELIABILITY,0.9,2699.39,1734.29,UPI,12,SUCCESS,,0
TXN_0008682,CUST_00861,HIGH_RELIABILITY,0.9,2699.39,1507.31,UPI,13,SUCCESS,,0
TXN_0008683,CUST_00861,HIGH_RELIABILITY,0.9,2699.39,1090.29,CARD,21,SUCCESS,,0
TXN_0008684,CUST_00861,HIGH_RELIABILITY,0.9,2699.39,2857.48,UPI,2,SUCCESS,,0
TXN_0008685,CUST_00861,HIGH_RELIABILITY,0.9,2699.39,3953.53,UPI,10,FAILED,USER_ABANDONMENT,1
TXN_0008686,CUST_00861,HIGH_RELIABILITY,0.9,2699.39,2499.77,NET_BANKING,12,SUCCESS,,0
TXN_0008687,CUST_00861,HIGH_RELIABILITY,0.9,2699.39,1073.55,WALLET,17,SUCCESS,,0
TXN_0008688,CUST_00861,HIGH_RELIABILITY,0.9,2699.39,3606.33,CARD,22,SUCCESS,,0
TXN_0008689,CUST_00861,HIGH_RELIABILITY,0.9,2699.39,4519.54,UPI,18,SUCCESS,,0
TXN_0008690,CUST_00861,HIGH_RELIABILITY,0.9,2699.39,2001.61,UPI,9,SUCCESS,,0
TXN_0008691,CUST_00861,HIGH_RELIABILITY,0.9,2699.39,2182.67,CARD,7,SUCCESS,,0
TXN_0008692,CUST_00861,HIGH_RELIABILITY,0.9,2699.39,3256.18,UPI,17,SUCCESS,,0
TXN_0008693,CUST_00861,HIGH_RELIABILITY,0.9,2699.39,4450.62,CARD,12,FAILED,USER_ABANDONMENT,0
TXN_0008694,CUST_00862,MEDIUM_RELIABILITY,0.72,1459.94,1156.37,CARD,0,FAILED,NETWORK_TIMEOUT,2
TXN_0008695,CUST_00862,MEDIUM_RELIABILITY,0.72,1459.94,681.82,UPI,16,FAILED,TECHNICAL_ERROR,2
TXN_0008696,CUST_00862,MEDIUM_RELIABILITY,0.72,1459.94,1828.67,UPI,9,SUCCESS,,0
TXN_0008697,CUST_00862,MEDIUM_RELIABILITY,0.72,1459.94,1926.58,NET_BANKING,3,SUCCESS,,0
TXN_0008698,CUST_00862,MEDIUM_RELIABILITY,0.72,1459.94,1463.52,UPI,11,SUCCESS,,0
TXN_0008699,CUST_00862,MEDIUM_RELIABILITY,0.72,1459.94,1134.0,UPI,20,SUCCESS,,0
TXN_0008700,CUST_00862,MEDIUM_RELIABILITY,0.72,1459.94,2040.63,CARD,19,SUCCESS,,0
TXN_0008701,CUST_00862,MEDIUM_RELIABILITY,0.72,1459.94,1768.3,CARD,6,SUCCESS,,0
TXN_0008702,CUST_00862,MEDIUM_RELIABILITY,0.72,1459.94,1011.19,CARD,23,SUCCESS,,0
TXN_0008703,CUST_00862,MEDIUM_RELIABILITY,0.72,1459.94,1488.61,NET_BANKING,10,FAILED,TEMPORARY_BANK_ERROR,1
TXN_0008704,CUST_00863,MEDIUM_RELIABILITY,0.8,1091.77,501.47,UPI,18,SUCCESS,,0
TXN_0008705,CUST_00863,MEDIUM_RELIABILITY,0.8,1091.77,1391.3,UPI,16,SUCCESS,,0
TXN_0008706,CUST_00863,MEDIUM_RELIABILITY,0.8,1091.77,977.25,CARD,2,SUCCESS,,0
TXN_0008707,CUST_00863,MEDIUM_RELIABILITY,0.8,1091.77,901.49,CARD,20,SUCCESS,,0
TXN_0008708,CUST_00863,MEDIUM_RELIABILITY,0.8,1091.77,1077.41,WALLET,19,SUCCESS,,0
TXN_0008709,CUST_00863,MEDIUM_RELIABILITY,0.8,1091.77,1109.37,CARD,17,SUCCESS,,0
TXN_0008710,CUST_00863,MEDIUM_RELIABILITY,0.8,1091.77,1482.59,WALLET,11,FAILED,TECHNICAL_ERROR,1
TXN_0008711,CUST_00863,MEDIUM_RELIABILITY,0.8,1091.77,1349.9,CARD,2,FAILED,INSUFFICIENT_FUNDS,0
TXN_0008712,CUST_00863,MEDIUM_RELIABILITY,0.8,1091.77,1023.46,UPI,6,SUCCESS,,0
TXN_0008713,CUST_00863,MEDIUM_RELIABILITY,0.8,1091.77,1425.27,UPI,4,FAILED,USER_ABANDONMENT,2
TXN_0008714,CUST_00863,MEDIUM_RELIABILITY,0.8,1091.77,1266.78,NET_BANKING,1,SUCCESS,,0
TXN_0008715,CUST_00863,MEDIUM_RELIABILITY,0.8,1091.77,905.47,WALLET,6,SUCCESS,,0
TXN_0008716,CUST_00863,MEDIUM_RELIABILITY,0.8,1091.77,1037.3,CARD,15,SUCCESS,,0
TXN_0008717,CUST_00863,MEDIUM_RELIABILITY,0.8,1091.77,1027.04,CARD,11,SUCCESS,,0
TXN_0008718,CUST_00864,MEDIUM_RELIABILITY,0.76,9968.62,11983.32,UPI,0,SUCCESS,,0
TXN_0008719,CUST_00864,MEDIUM_RELIABILITY,0.76,9968.62,8505.14,UPI,22,SUCCESS,,0
TXN_0008720,CUST_00864,MEDIUM_RELIABILITY,0.76,9968.62,8411.88,WALLET,5,SUCCESS,,0
TXN_0008721,CUST_00864,MEDIUM_RELIABILITY,0.76,9968.62,17818.94,NET_BANKING,23,FAILED,TEMPORARY_BANK_ERROR,0
TXN_0008722,CUST_00864,MEDIUM_RELIABILITY,0.76,9968.62,13715.77,UPI,12,SUCCESS,,0
TXN_0008723,CUST_00864,MEDIUM_RELIABILITY,0.76,9968.62,6935.76,NET_BANKING,2,SUCCESS,,0
TXN_0008724,CUST_00864,MEDIUM_RELIABILITY,0.76,9968.62,12245.22,CARD,2,FAILED,TEMPORARY_BANK_ERROR,0
TXN_0008725,CUST_00864,MEDIUM_RELIABILITY,0.76,9968.62,10440.53,NET_BANKING,2,SUCCESS,,0
TXN_0008726,CUST_00864,MEDIUM_RELIABILITY,0.76,9968.62,11529.91,NET_BANKING,21,SUCCESS,,0
TXN_0008727,CUST_00864,MEDIUM_RELIABILITY,0.76,9968.62,10516.26,NET_BANKING,22,SUCCESS,,0
TXN_0008728,CUST_00864,MEDIUM_RELIABILITY,0.76,9968.62,14712.26,UPI,21,SUCCESS,,0
TXN_0008729,CUST_00864,MEDIUM_RELIABILITY,0.76,9968.62,11346.76,CARD,7,FAILED,TEMPORARY_BANK_ERROR,0
TXN_0008730,CUST_00865,HIGH_RELIABILITY,0.97,9613.07,9374.32,NET_BANKING,18,SUCCESS,,0
TXN_0008731,CUST_00865,HIGH_RELIABILITY,0.97,9613.07,13620.53,UPI,13,SUCCESS,,0
TXN_0008732,CUST_00865,HIGH_RELIABILITY,0.97,9613.07,10510.1,UPI,9,SUCCESS,,0
TXN_0008733,CUST_00865,HIGH_RELIABILITY,0.97,9613.07,10080.18,UPI,13,SUCCESS,,0
TXN_0008734,CUST_00865,HIGH_RELIABILITY,0.97,9613.07,10820.56,CARD,22,SUCCESS,,0
TXN_0008735,CUST_00865,HIGH_RELIABILITY,0.97,9613.07,9253.12,NET_BANKING,3,SUCCESS,,0
TXN_0008736,CUST_00865,HIGH_RELIABILITY,0.97,9613.07,9648.55,NET_BANKING,22,SUCCESS,,0
TXN_0008737,CUST_00865,HIGH_RELIABILITY,0.97,9613.07,7357.1,UPI,12,SUCCESS,,0
TXN_0008738,CUST_00865,HIGH_RELIABILITY,0.97,9613.07,6724.66,UPI,9,SUCCESS,,0
TXN_0008739,CUST_00865,HIGH_RELIABILITY,0.97,9613.07,5773.34,UPI,2,SUCCESS,,0
TXN_0008740,CUST_00865,HIGH_RELIABILITY,0.97,9613.07,4260.58,NET_BANKING,6,SUCCESS,,0
TXN_0008741,CUST_00865,HIGH_RELIABILITY,0.97,9613.07,6230.36,UPI,3,SUCCESS,,0
TXN_0008742,CUST_00865,HIGH_RELIABILITY,0.97,9613.07,8942.97,UPI,3,SUCCESS,,0
TXN_0008743,CUST_00866,HIGH_RELIABILITY,0.91,9734.54,10136.06,NET_BANKING,8,SUCCESS,,0
TXN_0008744,CUST_00866,HIGH_RELIABILITY,0.91,9734.54,8678.16,NET_BANKING,13,SUCCESS,,0
TXN_0008745,CUST_00866,HIGH_RELIABILITY,0.91,9734.54,561.86,NET_BANKING,22,FAILED,INSUFFICIENT_FUNDS,2
TXN_0008746,CUST_00866,HIGH_RELIABILITY,0.91,9734.54,15865.69,UPI,17,SUCCESS,,0
TXN_0008747,CUST_00866,HIGH_RELIABILITY,0.91,9734.54,13965.09,UPI,18,SUCCESS,,0
TXN_0008748,CUST_00866,HIGH_RELIABILITY,0.91,9734.54,11470.25,UPI,11,FAILED,NETWORK_TIMEOUT,0
TXN_0008749,CUST_00866,HIGH_RELIABILITY,0.91,9734.54,17161.96,NET_BANKING,23,SUCCESS,,0
TXN_0008750,CUST_00866,HIGH_RELIABILITY,0.91,9734.54,5928.86,WALLET,16,FAILED,USER_ABANDONMENT,1
TXN_0008751,CUST_00866,HIGH_RELIABILITY,0.91,9734.54,17084.6,CARD,10,SUCCESS,,0
TXN_0008752,CUST_00866,HIGH_RELIABILITY,0.91,9734.54,5976.17,CARD,7,SUCCESS,,0
TXN_0008753,CUST_00866,HIGH_RELIABILITY,0.91,9734.54,10664.14,CARD,11,SUCCESS,,0
TXN_0008754,CUST_00866,HIGH_RELIABILITY,0.91,9734.54,4774.45,UPI,8,SUCCESS,,0
TXN_0008755,CUST_00866,HIGH_RELIABILITY,0.91,9734.54,9791.76,WALLET,2,SUCCESS,,0
TXN_0008756,CUST_00867,HIGH_RELIABILITY,0.94,6965.17,8041.06,CARD,0,SUCCESS,,0
TXN_0008757,CUST_00867,HIGH_RELIABILITY,0.94,6965.17,6534.19,UPI,20,SUCCESS,,0
TXN_0008758,CUST_00867,HIGH_RELIABILITY,0.94,6965.17,8954.08,UPI,10,SUCCESS,,0
TXN_0008759,CUST_00867,HIGH_RELIABILITY,0.94,6965.17,7241.03,CARD,20,SUCCESS,,0
TXN_0008760,CUST_00867,HIGH_RELIABILITY,0.94,6965.17,5509.69,CARD,12,SUCCESS,,0
TXN_0008761,CUST_00867,HIGH_RELIABILITY,0.94,6965.17,5385.99,NET_BANKING,11,SUCCESS,,0
TXN_0008762,CUST_00867,HIGH_RELIABILITY,0.94,6965.17,9224.43,UPI,9,SUCCESS,,0
TXN_0008763,CUST_00867,HIGH_RELIABILITY,0.94,6965.17,5143.8,CARD,20,SUCCESS,,0
TXN_0008764,CUST_00867,HIGH_RELIABILITY,0.94,6965.17,9515.54,CARD,9,SUCCESS,,0
TXN_0008765,CUST_00867,HIGH_RELIABILITY,0.94,6965.17,10371.73,UPI,16,SUCCESS,,0
TXN_0008766,CUST_00867,HIGH_RELIABILITY,0.94,6965.17,2316.02,WALLET,4,SUCCESS,,0
TXN_0008767,CUST_00867,HIGH_RELIABILITY,0.94,6965.17,10121.58,WALLET,12,SUCCESS,,0
TXN_0008768,CUST_00867,HIGH_RELIABILITY,0.94,6965.17,12705.65,NET_BANKING,12,SUCCESS,,0
TXN_0008769,CUST_00867,HIGH_RELIABILITY,0.94,6965.17,7667.27,NET_BANKING,12,SUCCESS,,0
TXN_0008770,CUST_00867,HIGH_RELIABILITY,0.94,6965.17,8634.26,CARD,12,SUCCESS,,0
TXN_0008771,CUST_00868,MEDIUM_RELIABILITY,0.68,8922.74,12623.91,UPI,16,FAILED,USER_ABANDONMENT,0
TXN_0008772,CUST_00868,MEDIUM_RELIABILITY,0.68,8922.74,7939.52,CARD,20,SUCCESS,,0
TXN_0008773,CUST_00868,MEDIUM_RELIABILITY,0.68,8922.74,9573.32,CARD,15,SUCCESS,,0
TXN_0008774,CUST_00868,MEDIUM_RELIABILITY,0.68,8922.74,4232.24,UPI,11,SUCCESS,,0
TXN_0008775,CUST_00868,MEDIUM_RELIABILITY,0.68,8922.74,9417.54,NET_BANKING,23,SUCCESS,,0
TXN_0008776,CUST_00868,MEDIUM_RELIABILITY,0.68,8922.74,10700.55,CARD,1,FAILED,USER_ABANDONMENT,1
TXN_0008777,CUST_00868,MEDIUM_RELIABILITY,0.68,8922.74,10764.98,CARD,4,FAILED,AUTHENTICATION_FAILURE,0
TXN_0008778,CUST_00868,MEDIUM_RELIABILITY,0.68,8922.74,12725.34,UPI,5,SUCCESS,,0
TXN_0008779,CUST_00869,MEDIUM_RELIABILITY,0.75,2348.91,1620.93,UPI,23,SUCCESS,,0
TXN_0008780,CUST_00869,MEDIUM_RELIABILITY,0.75,2348.91,1848.49,UPI,16,SUCCESS,,0
TXN_0008781,CUST_00869,MEDIUM_RELIABILITY,0.75,2348.91,4129.86,NET_BANKING,19,SUCCESS,,0
TXN_0008782,CUST_00869,MEDIUM_RELIABILITY,0.75,2348.91,2207.67,UPI,2,SUCCESS,,0
TXN_0008783,CUST_00869,MEDIUM_RELIABILITY,0.75,2348.91,2536.85,UPI,1,SUCCESS,,0
TXN_0008784,CUST_00869,MEDIUM_RELIABILITY,0.75,2348.91,2285.95,UPI,20,SUCCESS,,0
TXN_0008785,CUST_00869,MEDIUM_RELIABILITY,0.75,2348.91,1576.89,CARD,7,SUCCESS,,0
TXN_0008786,CUST_00869,MEDIUM_RELIABILITY,0.75,2348.91,3874.32,NET_BANKING,6,SUCCESS,,0
TXN_0008787,CUST_00869,MEDIUM_RELIABILITY,0.75,2348.91,1853.1,CARD,11,SUCCESS,,0
TXN_0008788,CUST_00869,MEDIUM_RELIABILITY,0.75,2348.91,1289.75,UPI,19,SUCCESS,,0
TXN_0008789,CUST_00870,LOW_RELIABILITY,0.46,3016.08,2472.29,UPI,21,FAILED,TEMPORARY_BANK_ERROR,1
TXN_0008790,CUST_00870,LOW_RELIABILITY,0.46,3016.08,601.16,CARD,0,SUCCESS,,0
TXN_0008791,CUST_00870,LOW_RELIABILITY,0.46,3016.08,2230.35,NET_BANKING,18,FAILED,NETWORK_TIMEOUT,1
TXN_0008792,CUST_00870,LOW_RELIABILITY,0.46,3016.08,1848.1,CARD,8,SUCCESS,,0
TXN_0008793,CUST_00870,LOW_RELIABILITY,0.46,3016.08,3760.97,CARD,2,FAILED,TEMPORARY_BANK_ERROR,2
TXN_0008794,CUST_00870,LOW_RELIABILITY,0.46,3016.08,2203.65,WALLET,15,FAILED,NETWORK_TIMEOUT,2
TXN_0008795,CUST_00870,LOW_RELIABILITY,0.46,3016.08,4087.16,NET_BANKING,21,SUCCESS,,0
TXN_0008796,CUST_00870,LOW_RELIABILITY,0.46,3016.08,4703.26,CARD,15,SUCCESS,,0
TXN_0008797,CUST_00870,LOW_RELIABILITY,0.46,3016.08,3958.51,CARD,22,SUCCESS,,0
TXN_0008798,CUST_00870,LOW_RELIABILITY,0.46,3016.08,2756.23,UPI,4,FAILED,TEMPORARY_BANK_ERROR,2
TXN_0008799,CUST_00870,LOW_RELIABILITY,0.46,3016.08,3186.33,UPI,2,FAILED,INSUFFICIENT_FUNDS,0
TXN_0008800,CUST_00870,LOW_RELIABILITY,0.46,3016.08,1176.29,CARD,23,FAILED,INSUFFICIENT_FUNDS,1
TXN_0008801,CUST_00870,LOW_RELIABILITY,0.46,3016.08,2854.68,WALLET,21,SUCCESS,,0
TXN_0008802,CUST_00870,LOW_RELIABILITY,0.46,3016.08,1978.02,UPI,9,FAILED,NETWORK_TIMEOUT,3
TXN_0008803,CUST_00871,MEDIUM_RELIABILITY,0.83,7469.34,9543.8,NET_BANKING,13,SUCCESS,,0
TXN_0008804,CUST_00871,MEDIUM_RELIABILITY,0.83,7469.34,15156.04,CARD,11,SUCCESS,,0
TXN_0008805,CUST_00871,MEDIUM_RELIABILITY,0.83,7469.34,8962.68,CARD,9,SUCCESS,,0
TXN_0008806,CUST_00871,MEDIUM_RELIABILITY,0.83,7469.34,1520.34,NET_BANKING,4,SUCCESS,,0
TXN_0008807,CUST_00871,MEDIUM_RELIABILITY,0.83,7469.34,6390.08,NET_BANKING,9,SUCCESS,,0
TXN_0008808,CUST_00871,MEDIUM_RELIABILITY,0.83,7469.34,7835.31,WALLET,4,SUCCESS,,0
TXN_0008809,CUST_00871,MEDIUM_RELIABILITY,0.83,7469.34,7730.34,NET_BANKING,15,SUCCESS,,0
TXN_0008810,CUST_00871,MEDIUM_RELIABILITY,0.83,7469.34,5285.86,UPI,9,SUCCESS,,0
TXN_0008811,CUST_00871,MEDIUM_RELIABILITY,0.83,7469.34,8202.21,UPI,20,SUCCESS,,0
TXN_0008812,CUST_00871,MEDIUM_RELIABILITY,0.83,7469.34,3757.08,UPI,2,SUCCESS,,0
TXN_0008813,CUST_00871,MEDIUM_RELIABILITY,0.83,7469.34,4646.2,WALLET,21,SUCCESS,,0
TXN_0008814,CUST_00871,MEDIUM_RELIABILITY,0.83,7469.34,9398.81,UPI,0,SUCCESS,,0
TXN_0008815,CUST_00871,MEDIUM_RELIABILITY,0.83,7469.34,4434.81,WALLET,8,SUCCESS,,0
TXN_0008816,CUST_00872,HIGH_RELIABILITY,0.96,1154.44,1402.97,CARD,16,SUCCESS,,0
TXN_0008817,CUST_00872,HIGH_RELIABILITY,0.96,1154.44,522.05,WALLET,5,FAILED,NETWORK_TIMEOUT,0
TXN_0008818,CUST_00872,HIGH_RELIABILITY,0.96,1154.44,1969.39,UPI,12,SUCCESS,,0
TXN_0008819,CUST_00872,HIGH_RELIABILITY,0.96,1154.44,796.9,CARD,17,SUCCESS,,0
TXN_0008820,CUST_00872,HIGH_RELIABILITY,0.96,1154.44,1051.16,CARD,10,SUCCESS,,0
TXN_0008821,CUST_00872,HIGH_RELIABILITY,0.96,1154.44,1307.11,NET_BANKING,14,SUCCESS,,0
TXN_0008822,CUST_00872,HIGH_RELIABILITY,0.96,1154.44,893.37,CARD,1,SUCCESS,,0
TXN_0008823,CUST_00872,HIGH_RELIABILITY,0.96,1154.44,1220.66,UPI,2,SUCCESS,,0
TXN_0008824,CUST_00873,HIGH_RELIABILITY,0.93,7738.82,9519.85,CARD,12,SUCCESS,,0
TXN_0008825,CUST_00873,HIGH_RELIABILITY,0.93,7738.82,10712.43,CARD,3,SUCCESS,,0
TXN_0008826,CUST_00873,HIGH_RELIABILITY,0.93,7738.82,10188.92,NET_BANKING,4,SUCCESS,,0
TXN_0008827,CUST_00873,HIGH_RELIABILITY,0.93,7738.82,7206.98,UPI,20,FAILED,USER_ABANDONMENT,1
TXN_0008828,CUST_00873,HIGH_RELIABILITY,0.93,7738.82,7284.92,WALLET,8,SUCCESS,,0
TXN_0008829,CUST_00873,HIGH_RELIABILITY,0.93,7738.82,15010.55,UPI,0,SUCCESS,,0
TXN_0008830,CUST_00873,HIGH_RELIABILITY,0.93,7738.82,10679.23,UPI,12,SUCCESS,,0
TXN_0008831,CUST_00873,HIGH_RELIABILITY,0.93,7738.82,4885.29,WALLET,11,SUCCESS,,0
TXN_0008832,CUST_00874,LOW_RELIABILITY,0.36,1966.73,2045.39,UPI,9,FAILED,NETWORK_TIMEOUT,0
TXN_0008833,CUST_00874,LOW_RELIABILITY,0.36,1966.73,1703.08,UPI,2,FAILED,INSUFFICIENT_FUNDS,0
TXN_0008834,CUST_00874,LOW_RELIABILITY,0.36,1966.73,1860.26,NET_BANKING,21,SUCCESS,,0
TXN_0008835,CUST_00874,LOW_RELIABILITY,0.36,1966.73,999.5,UPI,7,SUCCESS,,0
TXN_0008836,CUST_00874,LOW_RELIABILITY,0.36,1966.73,1642.67,NET_BANKING,14,FAILED,NETWORK_TIMEOUT,1
TXN_0008837,CUST_00874,LOW_RELIABILITY,0.36,1966.73,3391.87,UPI,0,SUCCESS,,0
TXN_0008838,CUST_00874,LOW_RELIABILITY,0.36,1966.73,2422.28,CARD,20,FAILED,NETWORK_TIMEOUT,0
TXN_0008839,CUST_00874,LOW_RELIABILITY,0.36,1966.73,100.0,CARD,23,SUCCESS,,0
TXN_0008840,CUST_00874,LOW_RELIABILITY,0.36,1966.73,2923.92,CARD,17,SUCCESS,,0
TXN_0008841,CUST_00874,LOW_RELIABILITY,0.36,1966.73,2823.93,CARD,23,FAILED,INSUFFICIENT_FUNDS,1
TXN_0008842,CUST_00874,LOW_RELIABILITY,0.36,1966.73,1684.08,CARD,12,FAILED,AUTHENTICATION_FAILURE,2
TXN_0008843,CUST_00874,LOW_RELIABILITY,0.36,1966.73,2531.0,NET_BANKING,3,FAILED,INSUFFICIENT_FUNDS,0
TXN_0008844,CUST_00874,LOW_RELIABILITY,0.36,1966.73,1290.65,UPI,14,FAILED,TECHNICAL_ERROR,0
TXN_0008845,CUST_00874,LOW_RELIABILITY,0.36,1966.73,1596.78,CARD,9,FAILED,TEMPORARY_BANK_ERROR,2
TXN_0008846,CUST_00875,LOW_RELIABILITY,0.57,1132.35,1811.1,UPI,5,FAILED,USER_ABANDONMENT,0
TXN_0008847,CUST_00875,LOW_RELIABILITY,0.57,1132.35,1009.27,CARD,14,FAILED,INSUFFICIENT_FUNDS,1
TXN_0008848,CUST_00875,LOW_RELIABILITY,0.57,1132.35,285.47,WALLET,23,SUCCESS,,0
TXN_0008849,CUST_00875,LOW_RELIABILITY,0.57,1132.35,1103.68,CARD,16,FAILED,NETWORK_TIMEOUT,0
TXN_0008850,CUST_00875,LOW_RELIABILITY,0.57,1132.35,1096.75,CARD,23,SUCCESS,,0
TXN_0008851,CUST_00875,LOW_RELIABILITY,0.57,1132.35,1675.14,UPI,14,FAILED,NETWORK_TIMEOUT,0
TXN_0008852,CUST_00875,LOW_RELIABILITY,0.57,1132.35,1138.84,WALLET,11,FAILED,TEMPORARY_BANK_ERROR,3
TXN_0008853,CUST_00875,LOW_RELIABILITY,0.57,1132.35,941.4,UPI,22,FAILED,USER_ABANDONMENT,0
TXN_0008854,CUST_00876,MEDIUM_RELIABILITY,0.77,2544.42,3608.04,UPI,5,SUCCESS,,0
TXN_0008855,CUST_00876,MEDIUM_RELIABILITY,0.77,2544.42,2667.36,CARD,4,FAILED,USER_ABANDONMENT,0
TXN_0008856,CUST_00876,MEDIUM_RELIABILITY,0.77,2544.42,1781.07,NET_BANKING,13,SUCCESS,,0
TXN_0008857,CUST_00876,MEDIUM_RELIABILITY,0.77,2544.42,3719.94,CARD,15,SUCCESS,,0
TXN_0008858,CUST_00876,MEDIUM_RELIABILITY,0.77,2544.42,2741.52,UPI,14,FAILED,NETWORK_TIMEOUT,1
TXN_0008859,CUST_00876,MEDIUM_RELIABILITY,0.77,2544.42,2547.4,CARD,6,SUCCESS,,0
TXN_0008860,CUST_00876,MEDIUM_RELIABILITY,0.77,2544.42,2725.49,WALLET,23,SUCCESS,,0
TXN_0008861,CUST_00877,MEDIUM_RELIABILITY,0.65,2791.41,1595.94,CARD,13,SUCCESS,,0
TXN_0008862,CUST_00877,MEDIUM_RELIABILITY,0.65,2791.41,2202.25,CARD,1,SUCCESS,,0
TXN_0008863,CUST_00877,MEDIUM_RELIABILITY,0.65,2791.41,2795.41,UPI,12,FAILED,NETWORK_TIMEOUT,0
TXN_0008864,CUST_00877,MEDIUM_RELIABILITY,0.65,2791.41,2574.06,UPI,5,FAILED,AUTHENTICATION_FAILURE,0
TXN_0008865,CUST_00877,MEDIUM_RELIABILITY,0.65,2791.41,4212.16,WALLET,16,SUCCESS,,0
TXN_0008866,CUST_00877,MEDIUM_RELIABILITY,0.65,2791.41,3034.16,UPI,17,FAILED,TECHNICAL_ERROR,1
TXN_0008867,CUST_00877,MEDIUM_RELIABILITY,0.65,2791.41,3745.96,WALLET,13,SUCCESS,,0
TXN_0008868,CUST_00877,MEDIUM_RELIABILITY,0.65,2791.41,2801.9,UPI,8,FAILED,TEMPORARY_BANK_ERROR,0
TXN_0008869,CUST_00877,MEDIUM_RELIABILITY,0.65,2791.41,3970.82,UPI,17,SUCCESS,,0
TXN_0008870,CUST_00877,MEDIUM_RELIABILITY,0.65,2791.41,3235.28,CARD,22,FAILED,INSUFFICIENT_FUNDS,1
TXN_0008871,CUST_00877,MEDIUM_RELIABILITY,0.65,2791.41,2806.39,UPI,12,FAILED,TECHNICAL_ERROR,0
TXN_0008872,CUST_00877,MEDIUM_RELIABILITY,0.65,2791.41,2776.58,CARD,23,FAILED,NETWORK_TIMEOUT,0
TXN_0008873,CUST_00877,MEDIUM_RELIABILITY,0.65,2791.41,1725.72,WALLET,17,SUCCESS,,0
TXN_0008874,CUST_00877,MEDIUM_RELIABILITY,0.65,2791.41,3357.41,CARD,18,SUCCESS,,0
TXN_0008875,CUST_00877,MEDIUM_RELIABILITY,0.65,2791.41,2746.52,UPI,19,FAILED,INSUFFICIENT_FUNDS,0
TXN_0008876,CUST_00878,MEDIUM_RELIABILITY,0.86,8114.6,6485.21,UPI,13,SUCCESS,,0
TXN_0008877,CUST_00878,MEDIUM_RELIABILITY,0.86,8114.6,11706.0,CARD,10,SUCCESS,,0
TXN_0008878,CUST_00878,MEDIUM_RELIABILITY,0.86,8114.6,4056.6,UPI,12,SUCCESS,,0
TXN_0008879,CUST_00878,MEDIUM_RELIABILITY,0.86,8114.6,6743.25,CARD,15,SUCCESS,,0
TXN_0008880,CUST_00878,MEDIUM_RELIABILITY,0.86,8114.6,11450.41,CARD,11,SUCCESS,,0
TXN_0008881,CUST_00878,MEDIUM_RELIABILITY,0.86,8114.6,9138.74,UPI,6,SUCCESS,,0
TXN_0008882,CUST_00879,HIGH_RELIABILITY,0.99,7829.96,7680.07,UPI,8,SUCCESS,,0
TXN_0008883,CUST_00879,HIGH_RELIABILITY,0.99,7829.96,8616.1,UPI,11,SUCCESS,,0
TXN_0008884,CUST_00879,HIGH_RELIABILITY,0.99,7829.96,8391.88,NET_BANKING,17,FAILED,INSUFFICIENT_FUNDS,0
TXN_0008885,CUST_00879,HIGH_RELIABILITY,0.99,7829.96,3079.8,UPI,13,SUCCESS,,0
TXN_0008886,CUST_00879,HIGH_RELIABILITY,0.99,7829.96,6736.08,NET_BANKING,6,SUCCESS,,0
TXN_0008887,CUST_00879,HIGH_RELIABILITY,0.99,7829.96,12892.88,CARD,21,SUCCESS,,0
TXN_0008888,CUST_00879,HIGH_RELIABILITY,0.99,7829.96,5764.97,NET_BANKING,3,SUCCESS,,0
TXN_0008889,CUST_00879,HIGH_RELIABILITY,0.99,7829.96,6833.05,UPI,3,SUCCESS,,0
TXN_0008890,CUST_00879,HIGH_RELIABILITY,0.99,7829.96,6133.61,UPI,3,SUCCESS,,0
TXN_0008891,CUST_00880,LOW_RELIABILITY,0.38,3926.12,3789.47,WALLET,9,FAILED,AUTHENTICATION_FAILURE,0
TXN_0008892,CUST_00880,LOW_RELIABILITY,0.38,3926.12,3010.36,UPI,19,FAILED,TEMPORARY_BANK_ERROR,3
TXN_0008893,CUST_00880,LOW_RELIABILITY,0.38,3926.12,4690.52,CARD,2,FAILED,AUTHENTICATION_FAILURE,3
TXN_0008894,CUST_00880,LOW_RELIABILITY,0.38,3926.12,4235.99,UPI,12,SUCCESS,,0
TXN_0008895,CUST_00880,LOW_RELIABILITY,0.38,3926.12,5140.94,WALLET,8,SUCCESS,,0
TXN_0008896,CUST_00880,LOW_RELIABILITY,0.38,3926.12,2275.67,CARD,0,FAILED,INSUFFICIENT_FUNDS,1
TXN_0008897,CUST_00880,LOW_RELIABILITY,0.38,3926.12,3391.63,CARD,2,FAILED,TECHNICAL_ERROR,0
TXN_0008898,CUST_00880,LOW_RELIABILITY,0.38,3926.12,3571.63,CARD,0,FAILED,INSUFFICIENT_FUNDS,0
TXN_0008899,CUST_00880,LOW_RELIABILITY,0.38,3926.12,4641.69,CARD,7,FAILED,TEMPORARY_BANK_ERROR,0
TXN_0008900,CUST_00880,LOW_RELIABILITY,0.38,3926.12,2680.41,CARD,3,FAILED,TEMPORARY_BANK_ERROR,0
TXN_0008901,CUST_00880,LOW_RELIABILITY,0.38,3926.12,5364.11,UPI,9,FAILED,TEMPORARY_BANK_ERROR,0
TXN_0008902,CUST_00880,LOW_RELIABILITY,0.38,3926.12,5789.32,NET_BANKING,18,FAILED,TECHNICAL_ERROR,2
TXN_0008903,CUST_00880,LOW_RELIABILITY,0.38,3926.12,2373.15,WALLET,19,SUCCESS,,0
TXN_0008904,CUST_00881,HIGH_RELIABILITY,0.93,12821.0,10303.61,CARD,20,SUCCESS,,0
TXN_0008905,CUST_00881,HIGH_RELIABILITY,0.93,12821.0,10093.04,WALLET,14,SUCCESS,,0
TXN_0008906,CUST_00881,HIGH_RELIABILITY,0.93,12821.0,26320.93,UPI,15,SUCCESS,,0
TXN_0008907,CUST_00881,HIGH_RELIABILITY,0.93,12821.0,10616.3,UPI,21,SUCCESS,,0
TXN_0008908,CUST_00881,HIGH_RELIABILITY,0.93,12821.0,21424.53,CARD,3,SUCCESS,,0
TXN_0008909,CUST_00881,HIGH_RELIABILITY,0.93,12821.0,6325.2,CARD,15,SUCCESS,,0
TXN_0008910,CUST_00882,MEDIUM_RELIABILITY,0.67,5138.29,3104.24,CARD,13,FAILED,TECHNICAL_ERROR,0
TXN_0008911,CUST_00882,MEDIUM_RELIABILITY,0.67,5138.29,3727.1,UPI,16,SUCCESS,,0
TXN_0008912,CUST_00882,MEDIUM_RELIABILITY,0.67,5138.29,3400.13,CARD,20,SUCCESS,,0
TXN_0008913,CUST_00882,MEDIUM_RELIABILITY,0.67,5138.29,4587.67,UPI,2,FAILED,USER_ABANDONMENT,0
TXN_0008914,CUST_00882,MEDIUM_RELIABILITY,0.67,5138.29,3681.53,CARD,6,SUCCESS,,0
TXN_0008915,CUST_00882,MEDIUM_RELIABILITY,0.67,5138.29,3454.28,CARD,15,SUCCESS,,0
TXN_0008916,CUST_00882,MEDIUM_RELIABILITY,0.67,5138.29,7519.32,NET_BANKING,18,FAILED,TEMPORARY_BANK_ERROR,1
TXN_0008917,CUST_00883,MEDIUM_RELIABILITY,0.68,3584.42,5339.06,WALLET,13,FAILED,USER_ABANDONMENT,0
TXN_0008918,CUST_00883,MEDIUM_RELIABILITY,0.68,3584.42,4945.49,UPI,4,SUCCESS,,0
TXN_0008919,CUST_00883,MEDIUM_RELIABILITY,0.68,3584.42,4335.71,NET_BANKING,21,SUCCESS,,0
TXN_0008920,CUST_00883,MEDIUM_RELIABILITY,0.68,3584.42,3717.39,NET_BANKING,11,SUCCESS,,0
TXN_0008921,CUST_00883,MEDIUM_RELIABILITY,0.68,3584.42,2871.79,NET_BANKING,8,SUCCESS,,0
TXN_0008922,CUST_00883,MEDIUM_RELIABILITY,0.68,3584.42,2217.81,CARD,20,SUCCESS,,0
TXN_0008923,CUST_00883,MEDIUM_RELIABILITY,0.68,3584.42,4104.87,UPI,8,SUCCESS,,0
TXN_0008924,CUST_00883,MEDIUM_RELIABILITY,0.68,3584.42,1901.71,CARD,14,SUCCESS,,0
TXN_0008925,CUST_00884,HIGH_RELIABILITY,0.96,7664.25,4617.19,UPI,20,SUCCESS,,0
TXN_0008926,CUST_00884,HIGH_RELIABILITY,0.96,7664.25,11198.74,UPI,14,SUCCESS,,0
TXN_0008927,CUST_00884,HIGH_RELIABILITY,0.96,7664.25,13491.07,NET_BANKING,20,FAILED,INSUFFICIENT_FUNDS,0
TXN_0008928,CUST_00884,HIGH_RELIABILITY,0.96,7664.25,8869.97,NET_BANKING,7,SUCCESS,,0
TXN_0008929,CUST_00884,HIGH_RELIABILITY,0.96,7664.25,11056.32,UPI,20,FAILED,AUTHENTICATION_FAILURE,1
TXN_0008930,CUST_00884,HIGH_RELIABILITY,0.96,7664.25,6910.55,CARD,19,SUCCESS,,0
TXN_0008931,CUST_00884,HIGH_RELIABILITY,0.96,7664.25,3563.34,NET_BANKING,20,SUCCESS,,0
TXN_0008932,CUST_00884,HIGH_RELIABILITY,0.96,7664.25,9540.98,UPI,0,SUCCESS,,0
TXN_0008933,CUST_00884,HIGH_RELIABILITY,0.96,7664.25,9409.52,NET_BANKING,11,SUCCESS,,0
TXN_0008934,CUST_00884,HIGH_RELIABILITY,0.96,7664.25,7883.96,NET_BANKING,1,SUCCESS,,0
TXN_0008935,CUST_00885,MEDIUM_RELIABILITY,0.73,4247.52,3835.72,CARD,11,FAILED,TEMPORARY_BANK_ERROR,1
TXN_0008936,CUST_00885,MEDIUM_RELIABILITY,0.73,4247.52,5882.32,UPI,12,SUCCESS,,0
TXN_0008937,CUST_00885,MEDIUM_RELIABILITY,0.73,4247.52,2572.75,UPI,19,FAILED,NETWORK_TIMEOUT,0
TXN_0008938,CUST_00885,MEDIUM_RELIABILITY,0.73,4247.52,2932.86,WALLET,16,FAILED,TECHNICAL_ERROR,1
TXN_0008939,CUST_00885,MEDIUM_RELIABILITY,0.73,4247.52,2534.74,UPI,7,SUCCESS,,0
TXN_0008940,CUST_00885,MEDIUM_RELIABILITY,0.73,4247.52,4391.89,UPI,8,FAILED,TEMPORARY_BANK_ERROR,2
TXN_0008941,CUST_00885,MEDIUM_RELIABILITY,0.73,4247.52,2399.18,UPI,22,FAILED,TEMPORARY_BANK_ERROR,0
TXN_0008942,CUST_00885,MEDIUM_RELIABILITY,0.73,4247.52,3084.99,NET_BANKING,4,SUCCESS,,0
TXN_0008943,CUST_00885,MEDIUM_RELIABILITY,0.73,4247.52,3048.44,CARD,17,SUCCESS,,0
TXN_0008944,CUST_00885,MEDIUM_RELIABILITY,0.73,4247.52,3804.74,CARD,6,FAILED,NETWORK_TIMEOUT,0
TXN_0008945,CUST_00885,MEDIUM_RELIABILITY,0.73,4247.52,1720.46,UPI,13,FAILED,TECHNICAL_ERROR,1
TXN_0008946,CUST_00885,MEDIUM_RELIABILITY,0.73,4247.52,4395.68,WALLET,13,SUCCESS,,0
TXN_0008947,CUST_00886,MEDIUM_RELIABILITY,0.75,7957.66,11927.91,UPI,4,SUCCESS,,0
TXN_0008948,CUST_00886,MEDIUM_RELIABILITY,0.75,7957.66,8388.94,UPI,18,SUCCESS,,0
TXN_0008949,CUST_00886,MEDIUM_RELIABILITY,0.75,7957.66,12863.78,UPI,10,SUCCESS,,0
TXN_0008950,CUST_00886,MEDIUM_RELIABILITY,0.75,7957.66,12203.86,NET_BANKING,22,SUCCESS,,0
TXN_0008951,CUST_00886,MEDIUM_RELIABILITY,0.75,7957.66,10433.24,CARD,2,FAILED,TEMPORARY_BANK_ERROR,0
TXN_0008952,CUST_00886,MEDIUM_RELIABILITY,0.75,7957.66,8195.39,CARD,1,SUCCESS,,0
TXN_0008953,CUST_00886,MEDIUM_RELIABILITY,0.75,7957.66,8029.28,CARD,21,SUCCESS,,0
TXN_0008954,CUST_00886,MEDIUM_RELIABILITY,0.75,7957.66,10388.88,UPI,12,SUCCESS,,0
TXN_0008955,CUST_00887,HIGH_RELIABILITY,0.98,14374.69,12122.63,UPI,14,SUCCESS,,0
TXN_0008956,CUST_00887,HIGH_RELIABILITY,0.98,14374.69,3550.43,CARD,6,SUCCESS,,0
TXN_0008957,CUST_00887,HIGH_RELIABILITY,0.98,14374.69,17203.65,WALLET,0,SUCCESS,,0
TXN_0008958,CUST_00887,HIGH_RELIABILITY,0.98,14374.69,7871.19,UPI,6,SUCCESS,,0
TXN_0008959,CUST_00887,HIGH_RELIABILITY,0.98,14374.69,8842.5,UPI,20,SUCCESS,,0
TXN_0008960,CUST_00887,HIGH_RELIABILITY,0.98,14374.69,14375.98,CARD,15,SUCCESS,,0
TXN_0008961,CUST_00887,HIGH_RELIABILITY,0.98,14374.69,13827.73,UPI,10,SUCCESS,,0
TXN_0008962,CUST_00887,HIGH_RELIABILITY,0.98,14374.69,6255.43,NET_BANKING,11,SUCCESS,,0
TXN_0008963,CUST_00887,HIGH_RELIABILITY,0.98,14374.69,15326.25,NET_BANKING,21,SUCCESS,,0
TXN_0008964,CUST_00887,HIGH_RELIABILITY,0.98,14374.69,19929.87,UPI,14,SUCCESS,,0
TXN_0008965,CUST_00887,HIGH_RELIABILITY,0.98,14374.69,7886.87,UPI,16,SUCCESS,,0
TXN_0008966,CUST_00887,HIGH_RELIABILITY,0.98,14374.69,21691.31,UPI,15,SUCCESS,,0
TXN_0008967,CUST_00887,HIGH_RELIABILITY,0.98,14374.69,5403.9,UPI,22,SUCCESS,,0
TXN_0008968,CUST_00888,MEDIUM_RELIABILITY,0.82,3496.37,6457.55,WALLET,19,SUCCESS,,0
TXN_0008969,CUST_00888,MEDIUM_RELIABILITY,0.82,3496.37,2921.2,NET_BANKING,12,SUCCESS,,0
TXN_0008970,CUST_00888,MEDIUM_RELIABILITY,0.82,3496.37,3700.02,NET_BANKING,18,FAILED,TEMPORARY_BANK_ERROR,0
TXN_0008971,CUST_00888,MEDIUM_RELIABILITY,0.82,3496.37,850.27,UPI,20,SUCCESS,,0
TXN_0008972,CUST_00888,MEDIUM_RELIABILITY,0.82,3496.37,3409.47,WALLET,21,FAILED,AUTHENTICATION_FAILURE,0
TXN_0008973,CUST_00888,MEDIUM_RELIABILITY,0.82,3496.37,3815.91,WALLET,15,SUCCESS,,0
TXN_0008974,CUST_00889,MEDIUM_RELIABILITY,0.8,4657.23,4496.72,UPI,10,SUCCESS,,0
TXN_0008975,CUST_00889,MEDIUM_RELIABILITY,0.8,4657.23,3608.27,CARD,0,SUCCESS,,0
TXN_0008976,CUST_00889,MEDIUM_RELIABILITY,0.8,4657.23,2893.88,UPI,1,SUCCESS,,0
TXN_0008977,CUST_00889,MEDIUM_RELIABILITY,0.8,4657.23,6763.28,NET_BANKING,20,SUCCESS,,0
TXN_0008978,CUST_00889,MEDIUM_RELIABILITY,0.8,4657.23,4714.62,NET_BANKING,13,SUCCESS,,0
TXN_0008979,CUST_00889,MEDIUM_RELIABILITY,0.8,4657.23,7527.49,CARD,14,SUCCESS,,0
TXN_0008980,CUST_00889,MEDIUM_RELIABILITY,0.8,4657.23,3676.45,NET_BANKING,21,SUCCESS,,0
TXN_0008981,CUST_00889,MEDIUM_RELIABILITY,0.8,4657.23,3847.25,UPI,23,SUCCESS,,0
TXN_0008982,CUST_00889,MEDIUM_RELIABILITY,0.8,4657.23,6176.59,WALLET,0,SUCCESS,,0
TXN_0008983,CUST_00889,MEDIUM_RELIABILITY,0.8,4657.23,1633.8,CARD,11,SUCCESS,,0
TXN_0008984,CUST_00889,MEDIUM_RELIABILITY,0.8,4657.23,2396.68,UPI,10,SUCCESS,,0
TXN_0008985,CUST_00889,MEDIUM_RELIABILITY,0.8,4657.23,6701.73,CARD,0,SUCCESS,,0
TXN_0008986,CUST_00889,MEDIUM_RELIABILITY,0.8,4657.23,2474.04,NET_BANKING,19,FAILED,TEMPORARY_BANK_ERROR,0
TXN_0008987,CUST_00890,MEDIUM_RELIABILITY,0.71,8488.28,2312.03,UPI,14,SUCCESS,,0
TXN_0008988,CUST_00890,MEDIUM_RELIABILITY,0.71,8488.28,14832.51,NET_BANKING,7,SUCCESS,,0
TXN_0008989,CUST_00890,MEDIUM_RELIABILITY,0.71,8488.28,3755.83,NET_BANKING,8,FAILED,TECHNICAL_ERROR,0
TXN_0008990,CUST_00890,MEDIUM_RELIABILITY,0.71,8488.28,9113.42,CARD,10,SUCCESS,,0
TXN_0008991,CUST_00890,MEDIUM_RELIABILITY,0.71,8488.28,8722.85,CARD,8,SUCCESS,,0
TXN_0008992,CUST_00891,HIGH_RELIABILITY,0.88,13624.67,100.0,NET_BANKING,17,SUCCESS,,0
TXN_0008993,CUST_00891,HIGH_RELIABILITY,0.88,13624.67,12167.83,CARD,10,SUCCESS,,0
TXN_0008994,CUST_00891,HIGH_RELIABILITY,0.88,13624.67,16068.46,CARD,0,SUCCESS,,0
TXN_0008995,CUST_00891,HIGH_RELIABILITY,0.88,13624.67,15555.61,UPI,20,FAILED,INSUFFICIENT_FUNDS,0
TXN_0008996,CUST_00891,HIGH_RELIABILITY,0.88,13624.67,18548.74,UPI,22,SUCCESS,,0
TXN_0008997,CUST_00891,HIGH_RELIABILITY,0.88,13624.67,11512.89,UPI,19,SUCCESS,,0
TXN_0008998,CUST_00891,HIGH_RELIABILITY,0.88,13624.67,17507.73,UPI,23,SUCCESS,,0
TXN_0008999,CUST_00891,HIGH_RELIABILITY,0.88,13624.67,9867.92,UPI,20,FAILED,TEMPORARY_BANK_ERROR,2
TXN_0009000,CUST_00891,HIGH_RELIABILITY,0.88,13624.67,5937.81,CARD,12,SUCCESS,,0
TXN_0009001,CUST_00892,MEDIUM_RELIABILITY,0.75,6553.41,3151.59,UPI,19,SUCCESS,,0
TXN_0009002,CUST_00892,MEDIUM_RELIABILITY,0.75,6553.41,2720.69,UPI,7,SUCCESS,,0
TXN_0009003,CUST_00892,MEDIUM_RELIABILITY,0.75,6553.41,9199.9,WALLET,11,SUCCESS,,0
TXN_0009004,CUST_00892,MEDIUM_RELIABILITY,0.75,6553.41,2583.16,UPI,7,FAILED,INSUFFICIENT_FUNDS,0
TXN_0009005,CUST_00892,MEDIUM_RELIABILITY,0.75,6553.41,7271.77,NET_BANKING,8,SUCCESS,,0
TXN_0009006,CUST_00892,MEDIUM_RELIABILITY,0.75,6553.41,5856.33,NET_BANKING,5,SUCCESS,,0
TXN_0009007,CUST_00892,MEDIUM_RELIABILITY,0.75,6553.41,6284.33,UPI,5,FAILED,TEMPORARY_BANK_ERROR,3
TXN_0009008,CUST_00892,MEDIUM_RELIABILITY,0.75,6553.41,10127.92,CARD,6,FAILED,TECHNICAL_ERROR,0
TXN_0009009,CUST_00893,MEDIUM_RELIABILITY,0.8,9003.62,7424.65,UPI,6,FAILED,TECHNICAL_ERROR,0
TXN_0009010,CUST_00893,MEDIUM_RELIABILITY,0.8,9003.62,11206.27,UPI,22,SUCCESS,,0
TXN_0009011,CUST_00893,MEDIUM_RELIABILITY,0.8,9003.62,9138.9,WALLET,4,SUCCESS,,0
TXN_0009012,CUST_00893,MEDIUM_RELIABILITY,0.8,9003.62,8456.13,UPI,16,SUCCESS,,0
TXN_0009013,CUST_00893,MEDIUM_RELIABILITY,0.8,9003.62,17286.84,NET_BANKING,1,SUCCESS,,0
TXN_0009014,CUST_00894,MEDIUM_RELIABILITY,0.79,6332.37,2681.53,WALLET,11,SUCCESS,,0
TXN_0009015,CUST_00894,MEDIUM_RELIABILITY,0.79,6332.37,9597.67,UPI,14,SUCCESS,,0
TXN_0009016,CUST_00894,MEDIUM_RELIABILITY,0.79,6332.37,7995.01,CARD,14,SUCCESS,,0
TXN_0009017,CUST_00894,MEDIUM_RELIABILITY,0.79,6332.37,5117.76,CARD,14,SUCCESS,,0
TXN_0009018,CUST_00894,MEDIUM_RELIABILITY,0.79,6332.37,10459.35,CARD,16,SUCCESS,,0
TXN_0009019,CUST_00895,MEDIUM_RELIABILITY,0.66,5424.88,1414.57,UPI,22,FAILED,AUTHENTICATION_FAILURE,0
TXN_0009020,CUST_00895,MEDIUM_RELIABILITY,0.66,5424.88,4292.67,NET_BANKING,11,SUCCESS,,0
TXN_0009021,CUST_00895,MEDIUM_RELIABILITY,0.66,5424.88,2802.53,CARD,15,FAILED,AUTHENTICATION_FAILURE,1
TXN_0009022,CUST_00895,MEDIUM_RELIABILITY,0.66,5424.88,6319.08,NET_BANKING,13,SUCCESS,,0
TXN_0009023,CUST_00895,MEDIUM_RELIABILITY,0.66,5424.88,3009.58,NET_BANKING,18,FAILED,TECHNICAL_ERROR,0
TXN_0009024,CUST_00895,MEDIUM_RELIABILITY,0.66,5424.88,6364.61,UPI,11,SUCCESS,,0
TXN_0009025,CUST_00895,MEDIUM_RELIABILITY,0.66,5424.88,5020.32,CARD,13,SUCCESS,,0
TXN_0009026,CUST_00896,HIGH_RELIABILITY,0.9,11324.07,9152.77,CARD,2,SUCCESS,,0
TXN_0009027,CUST_00896,HIGH_RELIABILITY,0.9,11324.07,13084.5,UPI,1,SUCCESS,,0
TXN_0009028,CUST_00896,HIGH_RELIABILITY,0.9,11324.07,10107.31,WALLET,3,SUCCESS,,0
TXN_0009029,CUST_00896,HIGH_RELIABILITY,0.9,11324.07,6392.96,CARD,19,SUCCESS,,0
TXN_0009030,CUST_00896,HIGH_RELIABILITY,0.9,11324.07,24013.25,UPI,23,SUCCESS,,0
TXN_0009031,CUST_00896,HIGH_RELIABILITY,0.9,11324.07,9117.38,UPI,21,SUCCESS,,0
TXN_0009032,CUST_00896,HIGH_RELIABILITY,0.9,11324.07,1279.13,UPI,22,SUCCESS,,0
TXN_0009033,CUST_00896,HIGH_RELIABILITY,0.9,11324.07,7509.68,CARD,9,SUCCESS,,0
TXN_0009034,CUST_00896,HIGH_RELIABILITY,0.9,11324.07,5583.78,UPI,22,SUCCESS,,0
TXN_0009035,CUST_00896,HIGH_RELIABILITY,0.9,11324.07,15066.2,CARD,16,SUCCESS,,0
TXN_0009036,CUST_00896,HIGH_RELIABILITY,0.9,11324.07,12781.04,CARD,9,SUCCESS,,0
TXN_0009037,CUST_00896,HIGH_RELIABILITY,0.9,11324.07,13130.09,UPI,7,SUCCESS,,0
TXN_0009038,CUST_00896,HIGH_RELIABILITY,0.9,11324.07,9648.01,UPI,13,SUCCESS,,0
TXN_0009039,CUST_00897,MEDIUM_RELIABILITY,0.76,6962.16,6184.21,UPI,11,SUCCESS,,0
TXN_0009040,CUST_00897,MEDIUM_RELIABILITY,0.76,6962.16,5929.17,NET_BANKING,6,SUCCESS,,0
TXN_0009041,CUST_00897,MEDIUM_RELIABILITY,0.76,6962.16,6736.05,UPI,16,FAILED,TEMPORARY_BANK_ERROR,1
TXN_0009042,CUST_00897,MEDIUM_RELIABILITY,0.76,6962.16,9288.45,UPI,4,SUCCESS,,0
TXN_0009043,CUST_00897,MEDIUM_RELIABILITY,0.76,6962.16,7898.08,NET_BANKING,9,SUCCESS,,0
TXN_0009044,CUST_00897,MEDIUM_RELIABILITY,0.76,6962.16,8354.91,NET_BANKING,20,SUCCESS,,0
TXN_0009045,CUST_00897,MEDIUM_RELIABILITY,0.76,6962.16,8353.36,CARD,11,SUCCESS,,0
TXN_0009046,CUST_00897,MEDIUM_RELIABILITY,0.76,6962.16,9425.21,UPI,9,SUCCESS,,0
TXN_0009047,CUST_00897,MEDIUM_RELIABILITY,0.76,6962.16,7764.62,UPI,6,SUCCESS,,0
TXN_0009048,CUST_00897,MEDIUM_RELIABILITY,0.76,6962.16,7961.5,UPI,9,SUCCESS,,0
TXN_0009049,CUST_00898,HIGH_RELIABILITY,0.88,2187.09,3227.1,CARD,15,SUCCESS,,0
TXN_0009050,CUST_00898,HIGH_RELIABILITY,0.88,2187.09,1605.28,UPI,1,SUCCESS,,0
TXN_0009051,CUST_00898,HIGH_RELIABILITY,0.88,2187.09,1438.46,NET_BANKING,11,SUCCESS,,0
TXN_0009052,CUST_00898,HIGH_RELIABILITY,0.88,2187.09,1149.6,UPI,9,SUCCESS,,0
TXN_0009053,CUST_00898,HIGH_RELIABILITY,0.88,2187.09,2347.11,CARD,14,SUCCESS,,0
TXN_0009054,CUST_00898,HIGH_RELIABILITY,0.88,2187.09,565.38,WALLET,3,SUCCESS,,0
TXN_0009055,CUST_00898,HIGH_RELIABILITY,0.88,2187.09,2591.4,UPI,21,SUCCESS,,0
TXN_0009056,CUST_00898,HIGH_RELIABILITY,0.88,2187.09,2091.56,NET_BANKING,21,SUCCESS,,0
TXN_0009057,CUST_00899,HIGH_RELIABILITY,0.96,2009.18,2921.06,UPI,11,SUCCESS,,0
TXN_0009058,CUST_00899,HIGH_RELIABILITY,0.96,2009.18,1469.18,UPI,0,SUCCESS,,0
TXN_0009059,CUST_00899,HIGH_RELIABILITY,0.96,2009.18,1845.78,NET_BANKING,13,SUCCESS,,0
TXN_0009060,CUST_00899,HIGH_RELIABILITY,0.96,2009.18,2911.06,CARD,0,SUCCESS,,0
TXN_0009061,CUST_00899,HIGH_RELIABILITY,0.96,2009.18,3120.77,UPI,4,SUCCESS,,0
TXN_0009062,CUST_00899,HIGH_RELIABILITY,0.96,2009.18,1462.56,WALLET,15,SUCCESS,,0
TXN_0009063,CUST_00900,MEDIUM_RELIABILITY,0.67,615.03,659.75,UPI,6,SUCCESS,,0
TXN_0009064,CUST_00900,MEDIUM_RELIABILITY,0.67,615.03,687.46,WALLET,11,SUCCESS,,0
TXN_0009065,CUST_00900,MEDIUM_RELIABILITY,0.67,615.03,706.95,CARD,6,FAILED,INSUFFICIENT_FUNDS,2
TXN_0009066,CUST_00900,MEDIUM_RELIABILITY,0.67,615.03,550.43,NET_BANKING,1,FAILED,TECHNICAL_ERROR,0
TXN_0009067,CUST_00900,MEDIUM_RELIABILITY,0.67,615.03,930.27,UPI,9,SUCCESS,,0
TXN_0009068,CUST_00900,MEDIUM_RELIABILITY,0.67,615.03,150.14,CARD,10,SUCCESS,,0
TXN_0009069,CUST_00900,MEDIUM_RELIABILITY,0.67,615.03,511.43,UPI,13,SUCCESS,,0
TXN_0009070,CUST_00900,MEDIUM_RELIABILITY,0.67,615.03,725.23,WALLET,13,SUCCESS,,0
TXN_0009071,CUST_00900,MEDIUM_RELIABILITY,0.67,615.03,727.51,WALLET,21,FAILED,NETWORK_TIMEOUT,3
TXN_0009072,CUST_00900,MEDIUM_RELIABILITY,0.67,615.03,947.82,CARD,22,SUCCESS,,0
TXN_0009073,CUST_00900,MEDIUM_RELIABILITY,0.67,615.03,909.81,NET_BANKING,13,SUCCESS,,0
TXN_0009074,CUST_00900,MEDIUM_RELIABILITY,0.67,615.03,544.78,CARD,19,FAILED,TEMPORARY_BANK_ERROR,3
TXN_0009075,CUST_00901,LOW_RELIABILITY,0.63,5215.06,7926.62,UPI,16,SUCCESS,,0
TXN_0009076,CUST_00901,LOW_RELIABILITY,0.63,5215.06,3725.55,CARD,9,FAILED,INSUFFICIENT_FUNDS,0
TXN_0009077,CUST_00901,LOW_RELIABILITY,0.63,5215.06,7156.91,UPI,15,SUCCESS,,0
TXN_0009078,CUST_00901,LOW_RELIABILITY,0.63,5215.06,8991.85,NET_BANKING,2,SUCCESS,,0
TXN_0009079,CUST_00901,LOW_RELIABILITY,0.63,5215.06,7749.46,CARD,18,FAILED,NETWORK_TIMEOUT,0
TXN_0009080,CUST_00901,LOW_RELIABILITY,0.63,5215.06,5435.7,UPI,19,SUCCESS,,0
TXN_0009081,CUST_00901,LOW_RELIABILITY,0.63,5215.06,4522.96,UPI,2,SUCCESS,,0
TXN_0009082,CUST_00901,LOW_RELIABILITY,0.63,5215.06,2026.38,UPI,16,SUCCESS,,0
TXN_0009083,CUST_00901,LOW_RELIABILITY,0.63,5215.06,5862.85,WALLET,16,SUCCESS,,0
TXN_0009084,CUST_00901,LOW_RELIABILITY,0.63,5215.06,2888.69,CARD,20,SUCCESS,,0
TXN_0009085,CUST_00901,LOW_RELIABILITY,0.63,5215.06,3560.56,WALLET,1,FAILED,AUTHENTICATION_FAILURE,0
TXN_0009086,CUST_00901,LOW_RELIABILITY,0.63,5215.06,2731.14,CARD,2,FAILED,USER_ABANDONMENT,0
TXN_0009087,CUST_00901,LOW_RELIABILITY,0.63,5215.06,4254.67,UPI,9,FAILED,INSUFFICIENT_FUNDS,0
TXN_0009088,CUST_00901,LOW_RELIABILITY,0.63,5215.06,5156.72,CARD,7,SUCCESS,,0
TXN_0009089,CUST_00902,HIGH_RELIABILITY,0.92,5151.5,5715.31,UPI,15,SUCCESS,,0
TXN_0009090,CUST_00902,HIGH_RELIABILITY,0.92,5151.5,3914.1,UPI,0,SUCCESS,,0
TXN_0009091,CUST_00902,HIGH_RELIABILITY,0.92,5151.5,7354.87,NET_BANKING,17,SUCCESS,,0
TXN_0009092,CUST_00902,HIGH_RELIABILITY,0.92,5151.5,4722.47,UPI,5,SUCCESS,,0
TXN_0009093,CUST_00902,HIGH_RELIABILITY,0.92,5151.5,3528.32,WALLET,2,SUCCESS,,0
TXN_0009094,CUST_00902,HIGH_RELIABILITY,0.92,5151.5,5617.8,CARD,16,SUCCESS,,0
TXN_0009095,CUST_00902,HIGH_RELIABILITY,0.92,5151.5,9197.6,WALLET,14,SUCCESS,,0
TXN_0009096,CUST_00902,HIGH_RELIABILITY,0.92,5151.5,5842.13,NET_BANKING,13,SUCCESS,,0
TXN_0009097,CUST_00902,HIGH_RELIABILITY,0.92,5151.5,4403.8,UPI,7,SUCCESS,,0
TXN_0009098,CUST_00902,HIGH_RELIABILITY,0.92,5151.5,2004.01,UPI,4,SUCCESS,,0
TXN_0009099,CUST_00902,HIGH_RELIABILITY,0.92,5151.5,4699.38,CARD,9,SUCCESS,,0
TXN_0009100,CUST_00902,HIGH_RELIABILITY,0.92,5151.5,5635.59,UPI,9,SUCCESS,,0
TXN_0009101,CUST_00902,HIGH_RELIABILITY,0.92,5151.5,4352.85,NET_BANKING,13,SUCCESS,,0
TXN_0009102,CUST_00902,HIGH_RELIABILITY,0.92,5151.5,1719.81,UPI,23,SUCCESS,,0
TXN_0009103,CUST_00903,HIGH_RELIABILITY,0.92,11845.15,7815.12,UPI,0,SUCCESS,,0
TXN_0009104,CUST_00903,HIGH_RELIABILITY,0.92,11845.15,18736.84,CARD,6,SUCCESS,,0
TXN_0009105,CUST_00903,HIGH_RELIABILITY,0.92,11845.15,18639.53,NET_BANKING,15,SUCCESS,,0
TXN_0009106,CUST_00903,HIGH_RELIABILITY,0.92,11845.15,7644.2,UPI,7,SUCCESS,,0
TXN_0009107,CUST_00903,HIGH_RELIABILITY,0.92,11845.15,15032.71,NET_BANKING,10,SUCCESS,,0
TXN_0009108,CUST_00903,HIGH_RELIABILITY,0.92,11845.15,6261.0,CARD,17,SUCCESS,,0
TXN_0009109,CUST_00903,HIGH_RELIABILITY,0.92,11845.15,18498.88,NET_BANKING,9,SUCCESS,,0
TXN_0009110,CUST_00903,HIGH_RELIABILITY,0.92,11845.15,13007.09,CARD,9,SUCCESS,,0
TXN_0009111,CUST_00903,HIGH_RELIABILITY,0.92,11845.15,16344.61,UPI,2,SUCCESS,,0
TXN_0009112,CUST_00904,MEDIUM_RELIABILITY,0.8,2259.36,709.35,UPI,19,SUCCESS,,0
TXN_0009113,CUST_00904,MEDIUM_RELIABILITY,0.8,2259.36,2871.77,NET_BANKING,19,SUCCESS,,0
TXN_0009114,CUST_00904,MEDIUM_RELIABILITY,0.8,2259.36,2252.42,UPI,10,SUCCESS,,0
TXN_0009115,CUST_00904,MEDIUM_RELIABILITY,0.8,2259.36,3029.29,UPI,9,SUCCESS,,0
TXN_0009116,CUST_00904,MEDIUM_RELIABILITY,0.8,2259.36,3086.17,UPI,8,FAILED,TEMPORARY_BANK_ERROR,0
TXN_0009117,CUST_00904,MEDIUM_RELIABILITY,0.8,2259.36,2318.81,NET_BANKING,0,SUCCESS,,0
TXN_0009118,CUST_00904,MEDIUM_RELIABILITY,0.8,2259.36,1716.36,WALLET,12,SUCCESS,,0
TXN_0009119,CUST_00904,MEDIUM_RELIABILITY,0.8,2259.36,2964.01,WALLET,12,SUCCESS,,0
TXN_0009120,CUST_00904,MEDIUM_RELIABILITY,0.8,2259.36,2205.0,CARD,16,FAILED,USER_ABANDONMENT,1
TXN_0009121,CUST_00905,HIGH_RELIABILITY,0.9,2377.54,1547.51,UPI,4,SUCCESS,,0
TXN_0009122,CUST_00905,HIGH_RELIABILITY,0.9,2377.54,1502.46,NET_BANKING,7,SUCCESS,,0
TXN_0009123,CUST_00905,HIGH_RELIABILITY,0.9,2377.54,972.73,CARD,20,SUCCESS,,0
TXN_0009124,CUST_00905,HIGH_RELIABILITY,0.9,2377.54,1892.24,UPI,15,SUCCESS,,0
TXN_0009125,CUST_00905,HIGH_RELIABILITY,0.9,2377.54,3426.22,WALLET,7,SUCCESS,,0
TXN_0009126,CUST_00905,HIGH_RELIABILITY,0.9,2377.54,2546.66,UPI,22,SUCCESS,,0
TXN_0009127,CUST_00905,HIGH_RELIABILITY,0.9,2377.54,1873.72,UPI,12,SUCCESS,,0
TXN_0009128,CUST_00905,HIGH_RELIABILITY,0.9,2377.54,3142.97,UPI,16,SUCCESS,,0
TXN_0009129,CUST_00905,HIGH_RELIABILITY,0.9,2377.54,1585.84,WALLET,22,SUCCESS,,0
TXN_0009130,CUST_00905,HIGH_RELIABILITY,0.9,2377.54,2468.22,CARD,10,SUCCESS,,0
TXN_0009131,CUST_00905,HIGH_RELIABILITY,0.9,2377.54,2206.71,UPI,8,SUCCESS,,0
TXN_0009132,CUST_00905,HIGH_RELIABILITY,0.9,2377.54,3118.51,UPI,12,SUCCESS,,0
TXN_0009133,CUST_00905,HIGH_RELIABILITY,0.9,2377.54,877.57,WALLET,10,SUCCESS,,0
TXN_0009134,CUST_00906,HIGH_RELIABILITY,0.95,11701.22,7721.88,CARD,20,SUCCESS,,0
TXN_0009135,CUST_00906,HIGH_RELIABILITY,0.95,11701.22,4033.43,WALLET,11,SUCCESS,,0
TXN_0009136,CUST_00906,HIGH_RELIABILITY,0.95,11701.22,10486.18,CARD,12,SUCCESS,,0
TXN_0009137,CUST_00906,HIGH_RELIABILITY,0.95,11701.22,17371.29,UPI,11,SUCCESS,,0
TXN_0009138,CUST_00906,HIGH_RELIABILITY,0.95,11701.22,9335.48,NET_BANKING,4,SUCCESS,,0
TXN_0009139,CUST_00906,HIGH_RELIABILITY,0.95,11701.22,9310.97,CARD,15,SUCCESS,,0
TXN_0009140,CUST_00906,HIGH_RELIABILITY,0.95,11701.22,15781.32,UPI,8,SUCCESS,,0
TXN_0009141,CUST_00906,HIGH_RELIABILITY,0.95,11701.22,16702.55,UPI,13,SUCCESS,,0
TXN_0009142,CUST_00906,HIGH_RELIABILITY,0.95,11701.22,11286.66,UPI,1,SUCCESS,,0
TXN_0009143,CUST_00906,HIGH_RELIABILITY,0.95,11701.22,14906.02,UPI,13,SUCCESS,,0
TXN_0009144,CUST_00906,HIGH_RELIABILITY,0.95,11701.22,6660.55,NET_BANKING,8,SUCCESS,,0
TXN_0009145,CUST_00906,HIGH_RELIABILITY,0.95,11701.22,18150.81,UPI,4,SUCCESS,,0
TXN_0009146,CUST_00907,MEDIUM_RELIABILITY,0.71,698.98,1299.74,CARD,14,FAILED,AUTHENTICATION_FAILURE,2
TXN_0009147,CUST_00907,MEDIUM_RELIABILITY,0.71,698.98,844.71,UPI,7,SUCCESS,,0
TXN_0009148,CUST_00907,MEDIUM_RELIABILITY,0.71,698.98,116.22,CARD,2,SUCCESS,,0
TXN_0009149,CUST_00907,MEDIUM_RELIABILITY,0.71,698.98,542.9,CARD,21,SUCCESS,,0
TXN_0009150,CUST_00907,MEDIUM_RELIABILITY,0.71,698.98,870.32,UPI,10,SUCCESS,,0
TXN_0009151,CUST_00907,MEDIUM_RELIABILITY,0.71,698.98,581.14,CARD,7,FAILED,USER_ABANDONMENT,0
TXN_0009152,CUST_00907,MEDIUM_RELIABILITY,0.71,698.98,1054.68,UPI,2,SUCCESS,,0
TXN_0009153,CUST_00907,MEDIUM_RELIABILITY,0.71,698.98,863.42,WALLET,5,SUCCESS,,0
TXN_0009154,CUST_00907,MEDIUM_RELIABILITY,0.71,698.98,501.46,CARD,16,SUCCESS,,0
TXN_0009155,CUST_00907,MEDIUM_RELIABILITY,0.71,698.98,708.0,CARD,13,SUCCESS,,0
TXN_0009156,CUST_00907,MEDIUM_RELIABILITY,0.71,698.98,449.07,WALLET,5,SUCCESS,,0
TXN_0009157,CUST_00907,MEDIUM_RELIABILITY,0.71,698.98,647.93,CARD,22,SUCCESS,,0
TXN_0009158,CUST_00907,MEDIUM_RELIABILITY,0.71,698.98,543.92,NET_BANKING,4,FAILED,INSUFFICIENT_FUNDS,0
TXN_0009159,CUST_00907,MEDIUM_RELIABILITY,0.71,698.98,1027.43,UPI,23,SUCCESS,,0
TXN_0009160,CUST_00907,MEDIUM_RELIABILITY,0.71,698.98,1290.6,CARD,2,SUCCESS,,0
TXN_0009161,CUST_00908,LOW_RELIABILITY,0.37,6781.45,2899.24,UPI,11,FAILED,INSUFFICIENT_FUNDS,0
TXN_0009162,CUST_00908,LOW_RELIABILITY,0.37,6781.45,1564.57,UPI,20,SUCCESS,,0
TXN_0009163,CUST_00908,LOW_RELIABILITY,0.37,6781.45,6116.4,WALLET,18,SUCCESS,,0
TXN_0009164,CUST_00908,LOW_RELIABILITY,0.37,6781.45,2662.63,UPI,19,FAILED,NETWORK_TIMEOUT,0
TXN_0009165,CUST_00908,LOW_RELIABILITY,0.37,6781.45,6906.8,UPI,5,FAILED,INSUFFICIENT_FUNDS,0
TXN_0009166,CUST_00908,LOW_RELIABILITY,0.37,6781.45,8813.0,UPI,9,FAILED,TECHNICAL_ERROR,0
TXN_0009167,CUST_00908,LOW_RELIABILITY,0.37,6781.45,10834.43,UPI,9,SUCCESS,,0
TXN_0009168,CUST_00908,LOW_RELIABILITY,0.37,6781.45,7327.75,UPI,15,FAILED,USER_ABANDONMENT,1
TXN_0009169,CUST_00908,LOW_RELIABILITY,0.37,6781.45,6257.5,UPI,1,FAILED,TEMPORARY_BANK_ERROR,1
TXN_0009170,CUST_00908,LOW_RELIABILITY,0.37,6781.45,1414.92,NET_BANKING,4,FAILED,INSUFFICIENT_FUNDS,0
TXN_0009171,CUST_00908,LOW_RELIABILITY,0.37,6781.45,6852.48,UPI,6,SUCCESS,,0
TXN_0009172,CUST_00908,LOW_RELIABILITY,0.37,6781.45,6974.82,UPI,14,FAILED,USER_ABANDONMENT,0
TXN_0009173,CUST_00909,MEDIUM_RELIABILITY,0.71,7807.62,9803.11,UPI,4,SUCCESS,,0
TXN_0009174,CUST_00909,MEDIUM_RELIABILITY,0.71,7807.62,5594.98,UPI,2,FAILED,NETWORK_TIMEOUT,0
TXN_0009175,CUST_00909,MEDIUM_RELIABILITY,0.71,7807.62,6448.93,NET_BANKING,5,FAILED,NETWORK_TIMEOUT,2
TXN_0009176,CUST_00909,MEDIUM_RELIABILITY,0.71,7807.62,3191.75,WALLET,10,SUCCESS,,0
TXN_0009177,CUST_00909,MEDIUM_RELIABILITY,0.71,7807.62,651.8,UPI,4,FAILED,NETWORK_TIMEOUT,0
TXN_0009178,CUST_00909,MEDIUM_RELIABILITY,0.71,7807.62,4345.73,UPI,4,SUCCESS,,0
TXN_0009179,CUST_00909,MEDIUM_RELIABILITY,0.71,7807.62,2903.42,CARD,12,SUCCESS,,0
TXN_0009180,CUST_00909,MEDIUM_RELIABILITY,0.71,7807.62,8859.19,CARD,1,FAILED,AUTHENTICATION_FAILURE,0
TXN_0009181,CUST_00910,MEDIUM_RELIABILITY,0.79,4128.43,3272.8,NET_BANKING,11,SUCCESS,,0
TXN_0009182,CUST_00910,MEDIUM_RELIABILITY,0.79,4128.43,3239.6,NET_BANKING,21,SUCCESS,,0
TXN_0009183,CUST_00910,MEDIUM_RELIABILITY,0.79,4128.43,2502.8,CARD,1,SUCCESS,,0
TXN_0009184,CUST_00910,MEDIUM_RELIABILITY,0.79,4128.43,100.0,UPI,14,SUCCESS,,0
TXN_0009185,CUST_00910,MEDIUM_RELIABILITY,0.79,4128.43,6619.21,NET_BANKING,5,FAILED,INSUFFICIENT_FUNDS,1
TXN_0009186,CUST_00911,MEDIUM_RELIABILITY,0.7,1653.17,991.72,NET_BANKING,19,FAILED,TEMPORARY_BANK_ERROR,0
TXN_0009187,CUST_00911,MEDIUM_RELIABILITY,0.7,1653.17,1380.45,NET_BANKING,6,SUCCESS,,0
TXN_0009188,CUST_00911,MEDIUM_RELIABILITY,0.7,1653.17,691.1,UPI,22,SUCCESS,,0
TXN_0009189,CUST_00911,MEDIUM_RELIABILITY,0.7,1653.17,2295.88,UPI,11,FAILED,NETWORK_TIMEOUT,0
TXN_0009190,CUST_00911,MEDIUM_RELIABILITY,0.7,1653.17,1748.01,UPI,2,SUCCESS,,0
TXN_0009191,CUST_00911,MEDIUM_RELIABILITY,0.7,1653.17,1106.72,UPI,15,SUCCESS,,0
TXN_0009192,CUST_00911,MEDIUM_RELIABILITY,0.7,1653.17,1393.8,NET_BANKING,18,FAILED,TEMPORARY_BANK_ERROR,0
TXN_0009193,CUST_00911,MEDIUM_RELIABILITY,0.7,1653.17,2762.9,CARD,1,FAILED,TEMPORARY_BANK_ERROR,1
TXN_0009194,CUST_00911,MEDIUM_RELIABILITY,0.7,1653.17,1604.92,UPI,16,SUCCESS,,0
TXN_0009195,CUST_00911,MEDIUM_RELIABILITY,0.7,1653.17,1533.0,CARD,21,SUCCESS,,0
TXN_0009196,CUST_00911,MEDIUM_RELIABILITY,0.7,1653.17,1030.66,UPI,0,FAILED,TEMPORARY_BANK_ERROR,0
TXN_0009197,CUST_00911,MEDIUM_RELIABILITY,0.7,1653.17,400.34,NET_BANKING,2,SUCCESS,,0
TXN_0009198,CUST_00912,MEDIUM_RELIABILITY,0.79,7859.02,7355.92,CARD,1,SUCCESS,,0
TXN_0009199,CUST_00912,MEDIUM_RELIABILITY,0.79,7859.02,8882.22,UPI,19,SUCCESS,,0
TXN_0009200,CUST_00912,MEDIUM_RELIABILITY,0.79,7859.02,11315.68,UPI,11,SUCCESS,,0
TXN_0009201,CUST_00912,MEDIUM_RELIABILITY,0.79,7859.02,790.63,UPI,13,FAILED,TEMPORARY_BANK_ERROR,0
TXN_0009202,CUST_00912,MEDIUM_RELIABILITY,0.79,7859.02,4322.16,CARD,11,SUCCESS,,0
TXN_0009203,CUST_00912,MEDIUM_RELIABILITY,0.79,7859.02,6033.4,UPI,22,SUCCESS,,0
TXN_0009204,CUST_00912,MEDIUM_RELIABILITY,0.79,7859.02,7848.08,UPI,17,SUCCESS,,0
TXN_0009205,CUST_00912,MEDIUM_RELIABILITY,0.79,7859.02,7403.09,UPI,8,SUCCESS,,0
TXN_0009206,CUST_00912,MEDIUM_RELIABILITY,0.79,7859.02,7476.48,WALLET,1,SUCCESS,,0
TXN_0009207,CUST_00913,MEDIUM_RELIABILITY,0.79,5537.87,6441.86,UPI,14,FAILED,TECHNICAL_ERROR,0
TXN_0009208,CUST_00913,MEDIUM_RELIABILITY,0.79,5537.87,3536.94,UPI,5,SUCCESS,,0
TXN_0009209,CUST_00913,MEDIUM_RELIABILITY,0.79,5537.87,7607.13,CARD,19,FAILED,USER_ABANDONMENT,1
TXN_0009210,CUST_00913,MEDIUM_RELIABILITY,0.79,5537.87,6498.03,UPI,6,SUCCESS,,0
TXN_0009211,CUST_00913,MEDIUM_RELIABILITY,0.79,5537.87,4829.39,CARD,18,SUCCESS,,0
TXN_0009212,CUST_00913,MEDIUM_RELIABILITY,0.79,5537.87,9084.12,UPI,20,SUCCESS,,0
TXN_0009213,CUST_00913,MEDIUM_RELIABILITY,0.79,5537.87,8985.56,CARD,12,SUCCESS,,0
TXN_0009214,CUST_00914,MEDIUM_RELIABILITY,0.66,9700.64,13320.51,UPI,14,SUCCESS,,0
TXN_0009215,CUST_00914,MEDIUM_RELIABILITY,0.66,9700.64,100.0,UPI,3,SUCCESS,,0
TXN_0009216,CUST_00914,MEDIUM_RELIABILITY,0.66,9700.64,15827.35,CARD,22,SUCCESS,,0
TXN_0009217,CUST_00914,MEDIUM_RELIABILITY,0.66,9700.64,12784.51,UPI,22,FAILED,TEMPORARY_BANK_ERROR,0
TXN_0009218,CUST_00914,MEDIUM_RELIABILITY,0.66,9700.64,17486.02,UPI,18,FAILED,NETWORK_TIMEOUT,1
TXN_0009219,CUST_00914,MEDIUM_RELIABILITY,0.66,9700.64,14502.32,UPI,22,SUCCESS,,0
TXN_0009220,CUST_00914,MEDIUM_RELIABILITY,0.66,9700.64,15825.01,CARD,6,SUCCESS,,0
TXN_0009221,CUST_00914,MEDIUM_RELIABILITY,0.66,9700.64,13110.05,UPI,20,SUCCESS,,0
TXN_0009222,CUST_00914,MEDIUM_RELIABILITY,0.66,9700.64,14933.91,CARD,22,SUCCESS,,0
TXN_0009223,CUST_00914,MEDIUM_RELIABILITY,0.66,9700.64,17438.35,CARD,1,SUCCESS,,0
TXN_0009224,CUST_00914,MEDIUM_RELIABILITY,0.66,9700.64,10540.93,CARD,20,FAILED,TECHNICAL_ERROR,0
TXN_0009225,CUST_00914,MEDIUM_RELIABILITY,0.66,9700.64,3599.98,UPI,23,FAILED,TEMPORARY_BANK_ERROR,1
TXN_0009226,CUST_00915,LOW_RELIABILITY,0.58,2191.19,1921.71,UPI,15,SUCCESS,,0
TXN_0009227,CUST_00915,LOW_RELIABILITY,0.58,2191.19,2532.97,WALLET,11,FAILED,NETWORK_TIMEOUT,0
TXN_0009228,CUST_00915,LOW_RELIABILITY,0.58,2191.19,2256.83,UPI,17,SUCCESS,,0
TXN_0009229,CUST_00915,LOW_RELIABILITY,0.58,2191.19,1098.61,UPI,4,SUCCESS,,0
TXN_0009230,CUST_00915,LOW_RELIABILITY,0.58,2191.19,761.6,CARD,14,FAILED,AUTHENTICATION_FAILURE,0
TXN_0009231,CUST_00915,LOW_RELIABILITY,0.58,2191.19,1541.58,UPI,4,SUCCESS,,0
TXN_0009232,CUST_00915,LOW_RELIABILITY,0.58,2191.19,2899.15,NET_BANKING,21,FAILED,AUTHENTICATION_FAILURE,3
TXN_0009233,CUST_00915,LOW_RELIABILITY,0.58,2191.19,3576.32,UPI,13,SUCCESS,,0
TXN_0009234,CUST_00915,LOW_RELIABILITY,0.58,2191.19,2994.54,NET_BANKING,23,FAILED,TECHNICAL_ERROR,2
TXN_0009235,CUST_00915,LOW_RELIABILITY,0.58,2191.19,3118.0,NET_BANKING,13,SUCCESS,,0
TXN_0009236,CUST_00915,LOW_RELIABILITY,0.58,2191.19,2120.36,CARD,2,SUCCESS,,0
TXN_0009237,CUST_00915,LOW_RELIABILITY,0.58,2191.19,664.3,NET_BANKING,0,SUCCESS,,0
TXN_0009238,CUST_00916,MEDIUM_RELIABILITY,0.87,6217.88,5085.68,CARD,1,FAILED,TEMPORARY_BANK_ERROR,0
TXN_0009239,CUST_00916,MEDIUM_RELIABILITY,0.87,6217.88,5574.29,CARD,21,SUCCESS,,0
TXN_0009240,CUST_00916,MEDIUM_RELIABILITY,0.87,6217.88,4981.63,UPI,21,SUCCESS,,0
TXN_0009241,CUST_00916,MEDIUM_RELIABILITY,0.87,6217.88,6353.91,CARD,14,SUCCESS,,0
TXN_0009242,CUST_00916,MEDIUM_RELIABILITY,0.87,6217.88,7315.76,NET_BANKING,1,FAILED,AUTHENTICATION_FAILURE,0
TXN_0009243,CUST_00916,MEDIUM_RELIABILITY,0.87,6217.88,8339.46,CARD,16,FAILED,TECHNICAL_ERROR,0
TXN_0009244,CUST_00917,MEDIUM_RELIABILITY,0.78,7606.7,6760.47,UPI,20,SUCCESS,,0
TXN_0009245,CUST_00917,MEDIUM_RELIABILITY,0.78,7606.7,1814.17,CARD,12,SUCCESS,,0
TXN_0009246,CUST_00917,MEDIUM_RELIABILITY,0.78,7606.7,6137.46,UPI,15,SUCCESS,,0
TXN_0009247,CUST_00917,MEDIUM_RELIABILITY,0.78,7606.7,7739.7,CARD,19,SUCCESS,,0
TXN_0009248,CUST_00917,MEDIUM_RELIABILITY,0.78,7606.7,11327.31,CARD,18,SUCCESS,,0
TXN_0009249,CUST_00917,MEDIUM_RELIABILITY,0.78,7606.7,5879.04,WALLET,5,FAILED,NETWORK_TIMEOUT,1
TXN_0009250,CUST_00917,MEDIUM_RELIABILITY,0.78,7606.7,9166.21,NET_BANKING,6,SUCCESS,,0
TXN_0009251,CUST_00917,MEDIUM_RELIABILITY,0.78,7606.7,8489.34,UPI,23,SUCCESS,,0
TXN_0009252,CUST_00917,MEDIUM_RELIABILITY,0.78,7606.7,7740.28,WALLET,21,SUCCESS,,0
TXN_0009253,CUST_00917,MEDIUM_RELIABILITY,0.78,7606.7,10438.02,UPI,16,SUCCESS,,0
TXN_0009254,CUST_00918,HIGH_RELIABILITY,0.97,10190.7,7496.93,UPI,1,SUCCESS,,0
TXN_0009255,CUST_00918,HIGH_RELIABILITY,0.97,10190.7,7846.08,UPI,13,SUCCESS,,0
TXN_0009256,CUST_00918,HIGH_RELIABILITY,0.97,10190.7,10142.19,UPI,23,SUCCESS,,0
TXN_0009257,CUST_00918,HIGH_RELIABILITY,0.97,10190.7,7581.28,CARD,6,SUCCESS,,0
TXN_0009258,CUST_00918,HIGH_RELIABILITY,0.97,10190.7,12261.5,UPI,4,SUCCESS,,0
TXN_0009259,CUST_00918,HIGH_RELIABILITY,0.97,10190.7,7283.53,CARD,15,SUCCESS,,0
TXN_0009260,CUST_00918,HIGH_RELIABILITY,0.97,10190.7,11113.18,UPI,9,SUCCESS,,0
TXN_0009261,CUST_00918,HIGH_RELIABILITY,0.97,10190.7,9782.37,CARD,11,SUCCESS,,0
TXN_0009262,CUST_00918,HIGH_RELIABILITY,0.97,10190.7,11066.8,CARD,19,SUCCESS,,0
TXN_0009263,CUST_00918,HIGH_RELIABILITY,0.97,10190.7,8316.67,WALLET,20,SUCCESS,,0
TXN_0009264,CUST_00918,HIGH_RELIABILITY,0.97,10190.7,8808.48,UPI,7,SUCCESS,,0
TXN_0009265,CUST_00918,HIGH_RELIABILITY,0.97,10190.7,10582.06,CARD,18,SUCCESS,,0
TXN_0009266,CUST_00918,HIGH_RELIABILITY,0.97,10190.7,11014.41,UPI,11,SUCCESS,,0
TXN_0009267,CUST_00918,HIGH_RELIABILITY,0.97,10190.7,10173.57,UPI,2,SUCCESS,,0
TXN_0009268,CUST_00919,MEDIUM_RELIABILITY,0.68,3713.54,6246.71,CARD,8,SUCCESS,,0
TXN_0009269,CUST_00919,MEDIUM_RELIABILITY,0.68,3713.54,2241.88,CARD,4,SUCCESS,,0
TXN_0009270,CUST_00919,MEDIUM_RELIABILITY,0.68,3713.54,3618.17,CARD,18,FAILED,NETWORK_TIMEOUT,0
TXN_0009271,CUST_00919,MEDIUM_RELIABILITY,0.68,3713.54,1376.05,UPI,11,FAILED,TEMPORARY_BANK_ERROR,1
TXN_0009272,CUST_00919,MEDIUM_RELIABILITY,0.68,3713.54,4266.24,UPI,17,SUCCESS,,0
TXN_0009273,CUST_00920,LOW_RELIABILITY,0.62,1727.39,956.8,UPI,20,SUCCESS,,0
TXN_0009274,CUST_00920,LOW_RELIABILITY,0.62,1727.39,1535.09,UPI,23,SUCCESS,,0
TXN_0009275,CUST_00920,LOW_RELIABILITY,0.62,1727.39,1470.31,CARD,7,FAILED,USER_ABANDONMENT,0
TXN_0009276,CUST_00920,LOW_RELIABILITY,0.62,1727.39,1921.47,CARD,1,FAILED,AUTHENTICATION_FAILURE,1
TXN_0009277,CUST_00920,LOW_RELIABILITY,0.62,1727.39,1345.44,WALLET,8,SUCCESS,,0
TXN_0009278,CUST_00920,LOW_RELIABILITY,0.62,1727.39,1316.06,UPI,5,SUCCESS,,0
TXN_0009279,CUST_00920,LOW_RELIABILITY,0.62,1727.39,2719.5,UPI,21,SUCCESS,,0
TXN_0009280,CUST_00920,LOW_RELIABILITY,0.62,1727.39,1924.01,UPI,11,FAILED,TEMPORARY_BANK_ERROR,3
TXN_0009281,CUST_00921,MEDIUM_RELIABILITY,0.73,4604.73,3571.33,UPI,7,FAILED,INSUFFICIENT_FUNDS,0
TXN_0009282,CUST_00921,MEDIUM_RELIABILITY,0.73,4604.73,4142.72,UPI,0,SUCCESS,,0
TXN_0009283,CUST_00921,MEDIUM_RELIABILITY,0.73,4604.73,7635.3,CARD,8,SUCCESS,,0
TXN_0009284,CUST_00921,MEDIUM_RELIABILITY,0.73,4604.73,4171.58,NET_BANKING,14,SUCCESS,,0
TXN_0009285,CUST_00921,MEDIUM_RELIABILITY,0.73,4604.73,3335.16,NET_BANKING,20,FAILED,NETWORK_TIMEOUT,0
TXN_0009286,CUST_00921,MEDIUM_RELIABILITY,0.73,4604.73,3343.04,CARD,23,SUCCESS,,0
TXN_0009287,CUST_00921,MEDIUM_RELIABILITY,0.73,4604.73,3593.3,NET_BANKING,2,SUCCESS,,0
TXN_0009288,CUST_00922,HIGH_RELIABILITY,0.93,9581.15,7302.76,UPI,4,SUCCESS,,0
TXN_0009289,CUST_00922,HIGH_RELIABILITY,0.93,9581.15,4676.95,UPI,20,SUCCESS,,0
TXN_0009290,CUST_00922,HIGH_RELIABILITY,0.93,9581.15,5272.7,UPI,16,SUCCESS,,0
TXN_0009291,CUST_00922,HIGH_RELIABILITY,0.93,9581.15,6402.81,UPI,22,SUCCESS,,0
TXN_0009292,CUST_00922,HIGH_RELIABILITY,0.93,9581.15,11848.32,UPI,18,SUCCESS,,0
TXN_0009293,CUST_00922,HIGH_RELIABILITY,0.93,9581.15,8120.07,WALLET,5,FAILED,NETWORK_TIMEOUT,0
TXN_0009294,CUST_00922,HIGH_RELIABILITY,0.93,9581.15,8787.21,NET_BANKING,12,SUCCESS,,0
TXN_0009295,CUST_00922,HIGH_RELIABILITY,0.93,9581.15,14448.71,NET_BANKING,14,SUCCESS,,0
TXN_0009296,CUST_00923,LOW_RELIABILITY,0.62,1836.71,2788.13,UPI,19,FAILED,TEMPORARY_BANK_ERROR,0
TXN_0009297,CUST_00923,LOW_RELIABILITY,0.62,1836.71,1629.44,CARD,14,SUCCESS,,0
TXN_0009298,CUST_00923,LOW_RELIABILITY,0.62,1836.71,1373.22,NET_BANKING,17,FAILED,TEMPORARY_BANK_ERROR,0
TXN_0009299,CUST_00923,LOW_RELIABILITY,0.62,1836.71,1201.63,UPI,18,SUCCESS,,0
TXN_0009300,CUST_00923,LOW_RELIABILITY,0.62,1836.71,2345.68,UPI,3,FAILED,AUTHENTICATION_FAILURE,0
TXN_0009301,CUST_00923,LOW_RELIABILITY,0.62,1836.71,1686.31,UPI,15,SUCCESS,,0
TXN_0009302,CUST_00923,LOW_RELIABILITY,0.62,1836.71,1552.76,CARD,8,SUCCESS,,0
TXN_0009303,CUST_00923,LOW_RELIABILITY,0.62,1836.71,1238.92,UPI,18,FAILED,TECHNICAL_ERROR,0
TXN_0009304,CUST_00923,LOW_RELIABILITY,0.62,1836.71,1271.25,NET_BANKING,2,SUCCESS,,0
TXN_0009305,CUST_00923,LOW_RELIABILITY,0.62,1836.71,2071.85,NET_BANKING,19,SUCCESS,,0
TXN_0009306,CUST_00923,LOW_RELIABILITY,0.62,1836.71,870.28,NET_BANKING,19,SUCCESS,,0
TXN_0009307,CUST_00924,HIGH_RELIABILITY,0.89,3764.59,5262.7,WALLET,20,SUCCESS,,0
TXN_0009308,CUST_00924,HIGH_RELIABILITY,0.89,3764.59,2960.71,UPI,10,SUCCESS,,0
TXN_0009309,CUST_00924,HIGH_RELIABILITY,0.89,3764.59,3539.26,UPI,16,SUCCESS,,0
TXN_0009310,CUST_00924,HIGH_RELIABILITY,0.89,3764.59,1751.32,UPI,2,SUCCESS,,0
TXN_0009311,CUST_00924,HIGH_RELIABILITY,0.89,3764.59,3745.97,CARD,6,SUCCESS,,0
TXN_0009312,CUST_00924,HIGH_RELIABILITY,0.89,3764.59,3270.19,UPI,1,SUCCESS,,0
TXN_0009313,CUST_00924,HIGH_RELIABILITY,0.89,3764.59,3689.18,NET_BANKING,13,SUCCESS,,0
TXN_0009314,CUST_00924,HIGH_RELIABILITY,0.89,3764.59,5980.74,WALLET,21,SUCCESS,,0
TXN_0009315,CUST_00925,MEDIUM_RELIABILITY,0.85,6635.2,7106.82,UPI,10,SUCCESS,,0
TXN_0009316,CUST_00925,MEDIUM_RELIABILITY,0.85,6635.2,4526.11,UPI,5,FAILED,TEMPORARY_BANK_ERROR,0
TXN_0009317,CUST_00925,MEDIUM_RELIABILITY,0.85,6635.2,4747.3,UPI,22,SUCCESS,,0
TXN_0009318,CUST_00925,MEDIUM_RELIABILITY,0.85,6635.2,8214.73,UPI,22,SUCCESS,,0
TXN_0009319,CUST_00925,MEDIUM_RELIABILITY,0.85,6635.2,10082.04,UPI,7,SUCCESS,,0
TXN_0009320,CUST_00925,MEDIUM_RELIABILITY,0.85,6635.2,7383.43,UPI,2,SUCCESS,,0
TXN_0009321,CUST_00925,MEDIUM_RELIABILITY,0.85,6635.2,8463.1,UPI,9,SUCCESS,,0
TXN_0009322,CUST_00926,LOW_RELIABILITY,0.43,5748.44,7150.46,UPI,1,SUCCESS,,0
TXN_0009323,CUST_00926,LOW_RELIABILITY,0.43,5748.44,9011.4,NET_BANKING,10,SUCCESS,,0
TXN_0009324,CUST_00926,LOW_RELIABILITY,0.43,5748.44,1265.6,UPI,21,FAILED,AUTHENTICATION_FAILURE,0
TXN_0009325,CUST_00926,LOW_RELIABILITY,0.43,5748.44,7282.63,NET_BANKING,7,SUCCESS,,0
TXN_0009326,CUST_00926,LOW_RELIABILITY,0.43,5748.44,8010.42,CARD,2,FAILED,INSUFFICIENT_FUNDS,1
TXN_0009327,CUST_00926,LOW_RELIABILITY,0.43,5748.44,2670.21,UPI,6,FAILED,TEMPORARY_BANK_ERROR,1
TXN_0009328,CUST_00926,LOW_RELIABILITY,0.43,5748.44,3711.96,CARD,23,FAILED,TECHNICAL_ERROR,0
TXN_0009329,CUST_00926,LOW_RELIABILITY,0.43,5748.44,3792.17,CARD,15,FAILED,TEMPORARY_BANK_ERROR,0
TXN_0009330,CUST_00926,LOW_RELIABILITY,0.43,5748.44,4072.68,WALLET,10,FAILED,AUTHENTICATION_FAILURE,0
TXN_0009331,CUST_00926,LOW_RELIABILITY,0.43,5748.44,4640.79,CARD,10,FAILED,TEMPORARY_BANK_ERROR,1
TXN_0009332,CUST_00926,LOW_RELIABILITY,0.43,5748.44,6306.28,UPI,11,SUCCESS,,0
TXN_0009333,CUST_00927,MEDIUM_RELIABILITY,0.84,8541.89,11499.69,UPI,10,SUCCESS,,0
TXN_0009334,CUST_00927,MEDIUM_RELIABILITY,0.84,8541.89,12236.49,CARD,2,SUCCESS,,0
TXN_0009335,CUST_00927,MEDIUM_RELIABILITY,0.84,8541.89,5679.25,UPI,10,SUCCESS,,0
TXN_0009336,CUST_00927,MEDIUM_RELIABILITY,0.84,8541.89,5655.75,UPI,19,FAILED,NETWORK_TIMEOUT,0
TXN_0009337,CUST_00927,MEDIUM_RELIABILITY,0.84,8541.89,13037.73,UPI,1,SUCCESS,,0
TXN_0009338,CUST_00928,HIGH_RELIABILITY,0.98,4531.37,5703.62,CARD,9,SUCCESS,,0
TXN_0009339,CUST_00928,HIGH_RELIABILITY,0.98,4531.37,4681.57,UPI,18,SUCCESS,,0
TXN_0009340,CUST_00928,HIGH_RELIABILITY,0.98,4531.37,5389.32,CARD,3,SUCCESS,,0
TXN_0009341,CUST_00928,HIGH_RELIABILITY,0.98,4531.37,4477.35,UPI,18,SUCCESS,,0
TXN_0009342,CUST_00928,HIGH_RELIABILITY,0.98,4531.37,5482.2,UPI,3,SUCCESS,,0
TXN_0009343,CUST_00928,HIGH_RELIABILITY,0.98,4531.37,3922.23,UPI,2,SUCCESS,,0
TXN_0009344,CUST_00928,HIGH_RELIABILITY,0.98,4531.37,5018.59,CARD,11,SUCCESS,,0
TXN_0009345,CUST_00929,HIGH_RELIABILITY,0.96,7447.55,2947.6,WALLET,18,SUCCESS,,0
TXN_0009346,CUST_00929,HIGH_RELIABILITY,0.96,7447.55,5398.63,UPI,5,SUCCESS,,0
TXN_0009347,CUST_00929,HIGH_RELIABILITY,0.96,7447.55,5430.72,UPI,3,SUCCESS,,0
TXN_0009348,CUST_00929,HIGH_RELIABILITY,0.96,7447.55,6332.23,NET_BANKING,0,SUCCESS,,0
TXN_0009349,CUST_00929,HIGH_RELIABILITY,0.96,7447.55,4687.45,UPI,1,SUCCESS,,0
TXN_0009350,CUST_00929,HIGH_RELIABILITY,0.96,7447.55,5858.11,CARD,16,SUCCESS,,0
TXN_0009351,CUST_00929,HIGH_RELIABILITY,0.96,7447.55,2936.08,CARD,13,SUCCESS,,0
TXN_0009352,CUST_00929,HIGH_RELIABILITY,0.96,7447.55,9082.14,CARD,16,SUCCESS,,0
TXN_0009353,CUST_00929,HIGH_RELIABILITY,0.96,7447.55,7201.74,UPI,9,SUCCESS,,0
TXN_0009354,CUST_00929,HIGH_RELIABILITY,0.96,7447.55,2367.7,CARD,4,SUCCESS,,0
TXN_0009355,CUST_00929,HIGH_RELIABILITY,0.96,7447.55,4960.57,WALLET,19,SUCCESS,,0
TXN_0009356,CUST_00930,LOW_RELIABILITY,0.59,5153.74,5847.64,UPI,21,FAILED,INSUFFICIENT_FUNDS,0
TXN_0009357,CUST_00930,LOW_RELIABILITY,0.59,5153.74,4034.3,UPI,8,SUCCESS,,0
TXN_0009358,CUST_00930,LOW_RELIABILITY,0.59,5153.74,3717.0,CARD,10,FAILED,TEMPORARY_BANK_ERROR,0
TXN_0009359,CUST_00930,LOW_RELIABILITY,0.59,5153.74,4999.97,CARD,3,FAILED,TEMPORARY_BANK_ERROR,0
TXN_0009360,CUST_00930,LOW_RELIABILITY,0.59,5153.74,5862.06,UPI,3,FAILED,USER_ABANDONMENT,0
TXN_0009361,CUST_00930,LOW_RELIABILITY,0.59,5153.74,2192.71,UPI,7,FAILED,INSUFFICIENT_FUNDS,2
TXN_0009362,CUST_00930,LOW_RELIABILITY,0.59,5153.74,6287.83,WALLET,23,FAILED,USER_ABANDONMENT,2
TXN_0009363,CUST_00930,LOW_RELIABILITY,0.59,5153.74,3503.94,WALLET,12,FAILED,NETWORK_TIMEOUT,1
TXN_0009364,CUST_00930,LOW_RELIABILITY,0.59,5153.74,5116.78,CARD,5,FAILED,TEMPORARY_BANK_ERROR,0
TXN_0009365,CUST_00930,LOW_RELIABILITY,0.59,5153.74,5080.72,NET_BANKING,8,FAILED,INSUFFICIENT_FUNDS,0
TXN_0009366,CUST_00930,LOW_RELIABILITY,0.59,5153.74,4067.2,UPI,14,SUCCESS,,0
TXN_0009367,CUST_00930,LOW_RELIABILITY,0.59,5153.74,3043.47,UPI,4,SUCCESS,,0
TXN_0009368,CUST_00930,LOW_RELIABILITY,0.59,5153.74,4564.8,CARD,20,SUCCESS,,0
TXN_0009369,CUST_00930,LOW_RELIABILITY,0.59,5153.74,8504.35,WALLET,21,SUCCESS,,0
TXN_0009370,CUST_00930,LOW_RELIABILITY,0.59,5153.74,2346.65,CARD,20,SUCCESS,,0
TXN_0009371,CUST_00931,MEDIUM_RELIABILITY,0.82,6733.54,11291.64,CARD,15,SUCCESS,,0
TXN_0009372,CUST_00931,MEDIUM_RELIABILITY,0.82,6733.54,6034.0,WALLET,22,SUCCESS,,0
TXN_0009373,CUST_00931,MEDIUM_RELIABILITY,0.82,6733.54,6828.81,NET_BANKING,15,SUCCESS,,0
TXN_0009374,CUST_00931,MEDIUM_RELIABILITY,0.82,6733.54,3806.58,UPI,14,SUCCESS,,0
TXN_0009375,CUST_00931,MEDIUM_RELIABILITY,0.82,6733.54,4656.19,UPI,9,SUCCESS,,0
TXN_0009376,CUST_00931,MEDIUM_RELIABILITY,0.82,6733.54,5379.0,UPI,7,SUCCESS,,0
TXN_0009377,CUST_00931,MEDIUM_RELIABILITY,0.82,6733.54,3917.05,CARD,11,SUCCESS,,0
TXN_0009378,CUST_00931,MEDIUM_RELIABILITY,0.82,6733.54,6170.84,UPI,21,SUCCESS,,0
TXN_0009379,CUST_00931,MEDIUM_RELIABILITY,0.82,6733.54,5637.28,NET_BANKING,22,SUCCESS,,0
TXN_0009380,CUST_00931,MEDIUM_RELIABILITY,0.82,6733.54,11718.46,WALLET,4,SUCCESS,,0
TXN_0009381,CUST_00931,MEDIUM_RELIABILITY,0.82,6733.54,3593.09,CARD,4,SUCCESS,,0
TXN_0009382,CUST_00932,MEDIUM_RELIABILITY,0.69,5677.76,5910.98,UPI,9,SUCCESS,,0
TXN_0009383,CUST_00932,MEDIUM_RELIABILITY,0.69,5677.76,6240.64,UPI,21,SUCCESS,,0
TXN_0009384,CUST_00932,MEDIUM_RELIABILITY,0.69,5677.76,3246.95,CARD,6,SUCCESS,,0
TXN_0009385,CUST_00932,MEDIUM_RELIABILITY,0.69,5677.76,7237.62,CARD,13,SUCCESS,,0
TXN_0009386,CUST_00932,MEDIUM_RELIABILITY,0.69,5677.76,4773.12,WALLET,22,SUCCESS,,0
TXN_0009387,CUST_00932,MEDIUM_RELIABILITY,0.69,5677.76,100.0,CARD,10,SUCCESS,,0
TXN_0009388,CUST_00932,MEDIUM_RELIABILITY,0.69,5677.76,7176.35,UPI,21,FAILED,INSUFFICIENT_FUNDS,1
TXN_0009389,CUST_00933,MEDIUM_RELIABILITY,0.87,9405.19,5203.17,CARD,12,SUCCESS,,0
TXN_0009390,CUST_00933,MEDIUM_RELIABILITY,0.87,9405.19,5463.38,WALLET,20,SUCCESS,,0
TXN_0009391,CUST_00933,MEDIUM_RELIABILITY,0.87,9405.19,11993.13,NET_BANKING,17,SUCCESS,,0
TXN_0009392,CUST_00933,MEDIUM_RELIABILITY,0.87,9405.19,8099.14,CARD,15,SUCCESS,,0
TXN_0009393,CUST_00933,MEDIUM_RELIABILITY,0.87,9405.19,12857.92,CARD,1,SUCCESS,,0
TXN_0009394,CUST_00933,MEDIUM_RELIABILITY,0.87,9405.19,13957.93,CARD,7,SUCCESS,,0
TXN_0009395,CUST_00933,MEDIUM_RELIABILITY,0.87,9405.19,6978.92,WALLET,20,SUCCESS,,0
TXN_0009396,CUST_00933,MEDIUM_RELIABILITY,0.87,9405.19,12389.5,CARD,19,SUCCESS,,0
TXN_0009397,CUST_00933,MEDIUM_RELIABILITY,0.87,9405.19,6563.09,UPI,2,SUCCESS,,0
TXN_0009398,CUST_00933,MEDIUM_RELIABILITY,0.87,9405.19,17806.34,CARD,18,SUCCESS,,0
TXN_0009399,CUST_00933,MEDIUM_RELIABILITY,0.87,9405.19,6798.23,UPI,6,SUCCESS,,0
TXN_0009400,CUST_00933,MEDIUM_RELIABILITY,0.87,9405.19,13265.41,UPI,14,SUCCESS,,0
TXN_0009401,CUST_00933,MEDIUM_RELIABILITY,0.87,9405.19,12579.59,UPI,15,SUCCESS,,0
TXN_0009402,CUST_00934,LOW_RELIABILITY,0.36,1320.74,1487.73,UPI,15,FAILED,AUTHENTICATION_FAILURE,0
TXN_0009403,CUST_00934,LOW_RELIABILITY,0.36,1320.74,966.49,NET_BANKING,9,FAILED,AUTHENTICATION_FAILURE,1
TXN_0009404,CUST_00934,LOW_RELIABILITY,0.36,1320.74,1240.76,NET_BANKING,12,FAILED,NETWORK_TIMEOUT,0
TXN_0009405,CUST_00934,LOW_RELIABILITY,0.36,1320.74,183.01,UPI,13,FAILED,TEMPORARY_BANK_ERROR,0
TXN_0009406,CUST_00934,LOW_RELIABILITY,0.36,1320.74,1439.3,UPI,10,SUCCESS,,0
TXN_0009407,CUST_00934,LOW_RELIABILITY,0.36,1320.74,1505.44,UPI,19,SUCCESS,,0
TXN_0009408,CUST_00934,LOW_RELIABILITY,0.36,1320.74,1391.27,UPI,8,SUCCESS,,0
TXN_0009409,CUST_00934,LOW_RELIABILITY,0.36,1320.74,100.0,UPI,5,FAILED,NETWORK_TIMEOUT,0
TXN_0009410,CUST_00934,LOW_RELIABILITY,0.36,1320.74,652.11,UPI,6,SUCCESS,,0
TXN_0009411,CUST_00934,LOW_RELIABILITY,0.36,1320.74,925.53,CARD,19,FAILED,NETWORK_TIMEOUT,0
TXN_0009412,CUST_00934,LOW_RELIABILITY,0.36,1320.74,1474.82,UPI,22,FAILED,TECHNICAL_ERROR,1
TXN_0009413,CUST_00934,LOW_RELIABILITY,0.36,1320.74,1473.6,WALLET,0,FAILED,INSUFFICIENT_FUNDS,0
TXN_0009414,CUST_00934,LOW_RELIABILITY,0.36,1320.74,1230.81,CARD,13,FAILED,AUTHENTICATION_FAILURE,1
TXN_0009415,CUST_00934,LOW_RELIABILITY,0.36,1320.74,1656.34,UPI,10,SUCCESS,,0
TXN_0009416,CUST_00934,LOW_RELIABILITY,0.36,1320.74,778.58,UPI,15,FAILED,USER_ABANDONMENT,2
TXN_0009417,CUST_00935,HIGH_RELIABILITY,0.89,11163.72,13888.72,UPI,4,SUCCESS,,0
TXN_0009418,CUST_00935,HIGH_RELIABILITY,0.89,11163.72,13283.68,CARD,16,SUCCESS,,0
TXN_0009419,CUST_00935,HIGH_RELIABILITY,0.89,11163.72,12849.69,CARD,1,SUCCESS,,0
TXN_0009420,CUST_00935,HIGH_RELIABILITY,0.89,11163.72,10350.82,UPI,21,SUCCESS,,0
TXN_0009421,CUST_00935,HIGH_RELIABILITY,0.89,11163.72,19338.88,CARD,17,FAILED,INSUFFICIENT_FUNDS,0
TXN_0009422,CUST_00935,HIGH_RELIABILITY,0.89,11163.72,13366.08,NET_BANKING,16,SUCCESS,,0
TXN_0009423,CUST_00935,HIGH_RELIABILITY,0.89,11163.72,6839.63,CARD,18,SUCCESS,,0
TXN_0009424,CUST_00936,HIGH_RELIABILITY,0.97,3989.16,4385.37,WALLET,9,SUCCESS,,0
TXN_0009425,CUST_00936,HIGH_RELIABILITY,0.97,3989.16,5189.87,CARD,23,SUCCESS,,0
TXN_0009426,CUST_00936,HIGH_RELIABILITY,0.97,3989.16,3050.74,UPI,3,SUCCESS,,0
TXN_0009427,CUST_00936,HIGH_RELIABILITY,0.97,3989.16,5727.27,UPI,23,SUCCESS,,0
TXN_0009428,CUST_00936,HIGH_RELIABILITY,0.97,3989.16,4598.76,CARD,7,SUCCESS,,0
TXN_0009429,CUST_00936,HIGH_RELIABILITY,0.97,3989.16,251.35,CARD,6,SUCCESS,,0
TXN_0009430,CUST_00936,HIGH_RELIABILITY,0.97,3989.16,4467.34,UPI,6,SUCCESS,,0
TXN_0009431,CUST_00936,HIGH_RELIABILITY,0.97,3989.16,3341.27,WALLET,0,SUCCESS,,0
TXN_0009432,CUST_00936,HIGH_RELIABILITY,0.97,3989.16,4846.32,CARD,5,SUCCESS,,0
TXN_0009433,CUST_00936,HIGH_RELIABILITY,0.97,3989.16,5495.81,UPI,13,SUCCESS,,0
TXN_0009434,CUST_00937,MEDIUM_RELIABILITY,0.76,8486.68,9149.19,NET_BANKING,18,SUCCESS,,0
TXN_0009435,CUST_00937,MEDIUM_RELIABILITY,0.76,8486.68,14139.67,CARD,0,FAILED,USER_ABANDONMENT,0
TXN_0009436,CUST_00937,MEDIUM_RELIABILITY,0.76,8486.68,7880.03,CARD,0,FAILED,NETWORK_TIMEOUT,0
TXN_0009437,CUST_00937,MEDIUM_RELIABILITY,0.76,8486.68,10607.73,UPI,2,SUCCESS,,0
TXN_0009438,CUST_00937,MEDIUM_RELIABILITY,0.76,8486.68,11219.2,WALLET,4,FAILED,TEMPORARY_BANK_ERROR,0
TXN_0009439,CUST_00937,MEDIUM_RELIABILITY,0.76,8486.68,8156.22,UPI,17,FAILED,TEMPORARY_BANK_ERROR,0
TXN_0009440,CUST_00937,MEDIUM_RELIABILITY,0.76,8486.68,11130.36,WALLET,2,SUCCESS,,0
TXN_0009441,CUST_00937,MEDIUM_RELIABILITY,0.76,8486.68,6467.96,CARD,17,SUCCESS,,0
TXN_0009442,CUST_00937,MEDIUM_RELIABILITY,0.76,8486.68,7052.2,NET_BANKING,6,FAILED,TEMPORARY_BANK_ERROR,0
TXN_0009443,CUST_00937,MEDIUM_RELIABILITY,0.76,8486.68,4031.21,CARD,0,FAILED,TEMPORARY_BANK_ERROR,0
TXN_0009444,CUST_00938,LOW_RELIABILITY,0.56,3887.21,4262.57,CARD,21,SUCCESS,,0
TXN_0009445,CUST_00938,LOW_RELIABILITY,0.56,3887.21,4392.94,UPI,6,FAILED,TEMPORARY_BANK_ERROR,0
TXN_0009446,CUST_00938,LOW_RELIABILITY,0.56,3887.21,5720.83,UPI,1,SUCCESS,,0
TXN_0009447,CUST_00938,LOW_RELIABILITY,0.56,3887.21,5117.34,UPI,12,FAILED,TEMPORARY_BANK_ERROR,0
TXN_0009448,CUST_00938,LOW_RELIABILITY,0.56,3887.21,3444.39,UPI,7,FAILED,NETWORK_TIMEOUT,1
TXN_0009449,CUST_00938,LOW_RELIABILITY,0.56,3887.21,2055.28,CARD,4,FAILED,INSUFFICIENT_FUNDS,3
TXN_0009450,CUST_00938,LOW_RELIABILITY,0.56,3887.21,4560.24,UPI,21,FAILED,TEMPORARY_BANK_ERROR,3
TXN_0009451,CUST_00938,LOW_RELIABILITY,0.56,3887.21,5614.3,UPI,22,SUCCESS,,0
TXN_0009452,CUST_00939,HIGH_RELIABILITY,0.94,8117.05,10569.0,UPI,12,SUCCESS,,0
TXN_0009453,CUST_00939,HIGH_RELIABILITY,0.94,8117.05,11638.15,UPI,16,SUCCESS,,0
TXN_0009454,CUST_00939,HIGH_RELIABILITY,0.94,8117.05,7429.08,CARD,17,SUCCESS,,0
TXN_0009455,CUST_00939,HIGH_RELIABILITY,0.94,8117.05,6602.02,CARD,22,SUCCESS,,0
TXN_0009456,CUST_00939,HIGH_RELIABILITY,0.94,8117.05,5724.46,NET_BANKING,14,SUCCESS,,0
TXN_0009457,CUST_00939,HIGH_RELIABILITY,0.94,8117.05,7935.56,CARD,14,SUCCESS,,0
TXN_0009458,CUST_00939,HIGH_RELIABILITY,0.94,8117.05,7861.88,NET_BANKING,6,SUCCESS,,0
TXN_0009459,CUST_00939,HIGH_RELIABILITY,0.94,8117.05,8788.1,CARD,2,SUCCESS,,0
TXN_0009460,CUST_00939,HIGH_RELIABILITY,0.94,8117.05,7697.24,UPI,17,SUCCESS,,0
TXN_0009461,CUST_00939,HIGH_RELIABILITY,0.94,8117.05,7683.18,WALLET,7,SUCCESS,,0
TXN_0009462,CUST_00939,HIGH_RELIABILITY,0.94,8117.05,5595.26,CARD,5,FAILED,INSUFFICIENT_FUNDS,0
TXN_0009463,CUST_00939,HIGH_RELIABILITY,0.94,8117.05,11174.32,UPI,3,SUCCESS,,0
TXN_0009464,CUST_00939,HIGH_RELIABILITY,0.94,8117.05,8365.49,UPI,23,SUCCESS,,0
TXN_0009465,CUST_00939,HIGH_RELIABILITY,0.94,8117.05,7550.66,WALLET,2,SUCCESS,,0
TXN_0009466,CUST_00939,HIGH_RELIABILITY,0.94,8117.05,5690.28,NET_BANKING,23,SUCCESS,,0
TXN_0009467,CUST_00940,HIGH_RELIABILITY,0.91,8910.31,4163.21,CARD,21,FAILED,TECHNICAL_ERROR,0
TXN_0009468,CUST_00940,HIGH_RELIABILITY,0.91,8910.31,13572.06,UPI,9,SUCCESS,,0
TXN_0009469,CUST_00940,HIGH_RELIABILITY,0.91,8910.31,10887.11,UPI,20,SUCCESS,,0
TXN_0009470,CUST_00940,HIGH_RELIABILITY,0.91,8910.31,3122.47,UPI,15,SUCCESS,,0
TXN_0009471,CUST_00940,HIGH_RELIABILITY,0.91,8910.31,11630.24,CARD,19,SUCCESS,,0
TXN_0009472,CUST_00940,HIGH_RELIABILITY,0.91,8910.31,12198.15,CARD,17,SUCCESS,,0
TXN_0009473,CUST_00941,LOW_RELIABILITY,0.55,6138.6,6444.0,CARD,23,FAILED,NETWORK_TIMEOUT,0
TXN_0009474,CUST_00941,LOW_RELIABILITY,0.55,6138.6,10062.67,UPI,6,SUCCESS,,0
TXN_0009475,CUST_00941,LOW_RELIABILITY,0.55,6138.6,6670.74,CARD,14,FAILED,INSUFFICIENT_FUNDS,0
TXN_0009476,CUST_00941,LOW_RELIABILITY,0.55,6138.6,2659.67,WALLET,7,SUCCESS,,0
TXN_0009477,CUST_00941,LOW_RELIABILITY,0.55,6138.6,7035.25,NET_BANKING,14,FAILED,TECHNICAL_ERROR,1
TXN_0009478,CUST_00941,LOW_RELIABILITY,0.55,6138.6,6739.93,WALLET,2,SUCCESS,,0
TXN_0009479,CUST_00941,LOW_RELIABILITY,0.55,6138.6,4657.24,UPI,17,SUCCESS,,0
TXN_0009480,CUST_00941,LOW_RELIABILITY,0.55,6138.6,7546.94,UPI,21,SUCCESS,,0
TXN_0009481,CUST_00942,MEDIUM_RELIABILITY,0.79,7730.65,2573.8,CARD,11,SUCCESS,,0
TXN_0009482,CUST_00942,MEDIUM_RELIABILITY,0.79,7730.65,10793.74,NET_BANKING,21,SUCCESS,,0
TXN_0009483,CUST_00942,MEDIUM_RELIABILITY,0.79,7730.65,5015.27,UPI,1,SUCCESS,,0
TXN_0009484,CUST_00942,MEDIUM_RELIABILITY,0.79,7730.65,4684.94,WALLET,16,SUCCESS,,0
TXN_0009485,CUST_00942,MEDIUM_RELIABILITY,0.79,7730.65,7378.67,CARD,14,SUCCESS,,0
TXN_0009486,CUST_00942,MEDIUM_RELIABILITY,0.79,7730.65,9069.51,WALLET,16,SUCCESS,,0
TXN_0009487,CUST_00942,MEDIUM_RELIABILITY,0.79,7730.65,8237.55,NET_BANKING,5,SUCCESS,,0
TXN_0009488,CUST_00942,MEDIUM_RELIABILITY,0.79,7730.65,5434.15,NET_BANKING,4,SUCCESS,,0
TXN_0009489,CUST_00942,MEDIUM_RELIABILITY,0.79,7730.65,6165.69,NET_BANKING,1,SUCCESS,,0
TXN_0009490,CUST_00942,MEDIUM_RELIABILITY,0.79,7730.65,4226.99,CARD,4,SUCCESS,,0
TXN_0009491,CUST_00943,MEDIUM_RELIABILITY,0.69,4884.8,4445.79,WALLET,0,SUCCESS,,0
TXN_0009492,CUST_00943,MEDIUM_RELIABILITY,0.69,4884.8,6985.31,CARD,15,SUCCESS,,0
TXN_0009493,CUST_00943,MEDIUM_RELIABILITY,0.69,4884.8,4876.47,UPI,3,SUCCESS,,0
TXN_0009494,CUST_00943,MEDIUM_RELIABILITY,0.69,4884.8,6564.03,UPI,3,SUCCESS,,0
TXN_0009495,CUST_00943,MEDIUM_RELIABILITY,0.69,4884.8,7728.54,UPI,15,SUCCESS,,0
TXN_0009496,CUST_00944,HIGH_RELIABILITY,0.88,4453.5,3406.0,NET_BANKING,8,FAILED,USER_ABANDONMENT,3
TXN_0009497,CUST_00944,HIGH_RELIABILITY,0.88,4453.5,4121.14,WALLET,17,SUCCESS,,0
TXN_0009498,CUST_00944,HIGH_RELIABILITY,0.88,4453.5,8321.26,CARD,16,SUCCESS,,0
TXN_0009499,CUST_00944,HIGH_RELIABILITY,0.88,4453.5,7026.45,WALLET,4,SUCCESS,,0
TXN_0009500,CUST_00944,HIGH_RELIABILITY,0.88,4453.5,1474.28,UPI,9,SUCCESS,,0
TXN_0009501,CUST_00945,MEDIUM_RELIABILITY,0.81,9922.19,11458.73,UPI,8,SUCCESS,,0
TXN_0009502,CUST_00945,MEDIUM_RELIABILITY,0.81,9922.19,9924.41,UPI,2,FAILED,TEMPORARY_BANK_ERROR,0
TXN_0009503,CUST_00945,MEDIUM_RELIABILITY,0.81,9922.19,13202.28,CARD,0,SUCCESS,,0
TXN_0009504,CUST_00945,MEDIUM_RELIABILITY,0.81,9922.19,6965.46,UPI,14,SUCCESS,,0
TXN_0009505,CUST_00945,MEDIUM_RELIABILITY,0.81,9922.19,6589.89,CARD,21,SUCCESS,,0
TXN_0009506,CUST_00945,MEDIUM_RELIABILITY,0.81,9922.19,7238.95,NET_BANKING,0,SUCCESS,,0
TXN_0009507,CUST_00945,MEDIUM_RELIABILITY,0.81,9922.19,7652.28,UPI,12,SUCCESS,,0
TXN_0009508,CUST_00945,MEDIUM_RELIABILITY,0.81,9922.19,13158.11,NET_BANKING,18,SUCCESS,,0
TXN_0009509,CUST_00945,MEDIUM_RELIABILITY,0.81,9922.19,5234.15,NET_BANKING,21,SUCCESS,,0
TXN_0009510,CUST_00945,MEDIUM_RELIABILITY,0.81,9922.19,7451.11,CARD,21,FAILED,TEMPORARY_BANK_ERROR,1
TXN_0009511,CUST_00945,MEDIUM_RELIABILITY,0.81,9922.19,2821.82,UPI,7,SUCCESS,,0
TXN_0009512,CUST_00945,MEDIUM_RELIABILITY,0.81,9922.19,13919.32,UPI,14,SUCCESS,,0
TXN_0009513,CUST_00946,MEDIUM_RELIABILITY,0.67,4314.2,6507.59,NET_BANKING,16,SUCCESS,,0
TXN_0009514,CUST_00946,MEDIUM_RELIABILITY,0.67,4314.2,3749.78,CARD,8,SUCCESS,,0
TXN_0009515,CUST_00946,MEDIUM_RELIABILITY,0.67,4314.2,3800.03,CARD,9,SUCCESS,,0
TXN_0009516,CUST_00946,MEDIUM_RELIABILITY,0.67,4314.2,5096.32,UPI,16,FAILED,TECHNICAL_ERROR,1
TXN_0009517,CUST_00946,MEDIUM_RELIABILITY,0.67,4314.2,6858.68,UPI,16,SUCCESS,,0
TXN_0009518,CUST_00946,MEDIUM_RELIABILITY,0.67,4314.2,5019.33,WALLET,7,FAILED,TEMPORARY_BANK_ERROR,0
TXN_0009519,CUST_00946,MEDIUM_RELIABILITY,0.67,4314.2,3110.47,UPI,12,SUCCESS,,0
TXN_0009520,CUST_00946,MEDIUM_RELIABILITY,0.67,4314.2,1520.63,UPI,3,FAILED,NETWORK_TIMEOUT,0
TXN_0009521,CUST_00946,MEDIUM_RELIABILITY,0.67,4314.2,2389.85,NET_BANKING,1,FAILED,NETWORK_TIMEOUT,2
TXN_0009522,CUST_00946,MEDIUM_RELIABILITY,0.67,4314.2,4440.55,CARD,6,SUCCESS,,0
TXN_0009523,CUST_00946,MEDIUM_RELIABILITY,0.67,4314.2,3183.31,UPI,12,SUCCESS,,0
TXN_0009524,CUST_00946,MEDIUM_RELIABILITY,0.67,4314.2,4650.65,CARD,0,SUCCESS,,0
TXN_0009525,CUST_00946,MEDIUM_RELIABILITY,0.67,4314.2,3360.03,NET_BANKING,22,FAILED,NETWORK_TIMEOUT,0
TXN_0009526,CUST_00946,MEDIUM_RELIABILITY,0.67,4314.2,2488.18,NET_BANKING,21,FAILED,TEMPORARY_BANK_ERROR,1
TXN_0009527,CUST_00947,HIGH_RELIABILITY,0.97,3856.5,2040.81,UPI,2,SUCCESS,,0
TXN_0009528,CUST_00947,HIGH_RELIABILITY,0.97,3856.5,6266.59,NET_BANKING,0,SUCCESS,,0
TXN_0009529,CUST_00947,HIGH_RELIABILITY,0.97,3856.5,5227.85,UPI,0,SUCCESS,,0
TXN_0009530,CUST_00947,HIGH_RELIABILITY,0.97,3856.5,6526.0,UPI,12,SUCCESS,,0
TXN_0009531,CUST_00947,HIGH_RELIABILITY,0.97,3856.5,4689.43,UPI,1,SUCCESS,,0
TXN_0009532,CUST_00947,HIGH_RELIABILITY,0.97,3856.5,3193.2,UPI,2,SUCCESS,,0
TXN_0009533,CUST_00947,HIGH_RELIABILITY,0.97,3856.5,5897.89,UPI,5,SUCCESS,,0
TXN_0009534,CUST_00947,HIGH_RELIABILITY,0.97,3856.5,3805.49,UPI,14,SUCCESS,,0
TXN_0009535,CUST_00947,HIGH_RELIABILITY,0.97,3856.5,4197.17,WALLET,23,SUCCESS,,0
TXN_0009536,CUST_00948,MEDIUM_RELIABILITY,0.77,7464.18,7336.32,CARD,21,FAILED,AUTHENTICATION_FAILURE,0
TXN_0009537,CUST_00948,MEDIUM_RELIABILITY,0.77,7464.18,100.0,NET_BANKING,3,SUCCESS,,0
TXN_0009538,CUST_00948,MEDIUM_RELIABILITY,0.77,7464.18,12255.39,UPI,19,SUCCESS,,0
TXN_0009539,CUST_00948,MEDIUM_RELIABILITY,0.77,7464.18,8930.16,CARD,8,SUCCESS,,0
TXN_0009540,CUST_00948,MEDIUM_RELIABILITY,0.77,7464.18,8448.92,UPI,22,FAILED,NETWORK_TIMEOUT,1
TXN_0009541,CUST_00948,MEDIUM_RELIABILITY,0.77,7464.18,7279.74,UPI,14,SUCCESS,,0
TXN_0009542,CUST_00948,MEDIUM_RELIABILITY,0.77,7464.18,7952.12,WALLET,10,SUCCESS,,0
TXN_0009543,CUST_00948,MEDIUM_RELIABILITY,0.77,7464.18,5680.9,UPI,16,FAILED,INSUFFICIENT_FUNDS,0
TXN_0009544,CUST_00949,MEDIUM_RELIABILITY,0.79,2286.23,2850.09,UPI,19,SUCCESS,,0
TXN_0009545,CUST_00949,MEDIUM_RELIABILITY,0.79,2286.23,1090.9,NET_BANKING,9,SUCCESS,,0
TXN_0009546,CUST_00949,MEDIUM_RELIABILITY,0.79,2286.23,2456.39,UPI,6,FAILED,NETWORK_TIMEOUT,0
TXN_0009547,CUST_00949,MEDIUM_RELIABILITY,0.79,2286.23,2799.78,UPI,11,SUCCESS,,0
TXN_0009548,CUST_00949,MEDIUM_RELIABILITY,0.79,2286.23,2104.55,CARD,21,SUCCESS,,0
TXN_0009549,CUST_00949,MEDIUM_RELIABILITY,0.79,2286.23,2625.39,CARD,20,FAILED,INSUFFICIENT_FUNDS,0
TXN_0009550,CUST_00949,MEDIUM_RELIABILITY,0.79,2286.23,1379.66,WALLET,15,SUCCESS,,0
TXN_0009551,CUST_00949,MEDIUM_RELIABILITY,0.79,2286.23,1402.99,NET_BANKING,22,SUCCESS,,0
TXN_0009552,CUST_00949,MEDIUM_RELIABILITY,0.79,2286.23,2502.71,UPI,21,SUCCESS,,0
TXN_0009553,CUST_00949,MEDIUM_RELIABILITY,0.79,2286.23,2906.76,CARD,14,SUCCESS,,0
TXN_0009554,CUST_00949,MEDIUM_RELIABILITY,0.79,2286.23,571.68,UPI,9,SUCCESS,,0
TXN_0009555,CUST_00949,MEDIUM_RELIABILITY,0.79,2286.23,2763.61,UPI,8,SUCCESS,,0
TXN_0009556,CUST_00949,MEDIUM_RELIABILITY,0.79,2286.23,1789.48,CARD,15,SUCCESS,,0
TXN_0009557,CUST_00950,MEDIUM_RELIABILITY,0.73,7946.02,7333.2,NET_BANKING,8,SUCCESS,,0
TXN_0009558,CUST_00950,MEDIUM_RELIABILITY,0.73,7946.02,3688.49,UPI,18,FAILED,NETWORK_TIMEOUT,0
TXN_0009559,CUST_00950,MEDIUM_RELIABILITY,0.73,7946.02,5239.23,UPI,13,FAILED,INSUFFICIENT_FUNDS,2
TXN_0009560,CUST_00950,MEDIUM_RELIABILITY,0.73,7946.02,11016.76,WALLET,12,SUCCESS,,0
TXN_0009561,CUST_00950,MEDIUM_RELIABILITY,0.73,7946.02,8050.47,UPI,23,SUCCESS,,0
TXN_0009562,CUST_00950,MEDIUM_RELIABILITY,0.73,7946.02,6729.39,UPI,11,SUCCESS,,0
TXN_0009563,CUST_00950,MEDIUM_RELIABILITY,0.73,7946.02,7575.77,CARD,18,FAILED,USER_ABANDONMENT,3
TXN_0009564,CUST_00950,MEDIUM_RELIABILITY,0.73,7946.02,9500.93,UPI,20,SUCCESS,,0
TXN_0009565,CUST_00950,MEDIUM_RELIABILITY,0.73,7946.02,9346.09,CARD,12,FAILED,TEMPORARY_BANK_ERROR,0
TXN_0009566,CUST_00951,LOW_RELIABILITY,0.51,235.56,228.49,UPI,5,SUCCESS,,0
TXN_0009567,CUST_00951,LOW_RELIABILITY,0.51,235.56,338.54,UPI,11,SUCCESS,,0
TXN_0009568,CUST_00951,LOW_RELIABILITY,0.51,235.56,327.0,CARD,1,FAILED,NETWORK_TIMEOUT,0
TXN_0009569,CUST_00951,LOW_RELIABILITY,0.51,235.56,274.51,WALLET,7,FAILED,INSUFFICIENT_FUNDS,0
TXN_0009570,CUST_00951,LOW_RELIABILITY,0.51,235.56,240.71,UPI,18,FAILED,TECHNICAL_ERROR,0
TXN_0009571,CUST_00951,LOW_RELIABILITY,0.51,235.56,297.5,WALLET,3,SUCCESS,,0
TXN_0009572,CUST_00951,LOW_RELIABILITY,0.51,235.56,265.17,UPI,3,SUCCESS,,0
TXN_0009573,CUST_00951,LOW_RELIABILITY,0.51,235.56,335.51,NET_BANKING,6,FAILED,TEMPORARY_BANK_ERROR,1
TXN_0009574,CUST_00951,LOW_RELIABILITY,0.51,235.56,320.32,CARD,22,SUCCESS,,0
TXN_0009575,CUST_00952,HIGH_RELIABILITY,0.96,1494.36,885.7,UPI,20,SUCCESS,,0
TXN_0009576,CUST_00952,HIGH_RELIABILITY,0.96,1494.36,845.23,WALLET,8,SUCCESS,,0
TXN_0009577,CUST_00952,HIGH_RELIABILITY,0.96,1494.36,1075.19,WALLET,14,SUCCESS,,0
TXN_0009578,CUST_00952,HIGH_RELIABILITY,0.96,1494.36,2077.84,UPI,21,SUCCESS,,0
TXN_0009579,CUST_00952,HIGH_RELIABILITY,0.96,1494.36,552.13,UPI,15,SUCCESS,,0
TXN_0009580,CUST_00952,HIGH_RELIABILITY,0.96,1494.36,1730.32,UPI,13,SUCCESS,,0
TXN_0009581,CUST_00952,HIGH_RELIABILITY,0.96,1494.36,1711.07,UPI,9,SUCCESS,,0
TXN_0009582,CUST_00952,HIGH_RELIABILITY,0.96,1494.36,2189.33,CARD,11,SUCCESS,,0
TXN_0009583,CUST_00952,HIGH_RELIABILITY,0.96,1494.36,1602.16,UPI,14,SUCCESS,,0
TXN_0009584,CUST_00953,HIGH_RELIABILITY,0.96,3834.73,1774.39,UPI,23,SUCCESS,,0
TXN_0009585,CUST_00953,HIGH_RELIABILITY,0.96,3834.73,2363.18,UPI,22,SUCCESS,,0
TXN_0009586,CUST_00953,HIGH_RELIABILITY,0.96,3834.73,2021.68,CARD,21,SUCCESS,,0
TXN_0009587,CUST_00953,HIGH_RELIABILITY,0.96,3834.73,3009.58,UPI,3,SUCCESS,,0
TXN_0009588,CUST_00953,HIGH_RELIABILITY,0.96,3834.73,3554.18,UPI,4,SUCCESS,,0
TXN_0009589,CUST_00953,HIGH_RELIABILITY,0.96,3834.73,2047.07,UPI,0,SUCCESS,,0
TXN_0009590,CUST_00954,HIGH_RELIABILITY,0.99,6151.17,9769.69,WALLET,12,SUCCESS,,0
TXN_0009591,CUST_00954,HIGH_RELIABILITY,0.99,6151.17,2890.36,WALLET,15,SUCCESS,,0
TXN_0009592,CUST_00954,HIGH_RELIABILITY,0.99,6151.17,9463.21,CARD,8,SUCCESS,,0
TXN_0009593,CUST_00954,HIGH_RELIABILITY,0.99,6151.17,9067.23,NET_BANKING,8,SUCCESS,,0
TXN_0009594,CUST_00954,HIGH_RELIABILITY,0.99,6151.17,8361.41,UPI,12,SUCCESS,,0
TXN_0009595,CUST_00954,HIGH_RELIABILITY,0.99,6151.17,4444.18,UPI,2,SUCCESS,,0
TXN_0009596,CUST_00954,HIGH_RELIABILITY,0.99,6151.17,6993.76,UPI,16,SUCCESS,,0
TXN_0009597,CUST_00954,HIGH_RELIABILITY,0.99,6151.17,3008.24,UPI,0,SUCCESS,,0
TXN_0009598,CUST_00954,HIGH_RELIABILITY,0.99,6151.17,8392.43,WALLET,22,SUCCESS,,0
TXN_0009599,CUST_00954,HIGH_RELIABILITY,0.99,6151.17,5969.13,UPI,22,SUCCESS,,0
TXN_0009600,CUST_00954,HIGH_RELIABILITY,0.99,6151.17,5144.05,UPI,20,SUCCESS,,0
TXN_0009601,CUST_00954,HIGH_RELIABILITY,0.99,6151.17,3140.18,CARD,18,SUCCESS,,0
TXN_0009602,CUST_00954,HIGH_RELIABILITY,0.99,6151.17,100.0,NET_BANKING,16,SUCCESS,,0
TXN_0009603,CUST_00954,HIGH_RELIABILITY,0.99,6151.17,3595.87,WALLET,14,SUCCESS,,0
TXN_0009604,CUST_00955,LOW_RELIABILITY,0.44,1212.44,1752.12,CARD,8,FAILED,INSUFFICIENT_FUNDS,0
TXN_0009605,CUST_00955,LOW_RELIABILITY,0.44,1212.44,1017.08,UPI,7,SUCCESS,,0
TXN_0009606,CUST_00955,LOW_RELIABILITY,0.44,1212.44,1130.32,WALLET,14,FAILED,AUTHENTICATION_FAILURE,1
TXN_0009607,CUST_00955,LOW_RELIABILITY,0.44,1212.44,1530.37,CARD,6,SUCCESS,,0
TXN_0009608,CUST_00955,LOW_RELIABILITY,0.44,1212.44,2088.15,NET_BANKING,18,FAILED,USER_ABANDONMENT,0
TXN_0009609,CUST_00955,LOW_RELIABILITY,0.44,1212.44,1855.04,UPI,4,FAILED,NETWORK_TIMEOUT,1
TXN_0009610,CUST_00955,LOW_RELIABILITY,0.44,1212.44,740.88,UPI,6,SUCCESS,,0
TXN_0009611,CUST_00955,LOW_RELIABILITY,0.44,1212.44,270.34,CARD,22,FAILED,TECHNICAL_ERROR,0
TXN_0009612,CUST_00955,LOW_RELIABILITY,0.44,1212.44,2356.8,NET_BANKING,10,FAILED,INSUFFICIENT_FUNDS,0
TXN_0009613,CUST_00955,LOW_RELIABILITY,0.44,1212.44,2312.85,UPI,7,FAILED,TEMPORARY_BANK_ERROR,0
TXN_0009614,CUST_00955,LOW_RELIABILITY,0.44,1212.44,1303.84,CARD,17,FAILED,INSUFFICIENT_FUNDS,0
TXN_0009615,CUST_00956,HIGH_RELIABILITY,0.91,13273.11,6527.78,NET_BANKING,11,FAILED,INSUFFICIENT_FUNDS,1
TXN_0009616,CUST_00956,HIGH_RELIABILITY,0.91,13273.11,18387.11,CARD,7,FAILED,TEMPORARY_BANK_ERROR,0
TXN_0009617,CUST_00956,HIGH_RELIABILITY,0.91,13273.11,12699.8,UPI,8,SUCCESS,,0
TXN_0009618,CUST_00956,HIGH_RELIABILITY,0.91,13273.11,12673.27,CARD,16,SUCCESS,,0
TXN_0009619,CUST_00956,HIGH_RELIABILITY,0.91,13273.11,18022.01,NET_BANKING,5,SUCCESS,,0
TXN_0009620,CUST_00956,HIGH_RELIABILITY,0.91,13273.11,15048.39,CARD,11,SUCCESS,,0
TXN_0009621,CUST_00956,HIGH_RELIABILITY,0.91,13273.11,6977.33,NET_BANKING,22,FAILED,TEMPORARY_BANK_ERROR,0
TXN_0009622,CUST_00956,HIGH_RELIABILITY,0.91,13273.11,11548.98,UPI,19,FAILED,TEMPORARY_BANK_ERROR,0
TXN_0009623,CUST_00956,HIGH_RELIABILITY,0.91,13273.11,16783.33,CARD,15,FAILED,TEMPORARY_BANK_ERROR,1
TXN_0009624,CUST_00956,HIGH_RELIABILITY,0.91,13273.11,15982.16,CARD,8,SUCCESS,,0
TXN_0009625,CUST_00956,HIGH_RELIABILITY,0.91,13273.11,14664.22,UPI,20,SUCCESS,,0
TXN_0009626,CUST_00956,HIGH_RELIABILITY,0.91,13273.11,18228.88,CARD,1,SUCCESS,,0
TXN_0009627,CUST_00956,HIGH_RELIABILITY,0.91,13273.11,11352.67,UPI,10,SUCCESS,,0
TXN_0009628,CUST_00956,HIGH_RELIABILITY,0.91,13273.11,14221.71,WALLET,19,SUCCESS,,0
TXN_0009629,CUST_00956,HIGH_RELIABILITY,0.91,13273.11,100.0,CARD,11,FAILED,NETWORK_TIMEOUT,1
TXN_0009630,CUST_00957,LOW_RELIABILITY,0.64,2704.5,2218.07,UPI,6,FAILED,TECHNICAL_ERROR,0
TXN_0009631,CUST_00957,LOW_RELIABILITY,0.64,2704.5,3530.89,UPI,13,SUCCESS,,0
TXN_0009632,CUST_00957,LOW_RELIABILITY,0.64,2704.5,2282.17,NET_BANKING,9,SUCCESS,,0
TXN_0009633,CUST_00957,LOW_RELIABILITY,0.64,2704.5,2200.14,CARD,0,FAILED,AUTHENTICATION_FAILURE,0
TXN_0009634,CUST_00957,LOW_RELIABILITY,0.64,2704.5,1577.86,WALLET,0,FAILED,INSUFFICIENT_FUNDS,0
TXN_0009635,CUST_00958,HIGH_RELIABILITY,0.93,11108.99,15567.54,CARD,16,SUCCESS,,0
TXN_0009636,CUST_00958,HIGH_RELIABILITY,0.93,11108.99,13546.14,CARD,10,SUCCESS,,0
TXN_0009637,CUST_00958,HIGH_RELIABILITY,0.93,11108.99,14776.8,UPI,0,SUCCESS,,0
TXN_0009638,CUST_00958,HIGH_RELIABILITY,0.93,11108.99,3438.39,CARD,3,SUCCESS,,0
TXN_0009639,CUST_00958,HIGH_RELIABILITY,0.93,11108.99,10396.01,UPI,19,SUCCESS,,0
TXN_0009640,CUST_00958,HIGH_RELIABILITY,0.93,11108.99,9864.29,UPI,7,SUCCESS,,0
TXN_0009641,CUST_00958,HIGH_RELIABILITY,0.93,11108.99,9862.24,CARD,21,SUCCESS,,0
TXN_0009642,CUST_00958,HIGH_RELIABILITY,0.93,11108.99,8371.61,UPI,16,SUCCESS,,0
TXN_0009643,CUST_00958,HIGH_RELIABILITY,0.93,11108.99,9571.04,UPI,17,SUCCESS,,0
TXN_0009644,CUST_00958,HIGH_RELIABILITY,0.93,11108.99,14884.47,UPI,22,SUCCESS,,0
TXN_0009645,CUST_00958,HIGH_RELIABILITY,0.93,11108.99,2609.05,UPI,7,SUCCESS,,0
TXN_0009646,CUST_00958,HIGH_RELIABILITY,0.93,11108.99,19006.57,UPI,21,SUCCESS,,0
TXN_0009647,CUST_00959,MEDIUM_RELIABILITY,0.84,6133.92,7321.06,CARD,22,SUCCESS,,0
TXN_0009648,CUST_00959,MEDIUM_RELIABILITY,0.84,6133.92,6030.06,UPI,3,SUCCESS,,0
TXN_0009649,CUST_00959,MEDIUM_RELIABILITY,0.84,6133.92,8358.9,UPI,21,SUCCESS,,0
TXN_0009650,CUST_00959,MEDIUM_RELIABILITY,0.84,6133.92,2571.74,UPI,6,SUCCESS,,0
TXN_0009651,CUST_00959,MEDIUM_RELIABILITY,0.84,6133.92,4503.03,WALLET,3,SUCCESS,,0
TXN_0009652,CUST_00960,MEDIUM_RELIABILITY,0.74,4419.91,4205.85,UPI,1,SUCCESS,,0
TXN_0009653,CUST_00960,MEDIUM_RELIABILITY,0.74,4419.91,6834.17,NET_BANKING,17,SUCCESS,,0
TXN_0009654,CUST_00960,MEDIUM_RELIABILITY,0.74,4419.91,4337.71,CARD,18,SUCCESS,,0
TXN_0009655,CUST_00960,MEDIUM_RELIABILITY,0.74,4419.91,5215.59,NET_BANKING,22,SUCCESS,,0
TXN_0009656,CUST_00960,MEDIUM_RELIABILITY,0.74,4419.91,3377.56,WALLET,17,SUCCESS,,0
TXN_0009657,CUST_00960,MEDIUM_RELIABILITY,0.74,4419.91,5280.63,UPI,2,SUCCESS,,0
TXN_0009658,CUST_00960,MEDIUM_RELIABILITY,0.74,4419.91,7385.21,UPI,12,SUCCESS,,0
TXN_0009659,CUST_00960,MEDIUM_RELIABILITY,0.74,4419.91,6179.97,WALLET,14,SUCCESS,,0
TXN_0009660,CUST_00960,MEDIUM_RELIABILITY,0.74,4419.91,4275.9,WALLET,9,SUCCESS,,0
TXN_0009661,CUST_00960,MEDIUM_RELIABILITY,0.74,4419.91,5614.15,CARD,19,FAILED,INSUFFICIENT_FUNDS,0
TXN_0009662,CUST_00960,MEDIUM_RELIABILITY,0.74,4419.91,5440.94,NET_BANKING,6,SUCCESS,,0
TXN_0009663,CUST_00961,MEDIUM_RELIABILITY,0.8,530.57,638.08,UPI,5,SUCCESS,,0
TXN_0009664,CUST_00961,MEDIUM_RELIABILITY,0.8,530.57,766.56,UPI,3,SUCCESS,,0
TXN_0009665,CUST_00961,MEDIUM_RELIABILITY,0.8,530.57,764.97,UPI,21,SUCCESS,,0
TXN_0009666,CUST_00961,MEDIUM_RELIABILITY,0.8,530.57,503.58,CARD,4,SUCCESS,,0
TXN_0009667,CUST_00961,MEDIUM_RELIABILITY,0.8,530.57,666.79,UPI,7,SUCCESS,,0
TXN_0009668,CUST_00962,HIGH_RELIABILITY,0.95,5976.9,5061.01,CARD,8,SUCCESS,,0
TXN_0009669,CUST_00962,HIGH_RELIABILITY,0.95,5976.9,3770.06,UPI,15,SUCCESS,,0
TXN_0009670,CUST_00962,HIGH_RELIABILITY,0.95,5976.9,5332.61,UPI,11,SUCCESS,,0
TXN_0009671,CUST_00962,HIGH_RELIABILITY,0.95,5976.9,5794.54,CARD,14,SUCCESS,,0
TXN_0009672,CUST_00962,HIGH_RELIABILITY,0.95,5976.9,2004.46,NET_BANKING,5,SUCCESS,,0
TXN_0009673,CUST_00962,HIGH_RELIABILITY,0.95,5976.9,8033.75,NET_BANKING,18,SUCCESS,,0
TXN_0009674,CUST_00962,HIGH_RELIABILITY,0.95,5976.9,100.0,UPI,7,SUCCESS,,0
TXN_0009675,CUST_00962,HIGH_RELIABILITY,0.95,5976.9,12467.38,WALLET,5,SUCCESS,,0
TXN_0009676,CUST_00962,HIGH_RELIABILITY,0.95,5976.9,9567.53,UPI,10,SUCCESS,,0
TXN_0009677,CUST_00962,HIGH_RELIABILITY,0.95,5976.9,5352.89,UPI,11,SUCCESS,,0
TXN_0009678,CUST_00962,HIGH_RELIABILITY,0.95,5976.9,5999.44,CARD,5,SUCCESS,,0
TXN_0009679,CUST_00962,HIGH_RELIABILITY,0.95,5976.9,6701.23,UPI,7,FAILED,INSUFFICIENT_FUNDS,0
TXN_0009680,CUST_00963,MEDIUM_RELIABILITY,0.82,1383.41,1057.39,CARD,18,SUCCESS,,0
TXN_0009681,CUST_00963,MEDIUM_RELIABILITY,0.82,1383.41,1490.0,CARD,11,SUCCESS,,0
TXN_0009682,CUST_00963,MEDIUM_RELIABILITY,0.82,1383.41,1303.73,CARD,5,SUCCESS,,0
TXN_0009683,CUST_00963,MEDIUM_RELIABILITY,0.82,1383.41,1331.24,UPI,0,FAILED,INSUFFICIENT_FUNDS,1
TXN_0009684,CUST_00963,MEDIUM_RELIABILITY,0.82,1383.41,1483.82,UPI,10,SUCCESS,,0
TXN_0009685,CUST_00963,MEDIUM_RELIABILITY,0.82,1383.41,656.55,NET_BANKING,6,SUCCESS,,0
TXN_0009686,CUST_00963,MEDIUM_RELIABILITY,0.82,1383.41,1405.31,CARD,22,SUCCESS,,0
TXN_0009687,CUST_00963,MEDIUM_RELIABILITY,0.82,1383.41,1473.86,UPI,8,FAILED,TECHNICAL_ERROR,0
TXN_0009688,CUST_00963,MEDIUM_RELIABILITY,0.82,1383.41,1454.71,CARD,10,SUCCESS,,0
TXN_0009689,CUST_00963,MEDIUM_RELIABILITY,0.82,1383.41,1263.98,UPI,16,SUCCESS,,0
TXN_0009690,CUST_00963,MEDIUM_RELIABILITY,0.82,1383.41,2013.06,CARD,17,SUCCESS,,0
TXN_0009691,CUST_00963,MEDIUM_RELIABILITY,0.82,1383.41,1187.71,NET_BANKING,19,SUCCESS,,0
TXN_0009692,CUST_00963,MEDIUM_RELIABILITY,0.82,1383.41,1509.2,UPI,23,SUCCESS,,0
TXN_0009693,CUST_00963,MEDIUM_RELIABILITY,0.82,1383.41,2101.29,NET_BANKING,0,SUCCESS,,0
TXN_0009694,CUST_00963,MEDIUM_RELIABILITY,0.82,1383.41,1339.49,NET_BANKING,13,FAILED,INSUFFICIENT_FUNDS,2
TXN_0009695,CUST_00964,HIGH_RELIABILITY,0.94,7733.62,8397.05,NET_BANKING,7,SUCCESS,,0
TXN_0009696,CUST_00964,HIGH_RELIABILITY,0.94,7733.62,7435.46,UPI,1,SUCCESS,,0
TXN_0009697,CUST_00964,HIGH_RELIABILITY,0.94,7733.62,11561.36,CARD,2,SUCCESS,,0
TXN_0009698,CUST_00964,HIGH_RELIABILITY,0.94,7733.62,6936.36,CARD,9,SUCCESS,,0
TXN_0009699,CUST_00964,HIGH_RELIABILITY,0.94,7733.62,11703.61,UPI,12,SUCCESS,,0
TXN_0009700,CUST_00964,HIGH_RELIABILITY,0.94,7733.62,7413.18,UPI,23,SUCCESS,,0
TXN_0009701,CUST_00965,HIGH_RELIABILITY,0.95,1907.95,1252.03,UPI,22,SUCCESS,,0
TXN_0009702,CUST_00965,HIGH_RELIABILITY,0.95,1907.95,2426.43,UPI,2,SUCCESS,,0
TXN_0009703,CUST_00965,HIGH_RELIABILITY,0.95,1907.95,1675.43,NET_BANKING,22,SUCCESS,,0
TXN_0009704,CUST_00965,HIGH_RELIABILITY,0.95,1907.95,2381.5,UPI,0,SUCCESS,,0
TXN_0009705,CUST_00965,HIGH_RELIABILITY,0.95,1907.95,100.0,UPI,11,SUCCESS,,0
TXN_0009706,CUST_00965,HIGH_RELIABILITY,0.95,1907.95,1911.92,UPI,3,SUCCESS,,0
TXN_0009707,CUST_00965,HIGH_RELIABILITY,0.95,1907.95,1557.19,UPI,17,SUCCESS,,0
TXN_0009708,CUST_00965,HIGH_RELIABILITY,0.95,1907.95,1096.49,UPI,8,SUCCESS,,0
TXN_0009709,CUST_00965,HIGH_RELIABILITY,0.95,1907.95,1485.73,CARD,7,SUCCESS,,0
TXN_0009710,CUST_00965,HIGH_RELIABILITY,0.95,1907.95,1470.11,UPI,23,SUCCESS,,0
TXN_0009711,CUST_00965,HIGH_RELIABILITY,0.95,1907.95,1871.33,CARD,15,SUCCESS,,0
TXN_0009712,CUST_00966,HIGH_RELIABILITY,0.94,8860.78,4014.55,CARD,21,SUCCESS,,0
TXN_0009713,CUST_00966,HIGH_RELIABILITY,0.94,8860.78,9981.75,UPI,5,SUCCESS,,0
TXN_0009714,CUST_00966,HIGH_RELIABILITY,0.94,8860.78,13703.07,CARD,18,SUCCESS,,0
TXN_0009715,CUST_00966,HIGH_RELIABILITY,0.94,8860.78,9856.48,NET_BANKING,16,SUCCESS,,0
TXN_0009716,CUST_00966,HIGH_RELIABILITY,0.94,8860.78,11728.09,NET_BANKING,5,SUCCESS,,0
TXN_0009717,CUST_00966,HIGH_RELIABILITY,0.94,8860.78,12740.25,CARD,0,FAILED,AUTHENTICATION_FAILURE,0
TXN_0009718,CUST_00966,HIGH_RELIABILITY,0.94,8860.78,13243.28,NET_BANKING,4,SUCCESS,,0
TXN_0009719,CUST_00966,HIGH_RELIABILITY,0.94,8860.78,15489.14,UPI,22,SUCCESS,,0
TXN_0009720,CUST_00967,MEDIUM_RELIABILITY,0.77,6233.13,4988.49,UPI,11,SUCCESS,,0
TXN_0009721,CUST_00967,MEDIUM_RELIABILITY,0.77,6233.13,4441.77,WALLET,15,FAILED,USER_ABANDONMENT,1
TXN_0009722,CUST_00967,MEDIUM_RELIABILITY,0.77,6233.13,8186.51,UPI,14,SUCCESS,,0
TXN_0009723,CUST_00967,MEDIUM_RELIABILITY,0.77,6233.13,7999.02,UPI,0,SUCCESS,,0
TXN_0009724,CUST_00967,MEDIUM_RELIABILITY,0.77,6233.13,8167.08,UPI,18,SUCCESS,,0
TXN_0009725,CUST_00967,MEDIUM_RELIABILITY,0.77,6233.13,10943.59,CARD,3,SUCCESS,,0
TXN_0009726,CUST_00967,MEDIUM_RELIABILITY,0.77,6233.13,6261.48,NET_BANKING,9,SUCCESS,,0
TXN_0009727,CUST_00967,MEDIUM_RELIABILITY,0.77,6233.13,7295.65,CARD,15,SUCCESS,,0
TXN_0009728,CUST_00967,MEDIUM_RELIABILITY,0.77,6233.13,3788.78,NET_BANKING,14,SUCCESS,,0
TXN_0009729,CUST_00967,MEDIUM_RELIABILITY,0.77,6233.13,11557.02,UPI,11,SUCCESS,,0
TXN_0009730,CUST_00967,MEDIUM_RELIABILITY,0.77,6233.13,5394.04,CARD,12,SUCCESS,,0
TXN_0009731,CUST_00967,MEDIUM_RELIABILITY,0.77,6233.13,5464.67,UPI,12,FAILED,NETWORK_TIMEOUT,0
TXN_0009732,CUST_00967,MEDIUM_RELIABILITY,0.77,6233.13,5368.6,CARD,10,SUCCESS,,0
TXN_0009733,CUST_00968,MEDIUM_RELIABILITY,0.8,8147.4,6045.71,CARD,9,SUCCESS,,0
TXN_0009734,CUST_00968,MEDIUM_RELIABILITY,0.8,8147.4,5770.19,UPI,5,FAILED,NETWORK_TIMEOUT,0
TXN_0009735,CUST_00968,MEDIUM_RELIABILITY,0.8,8147.4,6440.67,CARD,16,SUCCESS,,0
TXN_0009736,CUST_00968,MEDIUM_RELIABILITY,0.8,8147.4,3696.33,UPI,17,SUCCESS,,0
TXN_0009737,CUST_00968,MEDIUM_RELIABILITY,0.8,8147.4,5588.08,WALLET,14,SUCCESS,,0
TXN_0009738,CUST_00968,MEDIUM_RELIABILITY,0.8,8147.4,14498.99,CARD,4,FAILED,NETWORK_TIMEOUT,1
TXN_0009739,CUST_00968,MEDIUM_RELIABILITY,0.8,8147.4,10544.87,CARD,22,FAILED,USER_ABANDONMENT,0
TXN_0009740,CUST_00969,MEDIUM_RELIABILITY,0.71,8337.97,11426.03,CARD,21,FAILED,INSUFFICIENT_FUNDS,1
TXN_0009741,CUST_00969,MEDIUM_RELIABILITY,0.71,8337.97,12264.18,UPI,1,SUCCESS,,0
TXN_0009742,CUST_00969,MEDIUM_RELIABILITY,0.71,8337.97,14455.15,CARD,9,SUCCESS,,0
TXN_0009743,CUST_00969,MEDIUM_RELIABILITY,0.71,8337.97,2429.94,WALLET,6,SUCCESS,,0
TXN_0009744,CUST_00969,MEDIUM_RELIABILITY,0.71,8337.97,4236.08,UPI,2,FAILED,TEMPORARY_BANK_ERROR,0
TXN_0009745,CUST_00969,MEDIUM_RELIABILITY,0.71,8337.97,5657.4,CARD,18,SUCCESS,,0
TXN_0009746,CUST_00969,MEDIUM_RELIABILITY,0.71,8337.97,6771.33,UPI,0,SUCCESS,,0
TXN_0009747,CUST_00969,MEDIUM_RELIABILITY,0.71,8337.97,7335.51,UPI,3,SUCCESS,,0
TXN_0009748,CUST_00969,MEDIUM_RELIABILITY,0.71,8337.97,6847.22,CARD,21,FAILED,NETWORK_TIMEOUT,0
TXN_0009749,CUST_00969,MEDIUM_RELIABILITY,0.71,8337.97,9069.41,UPI,16,SUCCESS,,0
TXN_0009750,CUST_00969,MEDIUM_RELIABILITY,0.71,8337.97,8455.69,UPI,22,FAILED,TEMPORARY_BANK_ERROR,0
TXN_0009751,CUST_00969,MEDIUM_RELIABILITY,0.71,8337.97,5927.18,UPI,8,FAILED,INSUFFICIENT_FUNDS,2
TXN_0009752,CUST_00969,MEDIUM_RELIABILITY,0.71,8337.97,1082.11,UPI,22,SUCCESS,,0
TXN_0009753,CUST_00970,HIGH_RELIABILITY,0.93,2078.82,1253.22,UPI,14,SUCCESS,,0
TXN_0009754,CUST_00970,HIGH_RELIABILITY,0.93,2078.82,1622.11,NET_BANKING,6,SUCCESS,,0
TXN_0009755,CUST_00970,HIGH_RELIABILITY,0.93,2078.82,1873.37,CARD,2,SUCCESS,,0
TXN_0009756,CUST_00970,HIGH_RELIABILITY,0.93,2078.82,1139.47,UPI,12,SUCCESS,,0
TXN_0009757,CUST_00970,HIGH_RELIABILITY,0.93,2078.82,1670.7,WALLET,13,SUCCESS,,0
TXN_0009758,CUST_00970,HIGH_RELIABILITY,0.93,2078.82,1138.37,UPI,6,SUCCESS,,0
TXN_0009759,CUST_00970,HIGH_RELIABILITY,0.93,2078.82,1974.2,CARD,18,SUCCESS,,0
TXN_0009760,CUST_00970,HIGH_RELIABILITY,0.93,2078.82,1186.51,NET_BANKING,17,SUCCESS,,0
TXN_0009761,CUST_00971,MEDIUM_RELIABILITY,0.66,3675.26,2427.28,UPI,20,SUCCESS,,0
TXN_0009762,CUST_00971,MEDIUM_RELIABILITY,0.66,3675.26,1751.36,UPI,21,SUCCESS,,0
TXN_0009763,CUST_00971,MEDIUM_RELIABILITY,0.66,3675.26,3449.6,UPI,3,SUCCESS,,0
TXN_0009764,CUST_00971,MEDIUM_RELIABILITY,0.66,3675.26,2401.49,CARD,3,SUCCESS,,0
TXN_0009765,CUST_00971,MEDIUM_RELIABILITY,0.66,3675.26,5008.33,WALLET,13,FAILED,USER_ABANDONMENT,2
TXN_0009766,CUST_00971,MEDIUM_RELIABILITY,0.66,3675.26,4271.9,UPI,15,SUCCESS,,0
TXN_0009767,CUST_00971,MEDIUM_RELIABILITY,0.66,3675.26,3572.57,WALLET,18,FAILED,USER_ABANDONMENT,1
TXN_0009768,CUST_00971,MEDIUM_RELIABILITY,0.66,3675.26,2502.87,CARD,4,SUCCESS,,0
TXN_0009769,CUST_00971,MEDIUM_RELIABILITY,0.66,3675.26,4234.66,NET_BANKING,3,SUCCESS,,0
TXN_0009770,CUST_00972,LOW_RELIABILITY,0.58,5012.23,6397.01,CARD,13,SUCCESS,,0
TXN_0009771,CUST_00972,LOW_RELIABILITY,0.58,5012.23,5298.3,CARD,19,SUCCESS,,0
TXN_0009772,CUST_00972,LOW_RELIABILITY,0.58,5012.23,8227.48,UPI,0,FAILED,TECHNICAL_ERROR,1
TXN_0009773,CUST_00972,LOW_RELIABILITY,0.58,5012.23,5933.75,CARD,2,SUCCESS,,0
TXN_0009774,CUST_00972,LOW_RELIABILITY,0.58,5012.23,6843.91,UPI,19,FAILED,AUTHENTICATION_FAILURE,1
TXN_0009775,CUST_00972,LOW_RELIABILITY,0.58,5012.23,5280.01,UPI,0,FAILED,TECHNICAL_ERROR,0
TXN_0009776,CUST_00972,LOW_RELIABILITY,0.58,5012.23,6366.86,UPI,4,FAILED,USER_ABANDONMENT,0
TXN_0009777,CUST_00972,LOW_RELIABILITY,0.58,5012.23,3414.77,UPI,1,SUCCESS,,0
TXN_0009778,CUST_00972,LOW_RELIABILITY,0.58,5012.23,4093.19,NET_BANKING,23,SUCCESS,,0
TXN_0009779,CUST_00972,LOW_RELIABILITY,0.58,5012.23,5712.67,UPI,9,SUCCESS,,0
TXN_0009780,CUST_00972,LOW_RELIABILITY,0.58,5012.23,5698.1,CARD,13,SUCCESS,,0
TXN_0009781,CUST_00972,LOW_RELIABILITY,0.58,5012.23,6029.94,UPI,3,FAILED,NETWORK_TIMEOUT,0
TXN_0009782,CUST_00972,LOW_RELIABILITY,0.58,5012.23,7218.4,NET_BANKING,19,FAILED,AUTHENTICATION_FAILURE,0
TXN_0009783,CUST_00972,LOW_RELIABILITY,0.58,5012.23,2155.32,UPI,6,SUCCESS,,0
TXN_0009784,CUST_00973,HIGH_RELIABILITY,0.97,8241.77,5029.28,UPI,7,SUCCESS,,0
TXN_0009785,CUST_00973,HIGH_RELIABILITY,0.97,8241.77,8998.6,UPI,8,FAILED,TEMPORARY_BANK_ERROR,0
TXN_0009786,CUST_00973,HIGH_RELIABILITY,0.97,8241.77,5853.75,UPI,19,SUCCESS,,0
TXN_0009787,CUST_00973,HIGH_RELIABILITY,0.97,8241.77,19377.29,NET_BANKING,2,SUCCESS,,0
TXN_0009788,CUST_00973,HIGH_RELIABILITY,0.97,8241.77,9941.95,NET_BANKING,1,SUCCESS,,0
TXN_0009789,CUST_00973,HIGH_RELIABILITY,0.97,8241.77,7983.54,UPI,9,SUCCESS,,0
TXN_0009790,CUST_00973,HIGH_RELIABILITY,0.97,8241.77,6542.42,WALLET,1,SUCCESS,,0
TXN_0009791,CUST_00973,HIGH_RELIABILITY,0.97,8241.77,6658.82,UPI,23,SUCCESS,,0
TXN_0009792,CUST_00973,HIGH_RELIABILITY,0.97,8241.77,8341.13,CARD,7,SUCCESS,,0
TXN_0009793,CUST_00973,HIGH_RELIABILITY,0.97,8241.77,8610.94,CARD,18,SUCCESS,,0
TXN_0009794,CUST_00973,HIGH_RELIABILITY,0.97,8241.77,6736.17,NET_BANKING,19,SUCCESS,,0
TXN_0009795,CUST_00974,MEDIUM_RELIABILITY,0.75,1900.8,1693.12,UPI,8,FAILED,TECHNICAL_ERROR,0
TXN_0009796,CUST_00974,MEDIUM_RELIABILITY,0.75,1900.8,2922.89,UPI,19,FAILED,NETWORK_TIMEOUT,1
TXN_0009797,CUST_00974,MEDIUM_RELIABILITY,0.75,1900.8,2953.47,UPI,21,SUCCESS,,0
TXN_0009798,CUST_00974,MEDIUM_RELIABILITY,0.75,1900.8,2092.43,CARD,4,SUCCESS,,0
TXN_0009799,CUST_00974,MEDIUM_RELIABILITY,0.75,1900.8,881.01,CARD,20,SUCCESS,,0
TXN_0009800,CUST_00975,HIGH_RELIABILITY,0.92,7076.27,8600.51,UPI,10,SUCCESS,,0
TXN_0009801,CUST_00975,HIGH_RELIABILITY,0.92,7076.27,11475.68,UPI,14,SUCCESS,,0
TXN_0009802,CUST_00975,HIGH_RELIABILITY,0.92,7076.27,10953.45,UPI,7,SUCCESS,,0
TXN_0009803,CUST_00975,HIGH_RELIABILITY,0.92,7076.27,9155.07,UPI,3,SUCCESS,,0
TXN_0009804,CUST_00975,HIGH_RELIABILITY,0.92,7076.27,11102.45,WALLET,5,SUCCESS,,0
TXN_0009805,CUST_00975,HIGH_RELIABILITY,0.92,7076.27,7227.37,UPI,3,SUCCESS,,0
TXN_0009806,CUST_00975,HIGH_RELIABILITY,0.92,7076.27,8854.12,CARD,18,SUCCESS,,0
TXN_0009807,CUST_00975,HIGH_RELIABILITY,0.92,7076.27,5149.33,NET_BANKING,23,SUCCESS,,0
TXN_0009808,CUST_00975,HIGH_RELIABILITY,0.92,7076.27,7903.53,CARD,5,SUCCESS,,0
TXN_0009809,CUST_00975,HIGH_RELIABILITY,0.92,7076.27,10839.53,UPI,4,SUCCESS,,0
TXN_0009810,CUST_00975,HIGH_RELIABILITY,0.92,7076.27,5407.9,UPI,20,SUCCESS,,0
TXN_0009811,CUST_00975,HIGH_RELIABILITY,0.92,7076.27,4637.95,NET_BANKING,7,SUCCESS,,0
TXN_0009812,CUST_00976,HIGH_RELIABILITY,0.89,4088.57,4248.01,UPI,5,SUCCESS,,0
TXN_0009813,CUST_00976,HIGH_RELIABILITY,0.89,4088.57,3717.88,NET_BANKING,17,SUCCESS,,0
TXN_0009814,CUST_00976,HIGH_RELIABILITY,0.89,4088.57,5150.2,CARD,10,SUCCESS,,0
TXN_0009815,CUST_00976,HIGH_RELIABILITY,0.89,4088.57,3347.3,NET_BANKING,14,SUCCESS,,0
TXN_0009816,CUST_00976,HIGH_RELIABILITY,0.89,4088.57,6898.95,UPI,18,FAILED,TEMPORARY_BANK_ERROR,2
TXN_0009817,CUST_00976,HIGH_RELIABILITY,0.89,4088.57,1979.4,NET_BANKING,7,SUCCESS,,0
TXN_0009818,CUST_00976,HIGH_RELIABILITY,0.89,4088.57,6138.96,UPI,19,FAILED,TECHNICAL_ERROR,0
TXN_0009819,CUST_00976,HIGH_RELIABILITY,0.89,4088.57,2837.71,UPI,22,SUCCESS,,0
TXN_0009820,CUST_00976,HIGH_RELIABILITY,0.89,4088.57,1151.37,UPI,21,SUCCESS,,0
TXN_0009821,CUST_00976,HIGH_RELIABILITY,0.89,4088.57,4477.6,WALLET,5,FAILED,AUTHENTICATION_FAILURE,0
TXN_0009822,CUST_00976,HIGH_RELIABILITY,0.89,4088.57,3672.18,CARD,5,FAILED,TECHNICAL_ERROR,0
TXN_0009823,CUST_00976,HIGH_RELIABILITY,0.89,4088.57,2273.88,CARD,21,SUCCESS,,0
TXN_0009824,CUST_00976,HIGH_RELIABILITY,0.89,4088.57,1338.8,UPI,0,SUCCESS,,0
TXN_0009825,CUST_00976,HIGH_RELIABILITY,0.89,4088.57,4074.9,NET_BANKING,6,SUCCESS,,0
TXN_0009826,CUST_00977,MEDIUM_RELIABILITY,0.78,7488.8,10411.94,UPI,9,SUCCESS,,0
TXN_0009827,CUST_00977,MEDIUM_RELIABILITY,0.78,7488.8,9241.04,NET_BANKING,23,SUCCESS,,0
TXN_0009828,CUST_00977,MEDIUM_RELIABILITY,0.78,7488.8,7658.67,NET_BANKING,13,SUCCESS,,0
TXN_0009829,CUST_00977,MEDIUM_RELIABILITY,0.78,7488.8,8923.2,UPI,5,SUCCESS,,0
TXN_0009830,CUST_00977,MEDIUM_RELIABILITY,0.78,7488.8,7407.28,WALLET,22,FAILED,TEMPORARY_BANK_ERROR,1
TXN_0009831,CUST_00977,MEDIUM_RELIABILITY,0.78,7488.8,3206.03,UPI,14,SUCCESS,,0
TXN_0009832,CUST_00977,MEDIUM_RELIABILITY,0.78,7488.8,3232.48,CARD,10,FAILED,INSUFFICIENT_FUNDS,1
TXN_0009833,CUST_00977,MEDIUM_RELIABILITY,0.78,7488.8,6880.2,CARD,14,SUCCESS,,0
TXN_0009834,CUST_00978,HIGH_RELIABILITY,0.99,14063.59,13159.85,CARD,3,SUCCESS,,0
TXN_0009835,CUST_00978,HIGH_RELIABILITY,0.99,14063.59,18850.74,WALLET,6,SUCCESS,,0
TXN_0009836,CUST_00978,HIGH_RELIABILITY,0.99,14063.59,18323.76,UPI,1,FAILED,INSUFFICIENT_FUNDS,2
TXN_0009837,CUST_00978,HIGH_RELIABILITY,0.99,14063.59,17467.73,CARD,6,SUCCESS,,0
TXN_0009838,CUST_00978,HIGH_RELIABILITY,0.99,14063.59,12486.88,UPI,16,SUCCESS,,0
TXN_0009839,CUST_00978,HIGH_RELIABILITY,0.99,14063.59,6296.82,UPI,15,SUCCESS,,0
TXN_0009840,CUST_00978,HIGH_RELIABILITY,0.99,14063.59,16381.67,NET_BANKING,9,SUCCESS,,0
TXN_0009841,CUST_00978,HIGH_RELIABILITY,0.99,14063.59,17017.9,CARD,3,SUCCESS,,0
TXN_0009842,CUST_00978,HIGH_RELIABILITY,0.99,14063.59,627.06,CARD,9,SUCCESS,,0
TXN_0009843,CUST_00978,HIGH_RELIABILITY,0.99,14063.59,9370.07,CARD,7,SUCCESS,,0
TXN_0009844,CUST_00979,HIGH_RELIABILITY,0.95,6897.47,4990.86,CARD,7,SUCCESS,,0
TXN_0009845,CUST_00979,HIGH_RELIABILITY,0.95,6897.47,7224.0,UPI,12,SUCCESS,,0
TXN_0009846,CUST_00979,HIGH_RELIABILITY,0.95,6897.47,4681.01,NET_BANKING,21,SUCCESS,,0
TXN_0009847,CUST_00979,HIGH_RELIABILITY,0.95,6897.47,6792.26,NET_BANKING,9,SUCCESS,,0
TXN_0009848,CUST_00979,HIGH_RELIABILITY,0.95,6897.47,6316.61,NET_BANKING,10,SUCCESS,,0
TXN_0009849,CUST_00979,HIGH_RELIABILITY,0.95,6897.47,6458.38,UPI,6,SUCCESS,,0
TXN_0009850,CUST_00979,HIGH_RELIABILITY,0.95,6897.47,4920.95,CARD,15,SUCCESS,,0
TXN_0009851,CUST_00979,HIGH_RELIABILITY,0.95,6897.47,5134.52,WALLET,2,SUCCESS,,0
TXN_0009852,CUST_00979,HIGH_RELIABILITY,0.95,6897.47,3917.03,CARD,3,SUCCESS,,0
TXN_0009853,CUST_00979,HIGH_RELIABILITY,0.95,6897.47,7946.07,NET_BANKING,15,SUCCESS,,0
TXN_0009854,CUST_00979,HIGH_RELIABILITY,0.95,6897.47,8473.14,CARD,11,SUCCESS,,0
TXN_0009855,CUST_00980,HIGH_RELIABILITY,0.95,11999.12,8300.43,UPI,18,SUCCESS,,0
TXN_0009856,CUST_00980,HIGH_RELIABILITY,0.95,11999.12,19297.66,NET_BANKING,0,FAILED,TECHNICAL_ERROR,2
TXN_0009857,CUST_00980,HIGH_RELIABILITY,0.95,11999.12,10489.14,WALLET,7,SUCCESS,,0
TXN_0009858,CUST_00980,HIGH_RELIABILITY,0.95,11999.12,19343.47,UPI,10,SUCCESS,,0
TXN_0009859,CUST_00980,HIGH_RELIABILITY,0.95,11999.12,8917.14,CARD,12,SUCCESS,,0
TXN_0009860,CUST_00980,HIGH_RELIABILITY,0.95,11999.12,2272.26,CARD,20,SUCCESS,,0
TXN_0009861,CUST_00980,HIGH_RELIABILITY,0.95,11999.12,13929.53,UPI,5,SUCCESS,,0
TXN_0009862,CUST_00980,HIGH_RELIABILITY,0.95,11999.12,13192.05,NET_BANKING,10,SUCCESS,,0
TXN_0009863,CUST_00980,HIGH_RELIABILITY,0.95,11999.12,12164.2,UPI,11,SUCCESS,,0
TXN_0009864,CUST_00980,HIGH_RELIABILITY,0.95,11999.12,8916.63,CARD,11,SUCCESS,,0
TXN_0009865,CUST_00980,HIGH_RELIABILITY,0.95,11999.12,11833.19,UPI,20,SUCCESS,,0
TXN_0009866,CUST_00980,HIGH_RELIABILITY,0.95,11999.12,9545.25,CARD,13,FAILED,TEMPORARY_BANK_ERROR,0
TXN_0009867,CUST_00980,HIGH_RELIABILITY,0.95,11999.12,10547.95,UPI,6,SUCCESS,,0
TXN_0009868,CUST_00980,HIGH_RELIABILITY,0.95,11999.12,16038.66,CARD,15,FAILED,TEMPORARY_BANK_ERROR,1
TXN_0009869,CUST_00981,LOW_RELIABILITY,0.38,2987.35,3207.48,UPI,17,FAILED,TEMPORARY_BANK_ERROR,1
TXN_0009870,CUST_00981,LOW_RELIABILITY,0.38,2987.35,3716.21,UPI,4,FAILED,TECHNICAL_ERROR,0
TXN_0009871,CUST_00981,LOW_RELIABILITY,0.38,2987.35,2710.28,UPI,19,SUCCESS,,0
TXN_0009872,CUST_00981,LOW_RELIABILITY,0.38,2987.35,2578.66,UPI,22,SUCCESS,,0
TXN_0009873,CUST_00981,LOW_RELIABILITY,0.38,2987.35,1609.01,CARD,9,FAILED,USER_ABANDONMENT,0
TXN_0009874,CUST_00981,LOW_RELIABILITY,0.38,2987.35,2545.18,UPI,13,SUCCESS,,0
TXN_0009875,CUST_00981,LOW_RELIABILITY,0.38,2987.35,100.0,CARD,10,FAILED,TEMPORARY_BANK_ERROR,0
TXN_0009876,CUST_00982,MEDIUM_RELIABILITY,0.83,4146.41,3167.49,WALLET,21,SUCCESS,,0
TXN_0009877,CUST_00982,MEDIUM_RELIABILITY,0.83,4146.41,4010.62,UPI,15,SUCCESS,,0
TXN_0009878,CUST_00982,MEDIUM_RELIABILITY,0.83,4146.41,5081.3,CARD,0,FAILED,TECHNICAL_ERROR,0
TXN_0009879,CUST_00982,MEDIUM_RELIABILITY,0.83,4146.41,3700.79,UPI,12,SUCCESS,,0
TXN_0009880,CUST_00982,MEDIUM_RELIABILITY,0.83,4146.41,4723.05,UPI,19,SUCCESS,,0
TXN_0009881,CUST_00982,MEDIUM_RELIABILITY,0.83,4146.41,531.09,CARD,13,SUCCESS,,0
TXN_0009882,CUST_00982,MEDIUM_RELIABILITY,0.83,4146.41,4052.14,NET_BANKING,21,SUCCESS,,0
TXN_0009883,CUST_00982,MEDIUM_RELIABILITY,0.83,4146.41,1360.85,CARD,6,SUCCESS,,0
TXN_0009884,CUST_00982,MEDIUM_RELIABILITY,0.83,4146.41,2142.36,CARD,21,SUCCESS,,0
TXN_0009885,CUST_00982,MEDIUM_RELIABILITY,0.83,4146.41,3835.98,WALLET,0,SUCCESS,,0
TXN_0009886,CUST_00982,MEDIUM_RELIABILITY,0.83,4146.41,6263.18,UPI,5,SUCCESS,,0
TXN_0009887,CUST_00982,MEDIUM_RELIABILITY,0.83,4146.41,4762.08,CARD,5,SUCCESS,,0
TXN_0009888,CUST_00982,MEDIUM_RELIABILITY,0.83,4146.41,4176.65,NET_BANKING,12,SUCCESS,,0
TXN_0009889,CUST_00983,MEDIUM_RELIABILITY,0.78,6083.81,6036.28,UPI,4,SUCCESS,,0
TXN_0009890,CUST_00983,MEDIUM_RELIABILITY,0.78,6083.81,4347.18,CARD,5,SUCCESS,,0
TXN_0009891,CUST_00983,MEDIUM_RELIABILITY,0.78,6083.81,4760.01,CARD,9,SUCCESS,,0
TXN_0009892,CUST_00983,MEDIUM_RELIABILITY,0.78,6083.81,7123.84,NET_BANKING,17,SUCCESS,,0
TXN_0009893,CUST_00983,MEDIUM_RELIABILITY,0.78,6083.81,2712.5,CARD,5,SUCCESS,,0
TXN_0009894,CUST_00983,MEDIUM_RELIABILITY,0.78,6083.81,7527.02,UPI,21,SUCCESS,,0
TXN_0009895,CUST_00983,MEDIUM_RELIABILITY,0.78,6083.81,5138.37,UPI,21,SUCCESS,,0
TXN_0009896,CUST_00984,HIGH_RELIABILITY,0.9,6071.3,8076.18,CARD,13,SUCCESS,,0
TXN_0009897,CUST_00984,HIGH_RELIABILITY,0.9,6071.3,8405.33,UPI,11,SUCCESS,,0
TXN_0009898,CUST_00984,HIGH_RELIABILITY,0.9,6071.3,2008.18,WALLET,19,SUCCESS,,0
TXN_0009899,CUST_00984,HIGH_RELIABILITY,0.9,6071.3,4658.92,UPI,17,FAILED,NETWORK_TIMEOUT,0
TXN_0009900,CUST_00984,HIGH_RELIABILITY,0.9,6071.3,3993.63,UPI,17,SUCCESS,,0
TXN_0009901,CUST_00984,HIGH_RELIABILITY,0.9,6071.3,1669.05,CARD,16,SUCCESS,,0
TXN_0009902,CUST_00984,HIGH_RELIABILITY,0.9,6071.3,3563.77,WALLET,19,SUCCESS,,0
TXN_0009903,CUST_00984,HIGH_RELIABILITY,0.9,6071.3,11999.94,UPI,8,SUCCESS,,0
TXN_0009904,CUST_00984,HIGH_RELIABILITY,0.9,6071.3,7551.51,WALLET,0,SUCCESS,,0
TXN_0009905,CUST_00985,HIGH_RELIABILITY,0.92,1366.75,2414.93,WALLET,20,SUCCESS,,0
TXN_0009906,CUST_00985,HIGH_RELIABILITY,0.92,1366.75,1820.02,CARD,2,SUCCESS,,0
TXN_0009907,CUST_00985,HIGH_RELIABILITY,0.92,1366.75,961.18,UPI,22,SUCCESS,,0
TXN_0009908,CUST_00985,HIGH_RELIABILITY,0.92,1366.75,1158.04,NET_BANKING,7,SUCCESS,,0
TXN_0009909,CUST_00985,HIGH_RELIABILITY,0.92,1366.75,1688.45,UPI,17,SUCCESS,,0
TXN_0009910,CUST_00985,HIGH_RELIABILITY,0.92,1366.75,1605.93,UPI,20,SUCCESS,,0
TXN_0009911,CUST_00985,HIGH_RELIABILITY,0.92,1366.75,1051.12,UPI,7,SUCCESS,,0
TXN_0009912,CUST_00985,HIGH_RELIABILITY,0.92,1366.75,541.24,UPI,18,SUCCESS,,0
TXN_0009913,CUST_00985,HIGH_RELIABILITY,0.92,1366.75,3164.17,UPI,13,SUCCESS,,0
TXN_0009914,CUST_00985,HIGH_RELIABILITY,0.92,1366.75,1289.58,NET_BANKING,20,SUCCESS,,0
TXN_0009915,CUST_00985,HIGH_RELIABILITY,0.92,1366.75,1188.67,WALLET,15,SUCCESS,,0
TXN_0009916,CUST_00985,HIGH_RELIABILITY,0.92,1366.75,1428.71,CARD,7,SUCCESS,,0
TXN_0009917,CUST_00985,HIGH_RELIABILITY,0.92,1366.75,1234.05,CARD,0,FAILED,AUTHENTICATION_FAILURE,0
TXN_0009918,CUST_00985,HIGH_RELIABILITY,0.92,1366.75,1433.85,WALLET,0,FAILED,TEMPORARY_BANK_ERROR,0
TXN_0009919,CUST_00985,HIGH_RELIABILITY,0.92,1366.75,2070.32,UPI,0,FAILED,TEMPORARY_BANK_ERROR,0
TXN_0009920,CUST_00986,HIGH_RELIABILITY,0.88,12643.76,12013.86,UPI,2,SUCCESS,,0
TXN_0009921,CUST_00986,HIGH_RELIABILITY,0.88,12643.76,6763.35,UPI,12,SUCCESS,,0
TXN_0009922,CUST_00986,HIGH_RELIABILITY,0.88,12643.76,11826.25,CARD,21,FAILED,AUTHENTICATION_FAILURE,0
TXN_0009923,CUST_00986,HIGH_RELIABILITY,0.88,12643.76,10295.05,UPI,5,SUCCESS,,0
TXN_0009924,CUST_00986,HIGH_RELIABILITY,0.88,12643.76,19845.13,UPI,3,SUCCESS,,0
TXN_0009925,CUST_00986,HIGH_RELIABILITY,0.88,12643.76,18566.7,WALLET,15,SUCCESS,,0
TXN_0009926,CUST_00986,HIGH_RELIABILITY,0.88,12643.76,13187.57,NET_BANKING,5,SUCCESS,,0
TXN_0009927,CUST_00986,HIGH_RELIABILITY,0.88,12643.76,6176.55,CARD,7,FAILED,AUTHENTICATION_FAILURE,0
TXN_0009928,CUST_00986,HIGH_RELIABILITY,0.88,12643.76,6443.8,UPI,18,SUCCESS,,0
TXN_0009929,CUST_00986,HIGH_RELIABILITY,0.88,12643.76,12720.25,UPI,22,FAILED,TEMPORARY_BANK_ERROR,0
TXN_0009930,CUST_00987,HIGH_RELIABILITY,0.91,8253.1,9363.38,WALLET,12,SUCCESS,,0
TXN_0009931,CUST_00987,HIGH_RELIABILITY,0.91,8253.1,7016.38,NET_BANKING,6,SUCCESS,,0
TXN_0009932,CUST_00987,HIGH_RELIABILITY,0.91,8253.1,6667.94,UPI,9,SUCCESS,,0
TXN_0009933,CUST_00987,HIGH_RELIABILITY,0.91,8253.1,6296.13,CARD,8,SUCCESS,,0
TXN_0009934,CUST_00987,HIGH_RELIABILITY,0.91,8253.1,8175.87,NET_BANKING,16,SUCCESS,,0
TXN_0009935,CUST_00987,HIGH_RELIABILITY,0.91,8253.1,387.03,CARD,11,SUCCESS,,0
TXN_0009936,CUST_00988,LOW_RELIABILITY,0.44,6596.62,3690.61,UPI,15,FAILED,INSUFFICIENT_FUNDS,0
TXN_0009937,CUST_00988,LOW_RELIABILITY,0.44,6596.62,4942.05,WALLET,1,SUCCESS,,0
TXN_0009938,CUST_00988,LOW_RELIABILITY,0.44,6596.62,9782.8,CARD,14,FAILED,INSUFFICIENT_FUNDS,0
TXN_0009939,CUST_00988,LOW_RELIABILITY,0.44,6596.62,4449.25,UPI,1,SUCCESS,,0
TXN_0009940,CUST_00988,LOW_RELIABILITY,0.44,6596.62,7072.81,UPI,19,FAILED,TECHNICAL_ERROR,1
TXN_0009941,CUST_00988,LOW_RELIABILITY,0.44,6596.62,7194.39,UPI,17,SUCCESS,,0
TXN_0009942,CUST_00988,LOW_RELIABILITY,0.44,6596.62,10021.36,UPI,20,SUCCESS,,0
TXN_0009943,CUST_00988,LOW_RELIABILITY,0.44,6596.62,9928.12,CARD,5,SUCCESS,,0
TXN_0009944,CUST_00988,LOW_RELIABILITY,0.44,6596.62,6444.89,UPI,12,SUCCESS,,0
TXN_0009945,CUST_00988,LOW_RELIABILITY,0.44,6596.62,5341.98,UPI,11,SUCCESS,,0
TXN_0009946,CUST_00989,HIGH_RELIABILITY,0.91,7015.2,5152.43,UPI,22,FAILED,TEMPORARY_BANK_ERROR,1
TXN_0009947,CUST_00989,HIGH_RELIABILITY,0.91,7015.2,6338.76,NET_BANKING,5,SUCCESS,,0
TXN_0009948,CUST_00989,HIGH_RELIABILITY,0.91,7015.2,5797.27,UPI,11,SUCCESS,,0
TXN_0009949,CUST_00989,HIGH_RELIABILITY,0.91,7015.2,8568.72,NET_BANKING,5,FAILED,TEMPORARY_BANK_ERROR,0
TXN_0009950,CUST_00989,HIGH_RELIABILITY,0.91,7015.2,8194.62,CARD,23,SUCCESS,,0
TXN_0009951,CUST_00989,HIGH_RELIABILITY,0.91,7015.2,8675.84,CARD,23,SUCCESS,,0
TXN_0009952,CUST_00989,HIGH_RELIABILITY,0.91,7015.2,10548.85,NET_BANKING,15,SUCCESS,,0
TXN_0009953,CUST_00989,HIGH_RELIABILITY,0.91,7015.2,12242.56,UPI,2,SUCCESS,,0
TXN_0009954,CUST_00990,LOW_RELIABILITY,0.6,5925.15,6220.61,UPI,13,SUCCESS,,0
TXN_0009955,CUST_00990,LOW_RELIABILITY,0.6,5925.15,8530.95,CARD,23,SUCCESS,,0
TXN_0009956,CUST_00990,LOW_RELIABILITY,0.6,5925.15,5091.69,CARD,19,FAILED,NETWORK_TIMEOUT,0
TXN_0009957,CUST_00990,LOW_RELIABILITY,0.6,5925.15,8733.69,CARD,8,SUCCESS,,0
TXN_0009958,CUST_00990,LOW_RELIABILITY,0.6,5925.15,8440.99,UPI,7,SUCCESS,,0
TXN_0009959,CUST_00990,LOW_RELIABILITY,0.6,5925.15,8315.16,UPI,1,SUCCESS,,0
TXN_0009960,CUST_00990,LOW_RELIABILITY,0.6,5925.15,6148.1,UPI,15,SUCCESS,,0
TXN_0009961,CUST_00990,LOW_RELIABILITY,0.6,5925.15,4341.1,WALLET,10,FAILED,USER_ABANDONMENT,0
TXN_0009962,CUST_00990,LOW_RELIABILITY,0.6,5925.15,2620.03,CARD,11,SUCCESS,,0
TXN_0009963,CUST_00990,LOW_RELIABILITY,0.6,5925.15,5830.26,UPI,16,FAILED,TEMPORARY_BANK_ERROR,1
TXN_0009964,CUST_00990,LOW_RELIABILITY,0.6,5925.15,9558.48,UPI,10,SUCCESS,,0
TXN_0009965,CUST_00990,LOW_RELIABILITY,0.6,5925.15,5190.8,UPI,8,SUCCESS,,0
TXN_0009966,CUST_00990,LOW_RELIABILITY,0.6,5925.15,7785.95,UPI,9,SUCCESS,,0
TXN_0009967,CUST_00991,MEDIUM_RELIABILITY,0.69,8125.11,10867.99,UPI,7,SUCCESS,,0
TXN_0009968,CUST_00991,MEDIUM_RELIABILITY,0.69,8125.11,7203.12,CARD,13,SUCCESS,,0
TXN_0009969,CUST_00991,MEDIUM_RELIABILITY,0.69,8125.11,12403.29,CARD,23,FAILED,AUTHENTICATION_FAILURE,0
TXN_0009970,CUST_00991,MEDIUM_RELIABILITY,0.69,8125.11,100.0,UPI,14,SUCCESS,,0
TXN_0009971,CUST_00991,MEDIUM_RELIABILITY,0.69,8125.11,4151.12,CARD,1,FAILED,INSUFFICIENT_FUNDS,0
TXN_0009972,CUST_00991,MEDIUM_RELIABILITY,0.69,8125.11,5149.26,CARD,0,FAILED,TECHNICAL_ERROR,0
TXN_0009973,CUST_00991,MEDIUM_RELIABILITY,0.69,8125.11,5461.0,CARD,19,SUCCESS,,0
TXN_0009974,CUST_00991,MEDIUM_RELIABILITY,0.69,8125.11,9217.98,UPI,23,FAILED,TEMPORARY_BANK_ERROR,0
TXN_0009975,CUST_00991,MEDIUM_RELIABILITY,0.69,8125.11,9067.75,NET_BANKING,17,SUCCESS,,0
TXN_0009976,CUST_00991,MEDIUM_RELIABILITY,0.69,8125.11,9405.6,UPI,11,FAILED,USER_ABANDONMENT,0
TXN_0009977,CUST_00991,MEDIUM_RELIABILITY,0.69,8125.11,10062.4,UPI,0,SUCCESS,,0
TXN_0009978,CUST_00991,MEDIUM_RELIABILITY,0.69,8125.11,5037.23,UPI,12,SUCCESS,,0
TXN_0009979,CUST_00992,MEDIUM_RELIABILITY,0.75,5088.2,2608.87,NET_BANKING,19,FAILED,TEMPORARY_BANK_ERROR,0
TXN_0009980,CUST_00992,MEDIUM_RELIABILITY,0.75,5088.2,5894.82,UPI,2,FAILED,NETWORK_TIMEOUT,1
TXN_0009981,CUST_00992,MEDIUM_RELIABILITY,0.75,5088.2,3805.5,UPI,15,SUCCESS,,0
TXN_0009982,CUST_00992,MEDIUM_RELIABILITY,0.75,5088.2,1891.84,CARD,14,FAILED,NETWORK_TIMEOUT,0
TXN_0009983,CUST_00992,MEDIUM_RELIABILITY,0.75,5088.2,7065.16,WALLET,14,SUCCESS,,0
TXN_0009984,CUST_00992,MEDIUM_RELIABILITY,0.75,5088.2,7927.62,WALLET,17,SUCCESS,,0
TXN_0009985,CUST_00993,LOW_RELIABILITY,0.39,748.09,1214.05,CARD,2,FAILED,TECHNICAL_ERROR,1
TXN_0009986,CUST_00993,LOW_RELIABILITY,0.39,748.09,804.05,NET_BANKING,14,SUCCESS,,0
TXN_0009987,CUST_00993,LOW_RELIABILITY,0.39,748.09,935.39,CARD,9,SUCCESS,,0
TXN_0009988,CUST_00993,LOW_RELIABILITY,0.39,748.09,1158.0,CARD,2,SUCCESS,,0
TXN_0009989,CUST_00993,LOW_RELIABILITY,0.39,748.09,556.16,CARD,21,FAILED,INSUFFICIENT_FUNDS,2
TXN_0009990,CUST_00993,LOW_RELIABILITY,0.39,748.09,1080.44,UPI,8,SUCCESS,,0
TXN_0009991,CUST_00993,LOW_RELIABILITY,0.39,748.09,830.5,UPI,13,FAILED,AUTHENTICATION_FAILURE,0
TXN_0009992,CUST_00993,LOW_RELIABILITY,0.39,748.09,1021.51,UPI,2,FAILED,NETWORK_TIMEOUT,0
TXN_0009993,CUST_00994,MEDIUM_RELIABILITY,0.81,5216.38,5604.67,CARD,3,SUCCESS,,0
TXN_0009994,CUST_00994,MEDIUM_RELIABILITY,0.81,5216.38,7921.09,CARD,3,SUCCESS,,0
TXN_0009995,CUST_00994,MEDIUM_RELIABILITY,0.81,5216.38,5682.77,UPI,2,SUCCESS,,0
TXN_0009996,CUST_00994,MEDIUM_RELIABILITY,0.81,5216.38,2119.98,CARD,14,SUCCESS,,0
TXN_0009997,CUST_00994,MEDIUM_RELIABILITY,0.81,5216.38,8245.9,UPI,4,SUCCESS,,0
TXN_0009998,CUST_00994,MEDIUM_RELIABILITY,0.81,5216.38,3239.31,CARD,8,SUCCESS,,0
TXN_0009999,CUST_00994,MEDIUM_RELIABILITY,0.81,5216.38,7830.95,UPI,7,SUCCESS,,0
TXN_0010000,CUST_00994,MEDIUM_RELIABILITY,0.81,5216.38,5028.08,CARD,5,SUCCESS,,0
TXN_0010001,CUST_00994,MEDIUM_RELIABILITY,0.81,5216.38,7670.19,CARD,10,SUCCESS,,0
TXN_0010002,CUST_00994,MEDIUM_RELIABILITY,0.81,5216.38,7584.13,CARD,1,SUCCESS,,0
TXN_0010003,CUST_00994,MEDIUM_RELIABILITY,0.81,5216.38,6113.9,UPI,18,SUCCESS,,0
TXN_0010004,CUST_00995,MEDIUM_RELIABILITY,0.75,7430.33,8941.76,CARD,16,SUCCESS,,0
TXN_0010005,CUST_00995,MEDIUM_RELIABILITY,0.75,7430.33,8686.44,CARD,7,SUCCESS,,0
TXN_0010006,CUST_00995,MEDIUM_RELIABILITY,0.75,7430.33,1444.98,CARD,5,SUCCESS,,0
TXN_0010007,CUST_00995,MEDIUM_RELIABILITY,0.75,7430.33,7782.02,WALLET,19,SUCCESS,,0
TXN_0010008,CUST_00995,MEDIUM_RELIABILITY,0.75,7430.33,4113.24,WALLET,6,SUCCESS,,0
TXN_0010009,CUST_00995,MEDIUM_RELIABILITY,0.75,7430.33,7939.12,UPI,15,SUCCESS,,0
TXN_0010010,CUST_00995,MEDIUM_RELIABILITY,0.75,7430.33,4033.35,CARD,5,SUCCESS,,0
TXN_0010011,CUST_00996,LOW_RELIABILITY,0.57,1280.58,673.61,UPI,19,FAILED,INSUFFICIENT_FUNDS,1
TXN_0010012,CUST_00996,LOW_RELIABILITY,0.57,1280.58,2102.68,UPI,19,SUCCESS,,0
TXN_0010013,CUST_00996,LOW_RELIABILITY,0.57,1280.58,1828.39,UPI,12,FAILED,NETWORK_TIMEOUT,0
TXN_0010014,CUST_00996,LOW_RELIABILITY,0.57,1280.58,1278.46,CARD,18,SUCCESS,,0
TXN_0010015,CUST_00996,LOW_RELIABILITY,0.57,1280.58,1375.22,UPI,12,SUCCESS,,0
TXN_0010016,CUST_00996,LOW_RELIABILITY,0.57,1280.58,1153.59,UPI,22,FAILED,TEMPORARY_BANK_ERROR,1
TXN_0010017,CUST_00996,LOW_RELIABILITY,0.57,1280.58,1572.49,UPI,14,FAILED,USER_ABANDONMENT,0
TXN_0010018,CUST_00996,LOW_RELIABILITY,0.57,1280.58,934.28,UPI,7,SUCCESS,,0
TXN_0010019,CUST_00996,LOW_RELIABILITY,0.57,1280.58,1789.61,NET_BANKING,0,SUCCESS,,0
TXN_0010020,CUST_00997,MEDIUM_RELIABILITY,0.78,1785.86,1605.07,UPI,3,SUCCESS,,0
TXN_0010021,CUST_00997,MEDIUM_RELIABILITY,0.78,1785.86,1485.94,UPI,8,SUCCESS,,0
TXN_0010022,CUST_00997,MEDIUM_RELIABILITY,0.78,1785.86,1801.37,UPI,22,SUCCESS,,0
TXN_0010023,CUST_00997,MEDIUM_RELIABILITY,0.78,1785.86,1363.58,UPI,12,SUCCESS,,0
TXN_0010024,CUST_00997,MEDIUM_RELIABILITY,0.78,1785.86,2020.65,UPI,22,SUCCESS,,0
TXN_0010025,CUST_00997,MEDIUM_RELIABILITY,0.78,1785.86,1402.0,UPI,13,FAILED,TEMPORARY_BANK_ERROR,2
TXN_0010026,CUST_00997,MEDIUM_RELIABILITY,0.78,1785.86,2120.55,CARD,5,SUCCESS,,0
TXN_0010027,CUST_00997,MEDIUM_RELIABILITY,0.78,1785.86,2654.51,UPI,14,FAILED,NETWORK_TIMEOUT,0
TXN_0010028,CUST_00997,MEDIUM_RELIABILITY,0.78,1785.86,1272.02,NET_BANKING,3,SUCCESS,,0
TXN_0010029,CUST_00997,MEDIUM_RELIABILITY,0.78,1785.86,1692.58,NET_BANKING,9,FAILED,USER_ABANDONMENT,2
TXN_0010030,CUST_00997,MEDIUM_RELIABILITY,0.78,1785.86,2115.41,UPI,3,SUCCESS,,0
TXN_0010031,CUST_00997,MEDIUM_RELIABILITY,0.78,1785.86,1474.51,UPI,18,SUCCESS,,0
TXN_0010032,CUST_00997,MEDIUM_RELIABILITY,0.78,1785.86,2117.54,WALLET,10,SUCCESS,,0
TXN_0010033,CUST_00997,MEDIUM_RELIABILITY,0.78,1785.86,2182.61,UPI,2,SUCCESS,,0
TXN_0010034,CUST_00997,MEDIUM_RELIABILITY,0.78,1785.86,2559.68,CARD,9,FAILED,INSUFFICIENT_FUNDS,0
TXN_0010035,CUST_00998,HIGH_RELIABILITY,0.96,10197.37,7725.57,CARD,11,SUCCESS,,0
TXN_0010036,CUST_00998,HIGH_RELIABILITY,0.96,10197.37,6351.84,CARD,3,SUCCESS,,0
TXN_0010037,CUST_00998,HIGH_RELIABILITY,0.96,10197.37,8942.78,UPI,15,SUCCESS,,0
TXN_0010038,CUST_00998,HIGH_RELIABILITY,0.96,10197.37,6249.96,UPI,8,SUCCESS,,0
TXN_0010039,CUST_00998,HIGH_RELIABILITY,0.96,10197.37,12499.93,UPI,18,SUCCESS,,0
TXN_0010040,CUST_00998,HIGH_RELIABILITY,0.96,10197.37,5458.65,CARD,14,SUCCESS,,0
TXN_0010041,CUST_00998,HIGH_RELIABILITY,0.96,10197.37,19713.62,UPI,6,SUCCESS,,0
TXN_0010042,CUST_00998,HIGH_RELIABILITY,0.96,10197.37,15483.39,CARD,19,SUCCESS,,0
TXN_0010043,CUST_00999,HIGH_RELIABILITY,0.99,1965.41,1975.3,UPI,20,SUCCESS,,0
TXN_0010044,CUST_00999,HIGH_RELIABILITY,0.99,1965.41,2647.32,UPI,7,SUCCESS,,0
TXN_0010045,CUST_00999,HIGH_RELIABILITY,0.99,1965.41,678.62,UPI,10,SUCCESS,,0
TXN_0010046,CUST_00999,HIGH_RELIABILITY,0.99,1965.41,3949.2,UPI,20,SUCCESS,,0
TXN_0010047,CUST_00999,HIGH_RELIABILITY,0.99,1965.41,1501.4,CARD,8,SUCCESS,,0
TXN_0010048,CUST_00999,HIGH_RELIABILITY,0.99,1965.41,1870.68,CARD,21,SUCCESS,,0
TXN_0010049,CUST_00999,HIGH_RELIABILITY,0.99,1965.41,506.34,UPI,14,SUCCESS,,0
TXN_0010050,CUST_00999,HIGH_RELIABILITY,0.99,1965.41,2347.71,CARD,8,SUCCESS,,0
TXN_0010051,CUST_00999,HIGH_RELIABILITY,0.99,1965.41,1095.64,UPI,2,SUCCESS,,0
TXN_0010052,CUST_00999,HIGH_RELIABILITY,0.99,1965.41,2045.33,CARD,4,SUCCESS,,0
TXN_0010053,CUST_00999,HIGH_RELIABILITY,0.99,1965.41,1537.52,WALLET,7,SUCCESS,,0
TXN_0010054,CUST_00999,HIGH_RELIABILITY,0.99,1965.41,1118.13,CARD,21,SUCCESS,,0
TXN_0010055,CUST_01000,MEDIUM_RELIABILITY,0.66,3180.78,2157.38,WALLET,9,FAILED,TEMPORARY_BANK_ERROR,1
TXN_0010056,CUST_01000,MEDIUM_RELIABILITY,0.66,3180.78,3468.05,UPI,8,SUCCESS,,0
TXN_0010057,CUST_01000,MEDIUM_RELIABILITY,0.66,3180.78,1550.32,UPI,13,SUCCESS,,0
TXN_0010058,CUST_01000,MEDIUM_RELIABILITY,0.66,3180.78,2228.06,CARD,3,SUCCESS,,0
TXN_0010059,CUST_01000,MEDIUM_RELIABILITY,0.66,3180.78,4024.67,UPI,19,SUCCESS,,0
TXN_0010060,CUST_01000,MEDIUM_RELIABILITY,0.66,3180.78,6491.95,UPI,14,SUCCESS,,0
TXN_0010061,CUST_01000,MEDIUM_RELIABILITY,0.66,3180.78,3788.42,CARD,4,SUCCESS,,0
TXN_0010062,CUST_01000,MEDIUM_RELIABILITY,0.66,3180.78,2013.74,NET_BANKING,16,SUCCESS,,0
TXN_0010063,CUST_01000,MEDIUM_RELIABILITY,0.66,3180.78,2713.7,CARD,22,SUCCESS,,0
TXN_0010064,CUST_01000,MEDIUM_RELIABILITY,0.66,3180.78,3220.97,UPI,0,SUCCESS,,0
TXN_0010065,CUST_01000,MEDIUM_RELIABILITY,0.66,3180.78,2736.2,NET_BANKING,8,SUCCESS,,0
